phase,time_s,forward_m,up_m,truth_yaw_rad,filtered_yaw_rad,state,segment
open_loop_1,26.43,-1.7060325788964548e-05,1.999234780230099,3.1726284812831726e-05,0.001992854604708771,0,-1
open_loop_1,26.44,-1.706038411042332e-05,1.9992346864427748,3.572666431655632e-05,0.002983521877188533,0,-1
open_loop_1,26.45,9.284317232793882e-07,1.9992326698151266,3.032809243836433e-06,0.002983521877188533,0,-1
open_loop_1,26.46,5.866983869018405e-05,1.9992264774567348,-3.674859788724712e-05,-0.00415405166615601,0,-1
open_loop_1,26.47,0.00015654530159658897,1.999216053133887,-1.1153129817663675e-05,-0.00415405166615601,0,-1
open_loop_1,26.48,0.00029455777025078067,1.999200901376224,6.117688263482284e-05,-0.0010412881108590177,0,-1
open_loop_1,26.49,0.0004724065941611455,1.9991813655314885,0.00010050149256005583,-0.0010412881108590177,0,-1
open_loop_1,26.5,0.0006901392717783006,1.999157636700996,0.0001331609566428933,0.0010502284243130158,0,-1
open_loop_1,26.51,0.0009477266167801091,1.9991293379164414,0.00014322679384059971,0.0010502284243130158,0,-1
open_loop_1,26.52,0.0012452221447761813,1.9990967895563514,0.00015133684643682345,0.003047169878295009,0,-1
open_loop_1,26.53,0.00158257143487317,1.9990594925934635,0.00013792056587523923,0.003047169878295009,0,-1
open_loop_1,26.54,0.001959831656898059,1.9990178995494234,0.0001228821294086048,0.0008232063636679499,0,-1
open_loop_1,26.55,0.0023771246060810824,1.9989722620248473,0.00013800447282066335,0.0008232063636679499,0,-1
open_loop_1,26.56,0.002834390845574797,1.998922055551406,0.0001623493906068566,-0.001969804996644342,0,-1
open_loop_1,26.57,0.003331704205261632,1.9988677279872482,0.00022245345507389817,-0.001969804996644342,0,-1
open_loop_1,26.58,0.003869008594680645,1.9988086591208127,0.0002946134936360539,0.001362694782605977,0,-1
open_loop_1,26.59,0.004446134284460057,1.9987445945074216,0.0003326858261267145,0.001362694782605977,0,-1
open_loop_1,26.6,0.005063136891893638,1.9986768008346416,0.00036191724027845583,0.0025229566078199812,0,-1
open_loop_1,26.61,0.005720030056722836,1.9986043322116955,0.00037959912045949844,0.0025229566078199812,0,-1
open_loop_1,26.62,0.00641684948139809,1.998527661291699,0.00039807256205014765,0.0007193721367135807,0,-1
open_loop_1,26.63,0.007153685734288762,1.9984470201524651,0.0004417935621781468,0.0007193721367135807,0,-1
open_loop_1,26.64,0.007930491291553654,1.9983616723819062,0.0004934188635674762,-0.0009095555985680904,0,-1
open_loop_1,26.65,0.008747306941433552,1.9982723430930862,0.0005682210068744768,-0.0009095555985680904,0,-1
open_loop_1,26.66,0.00960409273222429,1.9981782915638546,0.0006504147178179518,0.00017325700814874168,0,-1
open_loop_1,26.67,0.010500779199220212,1.9980795593792766,0.000722124900126034,0.00017325700814874168,0,-1
open_loop_1,26.68,0.011437396501196906,1.9979768082654183,0.0007947253209179605,0.0014502177579580615,0,-1
open_loop_1,26.69,0.012413906820974652,1.9978693183615766,0.0008547018300856046,0.0014502177579580615,0,-1
open_loop_1,26.7,0.013430344512140535,1.997757890580459,0.0009148248022729812,-0.0008950068558903902,0,-1
open_loop_1,26.71,0.014486818915815936,1.9976428515486642,0.0010053734782684341,-0.0008950068558903902,0,-1
open_loop_1,26.72,0.01558328397040143,1.997522883674035,0.0011066461828823852,-0.001271899396054543,0,-1
open_loop_1,26.73,0.016719715264958968,1.9973987332202348,0.001215919361152063,-0.001271899396054543,0,-1
open_loop_1,26.74,0.017896103815848052,1.9972701931479293,0.0013292335442143526,0.002638537004779451,0,-1
open_loop_1,26.75,0.019112312247576813,1.9971359179677608,0.0014050568026499485,0.002638537004779451,0,-1
open_loop_1,26.76,0.02036838308449651,1.9969986157538453,0.0014669738704547368,0.004495487613258574,0,-1
open_loop_1,26.77,0.02166432665783835,1.9968564594929605,0.0015100189248249646,0.004495487613258574,0,-1
open_loop_1,26.78,0.02300018852453778,1.9967106012600684,0.0015507919609475639,-0.001010798949241831,0,-1
open_loop_1,26.79,0.024376161316694178,1.9965621891926129,0.0016449602077875302,-0.001010798949241831,0,-1
open_loop_1,26.8,0.025792235107034323,1.9964083399298622,0.0017735484554905084,0.004158655312714198,0,-1
open_loop_1,26.81,0.027248111392553898,1.9962478487311728,0.001857219294927803,0.004158655312714198,0,-1
open_loop_1,26.82,0.028740594947202824,1.9960847474752512,0.0019159639661620988,0.0008946209679030481,0,-1
open_loop_1,26.83,0.03024068974330374,1.9959216154949848,0.002010597515287002,0.0008946209679030481,0,-1
open_loop_1,26.84,0.03174086607457116,1.9957573022954842,0.0021186893554167186,0.0032660343431181187,0,-1
open_loop_1,26.85,0.03324096436924184,1.9955918032519384,0.002200023190392529,0.0032660343431181187,0,-1
open_loop_1,26.86,0.034741026794961605,1.9954273050054814,0.0022731332312064152,0.002734788312461322,0,-1
open_loop_1,26.87,0.036241119635845975,1.9952633311155963,0.0023527672673868214,0.002734788312461322,0,-1
open_loop_1,26.88,0.03774122875836139,1.9950992731878705,0.0024336672100374467,0.005986759679875052,0,-1
open_loop_1,26.89,0.03924122709580802,1.9949338616877144,0.002479738301548383,0.005986759679875052,0,-1
open_loop_1,26.9,0.04074116356082058,1.9947696953306624,0.002512520472511474,0.0028092612621146706,0,-1
open_loop_1,26.91,0.042241220948468605,1.9946071601197688,0.0025794270037038346,0.0028092612621146706,0,-1
open_loop_1,26.92,0.043741349962406084,1.9944436617403785,0.002659125134975148,0.002908132541732388,0,-1
open_loop_1,26.93,0.04524148386017268,1.9942800065588375,0.0027376973616865872,0.002908132541732388,0,-1
open_loop_1,26.94,0.046741624848085084,1.9941164900346924,0.0028160416467089794,0.006004581573383127,0,-1
open_loop_1,26.95,0.04824165912328848,1.9939517111797627,0.002860786809487075,0.006004581573383127,0,-1
open_loop_1,26.96,0.04974163585408775,1.9937881370285295,0.0028932966053794246,0.0032727369601950325,0,-1
open_loop_1,26.97,0.051241720083647135,1.9936260104859893,0.00295598224258499,0.0032727369601950325,0,-1
open_loop_1,26.98,0.052741863290515556,1.9934630324260862,0.0030288238411404337,0.0030631989747265105,0,-1
open_loop_1,26.99,0.05424202365475228,1.993300074399596,0.0031043502627608843,0.0030631989747265105,0,-1
open_loop_1,27.0,0.05574219525160484,1.9931371276851333,0.0031803855917585107,0.0036355063950996853,0,-1
open_loop_1,27.01,0.05724235075270645,1.9929740122856967,0.003249320897698968,0.0036355063950996853,0,-1
open_loop_1,27.02,0.058742505260296674,1.9928112338500732,0.003316886536792618,0.00333406283072879,0,-1
open_loop_1,27.03,0.06024267974638309,1.9926487316298276,0.0033881806259152226,0.00333406283072879,0,-1
open_loop_1,27.04,0.06174286627932368,1.9924862156439476,0.0034601953242112834,0.0011514619835901743,0,-1
open_loop_1,27.05,0.06324314382414697,1.9923247916053815,0.00355730428889857,0.0011514619835901743,0,-1
open_loop_1,27.06,0.06474347260578495,1.9921626715467917,0.0036616421255302087,0.004383241921979587,0,-1
open_loop_1,27.07,0.06624369844800582,1.9919991183994217,0.0037313658818107203,0.004383241921979587,0,-1
open_loop_1,27.08,0.06774386226517115,1.9918368258934065,0.0037879434197788417,0.006731338920845876,0,-1
open_loop_1,27.09,0.06924393916224059,1.9916738045382298,0.003817756963265714,0.006731338920845876,0,-1
open_loop_1,27.1,0.07074397649381148,1.9915117499686725,0.003839451140522887,0.005883085538007203,0,-1
open_loop_1,27.11,0.07224405300945791,1.9913502784282628,0.0038716029168704025,0.005883085538007203,0,-1
open_loop_1,27.12,0.07374414453061862,1.9911885319081546,0.0039057810462461502,0.0066267343838126705,0,-1
open_loop_1,27.13,0.07524420727973413,1.9910264418869643,0.0039307467574498205,0.0066267343838126705,0,-1
open_loop_1,27.14,0.07674426238139653,1.9908646917218122,0.003953933616490888,0.0068482980120090345,0,-1
open_loop_1,27.15,0.07824431009801991,1.9907029154336826,0.003974350862595112,0.0068482980120090345,0,-1
open_loop_1,27.16,0.07974435694366444,1.9905412648273333,0.00399423600778057,0.006482805192356445,0,-1
open_loop_1,27.17,0.08124442193527626,1.9903798282721665,0.004018653278821836,0.006482805192356445,0,-1
open_loop_1,27.18,0.08274449452427823,1.9902182788159717,0.004043945326556394,0.006002618799722192,0,-1
open_loop_1,27.19,0.08424459083322255,1.9900569711170872,0.004075208608258545,0.006002618799722192,0,-1
open_loop_1,27.2,0.08574469712825039,1.9898955107053464,0.004107622591177134,0.004253652427006038,0,-1
open_loop_1,27.21,0.08724487800817682,1.989734846796607,0.00416065694525351,0.004253652427006038,0,-1
open_loop_1,27.22,0.08874509375036288,1.9895735946402793,0.004218983177190695,0.004575672079039084,0,-1
open_loop_1,27.23,0.0902453023078923,1.989412169167138,0.004273359624657945,0.004575672079039084,0,-1
open_loop_1,27.24,0.09174551192124014,1.989250948165223,0.00432696931494134,0.0048051172794898464,0,-1
open_loop_1,27.25,0.09324571735319831,1.9890897177302604,0.004377722511547219,0.0048051172794898464,0,-1
open_loop_1,27.26,0.09474592478842347,1.9889286593090445,0.004427925779251378,0.0059240561470943484,0,-1
open_loop_1,27.27,0.09624609005358109,1.9887671671607037,0.004464406271569566,0.0059240561470943484,0,-1
open_loop_1,27.28,0.09774624235211926,1.988606186846165,0.004498032678259999,0.003731546061395364,0,-1
open_loop_1,27.29,0.09924648380894707,1.9884462801756182,0.004556805289127797,0.003731546061395364,0,-1
open_loop_1,27.3,0.10074677116665232,1.988285657614561,0.004622862994696538,0.006225229922902197,0,-1
open_loop_1,27.31,0.10224697082431666,1.988123861687556,0.0046609536775145234,0.006225229922902197,0,-1
open_loop_1,27.32,0.10374712683528153,1.9879630574668812,0.004690165297373061,0.005624300129151825,0,-1
open_loop_1,27.33,0.10524731132674658,1.9878027561187719,0.004726759586486612,0.005624300129151825,0,-1
open_loop_1,27.34,0.10674750818569612,1.9876422775405316,0.004764786124648954,0.00498462149601897,0,-1
open_loop_1,27.35,0.10824773655832254,1.9874821226252934,0.004810769488357473,0.00498462149601897,0,-1
open_loop_1,27.36,0.10974797906304967,1.9873217707624966,0.004858285812228871,0.009651283675685463,0,-1
open_loop_1,27.37,0.11124807143952586,1.9871594824840233,0.004860642034617946,0.009651283675685463,0,-1
open_loop_1,27.38,0.11274805066150861,1.9869986446184202,0.004839134551489581,0.0029513484062384516,0,-1
open_loop_1,27.39,0.11424821050786937,1.9868402907277483,0.004872358582449864,0.0029513484062384516,0,-1
open_loop_1,27.4,0.11574857283110718,1.9866807370722486,0.00494969092318991,0.007335263891451226,0,-1
open_loop_1,27.41,0.11724880230047008,1.9865187354585936,0.004984035638468433,0.007335263891451226,0,-1
open_loop_1,27.42,0.11874892881811705,1.9863581801921333,0.004996887710899867,0.0049615450690447815,0,-1
open_loop_1,27.43,0.12024914846894275,1.9861989954309773,0.005036443912289437,0.0049615450690447815,0,-1
open_loop_1,27.44,0.1217494154884895,1.9860390989748147,0.005084251573524931,0.006052661056502375,0,-1
open_loop_1,27.45,0.1232496419278194,1.985878620520028,0.005118710598690089,0.006052661056502375,0,-1
open_loop_1,27.46,0.12474985552791906,1.9857186270120923,0.0051504290147211425,0.006009055306005706,0,-1
open_loop_1,27.47,0.12625007408440525,1.9855587651371445,0.0051826609091583644,0.006009055306005706,0,-1
open_loop_1,27.48,0.1277502966155517,1.985398939172383,0.005214994893438463,0.004151707613961441,0,-1
open_loop_1,27.49,0.12925059670572037,1.9852399793888587,0.005269122440874914,0.004151707613961441,0,-1
open_loop_1,27.5,0.1307509346406659,1.9850803990368684,0.005328959807804071,0.00586361137566005,0,-1
open_loop_1,27.51,0.13225121080482793,1.9849200021707718,0.005368644892386747,0.00586361137566005,0,-1
open_loop_1,27.52,0.13375146160570195,1.9847603323268548,0.00540319121638367,0.0033856809775207877,0,-1
open_loop_1,27.53,0.13525180907945145,1.984601893139376,0.0054655653679113935,0.0033856809775207877,0,-1
open_loop_1,27.54,0.13675221109416413,1.9844426613161705,0.0055367441490574805,0.00843458314284096,0,-1
open_loop_1,27.55,0.13825246338085595,1.984281261032724,0.0055603942905435525,0.00843458314284096,0,-1
open_loop_1,27.56,0.1397525867868894,1.9841214579010247,0.005556989361028898,0.005258480721832102,0,-1
open_loop_1,27.57,0.14125282676040163,1.9839633138551884,0.005587564673189676,0.005258480721832102,0,-1
open_loop_1,27.58,0.14275313380513688,1.9838043006943644,0.005630943318295531,0.006925497787142909,0,-1
open_loop_1,27.59,0.14425337856557863,1.983644391205068,0.005654695696247157,0.006925497787142909,0,-1
open_loop_1,27.6,0.1457535977149378,1.9834851627427785,0.005673485417659862,0.0065239644250096865,0,-1
open_loop_1,27.61,0.14725383574181072,1.9833262552159114,0.005697213545949964,0.0065239644250096865,0,-1
open_loop_1,27.62,0.14875408195501327,1.983167227836228,0.005721899252361079,0.0059281303364748785,0,-1
open_loop_1,27.63,0.1502543563960257,1.9830084921520557,0.005753992102733504,0.0059281303364748785,0,-1
open_loop_1,27.64,0.15175464284047258,1.9828495591428137,0.00578751267754454,0.006157250799781799,0,-1
open_loop_1,27.65,0.15325492311020739,1.9826905346433996,0.0058182039678960785,0.006157250799781799,0,-1
open_loop_1,27.66,0.15475520319979763,1.9825316476254993,0.005848348073165954,0.006937386236291144,0,-1
open_loop_1,27.67,0.15625545281516096,1.9823724537061347,0.005868801157429938,0.006937386236291144,0,-1
open_loop_1,27.68,0.15775569318489258,1.9822136131551653,0.005887385945452729,0.005147843654697671,0,-1
open_loop_1,27.69,0.1592560076380658,1.9820555933892146,0.0059269978038683545,0.005147843654697671,0,-1
open_loop_1,27.7,0.16075635657222387,1.98189699331632,0.005972061796307143,0.006031148122396692,0,-1
open_loop_1,27.71,0.16225667321527915,1.9817379412818168,0.006006206080133808,0.006031148122396692,0,-1
open_loop_1,27.72,0.16375698019585028,1.9815792949231645,0.006038239663946834,0.005752844063011242,0,-1
open_loop_1,27.73,0.165257302094874,1.9814208774670719,0.006073706307065821,0.005752844063011242,0,-1
open_loop_1,27.74,0.16675763176059777,1.9812624030374402,0.006109837447370306,0.004770557783250418,0,-1
open_loop_1,27.75,0.1682580066897852,1.9811044252894632,0.006158170598574464,0.004770557783250418,0,-1
open_loop_1,27.76,0.1697584014050082,1.9809461172200489,0.006208856415558506,0.0057806700182951865,0,-1
open_loop_1,27.77,0.17125875915432287,1.980787354885049,0.0062470416360780375,0.0057806700182951865,0,-1
open_loop_1,27.78,0.17275910544785256,1.9806290600730885,0.006282795950001746,0.007947441749076134,0,-1
open_loop_1,27.79,0.17425936960494237,1.9804698897140345,0.0062935915087070134,0.007947441749076134,0,-1
open_loop_1,27.8,0.17575959573322253,1.9803115800687159,0.006297239636870121,0.008653908477418424,0,-1
open_loop_1,27.81,0.17725979077240972,1.9801530793393032,0.0062920495978341625,0.008653908477418424,0,-1
open_loop_1,27.82,0.17875997578474345,1.9799947999992085,0.006285157061708985,0.008254675003535272,0,-1
open_loop_1,27.83,0.18026017772139502,1.9798366879817098,0.006283209794827745,0.008254675003535272,0,-1
open_loop_1,27.84,0.1817603846566237,1.9796784636990725,0.006282224159555157,0.006967410448445843,0,-1
open_loop_1,27.85,0.1832606462428128,1.9795207487080768,0.0062967984274113625,0.006967410448445843,0,-1
open_loop_1,27.86,0.18476092848158432,1.9793626620471354,0.0063148901460681126,0.0073291772483745615,0,-1
open_loop_1,27.87,0.18626119723828838,1.9792043774014,0.00632851547381108,0.0073291772483745615,0,-1
open_loop_1,27.88,0.1877614621697068,1.9790462576540373,0.006341276788544473,0.004165621846127454,0,-1
open_loop_1,27.89,0.18926184342448038,1.9788894061764404,0.006388141633177359,0.004165621846127454,0,-1
open_loop_1,27.9,0.1907622955855679,1.9787316122111753,0.006447727326698612,0.006126021623725553,0,-1
open_loop_1,27.91,0.1922626782466904,1.9785727932377017,0.006484485985941557,0.006126021623725553,0,-1
open_loop_1,27.92,0.19376302936409984,1.9784147817192266,0.006515150281754278,0.0067741986086353725,0,-1
open_loop_1,27.93,0.19526335535259431,1.9782566401082051,0.006537711614363597,0.0067741986086353725,0,-1
open_loop_1,27.94,0.19676367396270833,1.978098810426758,0.0065587163463541815,0.007260566232402344,0,-1
open_loop_1,27.95,0.1982639736550088,1.9779408232950049,0.006573666120440845,0.007260566232402344,0,-1
open_loop_1,27.96,0.19976426773152645,1.977783062534453,0.006587450007133434,0.006813712025078187,0,-1
open_loop_1,27.97,0.20126458234928146,1.9776255487814653,0.00660676828009905,0.006813712025078187,0,-1
open_loop_1,27.98,0.20276490539652547,1.9774678920475974,0.006627156635903124,0.007275427288952143,0,-1
open_loop_1,27.99,0.20426521083847837,1.9773100254988867,0.00664182381899694,0.007275427288952143,0,-1
open_loop_1,28.0,0.20576551101442853,1.9771523693220396,0.00665538652093994,0.007661908972635522,0,-1
open_loop_1,28.01,0.2072657957744154,1.9769945794652566,0.006664139576845123,0.007661908972635522,0,-1
open_loop_1,28.02,0.2087660758050932,1.9768369645662567,0.006671966313114316,0.004641628122965091,0,-1
open_loop_1,28.03,0.21026646840028984,1.9766805398970446,0.00671274789247024,0.004641628122965091,0,-1
open_loop_1,28.04,0.21176692650559092,1.9765232137610433,0.006765281384648267,0.007908146319340226,0,-1
open_loop_1,28.05,0.21326727400573597,1.9763643257383956,0.006782947868317981,0.007908146319340226,0,-1
open_loop_1,28.06,0.21476755313811957,1.9762066344009308,0.006787235018564469,0.002814235045927482,0,-1
open_loop_1,28.07,0.216267987919897,1.9760510149271997,0.006839197777998735,0.002814235045927482,0,-1
open_loop_1,28.08,0.21776856189297777,1.9758941421018767,0.0069187203413287246,0.010813161469183541,0,-1
open_loop_1,28.09,0.21926896306717125,1.9757341444190033,0.0069401306536152835,0.010813161469183541,0,-1
open_loop_1,28.1,0.22076909431113956,1.9755755747798052,0.0069018979791493976,0.006755560418590712,0,-1
open_loop_1,28.11,0.22226936113648543,1.975419461637785,0.006904159545207159,0.006755560418590712,0,-1
open_loop_1,28.12,0.2237697169333981,1.9752624416122881,0.006925315590837738,0.008228899992926305,0,-1
open_loop_1,28.13,0.22527001518635792,1.9751045752887428,0.006928978780523038,0.008228899992926305,0,-1
open_loop_1,28.14,0.22677028990011006,1.9749472605089975,0.006928420890457012,0.008206478724950728,0,-1
open_loop_1,28.15,0.2282705653357957,1.974790007729184,0.0069281050812474935,0.008206478724950728,0,-1
open_loop_1,28.16,0.22977084103145695,1.9746327501113252,0.006927842017806425,0.008909498013180975,0,-1
open_loop_1,28.17,0.23127108590143308,1.9744751840255297,0.00691885134315245,0.008909498013180975,0,-1
open_loop_1,28.18,0.23277132042505777,1.9743178182141368,0.006908168428226423,0.006808269415190971,0,-1
open_loop_1,28.19,0.23427163865511846,1.974161282280723,0.006921782360427833,0.006808269415190971,0,-1
open_loop_1,28.2,0.23577199375301716,1.9740041734777705,0.0069422188719765535,0.00833898541929834,0,-1
open_loop_1,28.21,0.23727228852828586,1.9738462973503805,0.006944476847300453,0.00833898541929834,0,-1
open_loop_1,28.22,0.23877255851332257,1.9736889930934953,0.0069422866179417305,0.010342261170721567,0,-1
open_loop_1,28.23,0.24027274539904164,1.9735308538602685,0.006916673906156,0.010342261170721567,0,-1
open_loop_1,28.24,0.2417728974552238,1.973373286325533,0.006884761228099494,0.008674439897907059,0,-1
open_loop_1,28.25,0.2432731166524802,1.9732163870550483,0.006872528228608981,0.008674439897907059,0,-1
open_loop_1,28.26,0.2447733597668924,1.9730590293903334,0.00686529616270977,0.006440871719277205,0,-1
open_loop_1,28.27,0.24627369102549912,1.9729025050497626,0.0068836475404746335,0.006440871719277205,0,-1
open_loop_1,28.28,0.24777406337907215,1.9727453549710874,0.0069095267939302575,0.00823031794621665,0,-1
open_loop_1,28.29,0.24927436660372693,1.9725873122937605,0.006914404485902655,0.00823031794621665,0,-1
open_loop_1,28.3,0.250774639843115,1.9724299543661252,0.006913837661813818,0.00966854751179147,0,-1
open_loop_1,28.31,0.25227485202652267,1.9722720301066,0.006896013741903445,0.00966854751179147,0,-1
open_loop_1,28.32,0.2537750406963759,1.9721145241827616,0.006874083850236734,0.0068234487430154376,0,-1
open_loop_1,28.33,0.25527533642564804,1.971958121937257,0.006883473382339427,0.0068234487430154376,0,-1
open_loop_1,28.34,0.25677568656655425,1.9718009932345273,0.006903665816699876,0.0062874067945131165,0,-1
open_loop_1,28.35,0.25827606224940625,1.9716440133721147,0.006930571542179651,0.0062874067945131165,0,-1
open_loop_1,28.36,0.2597764487004691,1.9714868468896085,0.00695876604411992,0.006474429056710475,0,-1
open_loop_1,28.37,0.26127683026344284,1.971329603705098,0.006984652677549143,0.006474429056710475,0,-1
open_loop_1,28.38,0.26277721165849155,1.9711724737589134,0.007010092818069539,0.009093002392079443,0,-1
open_loop_1,28.39,0.26427749531977274,1.9710142149450331,0.007006318958393321,0.009093002392079443,0,-1
open_loop_1,28.4,0.2657777285520946,1.9708568661414485,0.006992978432138878,0.009928327674048719,0,-1
open_loop_1,28.41,0.26727792292618047,1.9706992541844874,0.006969196008554191,0.009928327674048719,0,-1
open_loop_1,28.42,0.26877810407075164,1.9705418482197643,0.006943398711790275,0.0035203498018865345,0,-1
open_loop_1,28.43,0.270278459717627,1.9703865706755106,0.006971452493299173,0.0035203498018865345,0,-1
open_loop_1,28.44,0.2717790054056788,1.9702300909725645,0.007040387485235152,0.006036760929931439,0,-1
open_loop_1,28.45,0.2732794692281082,1.9700719603266652,0.0070813821016216345,0.006036760929931439,0,-1
open_loop_1,28.46,0.2747798867620541,1.9699147917305178,0.007113395798642969,0.004307042543953531,0,-1
open_loop_1,28.47,0.2762803746278919,1.9697586167118322,0.007165727453605063,0.004307042543953531,0,-1
open_loop_1,28.48,0.277780898528011,1.9696018753629987,0.007223267784852892,0.005641728823258419,0,-1
open_loop_1,28.49,0.2792813754617438,1.9694444934927995,0.007264779344709971,0.005641728823258419,0,-1
open_loop_1,28.5,0.28078183382779953,1.9692877010122298,0.007302608824275611,0.011386688338161031,0,-1
open_loop_1,28.51,0.2822821241009241,1.9691287342544186,0.007289269329685494,0.011386688338161031,0,-1
open_loop_1,28.52,0.2837822549700434,1.9689712536626827,0.0072421081668486145,0.00849103848378485,0,-1
open_loop_1,28.53,0.2852824931503706,1.9688152176866418,0.0072264946476062195,0.00849103848378485,0,-1
open_loop_1,28.54,0.2867827825965348,1.968658453995022,0.007221954983935557,0.007936470317589261,0,-1
open_loop_1,28.55,0.2882830961234818,1.9685018334433873,0.00722435364803321,0.007936470317589261,0,-1
open_loop_1,28.56,0.2897834173181273,1.9683450614329978,0.0072280903491572885,0.007129886057848367,0,-1
open_loop_1,28.57,0.2912837739350945,1.968188612115686,0.007241845908780505,0.007129886057848367,0,-1
open_loop_1,28.58,0.2927841432333955,1.9680319232762749,0.007257540245485273,0.004401581851894765,0,-1
open_loop_1,28.59,0.2942846156829084,1.967876308856954,0.0073034860607689885,0.004401581851894765,0,-1
open_loop_1,28.6,0.29578514761074504,1.9677198517378134,0.007359589893878068,0.009061554107062888,0,-1
open_loop_1,28.61,0.2972855375654636,1.9675613318793248,0.0073706424071514065,0.009061554107062888,0,-1
open_loop_1,28.62,0.2987858107554754,1.9674042944743686,0.007357902727430756,0.005994232890257578,0,-1
open_loop_1,28.63,0.30028619562210723,1.9672487552924607,0.007378309892672334,0.005994232890257578,0,-1
open_loop_1,28.64,0.30178664352252904,1.9670924076503367,0.007410788893989424,0.008645331885287265,0,-1
open_loop_1,28.65,0.30328699554580496,1.96693474963737,0.007413825407879265,0.008645331885287265,0,-1
open_loop_1,28.66,0.3047872959541291,1.9667780450343484,0.0074071358696477674,0.00928469713894575,0,-1
open_loop_1,28.67,0.3062875670538241,1.9666211838903673,0.007392429914217516,0.00928469713894575,0,-1
open_loop_1,28.68,0.3077878281665569,1.966464488681161,0.007376181007488555,0.008410349634198512,0,-1
open_loop_1,28.69,0.3092881261149547,1.9663081371060598,0.007370776917463695,0.008410349634198512,0,-1
open_loop_1,28.7,0.31078843501724285,1.966151537013695,0.007367479256805399,0.00584216374918478,0,-1
open_loop_1,28.71,0.3122888420404921,1.965995915850238,0.007392914833719363,0.00584216374918478,0,-1
open_loop_1,28.72,0.31378930034130736,1.9658395623891465,0.007427662464915847,0.008859559807863347,0,-1
open_loop_1,28.73,0.31528965144473486,1.9656817716045993,0.007429514183249963,0.008859559807863347,0,-1
open_loop_1,28.74,0.3167899412513646,1.9655250447372103,0.007419661114920303,0.008904305115505995,0,-1
open_loop_1,28.75,0.31829022749382896,1.9653684275745038,0.007409158861621847,0.008904305115505995,0,-1
open_loop_1,28.76,0.3197905120660951,1.9652118117388753,0.007398545363742518,0.008660061124557751,0,-1
open_loop_1,28.77,0.32129080630584606,1.9650552803500017,0.007390963011268251,0.008660061124557751,0,-1
open_loop_1,28.78,0.32279110300490177,1.96489867033777,0.007383969107010828,0.00520469041257332,0,-1
open_loop_1,28.79,0.32429152249716253,1.9647433579691154,0.0074134232930176975,0.00520469041257332,0,-1
open_loop_1,28.8,0.3257920190832,1.9645871139925273,0.007457591719805077,0.009611466391786115,0,-1
open_loop_1,28.81,0.3272923763669273,1.9644288405443975,0.007458382292679745,0.009611466391786115,0,-1
open_loop_1,28.82,0.3287926264662173,1.9642719439710086,0.007437456115651299,0.002715926255115963,0,-1
open_loop_1,28.83,0.33029305236799,1.9641175382874945,0.007471986833085753,0.002715926255115963,0,-1
open_loop_1,28.84,0.33179369331901565,1.963961935690285,0.0075527876513264425,0.009595185514647218,0,-1
open_loop_1,28.85,0.333294172724902,1.9638031126338096,0.007578326124543963,0.009595185514647218,0,-1
open_loop_1,28.86,0.3347944385229147,1.9636458931357519,0.0075579269242448755,0.007483093195911562,0,-1
open_loop_1,28.87,0.3362947840604289,1.9634902309475133,0.007561492314624949,0.007483093195911562,0,-1
open_loop_1,28.88,0.3377951650682276,1.9633340521168552,0.00757192840516341,0.01000463850389943,0,-1
open_loop_1,28.89,0.3392954496240499,1.9631766896645038,0.007554104423722825,0.01000463850389943,0,-1
open_loop_1,28.9,0.34079568600438126,1.963020085820126,0.007527225206409599,0.0066588187454197385,0,-1
open_loop_1,28.91,0.34229604235380817,1.962864797649381,0.007535859397928578,0.0066588187454197385,0,-1
open_loop_1,28.92,0.34379646781508755,1.9627086860174145,0.0075584775260173764,0.007011089788755422,0,-1
open_loop_1,28.93,0.34529688156997485,1.9625522816975691,0.0075767985442456234,0.007011089788755422,0,-1
open_loop_1,28.94,0.34679729192325415,1.9623960361837898,0.007594282390405851,0.007909785442901548,0,-1
open_loop_1,28.95,0.3482976655714851,1.9622394160847367,0.007600601286116608,0.007909785442901548,0,-1
open_loop_1,28.96,0.34979802652100356,1.9620831670286056,0.0076047649899997054,0.010628226240666283,0,-1
open_loop_1,28.97,0.3512982827687402,1.9619257494707232,0.007578751051775915,0.010628226240666283,0,-1
open_loop_1,28.98,0.35279848577320716,1.961769108707482,0.007542623896742744,0.002442623649699272,0,-1
open_loop_1,28.99,0.35429887124818304,1.9616149336009674,0.007564853122213754,0.002442623649699272,0,-1
open_loop_1,29.0,0.3557995333546228,1.9614598036441213,0.007649409026892885,0.010025128409830053,0,-1
open_loop_1,29.01,0.3573000348866562,1.9613010291831827,0.007677242862541298,0.010025128409830053,0,-1
open_loop_1,29.02,0.35880028702377065,1.9611437278807518,0.007650614189355361,0.008301804741998266,0,-1
open_loop_1,29.03,0.3603006036531964,1.9609880014164618,0.007643720050588139,0.008301804741998266,0,-1
open_loop_1,29.04,0.3618009462361722,1.9608318435299639,0.007642019215267623,0.007091239661202397,0,-1
open_loop_1,29.05,0.36330134000207315,1.9606761362305842,0.00765505950940672,0.007091239661202397,0,-1
open_loop_1,29.06,0.3648017531505715,1.9605200843747872,0.0076713211019671075,0.008708932845593154,0,-1
open_loop_1,29.07,0.3663021023479123,1.9603632627442555,0.0076684333048805155,0.008708932845593154,0,-1
open_loop_1,29.08,0.3678024245010071,1.9602070069394026,0.007660755229883209,0.010355321386830596,0,-1
open_loop_1,29.09,0.3693026768746124,1.9600500794080882,0.007633557525018516,0.010355321386830596,0,-1
open_loop_1,29.1,0.370802900974775,1.959893599257556,0.007601445164057161,0.010190766751742244,0,-1
open_loop_1,29.11,0.3723031290676314,1.9597371764227198,0.0075713477780117175,0.010190766751742244,0,-1
open_loop_1,29.12,0.37380335620287664,1.9595806642048925,0.007541645830048591,0.005044529542851617,0,-1
open_loop_1,29.13,0.3753037419823748,1.9594259438604755,0.0075600039058849365,0.005044529542851617,0,-1
open_loop_1,29.14,0.3768042614236635,1.9592700942594194,0.007606462494006627,0.006012271650333913,0,-1
open_loop_1,29.15,0.3783047477133281,1.9591134832908281,0.007641083869824718,0.006012271650333913,0,-1
open_loop_1,29.16,0.37980522252720306,1.958957289908295,0.007673402938034547,0.008819795748571835,0,-1
open_loop_1,29.17,0.3813055953913467,1.9587999397372962,0.00767470103823599,0.008819795748571835,0,-1
open_loop_1,29.18,0.38280591219961446,1.9586436000674732,0.007665429775225943,0.007253743745762263,0,-1
open_loop_1,29.19,0.3843062923266596,1.9584880013794028,0.007674676809944758,0.007253743745762263,0,-1
open_loop_1,29.2,0.38580669800004885,1.9583319878915963,0.007688523324102844,0.008834529880253681,0,-1
open_loop_1,29.21,0.38730704078183664,1.9581752098103988,0.007683627445251837,0.008834529880253681,0,-1
open_loop_1,29.22,0.38880735725773885,1.9580189665457055,0.007674083335132194,0.002766094700038301,0,-1
open_loop_1,29.23,0.39030784210672664,1.9578648371690557,0.0077171369680546055,0.002766094700038301,0,-1
open_loop_1,29.24,0.39180850609410933,1.9577094393438392,0.0077972935656340486,0.007643754547450144,0,-1
open_loop_1,29.25,0.3933090340859283,1.9575515296447565,0.007831171717729573,0.007643754547450144,0,-1
open_loop_1,29.26,0.3948094363924892,1.9573951696408673,0.00783949463870817,0.0077274727173062266,0,-1
open_loop_1,29.27,0.3963098330774065,1.9572392610256788,0.007846564151267237,0.0077274727173062266,0,-1
open_loop_1,29.28,0.3978102290345116,1.9570834317831791,0.007853414040073035,0.01035180450339057,0,-1
open_loop_1,29.29,0.3993105244364734,1.9569264383342948,0.007830994970010741,0.01035180450339057,0,-1
open_loop_1,29.3,0.4008107688225151,1.956770209346737,0.007798967934898704,0.0069340798823049905,0,-1
open_loop_1,29.31,0.40231113477701874,1.9566153139310782,0.0078030267625484526,0.0069340798823049905,0,-1
open_loop_1,29.32,0.4038115712539979,1.9564595945720757,0.007821562961829225,0.008238697511058213,0,-1
open_loop_1,29.33,0.4053119565644392,1.9563031476412152,0.007824428261759499,0.008238697511058213,0,-1
open_loop_1,29.34,0.4068123212987569,1.9561471860545416,0.007823721704210952,0.0068792123340575256,0,-1
open_loop_1,29.35,0.40831274235901094,1.9559918126314029,0.00783932874449016,0.0068792123340575256,0,-1
open_loop_1,29.36,0.4098131862210178,1.955836047630393,0.007858731421761342,0.005242219635483546,0,-1
open_loop_1,29.37,0.41131369772342596,1.955680939525029,0.007897538496343781,0.005242219635483546,0,-1
open_loop_1,29.38,0.4128142416553524,1.955525290696494,0.007941210592113985,0.011779542768251883,0,-1
open_loop_1,29.39,0.4143146118650517,1.9553670897250799,0.00793054244398062,0.011779542768251883,0,-1
open_loop_1,29.4,0.4158147857362757,1.9552103824057183,0.007877659136278465,0.010061142780753762,0,-1
open_loop_1,29.41,0.41731502550485366,1.955054816541325,0.007844671619852596,0.010061142780753762,0,-1
open_loop_1,29.42,0.41881528753698816,1.954898763271201,0.007816869499448185,0.0039062027593956827,0,-1
open_loop_1,29.43,0.4203157205581667,1.9547447295355944,0.007842036396857653,0.0039062027593956827,0,-1
open_loop_1,29.44,0.42181633210540226,1.9545894939331796,0.007905283670886349,0.009099566857190045,0,-1
open_loop_1,29.45,0.4233167974929085,1.9544316477828954,0.00792046794624342,0.009099566857190045,0,-1
open_loop_1,29.46,0.4248171246087715,1.954275345941182,0.007907212197442223,0.005036537123186414,0,-1
open_loop_1,29.47,0.42631758663904973,1.9541209576416807,0.007934920226775381,0.005036537123186414,0,-1
open_loop_1,29.48,0.42781814489067393,1.9539655515467929,0.007981558839648753,0.008019963358762983,0,-1
open_loop_1,29.49,0.4293186010970249,1.953808612619556,0.007995655163408463,0.008019963358762983,0,-1
open_loop_1,29.5,0.43081899642563115,1.953652778969436,0.007998269423400282,0.00588246264820702,0,-1
open_loop_1,29.51,0.43231947500105494,1.9534979806171435,0.008025428447094503,0.00588246264820702,0,-1
open_loop_1,29.52,0.43381999469974386,1.9533425483341875,0.008059592893686324,0.0064157416148593605,0,-1
open_loop_1,29.53,0.43532049632670344,1.9531868022166803,0.008087188181423479,0.0064157416148593605,0,-1
open_loop_1,29.54,0.4368209924564447,1.9530313072551895,0.00811351126709034,0.00823089678973954,0,-1
open_loop_1,29.55,0.43832141872921615,1.952875048729088,0.008118490318344412,0.00823089678973954,0,-1
open_loop_1,29.56,0.43982181359115013,1.9527194958513865,0.00811792043878381,0.008856101386526037,0,-1
open_loop_1,29.57,0.44132218092319786,1.9525637466619394,0.008109540113274019,0.008856101386526037,0,-1
open_loop_1,29.58,0.4428225388102517,1.9524081752111526,0.008099652917955794,0.006956912669701329,0,-1
open_loop_1,29.59,0.4443229725661776,1.9522533572970908,0.008112002843582204,0.006956912669701329,0,-1
open_loop_1,29.6,0.4458234391073048,1.952098022632206,0.008130244202701416,0.008468874965005922,0,-1
open_loop_1,29.61,0.4473238464979782,1.9519419399706512,0.008130506723857251,0.008468874965005922,0,-1
open_loop_1,29.62,0.4488242288060599,1.9517864057597893,0.008126390876702786,0.00942398816760681,0,-1
open_loop_1,29.63,0.45032456891032946,1.951630498478314,0.008110383732501517,0.00942398816760681,0,-1
open_loop_1,29.64,0.4518248943945638,1.9514748576759953,0.008092076287997334,0.0063877318154044165,0,-1
open_loop_1,29.65,0.4533253313600058,1.9513203800893444,0.008106852844791559,0.0063877318154044165,0,-1
open_loop_1,29.66,0.4548258297718152,1.9511651142503408,0.008133501866020382,0.009097513382544165,0,-1
open_loop_1,29.67,0.4563262301119973,1.9510085193683464,0.008130148068811238,0.009097513382544165,0,-1
open_loop_1,29.68,0.45782657670826066,1.9508528511590242,0.00811674863163805,0.011558194861795545,0,-1
open_loop_1,29.69,0.4593268234568205,1.9506962347487447,0.008075563153305541,0.011558194861795545,0,-1
open_loop_1,29.7,0.4608270229178372,1.9505402561551375,0.008025628282713465,0.009955386337079819,0,-1
open_loop_1,29.71,0.46232728553385294,1.9503849083479843,0.007994649744545388,0.009955386337079819,0,-1
open_loop_1,29.72,0.46382756872094083,1.9502290892414877,0.007968419115763152,0.011152740474703382,0,-1
open_loop_1,29.73,0.4653277970103459,1.9500727107316531,0.007927641369311194,0.011152740474703382,0,-1
open_loop_1,29.74,0.4668280048198247,1.9499165994505496,0.007883688849958976,0.007917597668726463,0,-1
open_loop_1,29.75,0.468328329806024,1.949761681912167,0.007874405139035099,0.007917597668726463,0,-1
open_loop_1,29.76,0.46982871726220005,1.9496059714980736,0.00787836352518482,0.008849933779289554,0,-1
open_loop_1,29.77,0.4713290653103416,1.9494497499345556,0.007870812192915584,0.008849933779289554,0,-1
open_loop_1,29.78,0.47282939963540005,1.9492938127869883,0.007861021090798908,0.006194982005276016,0,-1
open_loop_1,29.79,0.47432983407099794,1.9491389143252669,0.007880759486433473,0.006194982005276016,0,-1
open_loop_1,29.8,0.4758303210974375,1.9489832917576346,0.007910275427780078,0.007789480838367169,0,-1
open_loop_1,29.81,0.4773307479190196,1.948826840644172,0.007920935740054674,0.007789480838367169,0,-1
open_loop_1,29.82,0.4788311483051182,1.9486710282666564,0.007926911172738391,0.00831350926184893,0,-1
open_loop_1,29.83,0.4803315262921884,1.9485150723865083,0.007926334773259802,0.00831350926184893,0,-1
open_loop_1,29.84,0.4818318968343558,1.9483592879689295,0.007924496070619505,0.004816691601940095,0,-1
open_loop_1,29.85,0.48333239031598496,1.9482048370915799,0.007959423223837666,0.004816691601940095,0,-1
open_loop_1,29.86,0.48483296394197806,1.9480494242275435,0.00800934356711302,0.008653618500548353,0,-1
open_loop_1,29.87,0.4863334137058978,1.9478921858429483,0.008019853193834891,0.008653618500548353,0,-1
open_loop_1,29.88,0.4878337754519274,1.947736262052083,0.008013110644397196,0.008293329655995054,0,-1
open_loop_1,29.89,0.4893341509413648,1.9475807193480166,0.008010696461922765,0.008293329655995054,0,-1
open_loop_1,29.9,0.49083453101369745,1.9474250822835122,0.008009144384188108,0.0078723651703827,0,-1
open_loop_1,29.91,0.4923349292108066,1.947269608111454,0.008012822296748379,0.0078723651703827,0,-1
open_loop_1,29.92,0.4938353335204574,1.9471140235388225,0.008017514618816324,0.008296291550123682,0,-1
open_loop_1,29.93,0.4953357201028944,1.946958249219669,0.008016949421461424,0.008296291550123682,0,-1
open_loop_1,29.94,0.4968361007028528,1.9468026056642747,0.008015364469143478,0.0077757072431299265,0,-1
open_loop_1,29.95,0.49833650366244153,1.9466471805790322,0.00802023543289928,0.0077757072431299265,0,-1
open_loop_1,29.96,0.4998369142191466,1.9464916200277353,0.008026360467849302,0.005513900011757666,0,-1
open_loop_1,29.97,0.5013374130223323,1.9463369414249243,0.008058312042619817,0.005513900011757666,0,-1
open_loop_1,29.98,0.5028379571503995,1.94618157204197,0.008097937561555316,0.00840048228806989,0,-1
open_loop_1,29.99,0.5043384000428219,1.9460248393504254,0.008105874744838195,0.00840048228806989,0,-1
open_loop_1,30.0,0.5058387844041616,1.945869166230107,0.008102835117438539,0.008478056360743835,0,-1
open_loop_1,30.01,0.5073391642620386,1.9457136118274312,0.008098739227379697,0.008478056360743835,0,-1
open_loop_1,30.02,0.508839542634888,1.9455580778772639,0.00809445269046192,0.004859960278468468,0,-1
open_loop_1,30.03,0.5103400467968797,1.945403906115214,0.008127908332099112,0.004859960278468468,0,-1
open_loop_1,30.04,0.5118406346902262,1.9452487563590708,0.008177182535608351,0.006871044468953259,0,-1
open_loop_1,30.05,0.5133411514303383,1.945092519667066,0.008203104784675194,0.006871044468953259,0,-1
open_loop_1,30.06,0.5148416335377155,1.9449370914455668,0.008222722115600174,0.007594599092625831,0,-1
open_loop_1,30.07,0.5163420861630477,1.944781485542432,0.008233299535387118,0.007594599092625831,0,-1
open_loop_1,30.08,0.5178425287211524,1.9446262053166692,0.008242139823868084,0.00854409844588755,0,-1
open_loop_1,30.09,0.519342931373951,1.9444705333548358,0.008239171779850346,0.00854409844588755,0,-1
open_loop_1,30.1,0.5208433201168191,1.9443151812299084,0.00823392129156188,0.00436399829081502,0,-1
open_loop_1,30.11,0.5223438471117657,1.9441613954430856,0.008270623390754525,0.00436399829081502,0,-1
open_loop_1,30.12,0.5238444772190526,1.9440065245132565,0.00832722546567639,0.008272507434283316,0,-1
open_loop_1,30.13,0.5253449843184304,1.943849739188744,0.008343876531645564,0.008272507434283316,0,-1
open_loop_1,30.14,0.5268454006366616,1.9436943061770957,0.008342798143214685,0.010337833996830526,0,-1
open_loop_1,30.15,0.528345731820795,1.943538237269992,0.00831759654822011,0.010337833996830526,0,-1
open_loop_1,30.16,0.5298460257656435,1.94338276898428,0.008285758626591765,0.013868439722934944,0,-1
open_loop_1,30.17,0.5313461826661816,1.9432259107357626,0.008216832263815097,0.013868439722934944,0,-1
open_loop_1,30.18,0.5328462627464315,1.9430698476930104,0.00813265903182601,0.007727393381030902,0,-1
open_loop_1,30.19,0.5343465186730418,1.9429158592607372,0.008101293824451171,0.007727393381030902,0,-1
open_loop_1,30.2,0.5358469384867202,1.9427607470558528,0.008107892925065006,0.006804194903297756,0,-1
open_loop_1,30.21,0.5373474001921101,1.9426056964921563,0.008126191148185458,0.006804194903297756,0,-1
open_loop_1,30.22,0.5388478772263574,1.9424503441491217,0.008146715435208932,0.008496851891780734,0,-1
open_loop_1,30.23,0.5403482885249753,1.9422942005094095,0.008147268534002305,0.008496851891780734,0,-1
open_loop_1,30.24,0.5418486709616108,1.9421386784332717,0.008142744219897916,0.00659615446356776,0,-1
open_loop_1,30.25,0.5433491292350994,1.941983964030861,0.00816044097173603,0.00659615446356776,0,-1
open_loop_1,30.26,0.5448496214050454,1.9418287101884522,0.008184030177777179,0.00704975214187531,0,-1
open_loop_1,30.27,0.5463500974374873,1.9416731907623435,0.008202027824701025,0.00704975214187531,0,-1
open_loop_1,30.28,0.5478505683317565,1.9415178777491817,0.008218942973318611,0.008189417311606832,0,-1
open_loop_1,30.29,0.5493509931282512,1.9413620858554492,0.008221905238096636,0.008189417311606832,0,-1
open_loop_1,30.3,0.550851400480098,1.941206733711331,0.008221926369146579,0.007933932593046755,0,-1
open_loop_1,30.31,0.552351818703294,1.9410515221200573,0.008225093571353044,0.007933932593046755,0,-1
open_loop_1,30.32,0.5538522407409474,1.9408962462950528,0.00822887545671649,0.008518929083258353,0,-1
open_loop_1,30.33,0.555352638040216,1.9407407093452318,0.008225397943823355,0.008518929083258353,0,-1
open_loop_1,30.34,0.5568530267934655,1.9405853502452841,0.008220513234521668,0.004789534760816227,0,-1
open_loop_1,30.35,0.5583535438589677,1.940431400967635,0.008254252295857276,0.004789534760816227,0,-1
open_loop_1,30.36,0.5598541483035437,1.9402764521713858,0.008304566323407273,0.008220560337844239,0,-1
open_loop_1,30.37,0.5613546402040579,1.9401198183925281,0.008318724899995666,0.008220560337844239,0,-1
open_loop_1,30.38,0.5628550566394284,1.9399644088988477,0.008318388954166384,0.009395487023919014,0,-1
open_loop_1,30.39,0.5643554218782908,1.9398087035000555,0.008303600063490818,0.009395487023919014,0,-1
open_loop_1,30.4,0.5658557683602126,1.9396533486881609,0.008285721575522948,0.0076919096640954985,0,-1
open_loop_1,30.41,0.5673561829990377,1.939498672854198,0.00828793104586845,0.0076919096640954985,0,-1
open_loop_1,30.42,0.5688566249392077,1.9393435518751694,0.008295280408453643,0.008434711801867058,0,-1
open_loop_1,30.43,0.5703570360904553,1.9391880585987291,0.008293432782509087,0.008434711801867058,0,-1
open_loop_1,30.44,0.5718574364716571,1.9390328065511513,0.008289801112367694,0.007954149555702283,0,-1
open_loop_1,30.45,0.5733578572227027,1.9388777615659407,0.008292122810983026,0.007954149555702283,0,-1
open_loop_1,30.46,0.5748582847740065,1.9387225885145556,0.008295601941252662,0.008391578330308569,0,-1
open_loop_1,30.47,0.5763586939111495,1.93856721953547,0.008293656890693486,0.008391578330308569,0,-1
open_loop_1,30.48,0.5778590967386306,1.9384119809724756,0.008290659314999518,0.011975629750397676,0,-1
open_loop_1,30.49,0.5793593686501033,1.9382552251150835,0.00825016912637953,0.011975629750397676,0,-1
open_loop_1,30.5,0.5808595617596048,1.938099399679214,0.008194087916666497,0.008346013746021175,0,-1
open_loop_1,30.51,0.5823598819498801,1.9379449870094287,0.008175750419400671,0.008346013746021175,0,-1
open_loop_1,30.52,0.5838602750220495,1.9377897014385226,0.008173338926835833,0.00794138047196169,0,-1
open_loop_1,30.53,0.5853606859023387,1.9376344652485484,0.008176030447249318,0.00794138047196169,0,-1
open_loop_1,30.54,0.586861102598607,1.9374791181036608,0.008179699542775865,0.0053071887139526375,0,-1
open_loop_1,30.55,0.5883616186663567,1.9373247893712362,0.008212717173274799,0.0053071887139526375,0,-1
open_loop_1,30.56,0.5898621899071114,1.9371696804160934,0.00825539652323006,0.007092601341097457,0,-1
open_loop_1,30.57,0.5913626965264953,1.9370136573069103,0.00827713969940352,0.007092601341097457,0,-1
open_loop_1,30.58,0.592863173080636,1.9368583597599889,0.00829346239280525,0.00725508272596276,0,-1
open_loop_1,30.59,0.594363643646638,1.9367031256553364,0.008307717479867645,0.00725508272596276,0,-1
open_loop_1,30.6,0.5958641130825293,1.9365479898764566,0.008321579284002586,0.010855956784094897,0,-1
open_loop_1,30.61,0.5973644554114768,1.93639130972851,0.008297811285088672,0.010855956784094897,0,-1
open_loop_1,30.62,0.59886471793779,1.9362356628738302,0.008258351740756934,0.009994591576703016,0,-1
open_loop_1,30.63,0.6003650143728834,1.9360804502913653,0.008229482044014082,0.009994591576703016,0,-1
open_loop_1,30.64,0.6018653189147793,1.9359249610617413,0.008202684232413396,0.008595766944130112,0,-1
open_loop_1,30.65,0.6033656800272592,1.9357699768643801,0.008192671528139513,0.008595766944130112,0,-1
open_loop_1,30.66,0.6048660609230072,1.9356146024268455,0.0081866167705283,0.006407852681157067,0,-1
open_loop_1,30.67,0.6063665274441078,1.9354600533119148,0.008205707523976027,0.006407852681157067,0,-1
open_loop_1,30.68,0.607867034873729,1.9353048870958056,0.008232081086034857,0.010168514843809096,0,-1
open_loop_1,30.69,0.6093674144096379,1.9351480147270783,0.008219600787817033,0.010168514843809096,0,-1
open_loop_1,30.7,0.6108677087807288,1.934992297921021,0.008190357902536617,0.009451858425680635,0,-1
open_loop_1,30.71,0.6123680312329012,1.934836999751701,0.00816989114947878,0.009451858425680635,0,-1
open_loop_1,30.72,0.6138683609383117,1.934681478787015,0.008151146970251398,0.010071309493665748,0,-1
open_loop_1,30.73,0.6153686614368402,1.9345256649409945,0.008124722723479937,0.010071309493665748,0,-1
open_loop_1,30.74,0.6168689511928143,1.9343699820067441,0.008096806142972618,0.007493724497992017,0,-1
open_loop_1,30.75,0.6183693383583544,1.9342152728627082,0.008097693197036416,0.007493724497992017,0,-1
open_loop_1,30.76,0.6198697724651239,1.9340599172222666,0.00810796049990168,0.007420573472695758,0,-1
open_loop_1,30.77,0.6213702111235972,1.9339045346247659,0.00811918143195197,0.007420573472695758,0,-1
open_loop_1,30.78,0.6228706520418028,1.933749133287072,0.008130580261873407,0.010197290279207126,0,-1
open_loop_1,30.79,0.6243709887429391,1.9335924969621543,0.008111273116327294,0.010197290279207126,0,-1
open_loop_1,30.8,0.6258712702452678,1.9334366950711468,0.008081547518524586,0.010465332657607183,0,-1
open_loop_1,30.81,0.6273715364583825,1.9332808330918136,0.008048428486121648,0.010465332657607183,0,-1
open_loop_1,30.82,0.6288717959000754,1.9331249986530388,0.008014661215933253,0.006582583156874655,0,-1
open_loop_1,30.83,0.630372188827391,1.932970574516318,0.008020749034423054,0.006582583156874655,0,-1
open_loop_1,30.84,0.6318726670968142,1.932815229686684,0.008044478845753886,0.008126878760456705,0,-1
open_loop_1,30.85,0.6333730865517566,1.9326590112787203,0.008049935896028973,0.008126878760456705,0,-1
open_loop_1,30.86,0.6348734804111114,1.932503382196374,0.00805089965095865,0.00845804778540993,0,-1
open_loop_1,30.87,0.6363738597043267,1.932347676851555,0.008047712326022456,0.00845804778540993,0,-1
open_loop_1,30.88,0.637874234126607,1.9321920644091046,0.008043725940314748,0.010584227176957397,0,-1
open_loop_1,30.89,0.639374522190753,1.932035522409706,0.00801518787685414,0.010584227176957397,0,-1
open_loop_1,30.9,0.6408747716446308,1.931879572322237,0.007979693979504657,0.010682625968855499,0,-1
open_loop_1,30.91,0.6423750129265745,1.9317235849958279,0.00794293874375006,0.010682625968855499,0,-1
open_loop_1,30.92,0.6438752492598409,1.9315675716086196,0.00790594489274449,0.011545334482393255,0,-1
open_loop_1,30.93,0.6453754429922145,1.9314111546618975,0.00785824086408732,0.011545334482393255,0,-1
open_loop_1,30.94,0.6468756211454907,1.931254905168717,0.007808457779965668,0.008191829749116144,0,-1
open_loop_1,30.95,0.6483759197994937,1.9310998722266046,0.007794294331922386,0.008191829749116144,0,-1
open_loop_1,30.96,0.6498762835343284,1.930944017459206,0.007794179374594016,0.005287768355502821,0,-1
open_loop_1,30.97,0.6513767556308298,1.9307891852170311,0.007826032055823853,0.005287768355502821,0,-1
open_loop_1,30.98,0.6528772892184267,1.93063351332543,0.00786899056916323,0.006670116479875255,0,-1
open_loop_1,30.99,0.6543777727367011,1.9304770918483003,0.007895429313976278,0.006670116479875255,0,-1
open_loop_1,31.0,0.6558782353242603,1.9303212501846836,0.007918004446439373,0.007387712067659536,0,-1
open_loop_1,31.01,0.6573786692932552,1.9301651916947038,0.007931633945426148,0.007387712067659536,0,-1
open_loop_1,31.02,0.6588790936593363,1.9300094569416708,0.007943542321334065,0.006479537261206314,0,-1
open_loop_1,31.03,0.660379557736209,1.9298541601306494,0.00796670318032593,0.006479537261206314,0,-1
open_loop_1,31.04,0.6618800375768312,1.9296985678716316,0.007992042666611724,0.010102386994620181,0,-1
open_loop_1,31.05,0.6633803921858505,1.9295413837550175,0.007979602616893244,0.010102386994620181,0,-1
open_loop_1,31.06,0.6648806662010227,1.9293853249739363,0.007951332428557478,0.0050195848146898925,0,-1
open_loop_1,31.07,0.6663810965229819,1.9292312077502083,0.00797068584187848,0.0050195848146898925,0,-1
open_loop_1,31.08,0.6678816585618748,1.9290759671655033,0.00801751989704934,0.006758802734593949,0,-1
open_loop_1,31.09,0.6693821596099576,1.9289196256377228,0.00804402573062835,0.006758802734593949,0,-1
open_loop_1,31.1,0.6708826321428389,1.9287639806761847,0.008065297547311346,0.005842184667320448,0,-1
open_loop_1,31.11,0.6723831446234534,1.9286088881159573,0.00809789898569979,0.005842184667320448,0,-1
open_loop_1,31.12,0.6738836743669547,1.9284534930467028,0.008132692658123542,0.009755871443832387,0,-1
open_loop_1,31.13,0.6753840735689169,1.9282964008155739,0.00812738256870742,0.009755871443832387,0,-1
open_loop_1,31.14,0.6768843825462244,1.9281405632591977,0.008104277203447783,0.010148731653676359,0,-1
open_loop_1,31.15,0.6783846709106331,1.9279847303831739,0.008076160342369956,0.010148731653676359,0,-1
open_loop_1,31.16,0.6798849513314618,1.9278289704980378,0.008047092031998134,0.005931151905072872,0,-1
open_loop_1,31.17,0.6813853722246463,1.9276747369076086,0.008060232670293772,0.005931151905072872,0,-1
open_loop_1,31.18,0.6828858916123535,1.927519508006061,0.008093602598798537,0.008661904890738812,0,-1
open_loop_1,31.19,0.6843863142309594,1.9273628496452861,0.008096819578795541,0.008661904890738812,0,-1
open_loop_1,31.2,0.6858866825365526,1.9272071633880805,0.008089889969639491,0.009840852837398993,0,-1
open_loop_1,31.21,0.687386998993552,1.927051085607187,0.008068506595152434,0.009840852837398993,0,-1
open_loop_1,31.22,0.6888872963893807,1.9268953303980785,0.00804401874108516,0.006913906420882743,0,-1
open_loop_1,31.23,0.6903877021595106,1.9267406954609834,0.008051629906689364,0.006913906420882743,0,-1
open_loop_1,31.24,0.6918881648454609,1.9265853214172866,0.008070482875636215,0.006774054581061507,0,-1
open_loop_1,31.25,0.6933886360914228,1.9264299150258686,0.008091131594647888,0.006774054581061507,0,-1
open_loop_1,31.26,0.6948891116158179,1.9262744711224211,0.00811211996191455,0.00818019963980543,0,-1
open_loop_1,31.27,0.696389531901206,1.9261184001735303,0.008116255648109184,0.00818019963980543,0,-1
open_loop_1,31.28,0.6978899292947063,1.9259628750611726,0.008116423340276666,0.006838024052999271,0,-1
open_loop_1,31.29,0.6993903821999916,1.9258079412583298,0.008132709792212072,0.006838024052999271,0,-1
open_loop_1,31.3,0.700890857813117,1.9256526168466948,0.008152724232872367,0.009716139889314412,0,-1
open_loop_1,31.31,0.7023912280258862,1.925495974240233,0.008141099970829959,0.009716139889314412,0,-1
open_loop_1,31.32,0.7038915402145917,1.925340256716882,0.008118522464638542,0.007317428191226938,0,-1
open_loop_1,31.33,0.7053919438158868,1.9251855521745842,0.00812298924163342,0.007317428191226938,0,-1
open_loop_1,31.34,0.7068923905866721,1.9250302407397606,0.00813587484187495,0.009619736886773644,0,-1
open_loop_1,31.35,0.7083927492745858,1.9248738204778268,0.008122586275596339,0.009619736886773644,0,-1
open_loop_1,31.36,0.7098930649828838,1.9247181216301164,0.00810141412508508,0.008154044043229726,0,-1
open_loop_1,31.37,0.7113934397379658,1.9245630509807932,0.00809769579449958,0.008154044043229726,0,-1
open_loop_1,31.38,0.7128938363499138,1.9244075863651329,0.00809819287402398,0.007839258713510324,0,-1
open_loop_1,31.39,0.7143942467723925,1.9242522206081003,0.008102618916712379,0.007839258713510324,0,-1
open_loop_1,31.4,0.7158946619563766,1.9240967739809995,0.008107804112847004,0.012182380825455304,0,-1
open_loop_1,31.41,0.7173949290588665,1.9239394908958667,0.008069936284933205,0.012182380825455304,0,-1
open_loop_1,31.42,0.7188950922791713,1.923783311155989,0.008010831484534532,0.010125119425462346,0,-1
open_loop_1,31.43,0.720395335258083,1.923628044087513,0.007975480355419192,0.010125119425462346,0,-1
open_loop_1,31.44,0.7218956067213366,1.9234721912798316,0.007946722482231841,0.007523516037072131,0,-1
open_loop_1,31.45,0.7233959767008473,1.9233172621819534,0.007947036435853583,0.007523516037072131,0,-1
open_loop_1,31.46,0.7248963940240801,1.9231616791249893,0.007956860817551568,0.006435539851591177,0,-1
open_loop_1,31.47,0.7263968587848193,1.9230064752544385,0.007980102936282263,0.006435539851591177,0,-1
open_loop_1,31.48,0.7278973424429249,1.922850913209798,0.008006090696903482,0.010407326658514737,0,-1
open_loop_1,31.49,0.7293976916909992,1.9226936140105542,0.007991512613724605,0.010407326658514737,0,-1
open_loop_1,31.5,0.7308979494559577,1.9225375152583162,0.007958735504707392,0.005955691703268596,0,-1
open_loop_1,31.51,0.7323983519492806,1.9223831852755446,0.007969569948947744,0.005955691703268596,0,-1
open_loop_1,31.52,0.7338988607412941,1.9222278408687308,0.008002563805054132,0.00931766300974335,0,-1
open_loop_1,31.53,0.7353992544974973,1.9220707917377087,0.007999972190178097,0.00931766300974335,0,-1
open_loop_1,31.54,0.736899575643803,1.9219148535366066,0.007983339002135931,0.005946699976056457,0,-1
open_loop_1,31.55,0.7384000161896414,1.9217603342606586,0.008002369699064857,0.005946699976056457,0,-1
open_loop_1,31.56,0.7399005293407549,1.9216049501559946,0.008035543203457432,0.0077038268684823654,0,-1
open_loop_1,31.57,0.7414009773240574,1.9214486173706617,0.008048106201715033,0.0077038268684823654,0,-1
open_loop_1,31.58,0.7429013955029062,1.9212929836609756,0.008055359017715398,0.008393542877874529,0,-1
open_loop_1,31.59,0.7444017842368016,1.9211371464910747,0.008053997566519578,0.008393542877874529,0,-1
open_loop_1,31.6,0.7459021630148426,1.920981541541237,0.008050975158972483,0.006871953097795647,0,-1
open_loop_1,31.61,0.7474026039892292,1.9208265571746597,0.008066057928345315,0.006871953097795647,0,-1
open_loop_1,31.62,0.7489030709305659,1.9206711404409356,0.008085565479508372,0.006603709377381417,0,-1
open_loop_1,31.63,0.7504035515409638,1.9205158111306042,0.008108432967747912,0.006603709377381417,0,-1
open_loop_1,31.64,0.7519040385971307,1.920360399814084,0.00813194524079009,0.00904291439880867,0,-1
open_loop_1,31.65,0.7534044347319149,1.9202039061796157,0.00812795425968536,0.00904291439880867,0,-1
open_loop_1,31.66,0.7549047841422452,1.9200482594104242,0.008115353271355902,0.0072143621507279035,0,-1
open_loop_1,31.67,0.7564052063491418,1.9198934148909856,0.008124161221157633,0.0072143621507279035,0,-1
open_loop_1,31.68,0.7579056592900388,1.9197380875175951,0.008138587956127647,0.007551445705172189,0,-1
open_loop_1,31.69,0.7594060997971079,1.919582557500005,0.00814886113874865,0.007551445705172189,0,-1
open_loop_1,31.7,0.7609065362557808,1.9194271762731017,0.008158329887406099,0.010254882837267942,0,-1
open_loop_1,31.71,0.7624068703936884,1.9192706108150017,0.00813777516520998,0.010254882837267942,0,-1
open_loop_1,31.72,0.7639071512193336,1.9191148481093345,0.008107191698032977,0.009705437732836053,0,-1
open_loop_1,31.73,0.7654074530253941,1.9189593511579244,0.00808336560456694,0.009705437732836053,0,-1
open_loop_1,31.74,0.7669077595354027,1.918803669656645,0.008060861167335464,0.012026324910209496,0,-1
open_loop_1,31.75,0.7684079694594832,1.9186469893510327,0.008011978024313929,0.012026324910209496,0,-1
open_loop_1,31.76,0.7699081354632828,1.918490874028398,0.007955091827640133,0.006591023863404821,0,-1
open_loop_1,31.77,0.7714084654965915,1.9183366445154517,0.007947683506755582,0.006591023863404821,0,-1
open_loop_1,31.78,0.772908935156435,1.9181813307695736,0.007971196587740327,0.00571815126158537,0,-1
open_loop_1,31.79,0.7744094457691084,1.9180261181626697,0.008005726147502,0.00571815126158537,0,-1
open_loop_1,31.8,0.7759099734386794,1.917870585150314,0.008042359349040091,0.008569043762905347,0,-1
open_loop_1,31.81,0.7774103997817302,1.917713778442284,0.00804760727543188,0.008569043762905347,0,-1
open_loop_1,31.82,0.7789107685622747,1.9175580123843177,0.008042063012857979,0.007011509992885134,0,-1
open_loop_1,31.83,0.7804112001134387,1.9174030045690218,0.008054938552752296,0.007011509992885134,0,-1
open_loop_1,31.84,0.7819116578863092,1.917247569384881,0.008072376774145285,0.009186360292200211,0,-1
open_loop_1,31.85,0.7834120323446542,1.9170911056987308,0.008064835272685223,0.009186360292200211,0,-1
open_loop_1,31.86,0.7849123671053547,1.9169353697152554,0.00805009141453447,0.010132363757234142,0,-1
open_loop_1,31.87,0.7864126583679278,1.9167792884141526,0.008023553880621412,0.010132363757234142,0,-1
open_loop_1,31.88,0.7879129344877587,1.916623440710692,0.007994735851563227,0.00621315629217678,0,-1
open_loop_1,31.89,0.7894133448069607,1.9164690365272115,0.008006055177004416,0.00621315629217678,0,-1
open_loop_1,31.9,0.7909138427816591,1.9163136887148835,0.008035259388740163,0.007502737070284483,0,-1
open_loop_1,31.91,0.7924142923670267,1.9161575698611264,0.008048982643966363,0.007502737070284483,0,-1
open_loop_1,31.92,0.7939147220624568,1.916001973976946,0.008059202024418278,0.007263765241762421,0,-1
open_loop_1,31.93,0.7954151625047658,1.915846574930702,0.0080723532729309,0.007263765241762421,0,-1
open_loop_1,31.94,0.7969156077709556,1.9156911107613566,0.008086074664941694,0.00783122727169605,0,-1
open_loop_1,31.95,0.7984160303678832,1.9155353896408247,0.008092757103580785,0.00783122727169605,0,-1
open_loop_1,31.96,0.7999164451574197,1.9153799027551344,0.008098079292058486,0.008390260539769658,0,-1
open_loop_1,31.97,0.8014168363911822,1.9152241889598276,0.008096447703761644,0.008390260539769658,0,-1
open_loop_1,31.98,0.8029172195900829,1.915068652026936,0.008093471302263403,0.00656560926868277,0,-1
open_loop_1,31.99,0.8044176761451381,1.9149138484122887,0.008111916194829843,0.00656560926868277,0,-1
open_loop_1,32.0,0.8059181652482945,1.9147585193366086,0.008135959575518208,0.011484521495086499,0,-1
open_loop_1,32.01,0.8074184992030458,1.9146010842579662,0.008113222394663132,0.011484521495086499,0,-1
open_loop_1,32.02,0.8089187074158501,1.914444966566932,0.008064524662720736,0.008271866879439038,0,-1
open_loop_1,32.03,0.8104190312596595,1.9142902689444141,0.00805014565872176,0.008271866879439038,0,-1
open_loop_1,32.04,0.8119194161031889,1.9141347819660384,0.008048849725915049,0.0056687140780975484,0,-1
open_loop_1,32.05,0.8134198998260569,1.9139802142342577,0.008076669993907833,0.0056687140780975484,0,-1
open_loop_1,32.06,0.8149204367303828,1.913824893616864,0.008113989732391207,0.008675536521754342,0,-1
open_loop_1,32.07,0.8164208682865643,1.9136681375820497,0.008118501263501943,0.008675536521754342,0,-1
open_loop_1,32.08,0.8179212381176737,1.9135124582615803,0.00811138295819248,0.006979671498410058,0,-1
open_loop_1,32.09,0.8194216756888693,1.9133575957610636,0.008124191722501095,0.006979671498410058,0,-1
open_loop_1,32.1,0.8209221421831071,1.9132022710770835,0.008142099533749426,0.00702277372103799,0,-1
open_loop_1,32.11,0.8224226091007949,1.9130468824400584,0.008159503881595392,0.00702277372103799,0,-1
open_loop_1,32.12,0.8239230771374477,1.9128915316526562,0.008176807766210211,0.010781738985359725,0,-1
open_loop_1,32.13,0.8254234143842238,1.9127345718649211,0.00815522174790135,0.010781738985359725,0,-1
open_loop_1,32.14,0.8269236669352609,1.9125787047758278,0.008116872846214604,0.01075079282206204,0,-1
open_loop_1,32.15,0.8284239164369989,1.9124229508912092,0.008078796085134291,0.01075079282206204,0,-1
open_loop_1,32.16,0.8299241624899121,1.9122671366042994,0.008040789915485536,0.0069063119522496655,0,-1
open_loop_1,32.17,0.83142454119348,1.9121127073562676,0.008042336831275015,0.0069063119522496655,0,-1
open_loop_1,32.18,0.8329250030686568,1.911957375437973,0.008061269529369535,0.007653690403756296,0,-1
open_loop_1,32.19,0.834425436246463,1.911801545486191,0.008071014736287836,0.007653690403756296,0,-1
open_loop_1,32.2,0.8359258591450591,1.9116460233204533,0.008078977405546802,0.007259331783676438,0,-1
open_loop_1,32.21,0.8374262995633268,1.9114907119601774,0.008091815151294753,0.007259331783676438,0,-1
open_loop_1,32.22,0.8389267469872838,1.9113352841251467,0.008105599286423838,0.005466262339306471,0,-1
open_loop_1,32.23,0.8404272672252757,1.91118058589045,0.008140473753567211,0.005466262339306471,0,-1
open_loop_1,32.24,0.8419278225036697,1.911025310286489,0.008180819453655406,0.011878301111401868,0,-1
open_loop_1,32.25,0.8434282050275257,1.9108675023102313,0.008167284152950458,0.011878301111401868,0,-1
open_loop_1,32.26,0.8449283969373311,1.9107111743091794,0.008112916515034633,0.009737356552969704,0,-1
open_loop_1,32.27,0.8464286700836725,1.9105561128316846,0.008082876661778583,0.009737356552969704,0,-1
open_loop_1,32.28,0.8479289745594447,1.9104004667256393,0.008059870134215882,0.00672354882970705,0,-1
open_loop_1,32.29,0.8494293902947505,1.910245900944573,0.008069816384062047,0.00672354882970705,0,-1
open_loop_1,32.3,0.8509298657086339,1.910090566952802,0.008091488570687932,0.008733658830780476,0,-1
open_loop_1,32.31,0.852430264310548,1.9099342071621639,0.008089776356014527,0.008733658830780476,0,-1
open_loop_1,32.32,0.8539306274916333,1.9097785613497535,0.008081746726167792,0.006424784108984837,0,-1
open_loop_1,32.33,0.8554310796478406,1.909623880401217,0.008099938282153607,0.006424784108984837,0,-1
open_loop_1,32.34,0.8569315754981712,1.9094685622499068,0.008126057468895406,0.008762637968485974,0,-1
open_loop_1,32.35,0.8584319847913052,1.9093121106006983,0.00812567629224697,0.008762637968485974,0,-1
open_loop_1,32.36,0.8599323500278209,1.9091564919770427,0.008117232347504161,0.008523879217736228,0,-1
open_loop_1,32.37,0.8614327243983642,1.9090010501506416,0.008111688682071166,0.008523879217736228,0,-1
open_loop_1,32.38,0.8629331014145529,1.9088455373651776,0.00810671805410609,0.009159640478233033,0,-1
open_loop_1,32.39,0.8644334502422688,1.9086897445936124,0.008093858370011262,0.009159640478233033,0,-1
open_loop_1,32.4,0.8659337891780385,1.9085341164787553,0.008079467597037034,0.009781372208945704,0,-1
open_loop_1,32.41,0.8674340992341727,1.9083782241988747,0.008057350575837218,0.009781372208945704,0,-1
open_loop_1,32.42,0.868934398872359,1.908222472345984,0.008033735271188629,0.005662187478861824,0,-1
open_loop_1,32.43,0.8704348368113607,1.9080682297026827,0.00805168458027249,0.005662187478861824,0,-1
open_loop_1,32.44,0.87193537082718,1.9079129877285743,0.008089046298783407,0.008730555466601064,0,-1
open_loop_1,32.45,0.8734357985617065,1.907756180100499,0.008093157985210812,0.008730555466601064,0,-1
open_loop_1,32.46,0.8749361627187089,1.9076004529593726,0.00808522587423188,0.009328348995502276,0,-1
open_loop_1,32.47,0.8764364991605018,1.9074446185925706,0.008069775219649036,0.009328348995502276,0,-1
open_loop_1,32.48,0.8779368260170755,1.9072889360435612,0.008052880878021808,0.008781063016972455,0,-1
open_loop_1,32.49,0.8794371751532308,1.9071334621438232,0.008042771875682137,0.008781063016972455,0,-1
open_loop_1,32.5,0.8809375305391219,1.906977822629076,0.008033981201079073,0.00841423950423037,0,-1
open_loop_1,32.51,0.8824379010935495,1.906822309236712,0.008029751031620508,0.00841423950423037,0,-1
open_loop_1,32.52,0.8839382761602769,1.9066666881791186,0.008026404901976179,0.008764704490850761,0,-1
open_loop_1,32.53,0.8854386356521458,1.9065109109822622,0.008018713122393063,0.008764704490850761,0,-1
open_loop_1,32.54,0.8869389896365232,1.906355220057466,0.008010177182541359,0.006663013261532848,0,-1
open_loop_1,32.55,0.8884394265099589,1.9062003546919053,0.008025946712478737,0.006663013261532848,0,-1
open_loop_1,32.56,0.8899399013215457,1.9060449080463353,0.008048539761543547,0.012097596864587778,0,-1
open_loop_1,32.57,0.891440211511866,1.9058871831244963,0.008021620520333839,0.012097596864587778,0,-1
open_loop_1,32.58,0.8929403752370888,1.9057308011995713,0.007963871209856619,0.006028994551260158,0,-1
open_loop_1,32.59,0.8944407109883954,1.9055767302729993,0.007958520587562077,0.006028994551260158,0,-1
open_loop_1,32.6,0.8959412133588185,1.9054215440347724,0.007990312710498692,0.013313953133250681,0,-1
open_loop_1,32.61,0.8974415335957329,1.9052632967581755,0.007965635738211891,0.013313953133250681,0,-1
open_loop_1,32.62,0.8989416221728594,1.9051063667508972,0.007890103332995545,0.00785877585235717,0,-1
open_loop_1,32.63,0.9004418752114336,1.90495188253752,0.007863706202142249,0.00785877585235717,0,-1
open_loop_1,32.64,0.901942264202481,1.904796322546776,0.00786841736926932,0.010367781613565443,0,-1
open_loop_1,32.65,0.9034425571170122,1.9046394039282284,0.00784513676775189,0.010367781613565443,0,-1
open_loop_1,32.66,0.9049428019839625,1.9044832013830322,0.007812867884147305,0.008288135548055743,0,-1
open_loop_1,32.67,0.9064431284169392,1.904327848694737,0.007804646582163479,0.008288135548055743,0,-1
open_loop_1,32.68,0.9079434879236148,1.9041719451687007,0.007803140969184024,0.005248149904023781,0,-1
open_loop_1,32.69,0.9094439594856165,1.9040171623710282,0.007834793480903787,0.005248149904023781,0,-1
open_loop_1,32.7,0.9109444961597558,1.9038615142785056,0.007878335168111721,0.0029142877968135745,0,-1
open_loop_1,32.71,0.9124451240940684,1.9037067839897506,0.0079484705614073,0.0029142877968135745,0,-1
open_loop_1,32.72,0.9139458062126662,1.9035512739573273,0.008026649054430197,0.008917953107878684,0,-1
open_loop_1,32.73,0.9154463315720109,1.9033933215915309,0.008052456410816193,0.008917953107878684,0,-1
open_loop_1,32.74,0.9169466835156681,1.903237054194871,0.008041985238293824,0.006990102290254984,0,-1
open_loop_1,32.75,0.9184471092248334,1.9030821315767938,0.008053746667638799,0.006990102290254984,0,-1
open_loop_1,32.76,0.9199475680301352,1.9029267086134642,0.008071495920976526,0.009341455866382017,0,-1
open_loop_1,32.77,0.9214479379828291,1.9027701699936985,0.008062600624220461,0.009341455866382017,0,-1
open_loop_1,32.78,0.9229482636750351,1.9026144037597295,0.008045561804089288,0.008959837544115336,0,-1
open_loop_1,32.79,0.9244486040878577,1.9024588472205735,0.008033203575398133,0.008959837544115336,0,-1
open_loop_1,32.8,0.9259489483034133,1.9023031696277872,0.008021762863716265,0.009507143588192603,0,-1
open_loop_1,32.81,0.9274492673521109,1.9021472436336067,0.008003533225926406,0.009507143588192603,0,-1
open_loop_1,32.82,0.9289495773151222,1.9019914425125666,0.007983985097178455,0.0049748966818912175,0,-1
open_loop_1,32.83,0.9304500334079175,1.9018372817994564,0.00800869647444084,0.0049748966818912175,0,-1
open_loop_1,32.84,0.9319506022039394,1.9016820400865875,0.008056223640497443,0.007484599512174395,0,-1
open_loop_1,32.85,0.9334510844373136,1.90152541859121,0.008075717034317744,0.007484599512174395,0,-1
open_loop_1,32.86,0.9349515185499798,1.9013697533414597,0.008086253925431846,0.008283400209883052,0,-1
open_loop_1,32.87,0.9364519185145785,1.9012139069219445,0.008086795046052581,0.008283400209883052,0,-1
open_loop_1,32.88,0.9379523069026008,1.9010583575530946,0.008085410356152548,0.00780372289070863,0,-1
open_loop_1,32.89,0.9394527158287184,1.9009030222691765,0.008089965320244894,0.00780372289070863,0,-1
open_loop_1,32.9,0.9409531317678258,1.9007475626787842,0.008095675504494167,0.007430267710574866,0,-1
open_loop_1,32.91,0.9424535644042698,1.9005922548329783,0.008106027453437092,0.007430267710574866,0,-1
open_loop_1,32.92,0.9439540033691767,1.9004368458019303,0.008117277332206034,0.007222709054129695,0,-1
open_loop_1,32.93,0.9454544523948869,1.9002815305000824,0.008131110302308888,0.007222709054129695,0,-1
open_loop_1,32.94,0.9469549059193464,1.9001261534603504,0.008145441337531607,0.008104978565394829,0,-1
open_loop_1,32.95,0.9484553234257984,1.899970373966036,0.008148825038461389,0.008104978565394829,0,-1
open_loop_1,32.96,0.9499557282368036,1.899814932749893,0.008150091104540048,0.007813603099499746,0,-1
open_loop_1,32.97,0.9514561456439168,1.899659637899611,0.008154956042287326,0.007813603099499746,0,-1
open_loop_1,32.98,0.9529565675350358,1.8995042711465542,0.00816052239546262,0.007805028886492151,0,-1
open_loop_1,32.99,0.9544569903780077,1.8993489109457316,0.00816619896557017,0.007805028886492151,0,-1
open_loop_1,33.0,0.9559574139075111,1.8991935567287326,0.008171896338520357,0.007240585317120908,0,-1
open_loop_1,33.01,0.9574578622821823,1.899038439590934,0.008184599495095599,0.007240585317120908,0,-1
open_loop_1,33.02,0.958958320022433,1.8988831573700147,0.008198659141309078,0.00563914177614899,0,-1
open_loop_1,33.03,0.9604588436209279,1.8987285259052626,0.008231716669531899,0.00563914177614899,0,-1
open_loop_1,33.04,0.9619593981297548,1.8985733752304084,0.008269503469232045,0.007521560111856118,0,-1
open_loop_1,33.05,0.9634598831824784,1.8984173262832438,0.008285263568217544,0.007521560111856118,0,-1
open_loop_1,33.06,0.9649603357273903,1.898262036521132,0.00829522604529103,0.008537075048129951,0,-1
open_loop_1,33.07,0.9664607452626446,1.8981064070032276,0.008292548978270862,0.008537075048129951,0,-1
open_loop_1,33.08,0.9679611397508745,1.8979511331186194,0.008287404836300387,0.00816253139813883,0,-1
open_loop_1,33.09,0.969461549858714,1.8977960292298182,0.00828689206991429,0.00816253139813883,0,-1
open_loop_1,33.1,0.9709619650118028,1.8976408223931673,0.008287281096098921,0.008981273790487078,0,-1
open_loop_1,33.11,0.9724623448874413,1.8974852466503977,0.008277510628159668,0.008981273790487078,0,-1
open_loop_1,33.12,0.9739627124337965,1.897329908858455,0.00826577018301364,0.009243914676737132,0,-1
open_loop_1,33.13,0.9754630672266988,1.8971744632464551,0.008250757700144848,0.009243914676737132,0,-1
open_loop_1,33.14,0.9769634170131707,1.8970190680330195,0.00823511195873306,0.009450355518930476,0,-1
open_loop_1,33.15,0.9784637561406853,1.8968635701949603,0.008216900180388719,0.009450355518930476,0,-1
open_loop_1,33.16,0.9799640907131535,1.8967081020973937,0.008198190812915524,0.008507485429080308,0,-1
open_loop_1,33.17,0.9814644646962948,1.896552993337179,0.008191182503927212,0.008507485429080308,0,-1
open_loop_1,33.18,0.9829648505448036,1.8963976144318928,0.008186445825236545,0.00758109564909182,0,-1
open_loop_1,33.19,0.9844652760934214,1.8962425886335514,0.008193220778989286,0.00758109564909182,0,-1
open_loop_1,33.2,0.985965715006573,1.8960873172897632,0.008202227906740977,0.008415590710205034,0,-1
open_loop_1,33.21,0.9874661193405063,1.895931645600937,0.008200885536117785,0.008415590710205034,0,-1
open_loop_1,33.22,0.9889665115865571,1.8957762534179377,0.00819753936784922,0.011269356815571728,0,-1
open_loop_1,33.23,0.9904667936838853,1.8956196410446866,0.008162745707570635,0.011269356815571728,0,-1
open_loop_1,33.24,0.9919670186311946,1.8954638036758178,0.008117111440698726,0.0073106001319755975,0,-1
open_loop_1,33.25,0.9934673790667131,1.895309465692169,0.00811188005930314,0.0073106001319755975,0,-1
open_loop_1,33.26,0.9949678247132532,1.895154214944468,0.00812481557838145,0.008573306737067021,0,-1
open_loop_1,33.27,0.9964682200948651,1.8949982435056962,0.0081225535638134,0.008573306737067021,0,-1
open_loop_1,33.28,0.9979685955644813,1.8948427003407127,0.008116878156273264,0.009446415813670228,0,-1
open_loop_1,33.29,0.9994689322370514,1.8946868080926087,0.008100339543134409,0.009446415813670228,0,-1
open_loop_1,33.3,1.000969255421816,1.8945311516267382,0.008081697884024162,0.008423728963166344,0,-1
open_loop_1,33.31,1.0024696213554602,1.8943758999160853,0.008075705152052021,0.008423728963166344,0,-1
open_loop_1,33.32,1.0039700004309946,1.894220358703554,0.008072209467534326,0.00795905657077789,0,-1
open_loop_1,33.33,1.0054703994056915,1.894064982675786,0.008074495234895595,0.00795905657077789,0,-1
open_loop_1,33.34,1.0069708049392818,1.8939094816852418,0.00807790101492012,0.009151423063570531,0,-1
open_loop_1,33.35,1.008471160505172,1.8937534357853039,0.008066792994160613,0.009151423063570531,0,-1
open_loop_1,33.36,1.0099714972732314,1.893597751193517,0.008052535333393923,0.008268267824234954,0,-1
open_loop_1,33.37,1.0114718710964443,1.8934424321681886,0.008049220783497239,0.008268267824234954,0,-1
open_loop_1,33.38,1.0129722564129842,1.8932868659612223,0.008048033433482071,0.011028783620572911,0,-1
open_loop_1,33.39,1.0144725351586796,1.8931300778785172,0.008016305673344286,0.011028783620572911,0,-1
open_loop_1,33.4,1.015972759241597,1.8929740501702605,0.007974237443155958,0.007790036244184061,0,-1
open_loop_1,33.41,1.0174731002546904,1.8928192814167155,0.007966823463224061,0.007790036244184061,0,-1
open_loop_1,33.42,1.0189735042444088,1.8926637243793787,0.0079726745953744,0.007134469181379724,0,-1
open_loop_1,33.43,1.020473937483533,1.8925083491143324,0.007986727979050121,0.007134469181379724,0,-1
open_loop_1,33.44,1.0219743815538842,1.8923527737733152,0.008002358979364965,0.008883507152738005,0,-1
open_loop_1,33.45,1.0234747567697293,1.8921963886197652,0.007997394809287274,0.008883507152738005,0,-1
open_loop_1,33.46,1.0249751020366975,1.8920406029575014,0.007987130563258428,0.00615721942496661,0,-1
open_loop_1,33.47,1.0264755493392967,1.8918859149372707,0.008007046895577663,0.00615721942496661,0,-1
open_loop_1,33.48,1.0279760511530311,1.89173048686985,0.008037121043559865,0.007799020085932805,0,-1
open_loop_1,33.49,1.0294764912384047,1.8915742050775985,0.008047824350364855,0.007799020085932805,0,-1
open_loop_1,33.5,1.030976903820994,1.8914185793024418,0.00805366029954753,0.007389846300324799,0,-1
open_loop_1,33.51,1.0324773340848503,1.8912632191603596,0.00806452784907334,0.007389846300324799,0,-1
open_loop_1,33.52,1.033977771234264,1.8911077488918928,0.008076376440491776,0.005697467542516321,0,-1
open_loop_1,33.53,1.0354782775581866,1.890952960098249,0.008108212949582314,0.005697467542516321,0,-1
open_loop_1,33.54,1.0369788163514608,1.8907976282782366,0.00814513217062372,0.008164155975082908,0,-1
open_loop_1,33.55,1.0384792664540972,1.8906411423115932,0.00815432243471866,0.008164155975082908,0,-1
open_loop_1,33.56,1.0399796690670462,1.8904855917158203,0.008154772502639912,0.011241761677542424,0,-1
open_loop_1,33.57,1.0414799547628963,1.8903288329051904,0.008121705734193888,0.011241761677542424,0,-1
open_loop_1,33.58,1.0429801772255753,1.8901729233741182,0.008076490311756786,0.007535077710487671,0,-1
open_loop_1,33.59,1.0444805286600478,1.8900184419432084,0.008069655044305013,0.007535077710487671,0,-1
open_loop_1,33.6,1.0459809573428764,1.8898630928543154,0.008079271292892178,0.00759540451185936,0,-1
open_loop_1,33.61,1.0474813850423146,1.8897076082048354,0.008088220596739979,0.00759540451185936,0,-1
open_loop_1,33.62,1.048981812779782,1.8895521536489288,0.008097029150976414,0.006401267924430522,0,-1
open_loop_1,33.63,1.0504822913503764,1.8893971914708225,0.008120368326312069,0.006401267924430522,0,-1
open_loop_1,33.64,1.0519827909801456,1.889241845696021,0.008146862243990279,0.007460337323952351,0,-1
open_loop_1,33.65,1.0534832493874964,1.8890859841223675,0.008160323052925087,0.007460337323952351,0,-1
open_loop_1,33.66,1.0549836925773097,1.8889305720391683,0.008171164140425353,0.00671110230466443,0,-1
open_loop_1,33.67,1.0564841684478128,1.888775548332481,0.008191276305156174,0.00671110230466443,0,-1
open_loop_1,33.68,1.0579846574148357,1.8886202858025423,0.008213185004552218,0.008270542255298885,0,-1
open_loop_1,33.69,1.0594850858419316,1.8884643000397667,0.00821657691012468,0.008270542255298885,0,-1
open_loop_1,33.7,1.0609854881456022,1.888308908541722,0.00821540881515611,0.007993790240727435,0,-1
open_loop_1,33.71,1.0624859020217672,1.8881536858538581,0.008217636952454886,0.007993790240727435,0,-1
open_loop_1,33.72,1.0639863198987172,1.8879983923773316,0.008220530504230661,0.007910112633849218,0,-1
open_loop_1,33.73,1.0654867417024765,1.8878431323658222,0.008224466317264102,0.007910112633849218,0,-1
open_loop_1,33.74,1.0669871650517362,1.887687855111931,0.008228603866438975,0.006654988047508858,0,-1
open_loop_1,33.75,1.0684876411504594,1.887533085057429,0.008247943026213464,0.006654988047508858,0,-1
open_loop_1,33.76,1.069988138854346,1.8873779317705508,0.008270673514657424,0.011294945156182566,0,-1
open_loop_1,33.77,1.0714884872423407,1.8872207953486257,0.008248434351337432,0.011294945156182566,0,-1
open_loop_1,33.78,1.0729887198974783,1.8870649286626269,0.008202530091319705,0.008632879930840609,0,-1
open_loop_1,33.79,1.0744890516565226,1.886910264331445,0.008186068278871422,0.008632879930840609,0,-1
open_loop_1,33.8,1.0759894295909977,1.8867549159557555,0.008179433959376196,0.008628831394900338,0,-1
open_loop_1,33.81,1.0774898073449792,1.8865994915642128,0.008172898181729157,0.008628831394900338,0,-1
open_loop_1,33.82,1.078990184510318,1.8864440539702871,0.00816637375250773,0.010728417050490437,0,-1
open_loop_1,33.83,1.0804904758147138,1.8862876959685606,0.00813555470433479,0.010728417050490437,0,-1
open_loop_1,33.84,1.08199072905911,1.8861319122014102,0.008097920777734462,0.009234147110257496,0,-1
open_loop_1,33.85,1.0834910417981807,1.8859767232038767,0.008078066011407887,0.009234147110257496,0,-1
open_loop_1,33.86,1.0849913747028506,1.885821107093448,0.008062538085278641,0.007466832767921261,0,-1
open_loop_1,33.87,1.086491778611077,1.8856661410727755,0.008067835995202718,0.007466832767921261,0,-1
open_loop_1,33.88,1.0879922114258973,1.8855107132661524,0.008078521335732341,0.010836335910677343,0,-1
open_loop_1,33.89,1.0894925227337255,1.8853537644455618,0.00805345745037444,0.010836335910677343,0,-1
open_loop_1,33.9,1.0909927617888073,1.8851977714700996,0.008014274596237306,0.005290634492532753,0,-1
open_loop_1,33.91,1.0924931645119575,1.885043788795287,0.008025082419845979,0.005290634492532753,0,-1
open_loop_1,33.92,1.0939937160821056,1.8848886784156118,0.008067863172563547,0.008396478186861957,0,-1
open_loop_1,33.93,1.0954941626298753,1.8847318356920442,0.008077180615457943,0.008396478186861957,0,-1
open_loop_1,33.94,1.0969945444666094,1.8845760985621127,0.00807421127957981,0.008974201373689983,0,-1
open_loop_1,33.95,1.0984948999379462,1.8844202872417815,0.008063966486514603,0.008974201373689983,0,-1
open_loop_1,33.96,1.099995246494527,1.8842646354697212,0.008052326159510572,0.006277877420235888,0,-1
open_loop_1,33.97,1.1014956942708152,1.8841100262189823,0.008070612853306208,0.006277877420235888,0,-1
open_loop_1,33.98,1.1029961955083851,1.8839546890941103,0.008098899257280915,0.00922171306288222,0,-1
open_loop_1,33.99,1.1044965913768434,1.8837979402767255,0.008094960090462854,0.00922171306288222,0,-1
open_loop_1,34.0,1.1059969273899257,1.8836421915466763,0.008079727486745677,0.008282337764147217,0,-1
open_loop_1,34.01,1.1074973023951036,1.8834869254405309,0.008076070438616946,0.008282337764147217,0,-1
open_loop_1,34.02,1.1089976895881288,1.883331399361798,0.008074673766480724,0.010115903840851365,0,-1
open_loop_1,34.03,1.1104980016024846,1.8831750422187605,0.008051756248614499,0.010115903840851365,0,-1
open_loop_1,34.04,1.1119982816166598,1.88301920861685,0.008023203299709628,0.00914939863201347,0,-1
open_loop_1,34.05,1.1134986013482604,1.8828637711653369,0.008006614647051415,0.00914939863201347,0,-1
open_loop_1,34.06,1.1149989319987055,1.8827080436708103,0.007992353590184246,0.004124237907893401,0,-1
open_loop_1,34.07,1.116499417730263,1.8825540867743187,0.008025549710818479,0.004124237907893401,0,-1
open_loop_1,34.08,1.1180000364300329,1.8823989503935117,0.008085658999029528,0.007294704636995775,0,-1
open_loop_1,34.09,1.1195005521762313,1.8822420993903681,0.008111764696708693,0.007294704636995775,0,-1
open_loop_1,34.1,1.121001001386261,1.8820864133568103,0.008125151165587981,0.009848104024545721,0,-1
open_loop_1,34.11,1.1225013524009944,1.8819298399040567,0.008109836536875048,0.009848104024545721,0,-1
open_loop_1,34.12,1.1240016537876802,1.8817740821154603,0.008085285950338434,0.008651306046596917,0,-1
open_loop_1,34.13,1.1255020038762056,1.8816188563188945,0.00807523940871046,0.008651306046596917,0,-1
open_loop_1,34.14,1.1270023698745544,1.881463293839198,0.008068364154809608,0.008162346599414505,0,-1
open_loop_1,34.15,1.1285027565651669,1.88130789689561,0.008067574948376162,0.008162346599414505,0,-1
open_loop_1,34.16,1.1300031497963041,1.8811523634840435,0.008067964374405974,0.006589807168160268,0,-1
open_loop_1,34.17,1.1315036073650029,1.8809974489501546,0.008087032557358464,0.006589807168160268,0,-1
open_loop_1,34.18,1.1330040926662492,1.8808420699940203,0.00811072220317268,0.006988260140043055,0,-1
open_loop_1,34.19,1.134504564064167,1.880686464559309,0.008129498923693163,0.006988260140043055,0,-1
open_loop_1,34.2,1.1360050312528638,1.8805310451021908,0.008147324662645627,0.008253707371028261,0,-1
open_loop_1,34.21,1.1375054477796476,1.880375088651239,0.008149822938752967,0.008253707371028261,0,-1
open_loop_1,34.22,1.1390058442773934,1.8802196158473787,0.00814889388325488,0.0077995524063125795,0,-1
open_loop_1,34.23,1.1405062601284155,1.8800643686106469,0.008153573293429622,0.0077995524063125795,0,-1
open_loop_1,34.24,1.142006682663097,1.8799090050068072,0.008159345923709763,0.0067735049196482305,0,-1
open_loop_1,34.25,1.143507149696562,1.8797540548104275,0.008177819718685248,0.0067735049196482305,0,-1
open_loop_1,34.26,1.145007633638862,1.8795987835152244,0.008198797667100017,0.005219134751878852,0,-1
open_loop_1,34.27,1.146508181965153,1.8794441574320684,0.0082382713253693,0.005219134751878852,0,-1
open_loop_1,34.28,1.1480087613224264,1.8792890149335508,0.008282288755647472,0.00783287568253721,0,-1
open_loop_1,34.29,1.1495092488917078,1.879132668731566,0.008297183830150106,0.00783287568253721,0,-1
open_loop_1,34.3,1.1510096850339635,1.8789773257104736,0.008302559822761905,0.009017049958185192,0,-1
open_loop_1,34.31,1.1525100708551208,1.878821619825128,0.008293419281552842,0.009017049958185192,0,-1
open_loop_1,34.32,1.1540104379917306,1.8786662906658798,0.00828115663709042,0.009295463371659986,0,-1
open_loop_1,34.33,1.1555107915743346,1.8785108581005308,0.008265417954719452,0.009295463371659986,0,-1
open_loop_1,34.34,1.1570111398692944,1.8783554796069613,0.008249007731286319,0.0114351315930441,0,-1
open_loop_1,34.35,1.1585113990247473,1.8781991833312257,0.00820792192383676,0.0114351315930441,0,-1
open_loop_1,34.36,1.1600116188212362,1.8780434322608959,0.008159803126559378,0.00812857205070028,0,-1
open_loop_1,34.37,1.1615119573080412,1.8778889219501655,0.008146902103723474,0.00812857205070028,0,-1
open_loop_1,34.38,1.1630123599786315,1.8777336013681425,0.008147728698837963,0.00536993946335329,0,-1
open_loop_1,34.39,1.164512866220873,1.877579253871298,0.008179144965281096,0.00536993946335329,0,-1
open_loop_1,34.4,1.166013430454389,1.8774241017217972,0.008220890064487766,0.007014964054422366,0,-1
open_loop_1,34.41,1.1675139350515755,1.8772680905775962,0.008243237629205816,0.007014964054422366,0,-1
open_loop_1,34.42,1.1690144126442918,1.877112752693395,0.008260707005524158,0.011453794556707475,0,-1
open_loop_2,40.43,1.2002760179190886,1.8738678527608394,0.010388031092630564,0.010458946412734258,0,-1
open_loop_2,40.44,1.2002760179190886,1.8738678527608394,0.010388031092630564,0.011896960094620377,0,-1
open_loop_2,40.45,1.20029403028205,1.873865462519778,0.010328348463604118,0.011896960094620377,0,-1
open_loop_2,40.46,1.2003521247816915,1.873857388385248,0.0101698147971356,0.008210180762779904,0,-1
open_loop_2,40.47,1.200449878448597,1.8738466435353136,0.010044932017023729,0.008210180762779904,0,-1
open_loop_2,40.48,1.2005872534574598,1.8738326767262423,0.00993419410490331,0.009272247292502199,0,-1
open_loop_2,40.49,1.2007645478010474,1.8738146083386233,0.009812698808744495,0.009272247292502199,0,-1
open_loop_2,40.5,1.2009818074431333,1.873792427612993,0.009692637353295914,0.010764207091261024,0,-1
open_loop_2,40.51,1.2012389598662931,1.8737659887909222,0.009556862455504299,0.010764207091261024,0,-1
open_loop_2,40.52,1.201536065748717,1.8737354853784796,0.009421134262430974,0.009978558074944742,0,-1
open_loop_2,40.53,1.201873181884208,1.8737009410025327,0.009298928433736878,0.009978558074944742,0,-1
open_loop_2,40.54,1.2022502708996017,1.873662221164477,0.009181258595835597,0.00907383584951615,0,-1
open_loop_2,40.55,1.2026673707685163,1.8736195148597845,0.009078632841334967,0.00907383584951615,0,-1
open_loop_2,40.56,1.2031244424384673,1.8735726191938766,0.008980791398090295,0.008378899219061433,0,-1
open_loop_2,40.57,1.2036215110764843,1.8735217280841516,0.008895217947821986,0.008378899219061433,0,-1
open_loop_2,40.58,1.2041585486113224,1.8734666549520074,0.008814101197501293,0.0086565841234667,0,-1
open_loop_2,40.59,1.2047355343200095,1.873407406699843,0.008732598567063187,0.0086565841234667,0,-1
open_loop_2,40.6,1.2053524782579084,1.8733440641231134,0.008653803436889622,0.005901668495106982,0,-1
open_loop_2,40.61,1.20600949748884,1.873277187853951,0.008610109700628959,0.005901668495106982,0,-1
open_loop_2,40.62,1.206706522543747,1.8732058885450145,0.008578548489014083,0.009743714516952995,0,-1
open_loop_2,40.63,1.207443362400197,1.8731296079002524,0.008508936459579243,0.009743714516952995,0,-1
open_loop_2,40.64,1.2082200875578601,1.8730496727980106,0.008426916858790611,0.007312120771453489,0,-1
open_loop_2,40.65,1.2090368744210838,1.8729662135168077,0.008376527286414701,0.007312120771453489,0,-1
open_loop_2,40.66,1.2098936586406008,1.8728782642806068,0.008336944195973806,0.00664455617594495,0,-1
open_loop_2,40.67,1.2107904333671629,1.8727863766380977,0.008309111029846368,0.00664455617594495,0,-1
open_loop_2,40.68,1.2117271767196849,1.8726902613551437,0.008285854313371852,0.0063624331144969135,0,-1
open_loop_2,40.69,1.2127038935039636,1.8725901198621344,0.008269406547715524,0.0063624331144969135,0,-1
open_loop_2,40.7,1.2137205749441975,1.8724858212357687,0.008256764834400061,0.006910017489842879,0,-1
open_loop_2,40.71,1.2147771935744616,1.8723772460454309,0.008240401236815563,0.006910017489842879,0,-1
open_loop_2,40.72,1.2158737663307266,1.8722646753663374,0.008226087543696631,0.008304335449901501,0,-1
open_loop_2,40.73,1.217010240578793,1.8721475414277107,0.008197970145833311,0.008304335449901501,0,-1
open_loop_2,40.74,1.2181866551141045,1.8720265806472123,0.008169445572517276,0.008856908422008924,0,-1
open_loop_2,40.75,1.219403004779858,1.8719013112412963,0.008137182121512031,0.008856908422008924,0,-1
open_loop_2,40.76,1.2206593069413687,1.8717720371219928,0.008106904327197885,0.008966950329317937,0,-1
open_loop_2,40.77,1.2219555635403865,1.8716385947399032,0.008078462545600422,0.008966950329317937,0,-1
open_loop_2,40.78,1.2232917781043404,1.871501046710889,0.008052988092344903,0.009446715732325028,0,-1
open_loop_2,40.79,1.2246679308892392,1.8713591862570214,0.008024743979583176,0.009446715732325028,0,-1
open_loop_2,40.8,1.2260840366530672,1.871213312304044,0.007998602849206784,0.009504440213490726,0,-1
open_loop_2,40.81,1.2275400989660294,1.8710632862548762,0.007974957583226463,0.009504440213490726,0,-1
open_loop_2,40.82,1.229032909392158,1.870909231011142,0.007954252946095764,0.004163748061453808,0,-1
open_loop_2,40.83,1.2305333734817223,1.8707553507597003,0.007983716062076053,0.004163748061453808,0,-1
open_loop_2,40.84,1.2320339853868063,1.8706002004087972,0.00804321333339398,0.007044176379986666,0,-1
open_loop_2,40.85,1.2335345025193925,1.870443408281205,0.00807122611057014,0.007044176379986666,0,-1
open_loop_2,40.86,1.2350349619637728,1.870287694993081,0.008088313572088418,0.01021495639347325,0,-1
open_loop_2,40.87,1.2365353050062418,1.8701308127873846,0.008071121874564902,0.01021495639347325,0,-1
open_loop_2,40.88,1.2380355815740818,1.869974920310158,0.008041154220455834,0.008289755035224557,0,-1
open_loop_2,40.89,1.2395359340276266,1.8698198687815322,0.00803363092516998,0.008289755035224557,0,-1
open_loop_2,40.9,1.2410363164240532,1.8696643047931412,0.008032105696350114,0.010016948859197239,0,-1
open_loop_2,40.91,1.2425366277637908,1.8695079323921542,0.008010241004196438,0.010016948859197239,0,-1
open_loop_2,40.92,1.2440369092717911,1.8693520518386426,0.007983153447962276,0.008370508014736266,0,-1
open_loop_2,40.93,1.245537256590493,1.8691968301654223,0.00797551735377587,0.008370508014736266,0,-1
open_loop_2,40.94,1.2470376285856233,1.869041162447833,0.007972799085002766,0.010282632124225085,0,-1
open_loop_2,40.95,1.2485379221267006,1.8688846130973233,0.007947713560801654,0.010282632124225085,0,-1
open_loop_2,40.96,1.2500381821061488,1.8687286035704824,0.007916688067297171,0.005016333827918995,0,-1
open_loop_2,40.97,1.2515386016370122,1.8685744666418316,0.007934293664907166,0.005016333827918995,0,-1
open_loop_2,40.98,1.2530391600559672,1.868419196411789,0.00798116156199347,0.0105498870877474,0,-1
open_loop_2,40.99,1.2545395611634276,1.8682613530586374,0.007978156271825538,0.0105498870877474,0,-1
open_loop_2,41.0,1.2560398103561843,1.8681050007575188,0.007943401003936102,0.007027000348405641,0,-1
open_loop_2,41.01,1.2575401823725016,1.8679503256091117,0.00794536925439279,0.007027000348405641,0,-1
open_loop_2,41.02,1.259040627742268,1.8677948211367728,0.007962524777709068,0.008120415316625888,0,-1
open_loop_2,41.03,1.2605410297082733,1.8676386813974524,0.007966322322201623,0.008120415316625888,0,-1
open_loop_2,41.04,1.2620414153996458,1.867482956019015,0.007967365061664972,0.006605269702586903,0,-1
open_loop_2,41.05,1.2635418632031863,1.8673278719925457,0.007986428423342675,0.006605269702586903,0,-1
open_loop_2,41.06,1.2650423375628166,1.8671723396134574,0.00800988974752065,0.009204217522501779,0,-1
open_loop_2,41.07,1.2665427161005611,1.867015600433731,0.008004360686367748,0.009204217522501779,0,-1
open_loop_2,41.08,1.2680430438996773,1.866859742962228,0.007989371170720848,0.006275409308076797,0,-1
open_loop_2,41.09,1.2695434798037346,1.866705096228268,0.008006446847619518,0.006275409308076797,0,-1
open_loop_2,41.1,1.2710439746797704,1.8665496767863066,0.0080347635242832,0.008076980279225762,0,-1
open_loop_2,41.11,1.272544401654984,1.86639332195717,0.008041965369954548,0.008076980279225762,0,-1
open_loop_2,41.12,1.2740447976852685,1.8662376660598778,0.008043679896549099,0.008327863973582872,0,-1
open_loop_2,41.13,1.2755451825828081,1.8660819903313641,0.00804223003046084,0.008327863973582872,0,-1
open_loop_2,41.14,1.2770455638825475,1.8659263865866949,0.008040173880194445,0.008490210774167119,0,-1
open_loop_2,41.15,1.2785459378912325,1.8657707184176444,0.008036099085292434,0.008490210774167119,0,-1
open_loop_2,41.16,1.2800463092916852,1.8656150889528649,0.008031633011002045,0.008073598238267367,0,-1
open_loop_2,41.17,1.2815466983372852,1.8654596254640614,0.008032336278080022,0.008073598238267367,0,-1
open_loop_2,41.18,1.2830470931071685,1.8653040485561698,0.008034043242828496,0.007158604655362666,0,-1
open_loop_2,41.19,1.284547527529627,1.865148838778826,0.008047113037095734,0.007158604655362666,0,-1
open_loop_2,41.2,1.2860479761908241,1.864993363060715,0.008062382475743982,0.009801535527172337,0,-1
open_loop_2,41.21,1.2875483258499865,1.8648366844461646,0.008048228247764027,0.009801535527172337,0,-1
open_loop_2,41.22,1.2890486237403744,1.8646808353041737,0.008024371625231176,0.007465479760092374,0,-1
open_loop_2,41.23,1.2905490112256859,1.8645259575629214,0.008026978007321531,0.007465479760092374,0,-1
open_loop_2,41.24,1.2920494399218265,1.8643704892926451,0.00803767024261102,0.008792412966714293,0,-1
open_loop_2,41.25,1.293549815097578,1.8642143510301006,0.008032409850936437,0.008792412966714293,0,-1
open_loop_2,41.26,1.2950501689946525,1.864058648555933,0.008023483895596956,0.0063696319686381555,0,-1
open_loop_2,41.27,1.29655061559726,1.8639039166699671,0.008041880300176843,0.0063696319686381555,0,-1
open_loop_2,41.28,1.2980511087780524,1.8637485192956313,0.008068813787646553,0.006141184492424401,0,-1
open_loop_2,41.29,1.2995516149933453,1.8635931479732815,0.008098637395644443,0.006141184492424401,0,-1
open_loop_2,41.3,1.301052127811069,1.8634377169343497,0.00812901255873942,0.005419581002081842,0,-1
open_loop_2,41.31,1.302552673733641,1.8632826551895434,0.00816835208925931,0.005419581002081842,0,-1
open_loop_2,41.32,1.3040532349414937,1.8631273548350522,0.008209419722501953,0.012423603293545414,0,-1
open_loop_2,41.33,1.3055536168045525,1.8629694411914421,0.008194430687546321,0.012423603293545414,0,-1
open_loop_2,41.34,1.3070537802634967,1.8628129855613582,0.008132056078206103,0.014752148279358664,0,-1
open_loop_2,41.35,1.3085538368540894,1.8626561395174137,0.00804279344616187,0.014752148279358664,0,-1
open_loop_2,41.36,1.310053847886225,1.8624997828236873,0.00794546616166144,0.00803809352170326,0,-1
open_loop_2,41.37,1.3115540423015029,1.862345542900294,0.007903065439831238,0.00803809352170326,0,-1
open_loop_2,41.38,1.3130544242052844,1.862190180659205,0.007904982261258782,0.01053776252545191,0,-1
open_loop_2,41.39,1.314554710536288,1.862033317964293,0.007879127082614694,0.01053776252545191,0,-1
open_loop_2,41.4,1.3160549490351117,1.8618771504904323,0.007844335101101703,0.011073360332960027,0,-1
open_loop_2,41.41,1.3175551597159718,1.861720787428018,0.007802842089613337,0.011073360332960027,0,-1
open_loop_2,41.42,1.3190553594700416,1.8615645128198095,0.007760056540144755,0.010938123853495352,0,-1
open_loop_2,41.43,1.3205555609755848,1.8614082387742452,0.007718942382634214,0.010938123853495352,0,-1
open_loop_2,41.44,1.3220557600149827,1.8612518658722514,0.007678153644492781,0.007047406995504877,0,-1
open_loop_2,41.45,1.3235560935086064,1.8610968869848161,0.00767728915318194,0.007047406995504877,0,-1
open_loop_2,41.46,1.3250565107149153,1.8609410006381957,0.007694127526653474,0.0072811241606158825,0,-1
open_loop_2,41.47,1.3265569206280148,1.860784859750305,0.007708155253230199,0.0072811241606158825,0,-1
open_loop_2,41.48,1.3280573285195962,1.8606288218044007,0.007721629880756892,0.0067423306508413985,0,-1
open_loop_2,41.49,1.3295577606881914,1.8604730501616389,0.007741786701040826,0.0067423306508413985,0,-1
open_loop_2,41.5,1.331058202881163,1.8603171036729687,0.007763235126998049,0.009278493809997903,0,-1
open_loop_2,41.51,1.332558550315656,1.8601600178689075,0.007756267835249285,0.009278493809997903,0,-1
open_loop_2,41.52,1.3340588488666378,1.860003785558906,0.007740171365954222,0.009011397939127084,0,-1
open_loop_2,41.53,1.3355591571893735,1.859847731228752,0.007727324771530185,0.009011397939127084,0,-1
open_loop_2,41.54,1.3370594677219143,1.8596915871291773,0.00771511944926232,0.005193095460453545,0,-1
open_loop_2,41.55,1.3385599097870302,1.8595368556273295,0.007742261680894508,0.005193095460453545,0,-1
open_loop_2,41.56,1.3400604399122318,1.8593811357246102,0.007786588988306703,0.008190199759512852,0,-1
open_loop_2,41.57,1.341560866611644,1.8592238973944932,0.007798233588424582,0.008190199759512852,0,-1
open_loop_2,41.58,1.343061232250536,1.8590677619320193,0.007798320321979096,0.010059759953970902,0,-1
open_loop_2,41.59,1.3445615203676151,1.8589109717062402,0.007776379444499819,0.010059759953970902,0,-1
open_loop_2,41.6,1.3460617759059106,1.85875472943208,0.007748659593588483,0.006223871063862684,0,-1
open_loop_2,41.61,1.3475621637394186,1.858599934444729,0.0077603904994950805,0.006223871063862684,0,-1
open_loop_2,41.62,1.349062636541769,1.8584442116444966,0.007789438395074846,0.009131129360755441,0,-1
open_loop_2,41.63,1.350563005319458,1.8582870208171618,0.007786642582684819,0.009131129360755441,0,-1
open_loop_2,41.64,1.352063315521681,1.8581308205284173,0.007772751931999105,0.009000650397235523,0,-1
open_loop_2,41.65,1.3535636295474642,1.8579747749470246,0.007760396646781295,0.009000650397235523,0,-1
open_loop_2,41.66,1.3550639440367225,1.8578186789635434,0.007748352774149523,0.007192198097849988,0,-1
open_loop_2,41.67,1.3565643312781306,1.8576632832431785,0.007757564405353365,0.007192198097849988,0,-1
open_loop_2,41.68,1.358064748776627,1.8575074056890901,0.007772318923002006,0.008975742919838933,0,-1
open_loop_2,41.69,1.3595650960073493,1.8573506638074941,0.007766118115530247,0.008975742919838933,0,-1
open_loop_2,41.7,1.3610654127341972,1.8571945213288323,0.007754484656919789,0.006649530544169391,0,-1
open_loop_2,41.71,1.362565819309275,1.8570393289795644,0.007769247753230782,0.006649530544169391,0,-1
open_loop_2,41.72,1.3640662690970131,1.85688351011963,0.0077920340037502586,0.006027591921818674,0,-1
open_loop_2,41.73,1.3655667480047708,1.8567279026389283,0.007822589457930035,0.006027591921818674,0,-1
open_loop_2,41.74,1.367067239565698,1.8565720805129713,0.007854638556823751,0.004317175780578885,0,-1
open_loop_2,41.75,1.368567801413103,1.8564170286673352,0.007906887454417798,0.004317175780578885,0,-1
open_loop_2,41.76,1.3700683993944014,1.8562614014868766,0.00796427858865111,0.00451145227394445,0,-1
open_loop_2,41.77,1.3715689959375077,1.856105662460474,0.00801930502478471,0.00451145227394445,0,-1
open_loop_2,41.78,1.3730695949062814,1.8559500767136683,0.008073870530063356,0.009654889289735458,0,-1
open_loop_2,41.79,1.3745700423029432,1.8557924499660063,0.008080353196276065,0.009654889289735458,0,-1
open_loop_2,41.8,1.3760703533137186,1.8556363703222791,0.008058848644764206,0.008334605346849159,0,-1
open_loop_2,41.81,1.3775707164140596,1.855481164378022,0.008053026095751875,0.008334605346849159,0,-1
open_loop_2,41.82,1.3790710982695946,1.8553256075038607,0.008050847221868402,0.009961361597459643,0,-1
open_loop_2,41.83,1.3805714127202386,1.8551693042534345,0.008029416514436992,0.009961361597459643,0,-1
open_loop_2,41.84,1.3820716993368949,1.855013461611689,0.008003151244338588,0.010064825213543127,0,-1
open_loop_2,41.85,1.3835719785698248,1.8548575768445605,0.00797557361918516,0.010064825213543127,0,-1
open_loop_2,41.86,1.385072253691995,1.8547016805643737,0.00794774563313594,0.005824547116307421,0,-1
open_loop_2,41.87,1.3865726698402312,1.8545473139849387,0.007962278699310576,0.005824547116307421,0,-1
open_loop_2,41.88,1.3880731855354194,1.8543919449804842,0.007997227467771229,0.006196739686240793,0,-1
open_loop_2,41.89,1.3895736909066274,1.8542361943580477,0.008027675587774032,0.006196739686240793,0,-1
open_loop_2,41.9,1.391074193657126,1.8540806203363704,0.008057242621866656,0.006433236260250829,0,-1
open_loop_2,41.91,1.3925746893438071,1.853924999608913,0.008083865188422969,0.006433236260250829,0,-1
open_loop_2,41.92,1.3940751840094148,1.8537695179922526,0.008109920919491727,0.00980531630950221,0,-1
open_loop_2,41.93,1.3955755601182476,1.8536126041159484,0.008100176091738439,0.00980531630950221,0,-1
open_loop_2,41.94,1.3970758632650033,1.8534567744414094,0.008076302714371802,0.006655889458969443,0,-1
open_loop_2,41.95,1.3985762803239714,1.8533022643866572,0.008086328856487145,0.006655889458969443,0,-1
open_loop_2,41.96,1.4000767612207992,1.8531469668146054,0.008108999227175123,0.009602338722388469,0,-1
open_loop_2,41.97,1.4015771355599977,1.8529902375908802,0.008099426804752953,0.009602338722388469,0,-1
open_loop_2,41.98,1.4030774501321939,1.8528344634642808,0.00807854154338282,0.009274655804894836,0,-1
open_loop_2,41.99,1.4045777765802936,1.852678904395864,0.008061644318072205,0.009274655804894836,0,-1
open_loop_2,42.0,1.4060781056249287,1.8525232333727892,0.008045533850034405,0.006800770164643311,0,-1
open_loop_2,42.01,1.4075785290356317,1.8523684998293102,0.008057258647545591,0.006800770164643311,0,-1
open_loop_2,42.02,1.4090789989184087,1.85221311686208,0.008077800266251805,0.009726969838807607,0,-1
open_loop_2,42.03,1.4105793621684763,1.852056346428315,0.00806627122190776,0.009726969838807607,0,-1
open_loop_2,42.04,1.4120796662436885,1.8519005120851062,0.008043534478510875,0.010205498720137205,0,-1
open_loop_2,42.05,1.41357994635411,1.851744558922101,0.008014780530196408,0.010205498720137205,0,-1
open_loop_2,42.06,1.4150802173639798,1.8515886984515495,0.007984870827358022,0.007848907363120715,0,-1
open_loop_2,42.07,1.4165805788914403,1.8514337255235502,0.007981676016543576,0.007848907363120715,0,-1
open_loop_2,42.08,1.4180809811782802,1.8512781481527711,0.007986679993397146,0.007927643672664964,0,-1
open_loop_2,42.09,1.419581380827226,1.8511224893825378,0.00799074713720354,0.007927643672664964,0,-1
open_loop_2,42.1,1.4210817798116093,1.8509668564286093,0.00799462595089598,0.006662890776798047,0,-1
open_loop_2,42.11,1.4225822319890586,1.850811737154932,0.00801380983301858,0.006662890776798047,0,-1
open_loop_2,42.12,1.4240827058403536,1.8506562332524679,0.00803642233323974,0.007084656714224201,0,-1
open_loop_2,42.13,1.4255831645648867,1.8505005054096115,0.008053825797404908,0.007084656714224201,0,-1
open_loop_2,42.14,1.4270836186035551,1.8503449724023406,0.008070221888746086,0.007121636661715947,0,-1
open_loop_2,42.15,1.4285840725664425,1.8501894707278301,0.008086148394486858,0.007121636661715947,0,-1
open_loop_2,42.16,1.4300845275460712,1.8500340102946522,0.008101985508372923,0.005544302079429019,0,-1
open_loop_2,42.17,1.4315850474107097,1.849879228820349,0.008136545786365685,0.005544302079429019,0,-1
open_loop_2,42.18,1.43308559789051,1.8497239344634795,0.008175739606646507,0.01121118762438522,0,-1
open_loop_2,42.19,1.4345859850355178,1.8495663190849223,0.00816423801234292,0.01121118762438522,0,-1
open_loop_2,42.2,1.4360862147415547,1.849410178616585,0.008119678426670452,0.01042472881977874,0,-1
open_loop_2,42.21,1.43758647373489,1.849254679567382,0.008084614153960798,0.01042472881977874,0,-1
open_loop_2,42.22,1.4390867390731252,1.8490989233062753,0.00805143542932208,0.011716252301183781,0,-1
open_loop_2,42.23,1.4405869447051223,1.8489425849664265,0.008002665940237266,0.011716252301183781,0,-1
open_loop_2,42.24,1.442087127580015,1.84878652276243,0.007950355314276958,0.007761423730879622,0,-1
open_loop_2,42.25,1.4435874465599055,1.8486318859870088,0.007938460066780315,0.007761423730879622,0,-1
open_loop_2,42.26,1.4450878491624755,1.8484763274523435,0.00794470835277788,0.006866079042272767,0,-1
open_loop_2,42.27,1.4465882915030828,1.848321010700003,0.007962160569766997,0.006866079042272767,0,-1
open_loop_2,42.28,1.4480887485605223,1.8481654102934173,0.007981767410125394,0.005774218215625293,0,-1
open_loop_2,42.29,1.4495892533648393,1.84801027193157,0.008014809693311076,0.005774218215625293,0,-1
open_loop_2,42.3,1.451089778637099,1.8478547637868803,0.008050606395405727,0.007937095470335278,0,-1
open_loop_2,42.31,1.4525902242512463,1.8476982625313647,0.008061535091088718,0.007937095470335278,0,-1
open_loop_2,42.32,1.4540906304963692,1.847542610014779,0.008065342107532474,0.006756423059380621,0,-1
open_loop_2,42.33,1.455591086113084,1.8473875589633586,0.00808346996416058,0.006756423059380621,0,-1
open_loop_2,42.34,1.4570915615633246,1.8472321540547165,0.00810469774315054,0.009140424905333957,0,-1
open_loop_2,42.35,1.4585919476541136,1.847075648040006,0.008098961937038126,0.009140424905333957,0,-1
open_loop_2,42.36,1.4600922885456415,1.8469199526381583,0.008084909781807613,0.00973615860943866,0,-1
open_loop_2,42.37,1.461592601417862,1.8467640783598887,0.008063402411807826,0.00973615860943866,0,-1
open_loop_2,42.38,1.4630929042601593,1.8466083404287277,0.008040457619288956,0.009922499875550717,0,-1
open_loop_2,42.39,1.46459319650133,1.8464525034088624,0.008015191798181085,0.009922499875550717,0,-1
open_loop_2,42.4,1.4660934837834239,1.846296680267466,0.007989476616754542,0.008187410675747133,0,-1
open_loop_2,42.41,1.4675938404124587,1.8461415131729773,0.007984210219402354,0.008187410675747133,0,-1
open_loop_2,42.42,1.4690942237341997,1.8459858804419982,0.007984206706009314,0.0067036791772752125,0,-1
open_loop_2,42.43,1.4705946682805022,1.8458308038599993,0.008001931316011582,0.0067036791772752125,0,-1
open_loop_2,42.44,1.4720951385260674,1.8456752917146837,0.008023934341288496,0.005905397232091491,0,-1
open_loop_2,42.45,1.4735956449606764,1.8455201034634274,0.008055877335988127,0.005905397232091491,0,-1
open_loop_2,42.46,1.475096166888553,1.8453646405830626,0.00808973548723002,0.008231081336710576,0,-1
open_loop_2,42.47,1.4765966036021583,1.8452081285026076,0.00809717764630329,0.008231081336710576,0,-1
open_loop_2,42.48,1.4780969965575395,1.845052502030072,0.008096627131233752,0.008570696267069078,0,-1
open_loop_2,42.49,1.479597374100222,1.8448968489151973,0.008091790605846355,0.008570696267069078,0,-1
open_loop_2,42.5,1.4810977465048691,1.8447412890646966,0.008086133241812243,0.005375891638527807,0,-1
open_loop_2,42.51,1.4825982342725506,1.8445869513450357,0.008114833733848501,0.005375891638527807,0,-1
open_loop_2,42.52,1.484098791525166,1.844431735129207,0.008156475855805274,0.008181040460705447,0,-1
open_loop_2,42.53,1.4855992510419365,1.8442751299169133,0.008167228906261054,0.008181040460705447,0,-1
open_loop_2,42.54,1.4870996541602302,1.8441195666448582,0.00816744396326737,0.012467835849795163,0,-1
open_loop_2,42.55,1.4885999081729437,1.8439623680689006,0.008124880671499957,0.012467835849795163,0,-1
open_loop_2,42.56,1.4901000603916938,1.843806247161209,0.008061535321600592,0.010947436241036888,0,-1
open_loop_2,42.57,1.4916002716766967,1.8436508181597118,0.008016163169793974,0.010947436241036888,0,-1
open_loop_2,42.58,1.4931005000230537,1.8434949196008845,0.007975216281228574,0.004993887544202823,0,-1
open_loop_2,42.59,1.4946008984541548,1.8433409785626589,0.007986437187982403,0.004993887544202823,0,-1
open_loop_2,42.6,1.4961014627402065,1.8431858767335911,0.008033584754650972,0.008580590568978861,0,-1
open_loop_2,42.61,1.4976019108196237,1.843028797739477,0.008043456422195812,0.008580590568978861,0,-1
open_loop_2,42.62,1.4991022789723947,1.8428729446358703,0.00803778214728186,0.006111156956175809,0,-1
open_loop_2,42.63,1.5006027403153084,1.8427182667038298,0.00805976652611075,0.006111156956175809,0,-1
open_loop_2,42.64,1.5021032501467895,1.8425629035411744,0.008090530732216978,0.0065268081116065515,0,-1
open_loop_2,42.65,1.5036037465319096,1.842407261770187,0.008116192840778216,0.0065268081116065515,0,-1
open_loop_2,42.66,1.5051042390929859,1.842251818571072,0.008140864891655,0.008406848216961029,0,-1
open_loop_2,42.67,1.5066046591701454,1.8420955734925983,0.008143486237036706,0.008406848216961029,0,-1
open_loop_2,42.68,1.5081050464533334,1.841940041333883,0.008140305841152103,0.006489578442864908,0,-1
open_loop_2,42.69,1.5096055101514256,1.8417853386227576,0.008159518979072073,0.006489578442864908,0,-1
open_loop_2,42.7,1.5111060083678662,1.8416300858143793,0.008184687954676959,0.008459824075385036,0,-1
open_loop_2,42.71,1.5126064316218255,1.8414738766330205,0.008186870285673062,0.008459824075385036,0,-1
open_loop_2,42.72,1.5141068202318282,1.8413184006956742,0.008182906266993863,0.010044335039384398,0,-1
open_loop_2,42.73,1.515607142316487,1.8411623012640281,0.008160083446654224,0.010044335039384398,0,-1
open_loop_2,42.74,1.5171074372764262,1.8410066466311843,0.008132586510129203,0.011434017879164317,0,-1
open_loop_2,42.75,1.518607669399627,1.8408504259728475,0.00808838854460954,0.011434017879164317,0,-1
open_loop_2,42.76,1.5201078771835976,1.8406945199033178,0.008040267692299251,0.008233841286991781,0,-1
open_loop_2,42.77,1.5216082010963805,1.8405397942853126,0.008026532344634832,0.008233841286991781,0,-1
open_loop_2,42.78,1.5231085857586084,1.8403842745672183,0.008025800756654211,0.008252116008962588,0,-1
open_loop_2,42.79,1.5246089699637286,1.8402286560959493,0.00802490686407225,0.008252116008962588,0,-1
open_loop_2,42.8,1.5261093538445758,1.8400730382689772,0.008023971094313754,0.009561684571082198,0,-1
open_loop_2,42.81,1.5276096824932024,1.8399168393433918,0.00800723422749284,0.009561684571082198,0,-1
open_loop_2,42.82,1.5291099897842892,1.8397610169796759,0.007986891433295683,0.006557829558430319,0,-1
open_loop_2,42.83,1.5306104078362786,1.8396063544096823,0.00799936620991415,0.006557829558430319,0,-1
open_loop_2,42.84,1.5321108857462145,1.8394509190623658,0.00802349494114705,0.010445759784902808,0,-1
open_loop_2,42.85,1.5336112316614237,1.839293688162912,0.008007769611089162,0.010445759784902808,0,-1
open_loop_2,42.86,1.5351114888187407,1.8391376179099792,0.00797441611449547,0.006764841161983171,0,-1
open_loop_2,42.87,1.5366118737268102,1.8389830606797177,0.007979186226904293,0.006764841161983171,0,-1
open_loop_2,42.88,1.5381123374681624,1.8388276305950964,0.008000221949848431,0.007676916504113952,0,-1
open_loop_2,42.89,1.5396127657610523,1.8386716299696322,0.008010021300979669,0.007676916504113952,0,-1
open_loop_2,42.9,1.5411131812758505,1.8385160051453733,0.00801764375976265,0.007924466131127518,0,-1
open_loop_2,42.91,1.5426135866927735,1.8383603249595586,0.008022169331483944,0.007924466131127518,0,-1
open_loop_2,42.92,1.5441139890301876,1.8382047347692574,0.008026098477781404,0.00778336387724554,0,-1
open_loop_2,42.93,1.5456143978322474,1.8380492135736763,0.008031775212894532,0.00778336387724554,0,-1
open_loop_2,42.94,1.5471148091414781,1.8378936623312327,0.008037791793098631,0.005105275265949061,0,-1
open_loop_2,42.95,1.5486153213037843,1.837739151889003,0.008073567669618698,0.005105275265949061,0,-1
open_loop_2,42.96,1.5501158902390397,1.8375838392469617,0.00811923938410058,0.009715318586442034,0,-1
open_loop_2,42.97,1.551616316949072,1.8374264816799466,0.008120181305175708,0.009715318586442034,0,-1
open_loop_2,42.98,1.5531166280237243,1.837270542671852,0.008097732200580762,0.007145379153269626,0,-1
open_loop_2,42.99,1.5546170350147266,1.837115861920452,0.008103835354275123,0.007145379153269626,0,-1
open_loop_2,43.0,1.5561174897186087,1.8369605377433254,0.008119266969057,0.006740318589973705,0,-1
open_loop_2,43.01,1.5576179637117609,1.836805320425075,0.008139774764358666,0.006740318589973705,0,-1
open_loop_2,43.02,1.5591184459502136,1.8366499648011227,0.00816125681665504,0.008115395577550808,0,-1
open_loop_2,43.03,1.560618874305207,1.8364939823049793,0.008166232409213532,0.008115395577550808,0,-1
open_loop_2,43.04,1.5621192804128547,1.8363385382433106,0.008167361353125988,0.009955281658921677,0,-1
open_loop_2,43.05,1.5636196113178455,1.836182325213407,0.008146852879455544,0.009955281658921677,0,-1
open_loop_2,43.06,1.5651199101031383,1.8360266507302787,0.0081206841232859,0.009053957856179014,0,-1
open_loop_2,43.07,1.5666202458512295,1.8358713506412123,0.00810566979739561,0.009053957856179014,0,-1
open_loop_2,43.08,1.5681205919003007,1.8357157809717963,0.008092825973165468,0.005111448570279898,0,-1
open_loop_2,43.09,1.569621072091589,1.835561653321006,0.008120329722706588,0.005111448570279898,0,-1
open_loop_2,43.1,1.5711216446409138,1.835406512432698,0.008165863374698025,0.008993343649812857,0,-1
open_loop_2,43.11,1.5726220915612172,1.8352494956510914,0.008171639887738273,0.008993343649812857,0,-1
open_loop_2,43.12,1.5741224489529226,1.8350937781595382,0.008159855817636043,0.010433245912526257,0,-1
open_loop_2,43.13,1.5756227431727865,1.8349376613350754,0.008130704485218236,0.010433245912526257,0,-1
open_loop_2,43.14,1.5771230128220208,1.8347819255480724,0.00809743342961745,0.007069542838538999,0,-1
open_loop_2,43.15,1.5786234024754502,1.8346274524619872,0.0080998522762432,0.007069542838538999,0,-1
open_loop_2,43.16,1.5801238609045498,1.8344721675036502,0.00811638326039517,0.007816798619396437,0,-1
open_loop_2,43.17,1.5816242901294286,1.83431641741155,0.008123710007599446,0.007816798619396437,0,-1
open_loop_2,43.18,1.5831247089004736,1.8341609684244382,0.008129251327299731,0.009711593046818123,0,-1
open_loop_2,43.19,1.5846250513495774,1.8340046923668636,0.00811256984807183,0.009711593046818123,0,-1
open_loop_2,43.2,1.5861253606974133,1.833848989821667,0.008090018941078523,0.0037250945856035504,0,-1
open_loop_2,43.21,1.5876258381739983,1.8336953664378575,0.008119744621149753,0.0037250945856035504,0,-1
open_loop_2,43.22,1.5891264879429445,1.833540523288951,0.008185696359834198,0.006158418166530399,0,-1
open_loop_2,43.23,1.5906270589678444,1.8333841413832954,0.008224445627264586,0.006158418166530399,0,-1
open_loop_2,43.24,1.592127584721756,1.8332286983289925,0.00825465365373791,0.008466294729764899,0,-1
open_loop_2,43.25,1.5936280238557172,1.8330724226920894,0.00825852004870241,0.008466294729764899,0,-1
open_loop_2,43.26,1.5951284194211266,1.832917024763104,0.008254477176233892,0.004896020979104245,0,-1
open_loop_2,43.27,1.5966289388588026,1.8327630750259774,0.008287728111844632,0.004896020979104245,0,-1
open_loop_2,43.28,1.5981295406372331,1.8326081598414385,0.008336469914366396,0.009573067473359396,0,-1
open_loop_2,43.29,1.599630000553336,1.832451109847658,0.008340076234982214,0.009573067473359396,0,-1
open_loop_2,43.3,1.6011303419612966,1.8322955007484307,0.00831974570801556,0.0059489540108357275,0,-1
open_loop_2,43.31,1.60263080796686,1.832141537083651,0.008337013917795701,0.0059489540108357275,0,-1
open_loop_2,43.32,1.6041313542331963,1.8319866732757268,0.008370145828281368,0.007798797145798897,0,-1
open_loop_2,43.33,1.6056318323391614,1.83183080262745,0.008381661476236521,0.007798797145798897,0,-1
open_loop_2,43.34,1.6071322784023296,1.8316756621090744,0.008387509209054634,0.011693606154950412,0,-1
open_loop_2,43.35,1.6086325868870883,1.8315189545815396,0.008353327171663687,0.011693606154950412,0,-1
open_loop_2,43.36,1.610132806723296,1.8313632880501638,0.008301449306162417,0.0069690386488674445,0,-1
open_loop_2,43.37,1.6116331774682413,1.8312094124940654,0.008294980483004347,0.0069690386488674445,0,-1
open_loop_2,43.38,1.6131336605612252,1.831054521997916,0.008312939819018742,0.009124577944693794,0,-1
open_loop_2,43.39,1.6146340623118913,1.8308984422798713,0.008306205370825196,0.009124577944693794,0,-1
open_loop_2,43.4,1.6161344247801002,1.8307430757738041,0.008292378346081675,0.0074907093685081545,0,-1
open_loop_2,43.41,1.617634852751434,1.8305884121589027,0.008297845871010706,0.0074907093685081545,0,-1
open_loop_2,43.42,1.6191353071780341,1.8304333241659267,0.008308180508489119,0.007868408890510992,0,-1
open_loop_2,43.43,1.6206357468620842,1.8302780293999503,0.008313850962435284,0.007868408890510992,0,-1
open_loop_2,43.44,1.6221361815672473,1.830122879242638,0.008318616117242748,0.007632536548215273,0,-1
open_loop_2,43.45,1.6236366268466924,1.829967842662527,0.008326301979318433,0.007632536548215273,0,-1
open_loop_2,43.46,1.6251370761603727,1.829812753203215,0.00833455590024886,0.008960737375732108,0,-1
open_loop_2,43.47,1.626637463776683,1.8296570255493312,0.008324842503636555,0.008960737375732108,0,-1
open_loop_2,43.48,1.628137837256566,1.8295017539030165,0.008313412347432833,0.011166826875196103,0,-1
open_loop_2,43.49,1.629638120369163,1.8293455503824578,0.008276663793642492,0.011166826875196103,0,-1
open_loop_2,43.5,1.6311383625336613,1.8291899275537733,0.00823252866059958,0.009013359211059058,0,-1
open_loop_2,43.51,1.6326386881055426,1.8290351438505108,0.00821315218535907,0.009013359211059058,0,-1
open_loop_2,43.52,1.6341390470775763,1.8288797748678718,0.00820088667798083,0.00927065313753861,0,-1
open_loop_2,43.53,1.6356393937582139,1.8287242332074318,0.008185462654635605,0.00927065313753861,0,-1
open_loop_2,43.54,1.637139735478315,1.8285687376427453,0.008169419834697744,0.006284627569890678,0,-1
open_loop_2,43.55,1.6386401872803822,1.8284143772442953,0.008186049389013609,0.006284627569890678,0,-1
open_loop_2,43.56,1.6401406995440975,1.8282592298665397,0.008214228296658993,0.005895191133329369,0,-1
open_loop_2,43.57,1.6416412318610665,1.8281041538512008,0.00824731057818379,0.005895191133329369,0,-1
open_loop_2,43.58,1.643141773667308,1.8279489539905893,0.008281331015263961,0.006477976598585843,0,-1
open_loop_2,43.59,1.6446422947571029,1.827793508551549,0.008308127225770005,0.006477976598585843,0,-1
open_loop_2,43.6,1.6461428093903558,1.8276383413568182,0.008333529268776715,0.008183269179191656,0,-1
open_loop_2,43.61,1.647643258233902,1.8274824620405679,0.008338787638711142,0.008183269179191656,0,-1
open_loop_2,43.62,1.6491436778072435,1.827327250509081,0.008338921864036845,0.00543319262786346,0,-1
open_loop_2,43.63,1.650644199662308,1.8271731751489382,0.00836945055590161,0.00543319262786346,0,-1
open_loop_2,43.64,1.6521447792199724,1.8270183067159875,0.008410258645012833,0.010041617994465568,0,-1
open_loop_2,43.65,1.6536452158855293,1.8268613892591272,0.008406347422526859,0.010041617994465568,0,-1
open_loop_2,43.66,1.655145536789505,1.826705860742961,0.008379053892841418,0.00897100439140708,0,-1
open_loop_2,43.67,1.6566459004095067,1.8265509992531497,0.008364762350672445,0.00897100439140708,0,-1
open_loop_2,43.68,1.6581462770756072,1.8263958321360487,0.008353147750938964,0.00785501655315146,0,-1
open_loop_2,43.69,1.6596467004558124,1.8262410799085493,0.008355228542684813,0.00785501655315146,0,-1
open_loop_2,43.7,1.661147139880943,1.826086026366902,0.008360169385500795,0.010793338902636233,0,-1
open_loop_2,43.71,1.6626474687588253,1.825929656042701,0.00833288834013239,0.010793338902636233,0,-1
open_loop_2,43.72,1.6641477382028835,1.825774119014784,0.008294322712715059,0.00876327342606764,0,-1
open_loop_2,43.73,1.665648087009131,1.8256194234925145,0.00827932120844568,0.00876327342606764,0,-1
open_loop_2,43.74,1.6671484669067094,1.8254641776159404,0.008270769543597315,0.004903758571224159,0,-1
open_loop_2,43.75,1.668648978615584,1.8253103232555263,0.008301922124650302,0.004903758571224159,0,-1
open_loop_2,43.76,1.6701495811868776,1.8251554538697925,0.008350537885020133,0.00836109767190507,0,-1
open_loop_2,43.77,1.671650070272665,1.82499887985009,0.008362791315789351,0.00836109767190507,0,-1
open_loop_2,43.78,1.673150483005923,1.8248435292008236,0.00836037050764052,0.006345371652881405,0,-1
open_loop_2,43.79,1.6746509746136353,1.824689194683298,0.008381319878597823,0.006345371652881405,0,-1
open_loop_2,43.8,1.6761515032114935,1.8245342817455361,0.008408625321585648,0.01090037489428619,0,-1
open_loop_2,43.81,1.6776518860692393,1.8243773830406371,0.0083915333150686,0.01090037489428619,0,-1
open_loop_2,43.82,1.6791521558383153,1.8242217747066976,0.008351482541426774,0.009808288183028145,0,-1
open_loop_2,43.83,1.6806524687135311,1.824066786148896,0.008324684431270208,0.009808288183028145,0,-1
open_loop_2,43.84,1.682152793433589,1.8239114660303881,0.008300647457288824,0.01034589810070274,0,-1
open_loop_2,43.85,1.6836530920067183,1.8237558709286836,0.008269951679241532,0.01034589810070274,0,-1
open_loop_2,43.86,1.6851533805310344,1.8236003775900063,0.008237960911738503,0.00717770832640685,0,-1
open_loop_2,43.87,1.6866537839357256,1.8234460609053271,0.008240113934240905,0.00717770832640685,0,-1
open_loop_2,43.88,1.6881542502144287,1.8232909689426275,0.008255049084804759,0.00865825227885475,0,-1
open_loop_2,43.89,1.689654658343934,1.823135092701461,0.008252377615579433,0.00865825227885475,0,-1
open_loop_2,43.9,1.69115504197908,1.8229797263307703,0.008245449157887703,0.009782721250976234,0,-1
open_loop_2,43.91,1.6926553763520311,1.822823908955319,0.008224714452259984,0.009782721250976234,0,-1
open_loop_2,43.92,1.694155692728992,1.822668396397472,0.00820108848195845,0.00719918329825342,0,-1
open_loop_2,43.93,1.6956561065756262,1.8225138785070576,0.00820631405208474,0.00719918329825342,0,-1
open_loop_2,43.94,1.6971565684077283,1.8223587069438527,0.008220947790334313,0.008605884979143939,0,-1
open_loop_2,43.95,1.6986569746260933,1.8222028103679722,0.008218766431652189,0.008605884979143939,0,-1
open_loop_2,43.96,1.7001573578823865,1.8220474022025135,0.00821261286136859,0.008261133536787922,0,-1
open_loop_2,43.97,1.701657755315796,1.8218921665139458,0.008210709561566526,0.008261133536787922,0,-1
open_loop_2,43.98,1.70315815722932,1.8217368345215736,0.008209635891112598,0.010125206150999324,0,-1
open_loop_2,43.99,1.7046584829251008,1.8215806678903967,0.008186699979783055,0.010125206150999324,0,-1
open_loop_2,44.0,1.7061587759388885,1.821425035415079,0.008158010441596666,0.007114722438809284,0,-1
open_loop_2,44.01,1.7076591797018659,1.8212705690247353,0.00816217863080724,0.007114722438809284,0,-1
open_loop_2,44.02,1.7091596418729944,1.8211153546636107,0.008178053047501771,0.00730873506535179,0,-1
open_loop_2,44.03,1.7106600981526912,1.8209599544908084,0.008191578502499006,0.00730873506535179,0,-1
open_loop_2,44.04,1.7121605528924941,1.820804644446342,0.008204644031319108,0.011128215453442447,0,-1
open_loop_2,44.05,1.7136608741976889,1.820647703288973,0.008178331347200767,0.011128215453442447,0,-1
open_loop_2,44.06,1.7151611090958196,1.820491834287679,0.008134841730307,0.008794075137324327,0,-1
open_loop_2,44.07,1.716661432957327,1.8203369711255706,0.008117749229917176,0.008794075137324327,0,-1
open_loop_2,44.08,1.7181617948951142,1.8201814908109433,0.008108731881564737,0.003980259621179539,0,-1
open_loop_2,44.09,1.7196623076928232,1.8200276867177576,0.008145856518472917,0.003980259621179539,0,-1
open_loop_2,44.1,1.7211629467749363,1.8198727102614294,0.008208112322677333,0.006394562973219387,0,-1
open_loop_2,44.11,1.7226635057704185,1.8197163567174672,0.00824326279966622,0.006394562973219387,0,-1
open_loop_2,44.12,1.7241640197422354,1.8195609446604113,0.008269967180387248,0.008845621956128369,0,-1
open_loop_2,44.13,1.725664441918283,1.8194046339596408,0.008268974886673358,0.008845621956128369,0,-1
open_loop_2,44.14,1.727164816783767,1.8192492135783123,0.008259305715530334,0.006298452529972297,0,-1
open_loop_2,44.15,1.728665287637935,1.8190948728962728,0.00827809168907662,0.006298452529972297,0,-1
open_loop_2,44.16,1.7301658084401934,1.8189398387276445,0.008306077617437985,0.00829025850498688,0,-1
open_loop_2,44.17,1.7316662543449937,1.8187838042918467,0.008310858384940506,0.00829025850498688,0,-1
open_loop_2,44.18,1.733166665084902,1.8186285262539452,0.008309413782218533,0.006739799315104821,0,-1
open_loop_2,44.19,1.7346671386288388,1.8184739496437015,0.008326346456944541,0.006739799315104821,0,-1
open_loop_2,44.2,1.7361676391585215,1.8183189271537779,0.00834781350273586,0.007187037118475459,0,-1
open_loop_2,44.21,1.737668123494751,1.8181636563781882,0.00836376020475921,0.007187037118475459,0,-1
open_loop_2,44.22,1.7391686025665818,1.8180085878727767,0.008378638972827033,0.010550647369855778,0,-1
open_loop_2,44.23,1.7406689611693515,1.8178520847542727,0.008357778845823028,0.010550647369855778,0,-1
open_loop_2,44.24,1.7421692472092472,1.8176965766251891,0.008322838892345905,0.0064245656955868044,0,-1
open_loop_2,44.25,1.7436696713180884,1.817542679976264,0.008329423888773833,0.0064245656955868044,0,-1
open_loop_2,44.26,1.7451701892908549,1.8173878257094198,0.008355485896062952,0.009657136324686013,0,-1
open_loop_2,44.27,1.7466705943619378,1.8172313572686312,0.008346976415086364,0.009657136324686013,0,-1
open_loop_2,44.28,1.748170930693194,1.817075925589214,0.008325295279044291,0.007034245392315341,0,-1
open_loop_2,44.29,1.749671365100788,1.8169216191039896,0.00833275951983164,0.007034245392315341,0,-1
open_loop_2,44.3,1.7511718489915866,1.8167666479595495,0.00834983753254185,0.007141042904235118,0,-1
open_loop_2,44.31,1.752672330772486,1.8166115453716514,0.008365640595482308,0.007141042904235118,0,-1
open_loop_2,44.32,1.754172812549166,1.8164565013454994,0.008381192098550611,0.01016338956860485,0,-1
open_loop_2,44.33,1.7556731833309152,1.8163001375271814,0.008363742584858091,0.01016338956860485,0,-1
open_loop_2,44.34,1.7571734921369124,1.8161447030203821,0.008334532376940528,0.007746262920500958,0,-1
open_loop_2,44.35,1.758673892658288,1.815990279345927,0.008332538726769485,0.007746262920500958,0,-1
open_loop_2,44.36,1.760174335819427,1.8158352436069725,0.008339065154644026,0.010218756700791861,0,-1
open_loop_2,44.37,1.761674684182452,1.8156790458829415,0.00831780521050196,0.010218756700791861,0,-1
open_loop_2,44.38,1.7631749850655087,1.8155235708857291,0.008287749136987923,0.008271432917846155,0,-1
open_loop_2,44.39,1.7646753626490908,1.8153688994453172,0.008280411194253243,0.008271432917846155,0,-1
open_loop_2,44.4,1.7661757707520518,1.8152137088092977,0.00827915820963012,0.007013204882560854,0,-1
open_loop_2,44.41,1.7676762315679326,1.8150589809219861,0.008293171946300108,0.007013204882560854,0,-1
open_loop_2,44.42,1.769176713099791,1.8149038916093545,0.008310591281512637,0.009490890773856897,0,-1
open_loop_2,44.43,1.7706771017723724,1.814747656574884,0.008300159151217058,0.009490890773856897,0,-1
open_loop_2,44.44,1.7721774427093546,1.8145922255841795,0.008280908458821915,0.006761663363934909,0,-1
open_loop_2,44.45,1.7736778853149229,1.8144379118486573,0.00829184364607205,0.006761663363934909,0,-1
open_loop_2,44.46,1.7751783807673847,1.8142828958712764,0.008312959008797628,0.006671079116381763,0,-1
open_loop_2,44.47,1.776678882938783,1.8141278298957348,0.008335255533364817,0.006671079116381763,0,-1
open_loop_2,44.48,1.7781793888055861,1.8139727494092863,0.008357773673022362,0.009308540119210118,0,-1
open_loop_2,44.49,1.7796797973992087,1.8138165111988789,0.008350907729958586,0.009308540119210118,0,-1
open_loop_2,44.5,1.781180153931458,1.8136611622030552,0.008334372376181787,0.006934811738387838,0,-1
open_loop_2,44.51,1.7826806009627734,1.813506819154834,0.008344650546263247,0.006934811738387838,0,-1
open_loop_2,44.52,1.784181091824176,1.813351858458565,0.00836320878884197,0.010155158229327109,0,-1
open_loop_2,44.53,1.7856814676873904,1.8131953990088208,0.008347231595667626,0.010155158229327109,0,-1
open_loop_2,44.54,1.7871817753875259,1.8130399241764095,0.00831815485400057,0.006881548326484578,0,-1
open_loop_2,44.55,1.7886822000427225,1.8128857813228474,0.008323982905269076,0.006881548326484578,0,-1
open_loop_2,44.56,1.7901826916198065,1.812730839015322,0.008343304527459528,0.009706983461782672,0,-1
open_loop_2,44.57,1.7916830801481864,1.8125745140037521,0.00833153025318492,0.009706983461782672,0,-1
open_loop_2,44.58,1.7931834119130687,1.8124190874778447,0.008309086736534637,0.008404238888839007,0,-1
open_loop_2,44.59,1.794683796278528,1.8122642547896048,0.008302293694417229,0.008404238888839007,0,-1
open_loop_2,44.6,1.7961841990652103,1.8121090647784195,0.00829908274487324,0.0054959166419861205,0,-1
open_loop_2,44.61,1.797684709486092,1.8119549676399318,0.008327828498209785,0.0054959166419861205,0,-1
open_loop_2,44.62,1.7991852812208982,1.811800046889107,0.0083677019930369,0.0075682333557089984,0,-1
open_loop_2,44.63,1.8006857779376855,1.8116440688673077,0.008383613165218778,0.0075682333557089984,0,-1
open_loop_2,44.64,1.802186237691452,1.811488911331541,0.008392890748187479,0.010018989695931513,0,-1
open_loop_2,44.65,1.8036866027763663,1.8113327945534698,0.008374484684864342,0.010018989695931513,0,-1
open_loop_2,44.66,1.8051869208062392,1.811177425093044,0.008347393700316952,0.009023817520132928,0,-1
open_loop_2,44.67,1.806687279640637,1.8110224967226958,0.008332600808965942,0.009023817520132928,0,-1
open_loop_2,44.68,1.8081876500807805,1.810867274210795,0.008320203797976811,0.008163609051571983,0,-1
open_loop_2,44.69,1.8096880568120137,1.810712365134676,0.008318497403089122,0.008163609051571983,0,-1
open_loop_2,44.7,1.8111884750007121,1.8105572161398453,0.008318863976022151,0.008760753783038311,0,-1
open_loop_2,44.71,1.8126888675210333,1.8104017921607016,0.008311828719433766,0.008760753783038311,0,-1
open_loop_2,44.72,1.8141892510732562,1.810246537044423,0.00830335641181401,0.009752736259634352,0,-1
open_loop_2,44.73,1.8156895904034407,1.810090856556853,0.00828256150024093,0.009752736259634352,0,-1
open_loop_2,44.74,1.8171899142674104,1.809935438580462,0.008259377709438059,0.007497296560863729,0,-1
open_loop_2,44.75,1.8186903252740327,1.8097808922891387,0.008261944545554893,0.007497296560863729,0,-1
open_loop_2,44.76,1.8201907756273885,1.8096257713090944,0.008272167924235255,0.007018731622101981,0,-1
open_loop_2,44.77,1.8216912478217637,1.8094707995941073,0.008288367861559134,0.007018731622101981,0,-1
open_loop_2,44.78,1.823191728756949,1.809315672187238,0.00830571914263864,0.009054202518283818,0,-1
open_loop_2,44.79,1.8246921307983677,1.8091596150203202,0.008299392418760093,0.009054202518283818,0,-1
open_loop_2,44.8,1.8261924965811982,1.8090042527231553,0.008286605467948151,0.005972242835482257,0,-1
open_loop_2,44.81,1.8276929744949029,1.8088501236893713,0.00830723455247575,0.005972242835482257,0,-1
open_loop_2,44.82,1.8291935167301885,1.8086951744166537,0.008340041052473221,0.01246271515848285,0,-1
open_loop_2,44.83,1.830693883837624,1.808537597927077,0.008318711866249362,0.01246271515848285,0,-1
open_loop_2,44.84,1.8321940570485815,1.8083814417992614,0.008255678005581803,0.006741618033391461,0,-1
open_loop_2,44.85,1.8336943969182682,1.8082276754106976,0.008243254736308473,0.006741618033391461,0,-1
open_loop_2,44.86,1.835194887249353,1.808072825516791,0.00826451401182497,0.008794094902030647,0,-1
open_loop_2,44.87,1.836695300754378,1.8079167266963632,0.008262125209034616,0.008794094902030647,0,-1
open_loop_2,44.88,1.8381956777247863,1.8077613329008595,0.008253199977382743,0.009096820365135816,0,-1
open_loop_2,44.89,1.8396960402375981,1.8076058724249227,0.008240468135772411,0.009096820365135816,0,-1
open_loop_2,44.9,1.8411963974101015,1.8074504785725887,0.008227005200835377,0.008765072306963884,0,-1
open_loop_2,44.91,1.8426967677233588,1.807295205127248,0.008217656197535441,0.008765072306963884,0,-1
open_loop_2,44.92,1.8441971415393534,1.807139826437555,0.008209106329209005,0.0085977989038537,0,-1
open_loop_2,44.93,1.8456975218218834,1.8069844969256823,0.008202637113514781,0.0085977989038537,0,-1
open_loop_2,44.94,1.8471979037128774,1.8068291114349897,0.008196571039567602,0.005803836591849356,0,-1
open_loop_2,44.95,1.8486983897488711,1.8066747971285682,0.008221364682050961,0.005803836591849356,0,-1
open_loop_2,44.96,1.850198933236951,1.8065197039573633,0.008256676084582564,0.010446354710137665,0,-1
open_loop_2,44.97,1.8516993313008112,1.806362547802457,0.008247043236253722,0.010446354710137665,0,-1
open_loop_2,44.98,1.8531996128686306,1.8062067472261571,0.008213741046012003,0.007521299373350667,0,-1
open_loop_2,44.99,1.854700001629,1.8060522900807117,0.00821235744950726,0.007521299373350667,0,-1
open_loop_2,45.0,1.856200445536746,1.8058971175326022,0.008222207304490784,0.008223397446390555,0,-1
open_loop_2,45.01,1.8577008609822148,1.8057415448228569,0.008223394322566906,0.008223397446390555,0,-1
open_loop_2,45.02,1.859201266432449,1.8055862120980846,0.008222897580655121,0.009933059063338412,0,-1
open_loop_2,45.03,1.860701601560969,1.8054301360358898,0.008202211164087581,0.009933059063338412,0,-1
open_loop_2,45.04,1.8622019071410638,1.8052745529607668,0.00817636890685446,0.008056365583229754,0,-1
open_loop_2,45.05,1.863702287103544,1.8051197197201074,0.008172495994244746,0.008056365583229754,0,-1
open_loop_2,45.06,1.865202696717068,1.8049643892322447,0.008174434666121404,0.007925596028345527,0,-1
open_loop_2,45.07,1.8667031123718225,1.8048090741695564,0.008178025635495483,0.007925596028345527,0,-1
open_loop_2,45.08,1.8682035301881597,1.8046537271789727,0.008181932654085674,0.008860264787341254,0,-1
open_loop_2,45.09,1.8697039082114646,1.8044979570140138,0.00817423703065435,0.008860264787341254,0,-1
open_loop_2,45.1,1.8712042723645494,1.8043424751229844,0.008164293961346387,0.009593716148375009,0,-1
open_loop_2,45.11,1.8727046032970152,1.804186692685113,0.008145232026606634,0.009593716148375009,0,-1
open_loop_2,45.12,1.874204922514811,1.8040310915113391,0.008124402828987963,0.008369121913306634,0,-1
open_loop_2,45.13,1.8757052919577888,1.8038759666342137,0.008118432713477404,0.008369121913306634,0,-1
open_loop_2,45.14,1.8772056783962725,1.8037205020748228,0.008115743499345214,0.005597573848522774,0,-1
open_loop_2,45.15,1.8787061684864246,1.8035660831220697,0.008143715984433003,0.005597573848522774,0,-1
open_loop_2,45.16,1.8802067160973421,1.8034108754469236,0.00818208590448355,0.007702078984809014,0,-1
open_loop_2,45.17,1.8817071871466613,1.8032546049447147,0.00819618412841433,0.007702078984809014,0,-1
open_loop_2,45.18,1.8832076204351325,1.8030991638442333,0.00820347692325093,0.007702468964019271,0,-1
open_loop_2,45.19,1.8847080535742582,1.8029438704835261,0.008210701977965097,0.007702468964019271,0,-1
open_loop_2,45.2,1.8862084873922726,1.802788595105377,0.008217921359820397,0.005906831763431429,0,-1
open_loop_2,45.21,1.887708993876485,1.802634038002779,0.008246248982424924,0.005906831763431429,0,-1
open_loop_2,45.22,1.8892095343410604,1.8024789187086143,0.008280061177398768,0.008710943646787152,0,-1
open_loop_2,45.23,1.8907099750082255,1.8023224955679127,0.008282951616308105,0.008710943646787152,0,-1
open_loop_2,45.24,1.8922103591653938,1.8021670786234272,0.008275298375519751,0.008330664522949505,0,-1
open_loop_2,45.25,1.8937107584268813,1.8020119362510987,0.008272279873563076,0.008330664522949505,0,-1
open_loop_2,45.26,1.8952111625185948,1.8018566890862797,0.008270174463088559,0.00729178854371737,0,-1
open_loop_2,45.27,1.8967116110002655,1.8017018546353776,0.008280912106101294,0.00729178854371737,0,-1
open_loop_2,45.28,1.8982120752891745,1.801546732092155,0.008294206081775288,0.006566193206242853,0,-1
open_loop_2,45.29,1.899712571967151,1.8013918995081055,0.008316522242582058,0.006566193206242853,0,-1
open_loop_2,45.3,1.9012130817904849,1.8012368259163438,0.008340580845982198,0.008732689192652467,0,-1
open_loop_2,45.31,1.9027135098549595,1.801080763791175,0.008339727728710679,0.008732689192652467,0,-1
open_loop_2,45.32,1.904213898156345,1.8009254813489002,0.008331721272650243,0.009040153634193526,0,-1
open_loop_2,45.33,1.9057142718381708,1.8007701428880711,0.008319842189476337,0.009040153634193526,0,-1
open_loop_2,45.34,1.9072146401872008,1.8006148739944234,0.008307220338054007,0.009135291624205342,0,-1
open_loop_2,45.35,1.908715003085028,1.800459553152514,0.008293413424783767,0.009135291624205342,0,-1
open_loop_2,45.36,1.9102153633326981,1.8003042379751109,0.008279377097158046,0.00940162396672273,0,-1
open_loop_2,45.37,1.9117157104813232,1.8001487951238309,0.008262033503854325,0.00940162396672273,0,-1
open_loop_2,45.38,1.9132160523586865,1.7999933997062874,0.008244048100829177,0.009181853992382473,0,-1
open_loop_2,45.39,1.9147164020725147,1.7998380715417026,0.008228787140791739,0.009181853992382473,0,-1
open_loop_2,45.4,1.916216753171221,1.79968266001603,0.008214055515586365,0.008539479489058088,0,-1
open_loop_2,45.41,1.9177171308976697,1.799527483761078,0.008207300484608163,0.008539479489058088,0,-1
open_loop_2,45.42,1.9192175165507097,1.79937212029844,0.00820209324745672,0.005895541622218835,0,-1
open_loop_2,45.43,1.9207180017894157,1.7992177657043338,0.008226332642427964,0.005895541622218835,0,-1
open_loop_2,45.44,1.9222185405650052,1.7990626687320233,0.008260288766871909,0.010473841919930393,0,-1
open_loop_2,45.45,1.923718934864568,1.798905540370877,0.008249715428941632,0.010473841919930393,0,-1
open_loop_2,45.46,1.9252192150741796,1.7987497498695144,0.008215999837736946,0.009658744607056846,0,-1
open_loop_2,45.47,1.9267195270371493,1.798594493384906,0.008192227350215376,0.009658744607056846,0,-1
open_loop_2,45.48,1.9282198471153367,1.7984389845628383,0.008170412664332315,0.00961327315401439,0,-1
open_loop_2,45.49,1.929720167077699,1.7982834467626077,0.008149172751819535,0.00961327315401439,0,-1
open_loop_2,45.5,1.9312204855109965,1.798127864009634,0.00812804266015618,0.00854591991372855,0,-1
open_loop_2,45.51,1.9327208482813614,1.797972681540711,0.008120062594434603,0.00854591991372855,0,-1
open_loop_2,45.52,1.9342212248054313,1.7978171947883879,0.00811475339071045,0.006574209577286718,0,-1
open_loop_2,45.53,1.9357216801398542,1.7976624635644831,0.00813249679070321,0.006574209577286718,0,-1
open_loop_2,45.54,1.9372221707577095,1.797507172128864,0.00815640979582361,0.007608742529638501,0,-1
open_loop_2,45.55,1.9387226209017774,1.7973513411394118,0.008167572028615148,0.007608742529638501,0,-1
open_loop_2,45.56,1.9402230561863731,1.7971959444105656,0.008176210431276948,0.010036000961415324,0,-1
open_loop_2,45.57,1.9417233977423312,1.7970395191884776,0.008157421406592293,0.010036000961415324,0,-1
open_loop_2,45.58,1.9432236930665487,1.7968838230311106,0.008130075595996381,0.008322448410615912,0,-1
open_loop_2,45.59,1.9447240564956334,1.7967288437347144,0.008122892090296803,0.008322448410615912,0,-1
open_loop_2,45.6,1.9462244459907465,1.7965734035280096,0.008120886116585707,0.005230852187430023,0,-1
open_loop_2,45.61,1.9477249484150199,1.796419111311065,0.008152443064177537,0.005230852187430023,0,-1
open_loop_2,45.62,1.9492255178040625,1.7962639455019236,0.008196239775875127,0.010888970736098624,0,-1
open_loop_2,45.63,1.9507259260833116,1.796106370169204,0.008189428848548638,0.010888970736098624,0,-1
open_loop_2,45.64,1.9522261770127884,1.7959502906271696,0.0081496531197154,0.01190570909469102,0,-1
open_loop_2,45.65,1.9537263765064874,1.7957941404948627,0.008097011771232948,0.01190570909469102,0,-1
open_loop_2,45.66,1.9552265579149943,1.795638206260106,0.008041886028854226,0.00718701706106195,0,-1
open_loop_2,45.67,1.9567268912062392,1.79548392036136,0.008032227655089763,0.00718701706106195,0,-1
open_loop_2,45.68,1.958227335657582,1.795328617871691,0.008046954958095332,0.009390917108200727,0,-1
open_loop_2,45.69,1.9597276961679286,1.7951721175282547,0.00803652798353808,0.009390917108200727,0,-1
open_loop_2,45.7,1.9612280163595746,1.7950163175873235,0.008018747622623975,0.00940765350671624,0,-1
open_loop_2,45.71,1.9627283337416528,1.7948605534747868,0.00800071042479502,0.00940765350671624,0,-1
open_loop_2,45.72,1.9642286490844192,1.794704769221255,0.007982631168836461,0.009405369533132646,0,-1
open_loop_2,45.73,1.9657289627119268,1.7945489591240906,0.007964579914129856,0.009405369533132646,0,-1
open_loop_2,45.74,1.9672292745572881,1.7943931212938906,0.007946534077706482,0.007492154047642252,0,-1
open_loop_2,45.75,1.968729662718673,1.7942380171271657,0.007950887536435094,0.007492154047642252,0,-1
open_loop_2,45.76,1.9702300823548227,1.7940824161190507,0.007961194531616247,0.009469211884186812,0,-1
open_loop_2,45.77,1.9717304237310316,1.793925868956666,0.007948426014379489,0.009469211884186812,0,-1
open_loop_2,45.78,1.973230730527196,1.793769941681195,0.007929474044783622,0.009988484980927302,0,-1
open_loop_2,45.79,1.9747310122006496,1.7936138308874425,0.007904036567638566,0.009988484980927302,0,-1
open_loop_2,45.8,1.9762312845497019,1.7934578271274964,0.007877346467963679,0.008537950361829694,0,-1
open_loop_2,45.81,1.9777316155060873,1.7933023738476588,0.00786798915707183,0.008537950361829694,0,-1
open_loop_2,45.82,1.9792319671766174,1.7931465193349019,0.00786278999494549,0.004694705116111031,0,-1
open_loop_2,45.83,1.9807324506481119,1.7929920707408158,0.007897154436651206,0.004694705116111031,0,-1
open_loop_2,45.84,1.9822330248256892,1.7928365974725178,0.007948869232741502,0.00646536738073955,0,-1
open_loop_2,45.85,1.9837335368727875,1.7926801266095962,0.007979855381913373,0.00646536738073955,0,-1
open_loop_2,45.86,1.9852340199709775,1.7925243799933406,0.00800548193210002,0.007310034396361687,0,-1
open_loop_2,45.87,1.9867344692918552,1.7923683896391123,0.008020573017770533,0.007310034396361687,0,-1
open_loop_2,45.88,1.9882349071239263,1.7922127799351788,0.008033637732985429,0.007031778350674589,0,-1
open_loop_2,45.89,1.9897353577675516,1.7920573656985144,0.008050134625772705,0.007031778350674589,0,-1
open_loop_2,45.9,1.9912358142279154,1.7919018693570308,0.008067296255502949,0.007350492766826644,0,-1
open_loop_2,45.91,1.99273625901505,1.7917462343815478,0.00808050817610083,0.007350492766826644,0,-1
open_loop_2,45.92,1.994236700285613,1.7915907494014425,0.008092957701430457,0.009721751654107715,0,-1
open_loop_2,45.93,1.995737050510459,1.7914342261272593,0.008078529652030054,0.009721751654107715,0,-1
open_loop_2,45.94,1.9972373559690477,1.7912784454049169,0.008055846059151084,0.006408047836683474,0,-1
open_loop_2,45.95,1.9987377798109813,1.7911239714343106,0.008068422386890886,0.006408047836683474,0,-1
open_loop_2,45.96,2.000238273090245,1.790968667463948,0.008094760208036008,0.006771974571152306,0,-1
open_loop_2,45.97,2.0017387548284264,1.7908130622345833,0.008116658118016913,0.006771974571152306,0,-1
open_loop_2,45.98,2.00323923323016,1.7906576251886488,0.008137691311866365,0.0065886950763149885,0,-1
open_loop_2,45.99,2.004739721306338,1.790502325347258,0.008160991073326152,0.0065886950763149885,0,-1
open_loop_2,46.0,2.0062402145242286,1.7903469866635837,0.008184728914334938,0.009219970815765866,0,-1
open_loop_2,46.01,2.0077406107354987,1.7901904902278647,0.00817914292772464,0.009219970815765866,0,-1
open_loop_2,46.02,2.0092409551815553,1.7900348900759897,0.008163921813104328,0.010678135539317513,0,-1
open_loop_2,46.03,2.010741235871941,1.7898787579154756,0.00813120578956283,0.010678135539317513,0,-1
open_loop_2,46.04,2.0122414914914386,1.7897229958195826,0.008094301543001618,0.005959868620333707,0,-1
open_loop_2,46.05,2.013741897664327,1.7895689242988961,0.008102853614490521,0.005959868620333707,0,-1
open_loop_2,46.06,2.015242419364026,1.7894138044164225,0.008135771922197825,0.008070851502864237,0,-1
open_loop_2,46.07,2.0167428641418805,1.7892574761066575,0.008144428171815734,0.008070851502864237,0,-1
open_loop_2,46.08,2.018243270933702,1.7891019498372436,0.00814624606821263,0.006462522093721998,0,-1
open_loop_2,46.09,2.019743742774231,1.7889471716072418,0.008167065591166221,0.006462522093721998,0,-1
open_loop_2,46.1,2.0212442433967612,1.788791916304863,0.00819264206013482,0.007306246522901461,0,-1
open_loop_2,46.11,2.0227447116001454,1.7886362253020682,0.00820777964810277,0.007306246522901461,0,-1
open_loop_2,46.12,2.0242451683703373,1.7884808980865292,0.008220900415067503,0.009429436446543704,0,-1
open_loop_2,46.13,2.0257455421492168,1.78832466894738,0.00820947912698924,0.009429436446543704,0,-1
open_loop_2,46.14,2.0272458774524162,1.788169128349593,0.008191125080784485,0.01054405782952728,0,-1
open_loop_2,46.15,2.028746161989563,1.7880131640940478,0.008159058147405814,0.01054405782952728,0,-1
open_loop_2,46.16,2.0302464280750594,1.7878574688944724,0.008124135851930446,0.006579333078067242,0,-1
open_loop_2,46.17,2.0317468295620906,1.7877032266931494,0.008129711273224585,0.006579333078067242,0,-1
open_loop_2,46.18,2.0332473188684426,1.787548050326368,0.008153486628950381,0.006463469086941841,0,-1
open_loop_2,46.19,2.0347478166869046,1.787392761849989,0.008178798340234487,0.006463469086941841,0,-1
open_loop_2,46.2,2.036248318942971,1.7872374462076381,0.008204395158394918,0.011010889613619401,0,-1
open_loop_2,46.21,2.0377486741604183,1.78708023600693,0.008185603641185465,0.011010889613619401,0,-1
open_loop_2,46.22,2.0392489168862653,1.7869243089621956,0.008143910213306084,0.012899560980331065,0,-1
open_loop_2,46.23,2.040749073864869,1.7867677999651645,0.008079921373211302,0.012899560980331065,0,-1
open_loop_2,46.24,2.04224919617004,1.7866117091031524,0.00801006774540615,0.006428334246143309,0,-1
open_loop_2,46.25,2.043749496206026,1.7864577139314468,0.007994272125530983,0.006428334246143309,0,-1
open_loop_2,46.26,2.0452499789623304,1.7863026150570904,0.008020094666537716,0.008481164970976174,0,-1
open_loop_2,46.27,2.046750386218967,1.786146155645316,0.008022344639448216,0.008481164970976174,0,-1
open_loop_2,46.28,2.048250757145301,1.7859904269744984,0.008018065474526983,0.004873183514448431,0,-1
open_loop_2,46.29,2.049751253353604,1.7858361340007274,0.008051395888107613,0.004873183514448431,0,-1
open_loop_2,46.3,2.051251832866618,1.7856808675492448,0.00810047434345334,0.005403084477249908,0,-1
open_loop_2,46.31,2.0527523971241943,1.7855251892259558,0.008143080170275641,0.005403084477249908,0,-1
open_loop_2,46.32,2.054252957298982,1.7853697723737938,0.00818442655858917,0.007009489745836373,0,-1
open_loop_2,46.33,2.0557534578223864,1.7852137056776138,0.0082067127119954,0.007009489745836373,0,-1
open_loop_2,46.34,2.057253932074085,1.7850583142159253,0.008224262504313134,0.01104055656594749,0,-1
open_loop_2,46.35,2.0587542677669766,1.7849013098710216,0.008200747607606838,0.01104055656594749,0,-1
open_loop_2,46.36,2.0602545100605316,1.7847454621286791,0.008158573011491605,0.007511740166403324,0,-1
open_loop_2,46.37,2.0617548762281777,1.7845910635835813,0.008153304344296619,0.007511740166403324,0,-1
open_loop_2,46.38,2.063255314641785,1.7844358331030756,0.008163273759526189,0.009410411879908322,0,-1
open_loop_2,46.39,2.064755678208408,1.7842796281708608,0.008151070988257831,0.009410411879908322,0,-1
open_loop_2,46.4,2.066256008696747,1.784124014699872,0.008132990063245003,0.006558879990790968,0,-1
open_loop_2,46.41,2.0677564449565735,1.7839695323928015,0.00814627493532748,0.006558879990790968,0,-1
open_loop_2,46.42,2.069256937533445,1.783814309337586,0.008170392375540122,0.0075632603423185785,0,-1
open_loop_2,46.43,2.0707573910717167,1.7836585156427842,0.008182110048071936,0.0075632603423185785,0,-1
open_loop_2,46.44,2.072257830440935,1.7835031418174476,0.008191422026958483,0.01028985484030187,0,-1
open_loop_2,46.45,2.0737581664977993,1.78334661183015,0.008170474449270068,0.01028985484030187,0,-1
open_loop_2,46.46,2.075258448608017,1.7831908920026731,0.008139373051255075,0.008157896586399538,0,-1
open_loop_2,46.47,2.076758813641927,1.7830360565164989,0.008132804355863265,0.008157896586399538,0,-1
open_loop_2,46.48,2.078259213465234,1.7828806621075821,0.008133230753394147,0.007817495556353918,0,-1
open_loop_2,46.49,2.079759628281523,1.7827253584143574,0.008137917272687579,0.007817495556353918,0,-1
open_loop_2,46.5,2.0812600482432906,1.7825699665844659,0.008143425102350547,0.008788048170842442,0,-1
open_loop_2,46.51,2.082760427130592,1.7824141278382106,0.008136887032892275,0.008788048170842442,0,-1
open_loop_2,46.52,2.0842607916904936,1.7822585957203847,0.008128016214284562,0.008295482778523322,0,-1
open_loop_2,46.53,2.085761176727621,1.782103272312054,0.008125244386793533,0.008295482778523322,0,-1
open_loop_2,46.54,2.087261568131283,1.781947809923102,0.008123658804446446,0.008933330810449116,0,-1
open_loop_2,46.55,2.0887619317499113,1.7817920612639688,0.008114161358012604,0.008933330810449116,0,-1
open_loop_2,46.56,2.0902622856810944,1.7816364880103646,0.008103128448026785,0.007249181877059472,0,-1
open_loop_2,46.57,2.091762707478367,1.7814815831337485,0.00811198108103823,0.007249181877059472,0,-1
open_loop_2,46.58,2.0932631572346576,1.7813262301765078,0.008125894265081849,0.0076968593754465076,0,-1
open_loop_2,46.59,2.094763589754976,1.7811706281594915,0.008134278173305929,0.0076968593754465076,0,-1
open_loop_2,46.6,2.096264016383431,1.7810152172131701,0.008141592224356016,0.009630680639322264,0,-1
open_loop_2,46.61,2.0977643656181777,1.7808589492558131,0.008126262386179294,0.009630680639322264,0,-1
open_loop_2,46.62,2.099264680989393,1.7807032740918824,0.0081049134913939,0.006552842800455317,0,-1
open_loop_2,46.63,2.100765108777061,1.7805488053485263,0.00811695653578355,0.006552842800455317,0,-1
open_loop_2,46.64,2.102265598690915,1.7803935518828604,0.008141156750752119,0.006710809025336049,0,-1
open_loop_2,46.65,2.1037660853587656,1.7802381110077312,0.008163464280544916,0.006710809025336049,0,-1
open_loop_2,46.66,2.105266571900809,1.7800827558486758,0.008185399376700774,0.005113765227081846,0,-1
open_loop_2,46.67,2.1067671240075394,1.7799281243104408,0.008226272410933546,0.005113765227081846,0,-1
open_loop_2,46.68,2.1082677082159447,1.7797729659896433,0.008271851648401713,0.006287311059224088,0,-1
open_loop_2,46.69,2.109768250058288,1.7796172344642711,0.008303160184282236,0.006287311059224088,0,-1
open_loop_2,46.7,2.1112687754919333,1.7794620183388625,0.008331408459537866,0.006322359943299994,0,-1
open_loop_2,46.71,2.112769301802169,1.7793068982842042,0.008359190868712622,0.006322359943299994,0,-1
open_loop_2,46.72,2.114269830291038,1.7791518404388575,0.00838688679476807,0.007529234611297395,0,-1
open_loop_2,46.73,2.115770311986141,1.7789962660433936,0.008399904782793139,0.007529234611297395,0,-1
open_loop_2,46.74,2.1172707751753763,1.7788412014700807,0.008409729973390637,0.00980846123919443,0,-1
open_loop_2,46.75,2.1187711497835933,1.778685187084174,0.008393523863609234,0.00980846123919443,0,-1
open_loop_2,46.76,2.1202714817715007,1.7785298764141504,0.008369550765058163,0.01114124158247565,0,-1
open_loop_2,46.77,2.1217717537073084,1.778374055574536,0.00832947620646976,0.01114124158247565,0,-1
open_loop_2,46.78,2.1232720025254452,1.7782185452133985,0.008285699218389012,0.006614205321811893,0,-1
open_loop_2,46.79,2.124772398260742,1.7780646516097558,0.008286134051511816,0.006614205321811893,0,-1
open_loop_2,46.8,2.1262729008613763,1.777909755771935,0.00830936371420411,0.008046305270601906,0,-1
open_loop_2,46.81,2.1277733492376845,1.777753989547077,0.008315577861796188,0.008046305270601906,0,-1
open_loop_2,46.82,2.1292737742448034,1.7775987720188262,0.008317734734274855,0.007755355378404439,0,-1
open_loop_2,46.83,2.1307742116947024,1.7774437345737772,0.008323466215607575,0.007755355378404439,0,-1
open_loop_2,46.84,2.132274653722125,1.7772886277654278,0.008329897309513824,0.009529947559403952,0,-1
open_loop_2,46.85,2.133775024507958,1.7771327120492855,0.008315442026398898,0.009529947559403952,0,-1
open_loop_2,46.86,2.1352753645628315,1.7769773383062735,0.008295584274970914,0.008428463143367983,0,-1
open_loop_2,46.87,2.1367757500407425,1.7768224283325043,0.008289215491045996,0.008428463143367983,0,-1
open_loop_2,46.88,2.1382761501717495,1.776667209765803,0.0082856488781694,0.007264760693694858,0,-1
open_loop_2,46.89,2.139776599285232,1.7765124360405335,0.008296300295689576,0.007264760693694858,0,-1
open_loop_2,46.9,2.141277066648528,1.7763573408269944,0.008309992477160766,0.0075428101583039356,0,-1
open_loop_2,46.91,2.1427775238863633,1.776202093141739,0.008320252313147567,0.0075428101583039356,0,-1
open_loop_2,46.92,2.1442779779377648,1.7760469719153598,0.008329848151292231,0.008423199349886001,0,-1
open_loop_2,46.93,2.145778395345157,1.775891466687496,0.008328506280602199,0.008423199349886001,0,-1
open_loop_2,46.94,2.147278799905051,1.7757362641007315,0.008325048917364328,0.007661601556188558,0,-1
open_loop_2,46.95,2.148779236931112,1.7755813880423714,0.008331030164943062,0.007661601556188558,0,-1
open_loop_2,46.96,2.150279685008375,1.7754263123928107,0.008338845838083508,0.008642438441190501,0,-1
open_loop_2,46.97,2.151780092079078,1.775270772943437,0.008334492748756597,0.008642438441190501,0,-1
open_loop_2,46.98,2.1532804847148554,1.7751155533772212,0.008327783708253888,0.009919319151211248,0,-1
open_loop_2,46.99,2.1547808224531932,1.7749597952413245,0.008305616357240473,0.009919319151211248,0,-1
open_loop_2,47.0,2.156281139109349,1.774804383899546,0.008279967522618094,0.006625748883589024,0,-1
open_loop_2,47.01,2.1577815736093506,1.774650219660369,0.008289451420520334,0.006625748883589024,0,-1
open_loop_2,47.02,2.1592820764359693,1.7744952374409326,0.008312563589564122,0.008728921421887305,0,-1
open_loop_2,47.03,2.1607825001180894,1.774339170371831,0.008311421208989941,0.008728921421887305,0,-1
open_loop_2,47.04,2.1622828857832603,1.7741838506972107,0.008303467293534917,0.007439366498631639,0,-1
open_loop_2,47.05,2.163783324381288,1.7740291151775807,0.008311039807379725,0.007439366498631639,0,-1
open_loop_2,47.06,2.165283783128264,1.7738740398668464,0.00832214184290549,0.005157992729183381,0,-1
open_loop_2,47.07,2.166784330638228,1.773719841963472,0.008359268128890528,0.005157992729183381,0,-1
open_loop_2,47.08,2.168284925219197,1.773564929853424,0.008404171067250965,0.009276883013834782,0,-1
open_loop_2,47.09,2.1697853880340543,1.773408171676562,0.008407541568022833,0.009276883013834782,0,-1
open_loop_2,47.1,2.1712857528548675,1.7732527610485125,0.008391565206635596,0.007408625924001823,0,-1
open_loop_2,47.11,2.1727861908128183,1.773098314365538,0.008397340826048599,0.007408625924001823,0,-1
open_loop_2,47.12,2.174286659817288,1.7729433880504095,0.008408888312400825,0.008391440909046644,0,-1
open_loop_2,47.13,2.1757870885361617,1.7727879608719026,0.008408263591555403,0.008391440909046644,0,-1
open_loop_2,47.14,2.177287502878686,1.7726328782145224,0.008405280266734474,0.009404223815144608,0,-1
open_loop_2,47.15,2.17878787299084,1.7724773710901334,0.008389725183997816,0.009404223815144608,0,-1
open_loop_2,47.16,2.180288227541099,1.7723221511579026,0.008371713235731897,0.008198317323229176,0,-1
open_loop_2,47.17,2.181788631619308,1.772167411424565,0.008368351161315062,0.008198317323229176,0,-1
open_loop_2,47.18,2.183289052761146,1.772012340974583,0.00836819723153386,0.009833925694196386,0,-1
open_loop_2,47.19,2.1847894067720217,1.7718565188235658,0.00834869247529098,0.009833925694196386,0,-1
open_loop_2,47.2,2.18628973268458,1.771701168899832,0.008324319943918024,0.010272584158331544,0,-1
open_loop_2,47.21,2.1877900365571925,1.7715456444994013,0.008294473692899379,0.010272584158331544,0,-1
open_loop_2,47.22,2.1892903317384875,1.7713901978429478,0.008263569421488972,0.007590707217284276,0,-1
open_loop_2,47.23,2.1907907274521,1.7712357549979723,0.008262457427056905,0.007590707217284276,0,-1
open_loop_2,47.24,2.192291172443837,1.7710806413088083,0.008271284268236883,0.008736173195743381,0,-1
open_loop_2,47.25,2.1937915705853284,1.7709249325542604,0.008266151654331332,0.008736173195743381,0,-1
open_loop_2,47.26,2.195291951063334,1.7707695943607367,0.008258055808174285,0.007631172264437324,0,-1
open_loop_2,47.27,2.1967923778729297,1.7706147202088796,0.008263501259303517,0.007631172264437324,0,-1
open_loop_2,47.28,2.19829282091199,1.770459554308687,0.008271762972819023,0.009424705615756148,0,-1
open_loop_2,47.29,2.199793192390745,1.7703035510665872,0.008258941520401662,0.009424705615756148,0,-1
open_loop_2,47.3,2.2012935328307357,1.770148103247139,0.008240645956926716,0.008077472968921917,0,-1
open_loop_2,47.31,2.2027939280239526,1.7699932183069769,0.008238525656691526,0.008077472968921917,0,-1
open_loop_2,47.32,2.2042943430941704,1.7698379704975444,0.008240161452449738,0.010741693513148576,0,-1
open_loop_2,47.33,2.2057946557114354,1.7696815230375305,0.008212175207294548,0.010741693513148576,0,-1
open_loop_2,47.34,2.2072949159771835,1.7695258249652772,0.008174365061086767,0.008857699251223487,0,-1
open_loop_2,47.35,2.2087952504099366,1.7693708999166466,0.008158575994455375,0.008857699251223487,0,-1
open_loop_2,47.36,2.2102956128627707,1.769215458124944,0.008148625970292592,0.007257856510006543,0,-1
open_loop_2,47.37,2.2117960402998973,1.7690606002552065,0.008157677595675084,0.007257856510006543,0,-1
open_loop_2,47.38,2.213296494132055,1.7689053134658,0.008171463781495478,0.009397963694690592,0,-1
open_loop_2,47.39,2.214796865175624,1.7687490128279428,0.008160595979066628,0.009397963694690592,0,-1
open_loop_2,47.4,2.216297197383415,1.7685934023709526,0.008142709411274821,0.008655579419424079,0,-1
open_loop_2,47.41,2.2177975600655984,1.7684381334612955,0.008133991084403009,0.008655579419424079,0,-1
open_loop_2,47.42,2.2192979317405888,1.7682826491617873,0.008127059841538886,0.0078004016392645426,0,-1
open_loop_2,47.43,2.220798339901484,1.7681274893096286,0.008130753603076952,0.0078004016392645426,0,-1
open_loop_2,47.44,2.2222987600664657,1.7679720994208779,0.008136508117558469,0.008108752936788031,0,-1
open_loop_2,47.45,2.223799167661968,1.767816564466977,0.00813844560078396,0.008108752936788031,0,-1
open_loop_2,47.46,2.225299571112892,1.7676611282592722,0.008139641661423606,0.007978719049131833,0,-1
open_loop_2,47.47,2.2267999802801395,1.7675057532105063,0.008142447334690805,0.007978719049131833,0,-1
open_loop_2,47.48,2.228300391508889,1.7673503468588303,0.008145566157584496,0.009202295025463323,0,-1
open_loop_2,47.49,2.2298007515540137,1.767194387808105,0.008133825461301024,0.009202295025463323,0,-1
open_loop_2,47.5,2.231301092119761,1.7670387983988394,0.008118814038993432,0.011254160794381907,0,-1
open_loop_2,47.51,2.2328013465386136,1.7668823480257034,0.008079940969350006,0.011254160794381907,0,-1
open_loop_2,47.52,2.234301563902212,1.7667264282231352,0.008034503969862068,0.010357750403746646,0,-1
open_loop_2,47.53,2.2358018167771734,1.7665708539248814,0.008000158169525566,0.010357750403746646,0,-1
open_loop_2,47.54,2.237302077469789,1.7664149816513548,0.007967970964066571,0.00800311677215726,0,-1
open_loop_2,47.55,2.2388024286914243,1.7662599672287276,0.007962498102656883,0.00800311677215726,0,-1
open_loop_2,47.56,2.2403028202549056,1.766104344243423,0.007965214184778609,0.006727379563876479,0,-1
open_loop_2,47.57,2.2418032656254754,1.7659491801698786,0.007983397376069595,0.006727379563876479,0,-1
open_loop_2,47.58,2.243303732710072,1.7657936301844872,0.008005053162079832,0.008872863436921284,0,-1
open_loop_2,47.59,2.244804118081143,1.7656370754013253,0.008002005594665192,0.008872863436921284,0,-1
open_loop_2,47.6,2.246304464519403,1.7654812756880118,0.007991915220510433,0.00725628181952942,0,-1
open_loop_2,47.61,2.2478048761415454,1.765326183373023,0.008000927297049229,0.00725628181952942,0,-1
open_loop_2,47.62,2.2493053143897535,1.765170661897165,0.008014736153451963,0.005416611568532127,0,-1
open_loop_2,47.63,2.2508058274430254,1.7650158482818674,0.008050163511925801,0.005416611568532127,0,-1
open_loop_2,47.64,2.252306376538725,1.7648604398761139,0.00809124410433979,0.004739757442278058,0,-1
open_loop_2,47.65,2.253806958315602,1.7647053051373676,0.008140774063906592,0.004739757442278058,0,-1
open_loop_2,47.66,2.255307555924197,1.7645499575233738,0.008191928369561001,0.008721435690495216,0,-1
open_loop_2,47.67,2.256808025172482,1.7643929184034883,0.008202430123175918,0.008721435690495216,0,-1
open_loop_2,47.68,2.2583084014257664,1.7642372477706025,0.008194690901273106,0.010898724066906508,0,-1
open_loop_2,47.69,2.2598086876337478,1.7640808837516375,0.0081617694792499,0.010898724066906508,0,-1
open_loop_2,47.7,2.2613089337108865,1.763925118251141,0.008121611510579748,0.008926345533973203,0,-1
open_loop_2,47.71,2.2628092573790286,1.7637701318969585,0.008104458386905794,0.008926345533973203,0,-1
open_loop_2,47.72,2.264309610478801,1.7636146037812586,0.008093488018623073,0.008563433940030668,0,-1
open_loop_2,47.73,2.2658099785236083,1.7634591635997077,0.008087053282225958,0.008563433940030668,0,-1
open_loop_2,47.74,2.2673103507977412,1.7633036123752306,0.008081493949152967,0.009618374336710646,0,-1
open_loop_2,47.75,2.2688106768374197,1.7631475889027381,0.008062924342764463,0.009618374336710646,0,-1
open_loop_2,47.76,2.27031098641958,1.7629918539984117,0.00804173449776384,0.008912278997818655,0,-1
open_loop_2,47.77,2.2718113248717704,1.7628363957775814,0.008029294191905824,0.008912278997818655,0,-1
open_loop_2,47.78,2.2733116713820665,1.7626807249308751,0.008018554618394118,0.008809965136713508,0,-1
open_loop_2,47.79,2.2748120213499305,1.7625250666776289,0.008009094216028955,0.008809965136713508,0,-1
open_loop_2,47.8,2.27631237173758,1.7623693656043724,0.007999880600355915,0.006238420277488999,0,-1
open_loop_2,47.81,2.2778128196103236,1.7622146518306325,0.008019422800862855,0.006238420277488999,0,-1
open_loop_2,47.82,2.2793133180410363,1.7620592324178712,0.008048297278948954,0.009826240736668712,0,-1
open_loop_2,47.83,2.28081369365209,1.7619021531226873,0.008039711076731525,0.009826240736668712,0,-1
open_loop_2,47.84,2.282313989603677,1.7617462119799405,0.008015539691726137,0.008501882370211876,0,-1
open_loop_2,47.85,2.283814338796643,1.7615909313567688,0.008007214070213039,0.008501882370211876,0,-1
open_loop_2,47.86,2.285314706500546,1.7614352876900021,0.008002553054600755,0.008680740804525744,0,-1
open_loop_2,47.87,2.286815066051286,1.761279537724303,0.007995690660446834,0.008680740804525744,0,-1
open_loop_2,47.88,2.2883154225092923,1.7611238257922903,0.007988397937056906,0.003050015059935518,0,-1
open_loop_2,47.89,2.289815941345076,1.760970076328543,0.008031614410085795,0.003050015059935518,0,-1
open_loop_2,47.9,2.291316621115566,1.760815074096414,0.008107599542449835,0.00786086769753558,0,-1
open_loop_2,47.91,2.292817165268353,1.7606576492472465,0.008137705687880728,0.00786086769753558,0,-1
open_loop_2,47.92,2.29431758574131,1.7605017628381687,0.008142803692136857,0.01154778090773867,0,-1
open_loop_2,47.93,2.295817871586622,1.7603447399846206,0.008109375781129169,0.01154778090773867,0,-1
open_loop_2,47.94,2.2973180752947164,1.7601887367218563,0.0080596509726094,0.006498047559118091,0,-1
open_loop_2,47.95,2.298818436441162,1.7600346126784567,0.0080573923918481,0.006498047559118091,0,-1
open_loop_2,47.96,2.300318922627232,1.7598794261473834,0.008082314442348462,0.005456256371970003,0,-1
open_loop_2,47.97,2.3018194564601,1.7597244511420196,0.008120260033088423,0.005456256371970003,0,-1
open_loop_2,47.98,2.303320010605649,1.7595690998298956,0.008160774275912075,0.010148700896497779,0,-1
open_loop_2,47.99,2.3048204187898347,1.7594117698708953,0.008155975321243123,0.010148700896497779,0,-1
open_loop_2,48.0,2.306320708450713,1.7592558467014001,0.008127097519297289,0.011477852958838852,0,-1
open_loop_2,48.01,2.3078209363412485,1.759099624772052,0.008082019177560747,0.011477852958838852,0,-1
open_loop_2,48.02,2.309321140942318,1.7589437072001324,0.008033246920112596,0.007925709219112505,0,-1
open_loop_2,48.03,2.3108214709052652,1.7587890863766207,0.00802167253126291,0.007925709219112505,0,-1
open_loop_2,48.04,2.3123218725616566,1.7586336141133425,0.00802549903239418,0.00920881803252227,0,-1
open_loop_2,48.05,2.31382222133043,1.758477456719188,0.008013890334918545,0.00920881803252227,0,-1
open_loop_2,48.06,2.315322549506577,1.7583216846557914,0.00799878304328985,0.007727445871595241,0,-1
open_loop_2,48.07,2.3168229378231207,1.7581665138286524,0.008001331182055075,0.007727445871595241,0,-1
open_loop_2,48.08,2.318323349124873,1.7580109535692976,0.008008156613390919,0.010009028005498077,0,-1
open_loop_2,48.09,2.319823671403829,1.757854339093039,0.007988982113632892,0.010009028005498077,0,-1
open_loop_2,48.1,2.3213239513287,1.7576984020956203,0.007962029959038538,0.01062658775534464,0,-1
open_loop_2,48.11,2.3228242007491957,1.7575422411191268,0.007927364229211526,0.01062658775534464,0,-1
open_loop_2,48.12,2.3243244387693793,1.7573862010962165,0.007891208710098813,0.00905485237306669,0,-1
open_loop_2,48.13,2.32582473957258,1.757230745518542,0.007873709842736975,0.00905485237306669,0,-1
open_loop_2,48.14,2.3273250622237853,1.7570748457982452,0.00786083960111063,0.010567969517755845,0,-1
open_loop_2,48.15,2.3288253197907713,1.7569182555712495,0.007829967300319865,0.010567969517755845,0,-1
open_loop_2,48.16,2.330325551454158,1.7567620528455297,0.007794697230025593,0.005175616834883546,0,-1
open_loop_2,48.17,2.3318259450460097,1.7566077343061506,0.00780870703752478,0.005175616834883546,0,-1
open_loop_2,48.18,2.333326481706459,1.7564522852845725,0.007853204052571608,0.007472000324973304,0,-1
open_loop_2,48.19,2.3348269381703353,1.756295459181959,0.007871734929550135,0.007472000324973304,0,-1
open_loop_2,48.2,2.336327352395058,1.756139510736157,0.007882448038011707,0.003915822741821007,0,-1
open_loop_2,48.21,2.33782788976581,1.755985090396149,0.007930338656287159,0.003915822741821007,0,-1
open_loop_2,48.22,2.339328512009769,1.7558296558080058,0.007993613641617157,0.00899589330381767,0,-1
open_loop_2,48.23,2.3408289877844806,1.7556719489081702,0.00800924337489351,0.00899589330381767,0,-1
open_loop_2,48.24,2.3423293297329835,1.7555158055572437,0.007997516493048914,0.00718146715249679,0,-1
open_loop_2,48.25,2.3438297423875643,1.7553607723648674,0.008006875306119094,0.00718146715249679,0,-1
open_loop_2,48.26,2.3453301854971413,1.755205269688634,0.008021789892650937,0.005541322103145063,0,-1
open_loop_2,48.27,2.3468306962459122,1.7550503947512508,0.008056145762142254,0.005541322103145063,0,-1
open_loop_2,48.28,2.3483312388330817,1.754894984115542,0.008095381858738709,0.009620444219669903,0,-1
open_loop_2,48.29,2.34983164822177,1.7547377767938748,0.008093326115109987,0.009620444219669903,0,-1
open_loop_2,48.3,2.3513319616829893,1.7545818791563526,0.008072243257724194,0.008256176271081994,0,-1
open_loop_2,48.31,2.352832329699174,1.7544267200624941,0.00806740889300379,0.008256176271081994,0,-1
open_loop_2,48.32,2.3543327174641675,1.754271195401058,0.00806639267913577,0.005963449508249229,0,-1
open_loop_2,48.33,2.3558331942968773,1.7541165406263375,0.008091511087936813,0.005963449508249229,0,-1
open_loop_2,48.34,2.357333715861122,1.753961218049729,0.008124470113953492,0.007642170536660053,0,-1
open_loop_2,48.35,2.358834174753692,1.7538050488771733,0.00813764534324619,0.007642170536660053,0,-1
open_loop_2,48.36,2.3603346054309235,1.7536495560194758,0.008145810614022735,0.009832970532333007,0,-1
open_loop_2,48.37,2.3618349496394715,1.7534931809760923,0.008128765639348228,0.009832970532333007,0,-1
open_loop_2,48.38,2.3633352536953876,1.753337476308259,0.0081044238838204,0.008659562672820087,0,-1
open_loop_2,48.39,2.3648356056594917,1.7531822731822306,0.008094345625023626,0.008659562672820087,0,-1
open_loop_2,48.4,2.366335973097162,1.7530267383783045,0.008087348370763721,0.005080724769513267,0,-1
open_loop_2,48.41,2.3678364655427133,1.752872524783873,0.00811779758859007,0.005080724769513267,0,-1
open_loop_2,48.42,2.3693370397896247,1.7527173529273143,0.008163800474882226,0.0064852189824327056,0,-1
open_loop_3,54.43,2.4005996252753095,1.7494752268195901,0.010494777536065555,0.011323889916035501,0,-1
open_loop_3,54.44,2.4005996252753095,1.7494752268195901,0.010494777536065555,0.009260212767169484,0,-1
open_loop_3,54.45,2.4006176376963873,1.7494728385101064,0.01043509532535455,0.009260212767169484,0,-1
open_loop_3,54.46,2.400675701093351,1.7494654626551824,0.010308365214283195,0.009561370119197221,0,-1
open_loop_3,54.47,2.400773549938758,1.7494545947194597,0.010177288491193747,0.009561370119197221,0,-1
open_loop_3,54.48,2.4009108954711094,1.7494403045853841,0.010046818983622465,0.0108346426014716,0,-1
open_loop_3,54.49,2.401088086099013,1.7494221677430957,0.009902858936043616,0.0108346426014716,0,-1
open_loop_3,54.5,2.4013052426431822,1.7493999816448997,0.009759675681924389,0.009807645487884816,0,-1
open_loop_3,54.51,2.4015624315277364,1.74937372285929,0.009633183149565882,0.009807645487884816,0,-1
open_loop_3,54.52,2.401859599731109,1.7493432850070574,0.009511616708529387,0.00878614693438484,0,-1
open_loop_3,54.53,2.4021967890166227,1.7493088570448323,0.009406638228445353,0.00878614693438484,0,-1
open_loop_3,54.54,2.40257395352725,1.7492702586082443,0.009306625471007123,0.0075266386878500855,0,-1
open_loop_3,54.55,2.4029911439084537,1.74922775050667,0.009225912228843232,0.0075266386878500855,0,-1
open_loop_3,54.56,2.403448311906903,1.7491810508468981,0.00915098375845108,0.009639896742362099,0,-1
open_loop_3,54.57,2.403945346750072,1.7491298837871307,0.00905356647703907,0.009639896742362099,0,-1
open_loop_3,54.58,2.4044823153646364,1.749074786004957,0.008953776221393112,0.009382278372607631,0,-1
open_loop_3,54.59,2.405059258298981,1.7490156130946062,0.008860544662579083,0.009382278372607631,0,-1
open_loop_3,54.6,2.4056761649132388,1.7489522830700892,0.00877100256687368,0.009428085355357663,0,-1
open_loop_3,54.61,2.4063330299778345,1.7488848109103263,0.008684085366973352,0.009428085355357663,0,-1
open_loop_3,54.62,2.407029854783819,1.74881320842473,0.008600298742470446,0.008172859788474707,0,-1
open_loop_3,54.63,2.4077666974513536,1.7487377674195381,0.008535510591732307,0.008172859788474707,0,-1
open_loop_3,54.64,2.4085435149612064,1.748658020315155,0.008476747833522804,0.007064395099723787,0,-1
open_loop_3,54.65,2.4093603429952086,1.7485744337181148,0.008435257920461077,0.007064395099723787,0,-1
open_loop_3,54.66,2.4102171447091654,1.7484865563310479,0.008399347306682098,0.007641738967444577,0,-1
open_loop_3,54.67,2.411113880876499,1.7483943992489253,0.008359280545306122,0.007641738967444577,0,-1
open_loop_3,54.68,2.412050570455551,1.7482982204300972,0.00832125649463163,0.010926438357118151,0,-1
open_loop_3,54.69,2.4130270906717013,1.7481969906762156,0.008250364090469987,0.010926438357118151,0,-1
open_loop_3,54.7,2.4140435093651416,1.7480921644753462,0.008170139604446488,0.008537069451261202,0,-1
open_loop_3,54.71,2.4150999848678927,1.7479839130266703,0.008120764965738063,0.008537069451261202,0,-1
open_loop_3,54.72,2.4161964562035565,1.7478710534925108,0.008082336664500003,0.009047704954264544,0,-1
open_loop_3,54.73,2.4173328635861027,1.7477538677767563,0.008040691625977073,0.009047704954264544,0,-1
open_loop_3,54.74,2.418509223423781,1.7476326480197375,0.008001150318301077,0.006775680936143224,0,-1
open_loop_3,54.75,2.4197256335528965,1.7475080577083946,0.007991112516775034,0.006775680936143224,0,-1
open_loop_3,54.76,2.4209820417619583,1.747378863139357,0.007991639253657987,0.007315194407718995,0,-1
open_loop_3,54.77,2.4222783882248633,1.7472453456921118,0.007988644659470974,0.007315194407718995,0,-1
open_loop_3,54.78,2.423614688779487,1.7471078563632882,0.007987640283245959,0.006447290778090587,0,-1
open_loop_3,54.79,2.42499098802539,1.746966605286943,0.00800068067643807,0.006447290778090587,0,-1
open_loop_3,54.8,2.426407261694076,1.7468210531922794,0.008018956499154994,0.00715177501665165,0,-1
open_loop_3,54.81,2.4278634687100293,1.7466711377687911,0.008031702161180538,0.00715177501665165,0,-1
open_loop_3,54.82,2.4293564184949945,1.7465174213705044,0.00804587176846514,0.008762612376004952,0,-1
open_loop_3,54.83,2.4308567991768366,1.7463613002889413,0.00804209562688699,0.008762612376004952,0,-1
open_loop_3,54.84,2.4323571557880097,1.746205607952178,0.008033616737448708,0.006831784731164969,0,-1
open_loop_3,54.85,2.43385758939941,1.7460507129819178,0.008047700036219253,0.006831784731164969,0,-1
open_loop_3,54.86,2.435358056712484,1.745895286756569,0.008067795427339422,0.006313968050978058,0,-1
open_loop_3,54.87,2.4368585483564926,1.7457400446164075,0.008094356103237797,0.006313968050978058,0,-1
open_loop_3,54.88,2.438359050646144,1.7455846262255283,0.008122160135151046,0.009264585323742306,0,-1
open_loop_3,54.89,2.4398594465651966,1.7454279008739213,0.008117625910784713,0.009264585323742306,0,-1
open_loop_3,54.9,2.4413597823907005,1.7452721817624113,0.008101757282662103,0.00739142769975265,0,-1
open_loop_3,54.91,2.442860192448771,1.7451173070800083,0.00810776496087831,0.00739142769975265,0,-1
open_loop_3,54.92,2.4443606335624946,1.7449619475990308,0.008119566465563045,0.007268658666317319,0,-1
open_loop_3,54.93,2.4458610814094115,1.7448066044613162,0.008132921572636185,0.007268658666317319,0,-1
open_loop_3,54.94,2.4473615324779803,1.744651226459766,0.008146572901348258,0.01041622009407961,0,-1
open_loop_3,54.95,2.4488618685493044,1.744494463348388,0.008126226838052128,0.01041622009407961,0,-1
open_loop_3,54.96,2.4503621390539108,1.7443386375121395,0.008093268821862976,0.012021910784993038,0,-1
open_loop_3,54.97,2.4518623369805495,1.7441822326905656,0.008041193404682272,0.012021910784993038,0,-1
open_loop_3,54.98,2.4533625061129487,1.7440261864181907,0.007984354591598637,0.010047957872914013,0,-1
open_loop_3,54.99,2.4548627526388143,1.743870870729102,0.007950553756696418,0.010047957872914013,0,-1
open_loop_3,55.0,2.4563630260453153,1.7437149854280036,0.00792294244197767,0.008999523233973239,0,-1
open_loop_3,55.01,2.4578633429151227,1.7435594403811778,0.00790830461207452,0.008999523233973239,0,-1
open_loop_3,55.02,2.459363672272618,1.7434035839703423,0.007896265264891908,0.0050427797089840345,0,-1
open_loop_3,55.03,2.4608641363901675,1.7432491723556482,0.00792468959879982,0.0050427797089840345,0,-1
open_loop_3,55.04,2.462364693325302,1.7430937412396594,0.007971240361051918,0.00778959537450996,0,-1
open_loop_3,55.05,2.4638651555578193,1.7429368866563266,0.00798748425993606,0.00778959537450996,0,-1
open_loop_3,55.06,2.4653655632685356,1.742781066666938,0.007993507007483141,0.008693038195926038,0,-1
open_loop_3,55.07,2.466865931654337,1.742625025539238,0.007988221784379568,0.008693038195926038,0,-1
open_loop_3,55.08,2.4683662867463165,1.742469282070737,0.007980759237705458,0.008277891503048362,0,-1
open_loop_3,55.09,2.4698666590992446,1.74231371691937,0.007978435407818233,0.008277891503048362,0,-1
open_loop_3,55.1,2.471367036812083,1.7421580347278915,0.007977111324748746,0.00838696514330728,0,-1
open_loop_3,55.11,2.4728674096823013,1.7420022985341383,0.007974438670849087,0.00838696514330728,0,-1
open_loop_3,55.12,2.474367780807023,1.741846588063652,0.007971503391366657,0.00561547864342593,0,-1
open_loop_3,55.13,2.475868255618021,1.7416919489702543,0.007999210917289114,0.00561547864342593,0,-1
open_loop_3,55.14,2.4773687877725776,1.741536523226187,0.008037315102669959,0.009164373214864519,0,-1
open_loop_3,55.15,2.4788692004274266,1.7413794396627484,0.008038280739203407,0.009164373214864519,0,-1
open_loop_3,55.16,2.480369534365049,1.7412235487986685,0.00802393601459974,0.008074443691716395,0,-1
open_loop_3,55.17,2.4818699130752533,1.7410682625665228,0.008022866891866823,0.008074443691716395,0,-1
open_loop_3,55.18,2.483370306796918,1.740912683394357,0.008024551872362423,0.00919170020208959,0,-1
open_loop_3,55.19,2.4848706531227247,1.7407565839394874,0.008012553566780546,0.00919170020208959,0,-1
open_loop_3,55.2,2.486370982129868,1.740600816577594,0.007997695990586681,0.006536217781186516,0,-1
open_loop_3,55.21,2.4878714110829807,1.7404460854312274,0.00801237000484065,0.006536217781186516,0,-1
open_loop_3,55.22,2.4893718916461616,1.7402906522960746,0.008036828027927042,0.005020620545058919,0,-1
open_loop_3,55.23,2.4908724358779275,1.7401357844426237,0.008079395307749098,0.005020620545058919,0,-1
open_loop_3,55.24,2.4923730108016486,1.7399804023515,0.008126357775044736,0.00897492461205829,0,-1
open_loop_3,55.25,2.4938734573187578,1.739823282288725,0.008132909390986811,0.00897492461205829,0,-1
open_loop_3,55.26,2.4953738119414286,1.739667498182273,0.00812140367324328,0.00820519891896687,0,-1
open_loop_3,55.27,2.4968741977654463,1.7395122490115693,0.008119305138234485,0.00820519891896687,0,-1
open_loop_3,55.28,2.4983745937071777,1.739356792914859,0.008119055426771401,0.009268248010273263,0,-1
open_loop_3,55.29,2.4998749440063657,1.7392008492062323,0.008105711069794064,0.009268248010273263,0,-1
open_loop_3,55.3,2.5013752779608587,1.7390452152066207,0.008089716705992803,0.00951205080074935,0,-1
open_loop_3,55.31,2.502875599482319,1.738889480531282,0.008070679979881147,0.00951205080074935,0,-1
open_loop_3,55.32,2.5043759158783816,1.7387337852640994,0.008051055212576978,0.007503194559462137,0,-1
open_loop_3,55.33,2.5058763119656167,1.7385788625977896,0.008054859193850326,0.007503194559462137,0,-1
open_loop_3,55.34,2.5073767413635255,1.7384234193854378,0.00806500097359739,0.00945600670073521,0,-1
open_loop_3,55.35,2.5088770934965385,1.7382670387956307,0.008052334217447749,0.00945600670073521,0,-1
open_loop_3,55.36,2.510377411480844,1.738111269859107,0.008033577926025676,0.008862634205268003,0,-1
open_loop_3,55.37,2.5118777534409458,1.73795576921896,0.008022148075281347,0.008862634205268003,0,-1
open_loop_3,55.38,2.5133781020952863,1.737800089720322,0.008012146549898213,0.006857402599245167,0,-1
open_loop_3,55.39,2.5148785306691783,1.7376451813600542,0.00802555057945625,0.006857402599245167,0,-1
open_loop_3,55.4,2.5163789942776615,1.7374897236281008,0.008045264614096609,0.010128144637015168,0,-1
open_loop_3,55.41,2.5178793412142366,1.7373327641356922,0.008030032433793454,0.010128144637015168,0,-1
open_loop_3,55.42,2.5193796186897854,1.7371768097820515,0.00800135834162719,0.007479716677271319,0,-1
open_loop_3,55.43,2.520879995446319,1.7370219720259723,0.008002074906627587,0.007479716677271319,0,-1
open_loop_3,55.44,2.5223804207842973,1.736866476101842,0.008012547864700556,0.006823155626710433,0,-1
open_loop_3,55.45,2.523880875712973,1.7367111864894769,0.008031216177436053,0.006823155626710433,0,-1
open_loop_3,55.46,2.525381342229555,1.736555679885681,0.008051463960414226,0.005601415378579056,0,-1
open_loop_3,55.47,2.5268818611211765,1.73640069863708,0.008086563991325731,0.005601415378579056,0,-1
open_loop_3,55.48,2.5283824034745193,1.736245306291851,0.008124920249470426,0.006988046670636462,0,-1
open_loop_3,55.49,2.5298828943780807,1.7360892596333344,0.0081466638782535,0.006988046670636462,0,-1
open_loop_3,55.5,2.531383363745136,1.7359337965581674,0.008164523431321425,0.00869144966844404,0,-1
open_loop_3,55.51,2.5328837657044376,1.7357776636384852,0.0081622366196259,0.00869144966844404,0,-1
open_loop_3,55.52,2.534384138492758,1.735622145206155,0.008154823516413457,0.00758810130393428,0,-1
open_loop_3,55.53,2.5358845575094655,1.7354671185274797,0.008160914741763548,0.00758810130393428,0,-1
open_loop_3,55.54,2.537384992775753,1.7353118020704756,0.008169815010922232,0.006910529145384815,0,-1
open_loop_3,55.55,2.538885458121071,1.735156747604135,0.00818713814734378,0.006910529145384815,0,-1
open_loop_3,55.56,2.540385935169442,1.7350014754310195,0.008206090249061047,0.010709357458023037,0,-1
open_loop_3,55.57,2.5418862810111187,1.7348445457553243,0.008185849634312138,0.010709357458023037,0,-1
open_loop_3,55.58,2.543386540833933,1.7346887269264093,0.008148577818981846,0.00869458849600635,0,-1
open_loop_3,55.59,2.5448868794190957,1.7345338131243861,0.008134678625056334,0.00869458849600635,0,-1
open_loop_3,55.6,2.546387248799933,1.7343783562735025,0.00812714588023392,0.007698472599679818,0,-1
open_loop_3,55.61,2.5478876608480996,1.7342232494924792,0.008132009624305405,0.007698472599679818,0,-1
open_loop_3,55.62,2.5493880869462138,1.7340678746558247,0.008139274432386072,0.007574004005621139,0,-1
open_loop_3,55.63,2.550888519217666,1.733912543187457,0.008148097262432822,0.007574004005621139,0,-1
open_loop_3,55.64,2.552388954132175,1.7337571864187247,0.008157219792212286,0.008202036051944361,0,-1
open_loop_3,55.65,2.5538893632199287,1.7336015427029616,0.008158546810115026,0.008202036051944361,0,-1
open_loop_3,55.66,2.555389763408089,1.733446115890605,0.008158365376486608,0.009253613829830254,0,-1
open_loop_3,55.67,2.5568901182837234,1.733290234968352,0.008145194259942942,0.009253613829830254,0,-1
open_loop_3,55.68,2.5583904570311007,1.7331346620818595,0.00812941696864351,0.002161344667466646,0,-1
open_loop_3,55.69,2.5598909714007063,1.7329813794187352,0.00816983750208413,0.002161344667466646,0,-1
open_loop_3,55.7,2.5613917127852774,1.7328268928634283,0.008258827179644745,0.007670096352556665,0,-1
open_loop_3,55.71,2.562892314020473,1.7326694958061317,0.008298286403261515,0.007670096352556665,0,-1
open_loop_3,55.72,2.5643927626301686,1.7325137088317049,0.008306281087044946,0.009782115624561884,0,-1
open_loop_3,55.73,2.5658931242134875,1.7323575608249564,0.008289588526219686,0.009782115624561884,0,-1
open_loop_3,55.74,2.567393447295645,1.732202103913737,0.008266000718700612,0.010869310062531667,0,-1
open_loop_3,55.75,2.5688937199536994,1.732046228678701,0.008229001936281411,0.010869310062531667,0,-1
open_loop_3,55.76,2.57039397433985,1.7318906037121706,0.00818925391002737,0.0058319417218331004,0,-1
open_loop_3,55.77,2.5718943853871328,1.7317367494947273,0.008196996191976391,0.0058319417218331004,0,-1
open_loop_3,55.78,2.5733949235869886,1.7315818073340825,0.008231793145906474,0.009542371049816367,0,-1
open_loop_3,55.79,2.5748953387052866,1.7314249693291366,0.008228249209445431,0.009542371049816367,0,-1
open_loop_3,55.8,2.576395670003678,1.731269320647098,0.008208301210208609,0.00881144312961135,0,-1
open_loop_3,55.81,2.5778960305428718,1.7311141241668768,0.008197301423739102,0.00881144312961135,0,-1
open_loop_3,55.82,2.5793963996489877,1.7309587159177275,0.00818805829534281,0.009376651644309675,0,-1
open_loop_3,55.83,2.5808967431516066,1.7308030471549252,0.008171808461579944,0.009376651644309675,0,-1
open_loop_3,55.84,2.582397077463668,1.7306475126490066,0.008154197296292786,0.008790658926355997,0,-1
open_loop_3,55.85,2.5838974356735247,1.7304922006063217,0.008143852523425225,0.008790658926355997,0,-1
open_loop_3,55.86,2.58539780063368,1.7303367119079933,0.008134919351982746,0.008666973456913585,0,-1
open_loop_3,55.87,2.586898170147264,1.7301812494227309,0.008127529084675077,0.008666973456913585,0,-1
open_loop_3,55.88,2.588398540584957,1.7300257414293525,0.008120437049549024,0.009036066425599731,0,-1
open_loop_3,55.89,2.5898988941873204,1.7298700702835774,0.008108765035847324,0.009036066425599731,0,-1
open_loop_3,55.9,2.5913992416734986,1.7297144831995446,0.008096203749746093,0.009118133651667026,0,-1
open_loop_3,55.91,2.592899584272809,1.729558850631352,0.008082618905880296,0.009118133651667026,0,-1
open_loop_3,55.92,2.5943999244186053,1.7294032205140868,0.008068836113400637,0.006877671952692399,0,-1
open_loop_3,55.93,2.5959003516353354,1.7292484537862869,0.00808067523143871,0.006877671952692399,0,-1
open_loop_3,55.94,2.597400819516662,1.7290930900747006,0.008100082903242123,0.007670700972715494,0,-1
open_loop_3,55.95,2.5989012563778955,1.728937287889519,0.008109689737235295,0.007670700972715494,0,-1
open_loop_3,55.96,2.6004016821932163,1.728781818980241,0.008117401714221224,0.006695387695137001,0,-1
open_loop_3,55.97,2.6019021503554605,1.728626795066731,0.008137196409114216,0.006695387695137001,0,-1
open_loop_3,55.98,2.6034026347730443,1.7284714602208269,0.008159333754269733,0.00823047117903419,0,-1
open_loop_3,55.99,2.6049030596133744,1.7283154043673274,0.008163224677246056,0.00823047117903419,0,-1
open_loop_3,56.0,2.6064034588743423,1.7281599370777057,0.008162650641379363,0.010670351954066515,0,-1
open_loop_3,56.01,2.607903762036343,1.7280034542498597,0.008134520563970396,0.010670351954066515,0,-1
open_loop_3,56.02,2.609404018582378,1.7278476577869708,0.00809776047994815,0.005235444746810369,0,-1
open_loop_3,56.03,2.6109044370712216,1.7276937916600867,0.008110468739468383,0.005235444746810369,0,-1
open_loop_3,56.04,2.6124050004016968,1.727538797163931,0.00815407618236482,0.007450507946825892,0,-1
open_loop_3,56.05,2.6139054863326465,1.7273824562379037,0.008172489980509378,0.007450507946825892,0,-1
open_loop_3,56.06,2.6154059319275578,1.7272269658523032,0.00818351914941187,0.007494055292402992,0,-1
open_loop_3,56.07,2.6169063758210114,1.7270716210020174,0.008193941914772313,0.007494055292402992,0,-1
open_loop_3,56.08,2.618406820013843,1.7269163226232445,0.008204254813506477,0.007527152189023666,0,-1
open_loop_3,56.09,2.6199072638083054,1.7267610278988104,0.008214155286251393,0.007527152189023666,0,-1
open_loop_3,56.1,2.6214077080883333,1.726605762022511,0.008223976416941958,0.0071502852379272674,0,-1
open_loop_3,56.11,2.622908169463079,1.726450669528143,0.008238473823090666,0.0071502852379272674,0,-1
open_loop_3,56.12,2.624408637859594,1.7262954603232206,0.008253875897705699,0.007266686312625835,0,-1
open_loop_3,56.13,2.6259091030015895,1.7261402004395128,0.008267841562695217,0.007266686312625835,0,-1
open_loop_3,56.14,2.6274095677701976,1.7259850078948278,0.008281529335668404,0.010426809111225843,0,-1
open_loop_3,56.15,2.628909917301793,1.7258284396471004,0.008261113333901596,0.010426809111225843,0,-1
open_loop_3,56.16,2.6304102007306276,1.7256728140117685,0.008227999622484397,0.008280436631765472,0,-1
open_loop_3,56.17,2.6319105673224525,1.7255181009072724,0.00821953640615272,0.008280436631765472,0,-1
open_loop_3,56.18,2.6334109688124183,1.7253628236213943,0.008218144746642496,0.011072856630667705,0,-1
open_loop_3,56.19,2.6349112630005056,1.7252062781516913,0.008185934460619089,0.011072856630667705,0,-1
open_loop_3,56.2,2.636411501588915,1.7250504993116356,0.00814321421331881,0.008346923251825181,0,-1
open_loop_3,56.21,2.63791184194774,1.7248957992730949,0.008130647488683824,0.008346923251825181,0,-1
open_loop_3,56.22,2.639412230661092,1.7247404027044522,0.008128253578446628,0.009400682904503467,0,-1
open_loop_3,56.23,2.640912574003909,1.724584468449932,0.008112907204160006,0.009400682904503467,0,-1
open_loop_3,56.24,2.642412901085767,1.72442883153058,0.008094947530265508,0.005852769641739642,0,-1
open_loop_3,56.25,2.6439133524988496,1.7242745340794183,0.008114156914956087,0.005852769641739642,0,-1
open_loop_3,56.26,2.6454138821259567,1.7241193330987818,0.008148716379113857,0.008100437535929038,0,-1
open_loop_3,56.27,2.6469143302738374,1.7239629561375327,0.008157671344424914,0.008100437535929038,0,-1
open_loop_3,56.28,2.6484147367696393,1.7238074344901786,0.00815905692572838,0.006439341550150691,0,-1
open_loop_3,56.29,2.6499152101523293,1.7236526926521851,0.008180014879191401,0.006439341550150691,0,-1
open_loop_3,56.3,2.651415713392529,1.723497458992996,0.008205933863522794,0.006775810602416055,0,-1
open_loop_3,56.31,2.6529162056595794,1.723342024499463,0.008227712324061892,0.006775810602416055,0,-1
open_loop_3,56.32,2.654416694936791,1.723186754331334,0.008248688460895492,0.0084649203398266,0,-1
open_loop_3,56.33,2.655917118344257,1.723030758326984,0.00824970442135668,0.0084649203398266,0,-1
open_loop_3,56.34,2.6574175128549307,1.7228753928048637,0.008245654968352379,0.010170633845735468,0,-1
open_loop_3,56.35,2.6589178363247257,1.7227193339943319,0.008221430554771684,0.010170633845735468,0,-1
open_loop_3,56.36,2.6604181301893925,1.7225637540922782,0.008192062955491458,0.010251815488642626,0,-1
open_loop_3,56.37,2.661918417341349,1.7224081385774652,0.008161658097055857,0.010251815488642626,0,-1
open_loop_3,56.38,2.663418700395669,1.722252501254801,0.008131056501282107,0.007702492460484934,0,-1
open_loop_3,56.39,2.6649190799552467,1.72209781330307,0.00812899807025579,0.007702492460484934,0,-1
open_loop_3,56.4,2.6664195052884185,1.7219424811833852,0.008136169592015723,0.009076780660387307,0,-1
open_loop_3,56.41,2.667919874769601,1.721786459847262,0.008126875439309768,0.009076780660387307,0,-1
open_loop_3,56.42,2.6694202218599163,1.7216308669940847,0.008113730715282595,0.006814586582961634,0,-1
open_loop_3,56.43,2.6709206565284713,1.7214761797023461,0.008126389901473331,0.006814586582961634,0,-1
open_loop_3,56.44,2.6724211325998373,1.7213208879391244,0.008146732156882039,0.0072940257263374155,0,-1
open_loop_3,56.45,2.673921591113449,1.7211653023341638,0.008161167805658743,0.0072940257263374155,0,-1
open_loop_3,56.46,2.675422043790653,1.7210099275493538,0.008174459503269364,0.008296629808766998,0,-1
open_loop_3,56.47,2.676922454940705,1.720854130905931,0.008175296544554966,0.008296629808766998,0,-1
open_loop_3,56.48,2.678422851457347,1.720698706522337,0.0081737207111638,0.010081887378634578,0,-1
open_loop_3,56.49,2.67992317447923,1.7205425168091324,0.00815112114900436,0.010081887378634578,0,-1
open_loop_3,56.5,2.6814234664074625,1.7203868379957166,0.008123072227325693,0.005608728495414717,0,-1
open_loop_3,56.51,2.6829239034676235,1.7202328022990427,0.00813887244608477,0.005608728495414717,0,-1
open_loop_3,56.52,2.684424449005997,1.720077728590113,0.008177008209068887,0.00985249711246583,0,-1
open_loop_3,56.53,2.685924859081662,1.7199206028583451,0.00817286899693104,0.00985249711246583,0,-1
open_loop_3,56.54,2.687425167251111,1.7197647864477088,0.008148353083551914,0.010611784321958863,0,-1
open_loop_3,56.55,2.688925438152093,1.7196088587368674,0.008114255356884021,0.010611784321958863,0,-1
open_loop_3,56.56,2.690425695814395,1.7194530975734148,0.008078322422314647,0.006818606486285628,0,-1
open_loop_3,56.57,2.691926084636789,1.7192987221462361,0.008081522420817895,0.006818606486285628,0,-1
open_loop_3,56.58,2.6934265554768357,1.71914345029873,0.008101757098395659,0.006881613972433696,0,-1
open_loop_3,56.59,2.694927026791281,1.7189879996495907,0.008121299250874148,0.006881613972433696,0,-1
open_loop_3,56.6,2.6964274991931587,1.7188325888656288,0.008140697429913324,0.006421141199953962,0,-1
open_loop_3,56.61,2.6979279928881335,1.718677422009834,0.008165810807088033,0.006421141199953962,0,-1
open_loop_3,56.62,2.699428496164299,1.7185221060992493,0.008192026826891421,0.00898901167561572,0,-1
open_loop_3,56.63,2.7009289050611773,1.7183656468386583,0.008189526165386726,0.00898901167561572,0,-1
open_loop_3,56.64,2.702429263785187,1.7182100872161743,0.008177732146724532,0.006573272258090677,0,-1
open_loop_3,56.65,2.703929714490715,1.7180555598251355,0.008193147761710883,0.006573272258090677,0,-1
open_loop_3,56.66,2.705430211061506,1.717900383689766,0.008217063135535788,0.00869872741448496,0,-1
open_loop_3,56.67,2.706930627539366,1.7177441591863594,0.008216489888776544,0.00869872741448496,0,-1
open_loop_3,56.68,2.708431005455272,1.7175886978866348,0.008208985291347223,0.010976966056214899,0,-1
open_loop_3,56.69,2.7099312910685533,1.7174323225584904,0.008175440876229706,0.010976966056214899,0,-1
open_loop_3,56.7,2.711431534030659,1.7172765644505492,0.008134125187609127,0.009947125905097387,0,-1
open_loop_3,56.71,2.7129318184516285,1.7171212232225896,0.008105504744496284,0.009947125905097387,0,-1
open_loop_3,56.72,2.7144321132831752,1.7169655571460296,0.008079408061332767,0.009268853216936712,0,-1
open_loop_3,56.73,2.715932435547344,1.7168101085099094,0.008061744188911122,0.009268853216936712,0,-1
open_loop_3,56.74,2.717432764902479,1.7166544455552188,0.008045714969302686,0.008046838165218338,0,-1
open_loop_3,56.75,2.7189331447900877,1.7164992391024612,0.008044535397015662,0.008046838165218338,0,-1
open_loop_3,56.76,2.720433542232488,1.7163437002215771,0.008046627344741117,0.009346400536700994,0,-1
open_loop_3,56.77,2.7219338854833213,1.7161875549624561,0.008033044135218107,0.009346400536700994,0,-1
open_loop_3,56.78,2.723434207700625,1.7160317958324829,0.008015895862036847,0.009851263726515121,0,-1
open_loop_3,56.79,2.7249345057705248,1.7158758361766988,0.007992459021892412,0.009851263726515121,0,-1
open_loop_3,56.8,2.7264347948740104,1.7157199816896578,0.007967804912417041,0.00850173341104421,0,-1
open_loop_3,56.81,2.7279351388137885,1.715564641468922,0.007959379286331647,0.00850173341104421,0,-1
open_loop_3,56.82,2.729435501729347,1.7154089265763668,0.007954719698530467,0.008064101292466931,0,-1
open_loop_3,56.83,2.730935883330117,1.7152533556691387,0.00795551191814894,0.008064101292466931,0,-1
open_loop_3,56.84,2.732436270944116,1.7150976646877714,0.00795735920780255,0.009407151294164251,0,-1
open_loop_3,56.85,2.7339366025468954,1.7149413642580005,0.007943044253144975,0.009407151294164251,0,-1
open_loop_3,56.86,2.7354369122511657,1.7147854619028178,0.007924995275043898,0.007364322625592835,0,-1
open_loop_3,56.87,2.7369373027467576,1.7146303743206244,0.007930677178262565,0.007364322625592835,0,-1
open_loop_3,56.88,2.738437727668896,1.714474756239421,0.007942876226475895,0.009478194603682157,0,-1
open_loop_3,56.89,2.7399380701765574,1.7143181241478522,0.007930675411909437,0.009478194603682157,0,-1
open_loop_3,56.9,2.741438374698346,1.7141621622599523,0.007911595697347286,0.007377357134085384,0,-1
open_loop_3,56.91,2.742938761697128,1.7140070666163776,0.007916773077693649,0.007377357134085384,0,-1
open_loop_3,56.92,2.7444391844650404,1.7138514292620586,0.007928777389518677,0.009018059327074559,0,-1
open_loop_3,56.93,2.7459395420293307,1.7136949859130433,0.007921391806936713,0.009018059327074559,0,-1
open_loop_3,56.94,2.7474398719181226,1.7135390793797827,0.00790912609090171,0.005228939434630319,0,-1
open_loop_3,56.95,2.748940332134157,1.713384626933499,0.007935938203578793,0.005228939434630319,0,-1
open_loop_3,56.96,2.75044087961784,1.7132291942826599,0.00797973562299909,0.005239804040320984,0,-1
open_loop_3,56.97,2.7519414326576275,1.7130735809057622,0.008023506517609014,0.005239804040320984,0,-1
open_loop_3,56.98,2.7534419900485387,1.7129180170108418,0.008067260623460531,0.00866199436304971,0,-1
open_loop_3,56.99,2.7549424315312843,1.7127610102128457,0.008074819462595962,0.00866199436304971,0,-1
open_loop_3,57.0,2.756442798037673,1.7126052169559611,0.00806792826824579,0.007223928410155179,0,-1
open_loop_3,57.01,2.7579432225111704,1.7124501891969202,0.00807812001103404,0.007223928410155179,0,-1
open_loop_3,57.02,2.7594436703828418,1.7122947783080524,0.008092411984234474,0.006211337233430479,0,-1
open_loop_3,57.03,2.7609441629535576,1.712139761717969,0.008119276905840673,0.006211337233430479,0,-1
open_loop_3,57.04,2.7624446734984938,1.7119844049743447,0.008148592391347482,0.007944914671439209,0,-1
open_loop_3,57.05,2.763945118294872,1.7118282419580386,0.008157492943616005,0.007944914671439209,0,-1
open_loop_3,57.06,2.765445533474838,1.7116727698373215,0.008161166807233023,0.008751688548973128,0,-1
open_loop_3,57.07,2.7669459138282386,1.7115170234686665,0.008154774791814525,0.008751688548973128,0,-1
open_loop_3,57.08,2.7684462822284877,1.7113615278733394,0.008146440392561686,0.0075654314987123605,0,-1
open_loop_3,57.09,2.7699467000730316,1.7112065165878656,0.008152543568943751,0.0075654314987123605,0,-1
open_loop_3,57.1,2.7714471357790096,1.7110511930665286,0.008161778294330246,0.008864561290551354,0,-1
open_loop_3,57.11,2.7729475186543473,1.7108952493885137,0.00815534050020744,0.008864561290551354,0,-1
open_loop_3,57.12,2.774447880729756,1.7107397252368302,0.008145343357464306,0.007188267531587746,0,-1
open_loop_3,57.13,2.7759483102975326,1.7105848889894069,0.008155131018028528,0.007188267531587746,0,-1
open_loop_3,57.14,2.777448767861505,1.7104296042873963,0.00816994737919141,0.009897407941387827,0,-1
open_loop_3,57.15,2.7789491244830935,1.7102730618674278,0.008154725492460466,0.009897407941387827,0,-1
open_loop_3,57.16,2.7804494275650815,1.7101173594873602,0.0081294487935656,0.007739639852447853,0,-1
open_loop_3,57.17,2.7819498144881756,1.7099625636690752,0.008128946690384697,0.007739639852447853,0,-1
open_loop_3,57.18,2.783450237764669,1.7098072132843753,0.00813557763775118,0.008238658390647746,0,-1
open_loop_3,57.19,2.78495064059775,1.7096515933981655,0.008136048150745681,0.008238658390647746,0,-1
open_loop_3,57.2,2.786451036412564,1.7094961343722244,0.008135320250488895,0.0055424156517847045,0,-1
open_loop_3,57.21,2.7879515334113867,1.7093417305493324,0.008164516278143113,0.0055424156517847045,0,-1
open_loop_3,57.22,2.7894520863005905,1.7091865501056374,0.008203706143158917,0.009286258600078591,0,-1
open_loop_3,57.23,2.7909525150522776,1.7090296394924245,0.008204197359234182,0.009286258600078591,0,-1
open_loop_3,57.24,2.7924528587160866,1.7088739694531294,0.00818805540040696,0.0095411850837408,0,-1
open_loop_3,57.25,2.793953188584985,1.7087183710759672,0.0081686181624981,0.0095411850837408,0,-1
open_loop_3,57.26,2.7954535131145257,1.7085628205213952,0.008148561875548003,0.007216478499907364,0,-1
open_loop_3,57.27,2.7969539271640302,1.70840815753667,0.008154921812249022,0.007216478499907364,0,-1
open_loop_3,57.28,2.798454382933262,1.7082528972209772,0.008169305790227057,0.00910883491709269,0,-1
open_loop_3,57.29,2.7999547647305727,1.708096704695102,0.00816155487594532,0.00910883491709269,0,-1
open_loop_3,57.3,2.801455113554354,1.7079411382551146,0.008147950763356657,0.008533608645598267,0,-1
open_loop_3,57.31,2.8029554859157755,1.707785842291168,0.008141446780693529,0.008533608645598267,0,-1
open_loop_3,57.32,2.8044558653198264,1.7076303800657766,0.008136327357011865,0.010620384428720264,0,-1
open_loop_3,57.33,2.80595615959165,1.7074739900239055,0.008107041503646505,0.010620384428720264,0,-1
open_loop_3,57.34,2.8074564161797513,1.707318176600155,0.00807101010031767,0.01099416411578824,0,-1
open_loop_3,57.35,2.8089566521981655,1.7071622113155978,0.008030300582362818,0.01099416411578824,0,-1
open_loop_3,57.36,2.8104568793990263,1.7070062901896021,0.007988688934875367,0.008342637028010637,0,-1
open_loop_3,57.37,2.8119572064176883,1.7068513435062416,0.007976583258372152,0.008342637028010637,0,-1
open_loop_3,57.38,2.813457579961362,1.7066957143712238,0.007974254309082001,0.006693587591375393,0,-1
open_loop_3,57.39,2.8149580208531932,1.7065406722016603,0.007991483356159543,0.006693587591375393,0,-1
open_loop_3,57.4,2.81645849058104,1.7063851528982525,0.008013632543863627,0.006515149652822848,0,-1
open_loop_3,57.41,2.8179589705145647,1.7062296738655276,0.008038030839963907,0.006515149652822848,0,-1
open_loop_3,57.42,2.819459455678866,1.7060741513884485,0.008062859273062198,0.0028245413326875033,0,-1
open_loop_3,57.43,2.8209600670019066,1.7059201206112025,0.008126020524124587,0.0028245413326875033,0,-1
open_loop_3,57.44,2.822460771000949,1.7057650086634717,0.008205472187081604,0.009705652110798102,0,-1
open_loop_3,57.45,2.8239613112728374,1.705607124481922,0.008229412893019235,0.009705652110798102,0,-1
open_loop_3,57.46,2.8254616366014806,1.705450876834446,0.00820737814226426,0.007744129449765326,0,-1
open_loop_3,57.47,2.8269620357355825,1.7052961224962138,0.0082078255144013,0.007744129449765326,0,-1
open_loop_3,57.48,2.8284624666710996,1.705140882310916,0.00821439564514339,0.008592695461738577,0,-1
open_loop_3,57.49,2.8299628621545283,1.70498521558775,0.008210459830757404,0.008592695461738577,0,-1
open_loop_3,57.5,2.8314632452219985,1.7048298198911684,0.008204485635558015,0.007987389586765039,0,-1
open_loop_3,57.51,2.832963653875722,1.7046746806826585,0.008206011715842712,0.007987389586765039,0,-1
open_loop_3,57.52,2.834464070916748,1.704519377934443,0.00820899573286212,0.006577291727867251,0,-1
open_loop_3,57.53,2.8359645463863346,1.7043646317182373,0.008228882975801871,0.006577291727867251,0,-1
open_loop_3,57.54,2.837465046608927,1.704209459828385,0.00825276207946698,0.00958414451371059,0,-1
open_loop_3,57.55,2.838965438303272,1.7040529135494031,0.00824379793804962,0.00958414451371059,0,-1
open_loop_3,57.56,2.8404657684097296,1.7038973536041697,0.008223186751790271,0.0069771596924170795,0,-1
open_loop_3,57.57,2.8419661962949125,1.703742896814081,0.008231582656048031,0.0069771596924170795,0,-1
open_loop_3,57.58,2.8434666733888667,1.703587775969575,0.008249507019503456,0.008567471911051339,0,-1
open_loop_3,57.59,2.844967088633144,1.7034318413884764,0.008248611123171873,0.008567471911051339,0,-1
open_loop_3,57.6,2.846467477116805,1.7032764725630274,0.008243034408096959,0.004610454722574708,0,-1
open_loop_3,57.61,2.847967999286701,1.7031226285106007,0.008277872613813787,0.004610454722574708,0,-1
open_loop_3,57.62,2.849468616186038,1.702967739561112,0.008330832716117875,0.01053619815098239,0,-1
open_loop_3,57.63,2.850969071404487,1.7028102889823946,0.008331863670836333,0.01053619815098239,0,-1
open_loop_3,57.64,2.852469357363544,1.7026543970927968,0.008297355881468472,0.007798916532103294,0,-1
open_loop_3,57.65,2.8539697434794773,1.7024999800603187,0.008292868430215275,0.007798916532103294,0,-1
open_loop_3,57.66,2.8554701796313995,1.7023448901598286,0.008298605297052014,0.008025175375959925,0,-1
open_loop_3,57.67,2.8569706070050755,1.7021896400064862,0.008301583332863913,0.008025175375959925,0,-1
open_loop_3,57.68,2.858471031508062,1.7020344603867505,0.008304018461066405,0.009223042765998281,0,-1
open_loop_3,57.69,2.85997140572775,1.7018787480255073,0.008291870773996124,0.009223042765998281,0,-1
open_loop_3,57.7,2.861471760910745,1.7017233947562689,0.008276551391912105,0.007503818122334138,0,-1
open_loop_3,57.71,2.8629721849252023,1.7015687316343668,0.008281490345767183,0.007503818122334138,0,-1
open_loop_3,57.72,2.8644726369466498,1.7014136217959934,0.008291629104816305,0.009060225270900004,0,-1
open_loop_3,57.73,2.8659730267999364,1.7012577606059367,0.008283290954571504,0.009060225270900004,0,-1
open_loop_3,57.74,2.8674733905163343,1.7011023973815211,0.008270397878748807,0.006292969269272143,0,-1
open_loop_3,57.75,2.8689738572732923,1.7009481316526822,0.008288080876813743,0.006292969269272143,0,-1
open_loop_3,57.76,2.870474379291282,1.7007931265113267,0.008316142354313175,0.004121387955424272,0,-1
open_loop_3,57.77,2.8719749872473734,1.7006389466256473,0.008369239569231543,0.004121387955424272,0,-1
open_loop_3,57.78,2.8734756423581835,1.700484049879647,0.00842952025797199,0.009657903350541728,0,-1
open_loop_3,57.79,2.874976143300477,1.7003268503195264,0.008439788594538207,0.009657903350541728,0,-1
open_loop_3,57.8,2.8764764906384652,1.700171236853141,0.00841828232085431,0.007655857958323243,0,-1
open_loop_3,57.81,2.87797691481388,1.7000168321528701,0.008419870365266369,0.007655857958323243,0,-1
open_loop_3,57.82,2.8794773719010154,1.6998619217487783,0.008427749688689897,0.008946843655206484,0,-1
open_loop_3,57.83,2.880977776477722,1.6997063789674813,0.008420060133779507,0.008946843655206484,0,-1
open_loop_3,57.84,2.882478160286691,1.6995512439909746,0.008408842482126408,0.009393881838293707,0,-1
open_loop_3,57.85,2.8839785232569106,1.6993959425707181,0.0083920528525969,0.009393881838293707,0,-1
open_loop_3,57.86,2.8854788785734735,1.699240740240556,0.008374185310895652,0.010919574051629688,0,-1
open_loop_3,57.87,2.886979167621395,1.6990848856104779,0.008338149609224745,0.010919574051629688,0,-1
open_loop_3,57.88,2.8884794300816967,1.698929407214506,0.008297665546991443,0.0068188667604540685,0,-1
open_loop_3,57.89,2.889979830787717,1.6987754268453392,0.008298609121452258,0.0068188667604540685,0,-1
open_loop_3,57.9,2.8914803231155357,1.698620503112345,0.008318827836530436,0.008667057246988906,0,-1
open_loop_3,57.91,2.8929807449530314,1.6984645644734946,0.008317456172250366,0.008667057246988906,0,-1
open_loop_3,57.92,2.8944811346776467,1.6983092763856356,0.008310409952682013,0.0036951770906723524,0,-1
open_loop_3,57.93,2.8959816771776197,1.698155833447564,0.008350453043134237,0.0036951770906723524,0,-1
open_loop_3,57.94,2.897482352708918,1.6980011906955825,0.008416926799984483,0.009502405725541506,0,-1
open_loop_3,57.95,2.8989828737102945,1.69784391175947,0.00843213270460131,0.009502405725541506,0,-1
open_loop_3,57.96,2.900483229612426,1.69768824100943,0.008412963268097418,0.011325558900271204,0,-1
open_loop_3,57.97,2.901983504766747,1.6975322877407164,0.008372077185467827,0.011325558900271204,0,-1
open_loop_3,57.98,2.9034837472840502,1.6973768062791839,0.00832557693377801,0.009434508102115213,0,-1
open_loop_3,57.99,2.904984064019876,1.6972220476341289,0.008301202476352604,0.009434508102115213,0,-1
open_loop_3,58.0,2.9064844077201144,1.6970667554328605,0.008282695378645306,0.007742026919624223,0,-1
open_loop_3,58.01,2.9079848194304994,1.6969120693507276,0.008284202908082069,0.007742026919624223,0,-1
open_loop_3,58.02,2.9094852581392296,1.6967569374584663,0.008290808875889082,0.007838007741273856,0,-1
open_loop_3,58.03,2.910985693567746,1.696601738738238,0.008296249097175641,0.007838007741273856,0,-1
open_loop_3,58.04,2.912486128203028,1.6964465747608586,0.00830145905817691,0.007328579584948702,0,-1
open_loop_3,58.05,2.9139865852415276,1.6962916273984878,0.008312990892226712,0.007328579584948702,0,-1
open_loop_3,58.06,2.9154870507059765,1.6961365360925054,0.008325747098067247,0.010381463325198405,0,-1
open_loop_3,58.07,2.9169874038869104,1.6959800808552934,0.008305268838874837,0.010381463325198405,0,-1
open_loop_3,58.08,2.9184876943084688,1.6958245350781243,0.008272822348543091,0.004764224470455323,0,-1
open_loop_3,58.09,2.919988148290159,1.6956710116889686,0.008290741506744293,0.004764224470455323,0,-1
open_loop_3,58.1,2.921488756239664,1.695516334211425,0.008341319975247409,0.005984108560011858,0,-1
open_loop_3,58.11,2.922989323476367,1.6953607194910523,0.008377292859186142,0.005984108560011858,0,-1
open_loop_3,58.12,2.924489873809305,1.6952056139287566,0.008410039951929892,0.007741571428728111,0,-1
open_loop_3,58.13,2.9259903574208788,1.6950498205103945,0.008422056221102106,0.007741571428728111,0,-1
open_loop_3,58.14,2.927490810777324,1.6948947477851837,0.008428751070130124,0.006737725705285858,0,-1
open_loop_3,58.15,2.9289913070573026,1.6947401945580696,0.008447846188431888,0.006737725705285858,0,-1
open_loop_3,58.16,2.9304918199653063,1.6945853292069688,0.00846935616805627,0.00905566378285716,0,-1
open_loop_3,58.17,2.931992246020107,1.6944293990554509,0.008464524810425235,0.00905566378285716,0,-1
open_loop_3,58.18,2.933492628297639,1.694274265460289,0.008451729591209699,0.007923310412174093,0,-1
open_loop_3,58.19,2.934993063795965,1.6941196747860632,0.008454411397533636,0.007923310412174093,0,-1
open_loop_3,58.2,2.9364935092341002,1.693964756143682,0.008458343752357354,0.00582945629271858,0,-1
open_loop_3,58.21,2.937994037397635,1.6938106510894726,0.008486518828397587,0.00582945629271858,0,-1
open_loop_3,58.22,2.939494606102657,1.6936559105500706,0.008521471457210958,0.008127183688193094,0,-1
open_loop_3,58.23,2.940995091616595,1.6935000657397805,0.00853030337062995,0.008127183688193094,0,-1
open_loop_3,58.24,2.942495533784289,1.6933450986778331,0.008531295542541392,0.005845618233604189,0,-1
open_loop_3,58.25,2.9439960634811495,1.6931911460888898,0.008558226410081578,0.005845618233604189,0,-1
open_loop_3,58.26,2.9454966382836374,1.6930365255728579,0.008592933946031679,0.008995546785547596,0,-1
open_loop_3,58.27,2.94699710396458,1.6928804329141802,0.008593679106472032,0.008995546785547596,0,-1
open_loop_3,58.28,2.948497502933355,1.6927254307964772,0.008581819079590193,0.007430866624363208,0,-1
open_loop_3,58.29,2.949997964278385,1.6925711870359017,0.008588447214984368,0.007430866624363208,0,-1
open_loop_3,58.3,2.951498451038906,1.6924165380297689,0.008599671324679481,0.01060664857242788,0,-1
open_loop_3,58.31,2.9529988224200485,1.692260448547049,0.008576692381691104,0.01060664857242788,0,-1
open_loop_3,58.32,2.954499127045227,1.692105278851544,0.008540910993287305,0.008880836126466285,0,-1
open_loop_3,58.33,2.9559994994981857,1.6919508563331658,0.00852539804535598,0.008880836126466285,0,-1
open_loop_3,58.34,2.957499897238088,1.6917959579563193,0.008515109207206486,0.008992421817509921,0,-1
open_loop_3,58.35,2.9590002892635177,1.6916409618044226,0.008503461483692316,0.008992421817509921,0,-1
open_loop_3,58.36,2.9605006786324113,1.6914859776426971,0.008491545750806719,0.007478051489392178,0,-1
open_loop_3,58.37,2.9620011293393853,1.6913315841828416,0.008497666165550012,0.007478051489392178,0,-1
open_loop_3,58.38,2.9635016043878775,1.691176794396239,0.008508191363673626,0.006653695231926268,0,-1
open_loop_3,58.39,2.9650021158591535,1.6910223149958066,0.008528969297854171,0.006653695231926268,0,-1
open_loop_3,58.4,2.966502641730796,1.6908675648134206,0.008551728652987629,0.005961940118206056,0,-1
open_loop_3,58.41,2.9680031990167266,1.6907131234847368,0.008583093505520839,0.005961940118206056,0,-1
open_loop_3,58.42,2.969503770245571,1.6905584474238404,0.008616116725715118,0.004638062890123696,0,-1
open_loop_3,58.43,2.971004397612332,1.690404383808611,0.008665113670551321,0.004638062890123696,0,-1
open_loop_3,58.44,2.9725050529032333,1.6902498688668603,0.008717757834736708,0.009918807471181791,0,-1
open_loop_3,58.45,2.9740055559864946,1.6900931773841261,0.00872166318860439,0.009918807471181791,0,-1
open_loop_3,58.46,2.97550591610005,1.6899380222822926,0.00869625660927929,0.009803740802644347,0,-1
open_loop_3,58.47,2.9770062767309025,1.6897832593726843,0.0086720344887033,0.009803740802644347,0,-1
open_loop_3,58.48,2.9785066364097195,1.6896284412717086,0.008648080314975841,0.008449157380101102,0,-1
open_loop_3,58.49,2.9800070508477465,1.689474129497999,0.00864041733834556,0.008449157380101102,0,-1
open_loop_3,58.5,2.9815074847165945,1.6893194426237816,0.008636540131792953,0.00808367755410355,0,-1
open_loop_3,58.51,2.983007934129267,1.6891648713728162,0.008637219095633464,0.00808367755410355,0,-1
open_loop_3,58.52,2.9845083886381314,1.6890101997050713,0.00863877925429703,0.00846633287112697,0,-1
open_loop_3,58.53,2.9860088268772205,1.6888553604806715,0.00863559405975675,0.00846633287112697,0,-1
open_loop_3,58.54,2.987509259469556,1.6887006283892818,0.008631487621207383,0.008325169699521682,0,-1
open_loop_3,58.55,2.9890096977251828,1.6885459549595347,0.008629128194166684,0.008325169699521682,0,-1
open_loop_3,58.56,2.99051013767977,1.688391239391919,0.008627108683553724,0.009945242371797393,0,-1
open_loop_3,58.57,2.9920105108207338,1.6882358037913423,0.008605894035213156,0.009945242371797393,0,-1
open_loop_3,58.58,2.9935108559999004,1.6880808282047939,0.00857987035914339,0.004255294535965515,0,-1
open_loop_3,58.59,2.995011364772471,1.6879278361793657,0.008604628816161624,0.004255294535965515,0,-1
open_loop_3,58.6,2.9965120327138415,1.6877736613012952,0.008662745494410004,0.008152206800827065,0,-1
open_loop_3,58.61,2.9980125803724675,1.6876174011474099,0.008681095414430618,0.008152206800827065,0,-1
open_loop_3,58.62,2.9995130372709826,1.6874624801115197,0.008681802841778328,0.009565894078368942,0,-1
open_loop_3,58.63,3.00101343384821,1.6873072156732098,0.008665419416729455,0.009565894078368942,0,-1
open_loop_3,58.64,3.0025138066663484,1.6871523769508432,0.008645020110879578,0.008599826896210416,0,-1
open_loop_3,58.65,3.004014219494947,1.6869979347350368,0.008636588084234429,0.008599826896210416,0,-1
open_loop_3,58.66,3.0055146444355767,1.6868432148041559,0.00863048279462962,0.008767121365552464,0,-1
open_loop_3,58.67,3.007015061594136,1.6866883999225966,0.008622313431334083,0.008767121365552464,0,-1
open_loop_3,58.68,3.0085154756685153,1.6865336182244204,0.008613741399239202,0.009128175109806234,0,-1
open_loop_3,58.69,3.0100158731451145,1.6863786797472942,0.008600685468780423,0.009128175109806234,0,-1
open_loop_3,58.7,3.0115162644480478,1.686223821223411,0.008586759525569929,0.009856242207731734,0,-1
open_loop_3,58.71,3.013016622431281,1.6860686476865638,0.008563791331969167,0.009856242207731734,0,-1
open_loop_3,58.72,3.0145169684058057,1.685913645178947,0.008539069008649201,0.006823926090489874,0,-1
open_loop_3,58.73,3.0160174253388337,1.6857597888368683,0.008547402424500925,0.006823926090489874,0,-1
open_loop_3,58.74,3.0175179425222005,1.6856051685731999,0.00856758756211581,0.007891666428740063,0,-1
open_loop_3,58.75,3.0190184179811546,1.6854499458890628,0.008574681327616577,0.007891666428740063,0,-1
open_loop_3,58.76,3.020518877518354,1.6852951515413754,0.008579122138058387,0.008336762188061451,0,-1
open_loop_3,58.77,3.0220193182118913,1.6851402072788157,0.008578010961734253,0.008336762188061451,0,-1
open_loop_3,58.78,3.023519752491302,1.6849854012668457,0.008575827949024414,0.008589889272739182,0,-1
open_loop_3,58.79,3.0250201755424033,1.6848304980790831,0.008570496344951332,0.008589889272739182,0,-1
open_loop_3,58.8,3.026520594600172,1.6846756568352437,0.008564554649218355,0.009311778022190076,0,-1
open_loop_3,58.81,3.0280209816860384,1.6845205057776924,0.00854964851399991,0.009311778022190076,0,-1
open_loop_3,58.82,3.029521357442003,1.6843655425353203,0.008533003761088965,0.007909821786845406,0,-1
open_loop_3,58.83,3.031021790068355,1.6842111308248457,0.008533157429187298,0.007909821786845406,0,-1
open_loop_3,58.84,3.032522244038721,1.684056345058039,0.008537280389706072,0.007653592077267567,0,-1
open_loop_3,58.85,3.034022709576805,1.6839016413532086,0.008544604295400228,0.007653592077267567,0,-1
open_loop_3,58.86,3.0355231794118964,1.6837468773086974,0.008552546224842866,0.011138846496547393,0,-1
open_loop_3,58.87,3.0370235244098547,1.6835905897791572,0.008523789430248866,0.011138846496547393,0,-1
open_loop_3,58.88,3.038523793200899,1.6834352644581765,0.008480124713390899,0.007938215519132541,0,-1
open_loop_3,58.89,3.0400241771521483,1.6832812286849896,0.008470776517698241,0.007938215519132541,0,-1
open_loop_3,58.9,3.0415246229783888,1.68312640956727,0.008474432419575486,0.009761408552044323,0,-1
open_loop_3,58.91,3.0430249957197573,1.6829706822827741,0.008456732176227697,0.009761408552044323,0,-1
open_loop_3,58.92,3.044525336616737,1.6828154943962927,0.008433441183548178,0.007009792347632881,0,-1
open_loop_3,58.93,3.0460257798911505,1.6826613872758065,0.008440574298719541,0.007009792347632881,0,-1
open_loop_3,58.94,3.047526275879836,1.6825065843318374,0.008458011760600806,0.00851213272432627,0,-1
open_loop_3,58.95,3.0490267134153277,1.682351001328434,0.008457594534875441,0.00851213272432627,0,-1
open_loop_3,58.96,3.0505271259061315,1.6821959547783685,0.008452837146571138,0.009403858876730009,0,-1
open_loop_3,58.97,3.052027498978479,1.6820405630305593,0.008436976541930747,0.009403858876730009,0,-1
open_loop_3,58.98,3.0535278582565315,1.681885416287444,0.008418968040054866,0.008807913108528352,0,-1
open_loop_3,58.99,3.0550282417454127,1.6817305025375227,0.008408344379169859,0.008807913108528352,0,-1
open_loop_3,59.0,3.0565286321301355,1.6815754091972914,0.00839915610876142,0.010992448193574587,0,-1
open_loop_3,59.01,3.0580289335700446,1.6814193543277107,0.008364877781956602,0.010992448193574587,0,-1
open_loop_3,59.02,3.05952919460962,1.6812638828103033,0.008323329912903533,0.00647943567022713,0,-1
open_loop_3,59.03,3.0610296019903616,1.6811100566146429,0.008325881686027587,0.00647943567022713,0,-1
open_loop_3,59.04,3.0625301162680554,1.6809552265467278,0.00835110994001822,0.008399637084810506,0,-1
open_loop_3,59.05,3.0640305586368006,1.68079930397745,0.008353984119151746,0.008399637084810506,0,-1
open_loop_3,59.06,3.0655309673771325,1.6806440874336195,0.008350912131907574,0.011661106237335963,0,-1
open_loop_3,59.07,3.0670312538770914,1.6804875419309169,0.008312882834285069,0.011661106237335963,0,-1
open_loop_3,59.08,3.0685314713741128,1.6803318642065803,0.008261453965046997,0.0072543571004692895,0,-1
open_loop_3,59.09,3.0700318336007584,1.6801778365553024,0.00825339351790681,0.0072543571004692895,0,-1
open_loop_3,59.1,3.071532296391881,1.680022836101028,0.008267139865717714,0.009178157781000174,0,-1
open_loop_3,59.11,3.0730326845858156,1.6798667833795635,0.008258479221668814,0.009178157781000174,0,-1
open_loop_3,59.12,3.074533039150146,1.6797113531721612,0.008243847150759702,0.009148710438273698,0,-1
open_loop_3,59.13,3.076033393289261,1.679555969890712,0.008229540320577622,0.009148710438273698,0,-1
open_loop_3,59.14,3.077533746381481,1.679400558928861,0.008215303022807055,0.006164214072365669,0,-1
open_loop_3,59.15,3.079034209465126,1.6792462800347705,0.008233727055177094,0.006164214072365669,0,-1
open_loop_3,59.16,3.080534733409556,1.6790912067142587,0.008263691064169566,0.010156877722986566,0,-1
open_loop_3,59.17,3.0820351244815427,1.6789342923016526,0.008252968036783657,0.010156877722986566,0,-1
open_loop_3,59.18,3.0835354229727034,1.678778604434403,0.008223912430734519,0.008847263953537967,0,-1
open_loop_3,59.19,3.0850357736659086,1.6786235916898362,0.008210521751921685,0.008847263953537967,0,-1
open_loop_3,59.2,3.086536141985816,1.678468212584745,0.008200737742891356,0.009156593093800236,0,-1
open_loop_3,59.21,3.08803649590445,1.678312666828027,0.008187132546273705,0.009156593093800236,0,-1
open_loop_3,59.22,3.0895368443313527,1.678157184996009,0.00817278263034364,0.00798535606996653,0,-1
open_loop_3,59.23,3.091037241346806,1.6780021607063895,0.008172714190686103,0.00798535606996653,0,-1
open_loop_3,59.24,3.092537655130532,1.6778468189156968,0.008175719697621875,0.007847681807453096,0,-1
open_loop_3,59.25,3.0940380752691174,1.6776915150807599,0.008180450319830054,0.007847681807453096,0,-1
open_loop_3,59.26,3.095538497778886,1.6775361797655504,0.008185513197421489,0.008428751470736186,0,-1
open_loop_3,59.27,3.0970388958850323,1.677380585440612,0.008183363701804836,0.008428751470736186,0,-1
open_loop_3,59.28,3.098539285591482,1.6772251730692123,0.008179816863013941,0.010106797861438201,0,-1
open_loop_3,59.29,3.1000396055979063,1.6770690317061243,0.008156430142116538,0.010106797861438201,0,-1
open_loop_3,59.3,3.1015398966168375,1.6769133616037126,0.008128008719159599,0.006231831070150131,0,-1
open_loop_3,59.31,3.1030403204239985,1.6767591434644937,0.008139354971433591,0.006231831070150131,0,-1
open_loop_3,59.32,3.1045408306623195,1.6766039907341794,0.008168284313097853,0.0031812282677816666,0,-1
open_loop_3,59.33,3.106041452960887,1.6764499241874666,0.008230527854250158,0.0031812282677816666,0,-1
open_loop_3,59.34,3.1075421475360927,1.6762948967976907,0.008304719612072076,0.008265142771235466,0,-1
open_loop_3,59.35,3.1090426990658386,1.676137646590421,0.008331230035985186,0.008265142771235466,0,-1
open_loop_3,59.36,3.1105431157865047,1.6759819987171114,0.008330354149843738,0.005881785316152576,0,-1
open_loop_3,59.37,3.1120436211479374,1.6758277504185268,0.00835621205156978,0.005881785316152576,0,-1
open_loop_3,59.38,3.113544173782266,1.6756728293917036,0.008390380265060176,0.01112872281171162,0,-1
open_loop_3,59.39,3.11504456916268,1.6755156689455724,0.00837600344533155,0.01112872281171162,0,-1
open_loop_3,59.4,3.116544824610231,1.6753599229570526,0.008332624190817714,0.01171691356677629,0,-1
open_loop_3,59.41,3.11804504789437,1.675204197261342,0.00828171970607561,0.01171691356677629,0,-1
open_loop_3,59.42,3.119545258704453,1.675048569141572,0.00822938993976442,0.005260160515241362,0,-1
open_loop_3,59.43,3.1210456447288273,1.674895031584087,0.00823108814782759,0.005260160515241362,0,-1
open_loop_3,59.44,3.122546217558483,1.6747403646648327,0.008274229929774172,0.009823454354586762,0,-1
open_loop_3,59.45,3.1240466515094942,1.6745832923023145,0.008273164392290153,0.009823454354586762,0,-1
open_loop_3,59.46,3.125546971642548,1.6744275854990176,0.008249105048789252,0.009168476384993962,0,-1
open_loop_3,59.47,3.1270473169314603,1.674272384935495,0.008232994787354812,0.009168476384993962,0,-1
open_loop_3,59.48,3.1285476691851635,1.6741169887904066,0.008218456003843414,0.00747628162959524,0,-1
open_loop_3,59.49,3.1300480895015403,1.673962234495932,0.008223907768289584,0.00747628162959524,0,-1
open_loop_3,59.5,3.1315485373767418,1.673807037917773,0.00823445485829489,0.008360046971498393,0,-1
open_loop_3,59.51,3.1330489489330646,1.6736513937418962,0.00823405561516512,0.008360046971498393,0,-1
open_loop_3,59.52,3.1345493476757973,1.673496055641478,0.008231535191105824,0.012128045870753557,0,-1
open_loop_3,59.53,3.1360496103612734,1.6733391402422786,0.0081900419261927,0.012128045870753557,0,-1
open_loop_3,59.54,3.137549788662453,1.6731831959012016,0.00813170779544318,0.00598543196203849,0,-1
open_loop_3,59.55,3.1390501399194983,1.673029395383428,0.008126169976621557,0.00598543196203849,0,-1
open_loop_3,59.56,3.140550661397531,1.6728744748971514,0.008158598911762538,0.003257005777490551,0,-1
open_loop_3,59.57,3.142051287210734,1.672720306166852,0.008221515935848082,0.003257005777490551,0,-1
open_loop_3,59.58,3.143551976752658,1.672565238828309,0.008294595273463299,0.009784651430037705,0,-1
open_loop_3,59.59,3.1450525036165633,1.672407565344128,0.008313410631700777,0.009784651430037705,0,-1
open_loop_3,59.6,3.1465528322628114,1.6722515307073706,0.008290150733587198,0.006574791416956495,0,-1
open_loop_3,59.61,3.1480532732420548,1.6720973454664696,0.008300980214849697,0.006574791416956495,0,-1
open_loop_3,59.62,3.149553780186096,1.6719423757733707,0.008324851261144309,0.007323846280119285,0,-1
open_loop_3,59.63,3.1510542590465462,1.671786934845822,0.008339495643293181,0.007323846280119285,0,-1
open_loop_3,59.64,3.152554727904781,1.6716318113072544,0.008352352784816778,0.010111306141894707,0,-1
open_loop_3,59.65,3.1540550924403234,1.671475498294691,0.008334382435668334,0.010111306141894707,0,-1
open_loop_3,59.66,3.155555401248791,1.671320038587107,0.008305934951941608,0.006599578865843725,0,-1
open_loop_3,59.67,3.157055833186617,1.6711659628437316,0.008314314826521143,0.006599578865843725,0,-1
open_loop_3,59.68,3.1585563399026073,1.6710110331903105,0.008337807047050073,0.011302404304411429,0,-1
open_loop_3,59.69,3.160056697025246,1.6708539848270634,0.008315974704797592,0.011302404304411429,0,-1
open_loop_3,59.7,3.1615569360566385,1.6706982120862215,0.00826996483262912,0.008247442478543032,0,-1
open_loop_3,59.71,3.163057286325937,1.6705437899098878,0.008257028517970187,0.008247442478543032,0,-1
open_loop_3,59.72,3.1645576932749973,1.670388607436544,0.008256101655984208,0.00786821620566025,0,-1
open_loop_3,59.73,3.166058116923167,1.6702334955046196,0.008259941196116652,0.00786821620566025,0,-1
open_loop_3,59.74,3.167558546171599,1.6700782823390867,0.0082646963936689,0.006412140954062284,0,-1
open_loop_3,59.75,3.169059035583306,1.6699236482159376,0.008286853667642187,0.006412140954062284,0,-1
open_loop_3,59.76,3.170559551111989,1.66976856543057,0.008313180653109318,0.009417048989846855,0,-1
open_loop_3,59.77,3.172059958796547,1.669612107317179,0.008306682154782434,0.009417048989846855,0,-1
open_loop_3,59.78,3.173560304812169,1.6694566550332313,0.008288552821056649,0.006783061000937618,0,-1
open_loop_3,59.79,3.1750607493492287,1.6693023242823228,0.008299683540899081,0.006783061000937618,0,-1
open_loop_3,59.8,3.1765612443937403,1.6691473131136885,0.008320484153244531,0.011701031516802024,0,-1
open_loop_3,59.81,3.17806158402529,1.6689901595233165,0.008294526586432061,0.011701031516802024,0,-1
open_loop_3,59.82,3.179561797935701,1.6688342959605578,0.008242614338215737,0.00596344373448332,0,-1
open_loop_3,59.83,3.1810621784942574,1.6686806060777497,0.008241569139281653,0.00596344373448332,0,-1
open_loop_3,59.84,3.1825627130541996,1.6685258078853877,0.008274362430036942,0.010482044610366616,0,-1
open_loop_3,59.85,3.1840631058390536,1.6683687445223505,0.00826316127620799,0.010482044610366616,0,-1
open_loop_3,59.86,3.1855633868799975,1.6682129827051106,0.00822931838818074,0.009460760537563838,0,-1
open_loop_3,59.87,3.187063708679239,1.6680578291795667,0.00820795196615931,0.009460760537563838,0,-1
open_loop_3,59.88,3.18856404165742,1.6679023703547695,0.00818907170540721,0.009624737168298926,0,-1
open_loop_3,59.89,3.190064365595923,1.6677467978816936,0.008168169175447316,0.009624737168298926,0,-1
open_loop_3,59.9,3.1915646852885002,1.6675912386464062,0.008146871913546502,0.00805280867844971,0,-1
open_loop_3,59.91,3.1930650682698705,1.6674362787522745,0.008144239545255826,0.00805280867844971,0,-1
open_loop_3,59.92,3.194565475303423,1.6672808979020608,0.008146236638578499,0.007201069392208215,0,-1
open_loop_3,59.93,3.196065919376305,1.6671258335849606,0.008158829468350254,0.007201069392208215,0,-1
open_loop_3,59.94,3.1975663767725084,1.6669705219852318,0.008173470506767096,0.010085765869500387,0,-1
open_loop_3,59.95,3.1990667273217985,1.666813906662956,0.00815639799874123,0.010085765869500387,0,-1
open_loop_3,59.96,3.2005670197919365,1.6666581769938897,0.008128332754892664,0.005887628008355074,0,-1
open_loop_3,59.97,3.2020674518194125,1.666504063000683,0.008142283371543579,0.005887628008355074,0,-1
open_loop_3,59.98,3.203567981899333,1.6663489567919845,0.008176299670340953,0.0054963554170095455,0,-1
open_loop_3,59.99,3.2050685332862927,1.6661938315208704,0.008215290367474367,0.0054963554170095455,0,-1
open_loop_3,60.0,3.2065690948958125,1.6660385819947336,0.008255227411781942,0.010408326146328582,0,-1
open_loop_3,60.01,3.2080695056510886,1.6658813118752462,0.008248401270236731,0.010408326146328582,0,-1
open_loop_3,60.02,3.209569789736607,1.665725478795097,0.008215686285863217,0.009247791042067188,0,-1
open_loop_3,60.03,3.2110701196858837,1.6655703651479685,0.00819693755530006,0.009247791042067188,0,-1
open_loop_3,60.04,3.2125704637417227,1.6654149174624917,0.008181214238485135,0.009665986529540314,0,-1
open_loop_3,60.05,3.2140707879058135,1.6652592539673465,0.008160315563975519,0.009665986529540314,0,-1
open_loop_3,60.06,3.2155711044650754,1.6651036737163705,0.008138409726431166,0.004678128742544364,0,-1
open_loop_3,60.07,3.2170715757439927,1.6649498665845561,0.008163735993549338,0.004678128742544364,0,-1
open_loop_3,60.08,3.2185721766309277,1.664794914254229,0.008215638265385088,0.01168655214325831,0,-1
open_loop_3,60.09,3.2200726040958862,1.6646370332852864,0.00821162531886693,0.01168655214325831,0,-1
open_loop_3,60.1,3.221572812308472,1.664480646293903,0.008160195929239798,0.009896141207841767,0,-1
open_loop_3,60.11,3.2230730883666943,1.6643255395029701,0.008129379580517085,0.009896141207841767,0,-1
open_loop_3,60.12,3.2245733884390653,1.66416993456329,0.008104025431395127,0.006889006448549395,0,-1
open_loop_3,60.13,3.2260737995311786,1.6640154146155146,0.00811156302716748,0.006889006448549395,0,-1
open_loop_3,60.14,3.2275742696131093,1.6638601354577494,0.008130783043095299,0.0042746309967705,0,-1
open_loop_3,60.15,3.2290748390012634,1.6637058105254747,0.008179223751939553,0.0042746309967705,0,-1
open_loop_3,60.16,3.230575466158335,1.6635506613729456,0.008237215451346595,0.008585805623801956,0,-1
open_loop_3,60.17,3.232075960794057,1.6633935817746883,0.008252432813074936,0.008585805623801956,0,-1
open_loop_3,60.18,3.233576350205281,1.6632379406002458,0.008246733152164343,0.00615966028746584,0,-1
open_loop_3,60.19,3.2350768306409146,1.6630835572366216,0.008268234046399507,0.00615966028746584,0,-1
open_loop_3,60.2,3.236577358498625,1.6629285035382808,0.008298280888527616,0.008939750013680305,0,-1
open_loop_3,60.21,3.2380777867798867,1.6627721216954936,0.00829764674686206,0.008939750013680305,0,-1
open_loop_3,60.22,3.239578159235428,1.6626167124889866,0.008286594540669923,0.008042452555917737,0,-1
open_loop_3,60.23,3.2410785690203436,1.6624617725285102,0.008286599049148911,0.008042452555917737,0,-1
open_loop_3,60.24,3.24257899093893,1.6623065897467406,0.008288762588127335,0.0085000420600152,0,-1
open_loop_3,60.25,3.244079393437605,1.662151194815927,0.008285257112985982,0.0085000420600152,0,-1
open_loop_3,60.26,3.245579789225316,1.6619959319433935,0.008280650544969634,0.006441258797741599,0,-1
open_loop_3,60.27,3.247080266439956,1.6618414865974813,0.0082999408141001,0.006441258797741599,0,-1
open_loop_3,60.28,3.248580781388899,1.6616864534299356,0.008325823029463266,0.0058397740953726185,0,-1
open_loop_3,60.29,3.2500813246500213,1.6615316393711719,0.008359216317371316,0.0058397740953726185,0,-1
open_loop_3,60.3,3.2515818807129815,1.6613766208275802,0.008394053521667385,0.007108789928279346,0,-1
open_loop_3,60.31,3.25308238901952,1.6612210302104757,0.008413549668458219,0.007108789928279346,0,-1
open_loop_3,60.32,3.254582877966188,1.6610659788473117,0.008429614591628049,0.0033822367819809074,0,-1
open_loop_3,60.33,3.256083493415174,1.6609124670867264,0.008484255505285369,0.0033822367819809074,0,-1
open_loop_3,60.34,3.2575842011842537,1.660757888274808,0.008555435841219575,0.007888297021234171,0,-1
open_loop_3,60.35,3.259084777314599,1.6606012232760539,0.008582615358844822,0.007888297021234171,0,-1
open_loop_3,60.36,3.2605852404011064,1.6604460547185445,0.008587285289103035,0.007797836633191667,0,-1
open_loop_3,60.37,3.2620857051229875,1.6602913401053319,0.008592886213136293,0.007797836633191667,0,-1
open_loop_3,60.38,3.2635861715455308,1.6601366294819007,0.008598691087947398,0.008011190248718327,0,-1
open_loop_3,60.39,3.265086629433962,1.659981833052282,0.008601848047283677,0.008011190248718327,0,-1
open_loop_3,60.4,3.2665870846149643,1.6598271061831227,0.00860449155314809,0.008107880967774593,0,-1
open_loop_3,60.41,3.2680875358702943,1.6596723481402338,0.008605931826869716,0.008107880967774593,0,-1
open_loop_3,60.42,3.2695879859301185,1.659517618986654,0.008607139052703989,0.0063899114372212296,0,-1
open_loop_3,60.43,3.271088505285089,1.659363576298107,0.008628606815879823,0.0063899114372212296,0,-1
open_loop_3,60.44,3.2725890559553514,1.6592090217408726,0.008655258566446063,0.009503279190356649,0,-1
open_loop_3,60.45,3.2740894965442555,1.6590530376319002,0.008648223222685311,0.009503279190356649,0,-1
open_loop_3,60.46,3.2755898717217655,1.6588980818702894,0.008628821281950317,0.007990130304597274,0,-1
open_loop_3,60.47,3.2770903071696686,1.658743832816742,0.008627352985403295,0.007990130304597274,0,-1
open_loop_3,60.48,3.2785907658892226,1.6585891835167585,0.008630282815718923,0.007799466630046936,0,-1
open_loop_3,60.49,3.2800912332607615,1.6584345850217086,0.008635601652077794,0.007799466630046936,0,-1
open_loop_3,60.5,3.2815917038148315,1.6582799410851878,0.008641380606257213,0.010258339278619742,0,-1
open_loop_3,60.51,3.283092079895605,1.6581241979308916,0.00861946318606241,0.010258339278619742,0,-1
open_loop_3,60.52,3.284592408611788,1.6579691724889722,0.00858882059728355,0.01205723283874871,0,-1
open_loop_3,60.53,3.286092658004326,1.6578134494630699,0.008536976127617186,0.01205723283874871,0,-1
open_loop_3,60.54,3.2875928748071255,1.6576581392166263,0.008479620022975056,0.006925026438041381,0,-1
open_loop_3,60.55,3.2890932504007058,1.6575046148149561,0.008470219874305915,0.006925026438041381,0,-1
open_loop_3,60.56,3.290593753184461,1.6573500282730835,0.008488806960373402,0.011473027072245406,0,-1
open_loop_3,60.57,3.2920941093142493,1.6571932748343545,0.008463154790243415,0.011473027072245406,0,-1
open_loop_3,60.58,3.293594353139583,1.6570377289896518,0.008414598892566254,0.005567365656486968,0,-1
open_loop_3,60.59,3.2950947653862994,1.656884369034554,0.008417787295237473,0.005567365656486968,0,-1
open_loop_3,60.6,3.296595339879007,1.6567298791402365,0.00845643899444249,0.0087729306586537,0,-1
open_loop_3,60.61,3.298095806673926,1.6565735868847544,0.008460853690111098,0.0087729306586537,0,-1
open_loop_3,60.62,3.2995962052428434,1.6564183959641767,0.00845230146062698,0.009600660716912568,0,-1
open_loop_3,60.63,3.301096565971935,1.6562630067822046,0.008433369442341115,0.009600660716912568,0,-1
open_loop_3,60.64,3.3025969135975695,1.6561078356974503,0.00841244005971222,0.007705104351288128,0,-1
open_loop_3,60.65,3.3040973363878483,1.655953402956451,0.008413705083523236,0.007705104351288128,0,-1
open_loop_3,60.66,3.305597790066346,1.6557984756231068,0.008420855448197009,0.006258394198326299,0,-1
open_loop_3,60.67,3.3070983037807222,1.6556440910290215,0.008445328750395711,0.006258394198326299,0,-1
open_loop_3,60.68,3.30859884392928,1.655489249681587,0.008473936126553122,0.008192619968882651,0,-1
open_loop_3,60.69,3.3100993112138832,1.6553334889308469,0.008479943809256912,0.008192619968882651,0,-1
open_loop_3,60.7,3.311599744399878,1.6551784750716658,0.008479947682225588,0.009670474945921994,0,-1
open_loop_3,60.71,3.313100115946084,1.6550228877378395,0.008462256231241508,0.009670474945921994,0,-1
open_loop_3,60.72,3.3146004625405214,1.6548677320385543,0.008440305580580424,0.007885019232880985,0,-1
open_loop_3,60.73,3.3161008800590066,1.6547132899356776,0.008439331466272891,0.007885019232880985,0,-1
open_loop_3,60.74,3.317601326051162,1.6545583776342268,0.00844381483359452,0.007593707942108009,0,-1
open_loop_3,60.75,3.319101785207101,1.654403552424288,0.008451941632596906,0.007593707942108009,0,-1
open_loop_3,60.76,3.3206022492357943,1.6542486572374204,0.008460770945069715,0.010308190839992458,0,-1
open_loop_3,60.77,3.3221026109983693,1.6540925449833974,0.00843948447772202,0.010308190839992458,0,-1
open_loop_3,60.78,3.3236029189615137,1.653937229804519,0.008408111337347472,0.008618475800632464,0,-1
open_loop_3,60.79,3.3251032937407317,1.6537826289539586,0.008396630372210577,0.008618475800632464,0,-1
open_loop_3,60.8,3.3266036936481562,1.653627566755878,0.008390234031277423,0.007723746391358422,0,-1
open_loop_3,60.81,3.3281041318011817,1.6534728235023957,0.008394969550703159,0.007723746391358422,0,-1
open_loop_3,60.82,3.3296045826855796,1.6533178401763142,0.008401861618967667,0.0072760940479930074,0,-1
open_loop_3,60.83,3.331105053549542,1.6531630315556372,0.008414321099083716,0.0072760940479930074,0,-1
open_loop_3,60.84,3.33260553215085,1.653008091139681,0.008427856731801133,0.009264894916968911,0,-1
open_loop_3,60.85,3.3341059328502496,1.652852238126142,0.008418169528154681,0.009264894916968911,0,-1
open_loop_3,60.86,3.3356062983973045,1.6526970368663834,0.008402253087954933,0.007919691153966735,0,-1
open_loop_3,60.87,3.3371067185956775,1.6525424118548533,0.008402482380506384,0.007919691153966735,0,-1
open_loop_3,60.88,3.338607159004546,1.6523874285036038,0.008406459601790624,0.0076204893865794415,0,-1
open_loop_3,60.89,3.3401076128167784,1.6522325460235057,0.00841417012121785,0.0076204893865794415,0,-1
open_loop_3,60.9,3.3416080715534173,1.6520775920338817,0.00842260216495795,0.006553730940445757,0,-1
open_loop_3,60.91,3.343108576350663,1.6519230704891648,0.008444176983319847,0.006553730940445757,0,-1
open_loop_3,60.92,3.344609099487362,1.6517682049914353,0.008468413821274596,0.009074247656875036,0,-1
open_loop_3,60.93,3.3461095298706574,1.6516121868748133,0.008464394242197108,0.009074247656875036,0,-1
open_loop_3,60.94,3.347609911140702,1.6514570372671031,0.008451332842577866,0.006139110513244004,0,-1
open_loop_3,60.95,3.3491104001440615,1.6513031011010757,0.008470397685890415,0.006139110513244004,0,-1
open_loop_3,60.96,3.3506109490711506,1.651148383181911,0.008500735914271983,0.00989824829437458,0,-1
open_loop_3,60.97,3.352111371863601,1.6509919186792685,0.008492253739648323,0.00989824829437458,0,-1
open_loop_3,60.98,3.3536117090775006,1.6508366353763728,0.008467025371012018,0.00925694632854279,0,-1
open_loop_3,60.99,3.3551120711867783,1.6506817526759703,0.008449634205219105,0.00925694632854279,0,-1
open_loop_3,61.0,3.3566124399899273,1.650526672901398,0.00843378387635481,0.008536164349961073,0,-1
open_loop_3,61.01,3.3581128387286343,1.6503718510761438,0.008426888698411588,0.008536164349961073,0,-1
open_loop_3,61.02,3.3596132464646544,1.650216819976929,0.008421730388066066,0.010370783266134609,0,-1
open_loop_3,61.03,3.361113578509509,1.6500609682062881,0.008395038216716933,0.010370783266134609,0,-1
open_loop_3,61.04,3.3626138782523496,1.6499056239413323,0.008362704635937253,0.005805617780868743,0,-1
open_loop_3,61.05,3.3641143247729457,1.6497519441339594,0.008374819490190004,0.005805617780868743,0,-1
open_loop_3,61.06,3.3656148824390137,1.64959722671864,0.008410032846377093,0.009466516776361901,0,-1
open_loop_3,61.07,3.3671153184932856,1.649440674282975,0.008407277849352131,0.009466516776361901,0,-1
open_loop_3,61.08,3.368615672040363,1.649285306493851,0.00838845400631376,0.007999885007042185,0,-1
open_loop_3,61.09,3.3701160840390596,1.649130680675113,0.00838702286162092,0.007999885007042185,0,-1
open_loop_3,61.1,3.371616518322345,1.648975667928227,0.00838980809115561,0.00819540207378333,0,-1
open_loop_3,61.11,3.373116944601297,1.648820548221541,0.008390187727385152,0.00819540207378333,0,-1
open_loop_3,61.12,3.374617368220397,1.6486654831406422,0.008390097116664776,0.003806941306530033,0,-1
open_loop_3,61.13,3.3761179335466958,1.6485120364433972,0.008433330427842304,0.003806941306530033,0,-1
open_loop_3,61.14,3.3776186114289333,1.6483574494050073,0.008498179170619055,0.009543108868242278,0,-1
open_loop_3,61.15,3.379119135094591,1.648200309074061,0.00851209070154227,0.009543108868242278,0,-1
open_loop_3,61.16,3.3806194965597873,1.6480447707689443,0.008492309856338405,0.006388829104921001,0,-1
open_loop_3,61.17,3.3821199694618067,1.6478909047786336,0.008506275113811286,0.006388829104921001,0,-1
open_loop_3,61.18,3.3836205074983194,1.6477362482378097,0.00853290507448861,0.009418731969644153,0,-1
open_loop_3,61.19,3.3851209379892433,1.6475801210972092,0.008526549750177513,0.009418731969644153,0,-1
open_loop_3,61.2,3.3866213058639216,1.6474249980973652,0.008508397277708172,0.007313840125166673,0,-1
open_loop_3,61.21,3.388121755546312,1.6472708047321931,0.008514498720222866,0.007313840125166673,0,-1
open_loop_3,61.22,3.3896222415752937,1.6471160699141563,0.008527446540083241,0.006410823678173027,0,-1
open_loop_3,61.23,3.391122767630547,1.64696166117344,0.008551636342838528,0.006410823678173027,0,-1
open_loop_3,61.24,3.3926233097455514,1.6468069499855194,0.008577996375430766,0.007411917466375148,0,-1
open_loop_3,61.25,3.3941238128655007,1.6466517628701722,0.008591951440447743,0.007411917466375148,0,-1
open_loop_3,61.26,3.395624301825805,1.6464970054000383,0.00860351017248041,0.008369139491102297,0,-1
open_loop_3,61.27,3.3971247509287856,1.6463418740912945,0.008603159729967516,0.008369139491102297,0,-1
open_loop_3,61.28,3.3986251859327434,1.646187087253074,0.00860050771287587,0.009966563250413342,0,-1
open_loop_3,61.29,3.4001255547035654,1.6460316187318411,0.008578889228590103,0.009966563250413342,0,-1
open_loop_3,61.3,3.4016258959600276,1.6458766019771562,0.008552548476605746,0.010667040245277983,0,-1
open_loop_3,61.31,3.4031262033578082,1.6457212995061696,0.008517485589869532,0.010667040245277983,0,-1
open_loop_3,61.32,3.404626498170907,1.645566139318181,0.008480733877881277,0.008247589931278831,0,-1
open_loop_3,61.33,3.4061268849547446,1.6454118827507298,0.008471288227031852,0.008247589931278831,0,-1
open_loop_3,61.34,3.4076273133494555,1.645256998233967,0.008470377365649318,0.010336671212185952,0,-1
open_loop_3,61.35,3.409127657948808,1.6451011296925668,0.008445312230884943,0.010336671212185952,0,-1
open_loop_3,61.36,3.410627964718247,1.644945853791371,0.008413492472124659,0.008207652611300631,0,-1
open_loop_3,61.37,3.412128354204576,1.6447914257254188,0.008406201605109825,0.008207652611300631,0,-1
open_loop_3,61.38,3.4136287784555197,1.6446364370422588,0.008405890827036515,0.010185986380071734,0,-1
open_loop_3,61.39,3.415129122651946,1.6444805202120782,0.008382498083205292,0.010185986380071734,0,-1
open_loop_3,61.4,3.416629431783629,1.6443251710006546,0.008352910421575524,0.006505310708010192,0,-1
open_loop_3,61.41,3.418129868475761,1.644171216505522,0.008361530882667422,0.006505310708010192,0,-1
open_loop_3,61.42,3.419630385210983,1.6440163748580587,0.00838641453664245,0.00842021633045853,0,-1
open_loop_3,61.43,3.421130829819573,1.6438605043708816,0.008388965450227166,0.00842021633045853,0,-1
open_loop_3,61.44,3.4226312408579536,1.6437053401167205,0.008385587832411603,0.012552337627628416,0,-1
open_loop_3,61.45,3.4241315061443798,1.643548516672641,0.008340486924748166,0.012552337627628416,0,-1
open_loop_3,61.46,3.425631675089228,1.6433927274817222,0.008275877468185283,0.006640588431455542,0,-1
open_loop_3,61.47,3.427132014745047,1.643239043089334,0.008263081857603539,0.006640588431455542,0,-1
open_loop_3,61.48,3.4286325126826904,1.6430842516963313,0.0082858236576173,0.008350217214951435,0,-1
open_loop_3,61.49,3.43013294675665,1.6429283391592835,0.008288605693960619,0.008350217214951435,0,-1
open_loop_3,61.5,3.4316333517183857,1.6427730433949774,0.008286258926649382,0.009036708999329955,0,-1
open_loop_3,61.51,3.4331337263729536,1.64261750999929,0.00827534795844407,0.009036708999329955,0,-1
open_loop_3,61.52,3.4346340905106967,1.642462166730586,0.008262782731580267,0.005652240615277025,0,-1
open_loop_3,61.53,3.4361345745853993,1.6423081073440748,0.008286086246363586,0.005652240615277025,0,-1
open_loop_3,61.54,3.4376351329265367,1.6421531586369682,0.008323624908765542,0.003819164223198611,0,-1
open_loop_3,61.55,3.4391357667129245,1.6419988872410733,0.008382778768030836,0.003819164223198611,0,-1
open_loop_3,61.56,3.4406364406853056,1.6418439860426113,0.008447553659841742,0.007424881120101643,0,-1
open_loop_3,61.57,3.442137000207529,1.6416874815653597,0.00847471676800312,0.007424881120101643,0,-1
open_loop_3,61.58,3.443637478536235,1.6415322838977642,0.008486199730870062,0.012063184447618445,0,-1
open_loop_3,61.59,3.4451378026308204,1.6413754458625036,0.008452564098438822,0.012063184447618445,0,-1
open_loop_3,61.6,3.446638011314334,1.6412198179468218,0.008395254444187858,0.006085676208115399,0,-1
open_loop_3,61.61,3.4481383904200533,1.6410663817377011,0.00839005095939158,0.006085676208115399,0,-1
open_loop_3,61.62,3.449638932556771,1.6409118270714538,0.008421014035315732,0.010130175032158741,0,-1
open_loop_3,61.63,3.451139342956743,1.6407551560487879,0.008411096709684669,0.010130175032158741,0,-1
open_loop_3,61.64,3.452639658835303,1.6405997042868639,0.008382441282751773,0.008119356686830061,0,-1
open_loop_3,61.65,3.454140053141252,1.6404452042952333,0.008377099255189013,0.008119356686830061,0,-1
open_loop_3,61.66,3.4556404795563207,1.6402901769814155,0.008378101600221996,0.006751724450915208,0,-1
open_loop_3,61.67,3.4571409627998366,1.6401356552653465,0.008395567213565013,0.006751724450915208,0,-1
open_loop_3,61.68,3.458641469579182,1.6399807291987307,0.008416861383948529,0.013247574454038787,0,-1
open_loop_3,61.69,3.4601417970007073,1.6398232648229967,0.00838395363117631,0.013247574454038787,0,-1
open_loop_3,61.7,3.4616419310200874,1.6396671509212921,0.00830926582975381,0.0072386001356692375,0,-1
open_loop_3,61.71,3.4631422372213465,1.6395134548641357,0.008286642731916673,0.0072386001356692375,0,-1
open_loop_3,61.72,3.4646427033752976,1.6393586563055407,0.008300510218610389,0.009656409360254248,0,-1
open_loop_3,61.73,3.466143079480319,1.6392024541755623,0.00828729028824361,0.009656409360254248,0,-1
open_loop_3,61.74,3.4676434096091704,1.6390469924129973,0.00826557855612212,0.008345952540863342,0,-1
open_loop_3,61.75,3.469143792804695,1.6388921030353556,0.00825961936537833,0.008345952540863342,0,-1
open_loop_3,61.76,3.4706441946674937,1.63873685485426,0.008257272822106927,0.007133166098015399,0,-1
open_loop_3,61.77,3.4721446474357776,1.6385820668579334,0.008269684704014651,0.007133166098015399,0,-1
open_loop_3,61.78,3.4736451197167373,1.6384269378622893,0.008285326689472992,0.009745389991719923,0,-1
open_loop_3,61.79,3.4751454944006754,1.638270608375758,0.008271840983099833,0.009745389991719923,0,-1
open_loop_3,61.8,3.4766458179319875,1.6381151015773905,0.00824881740412993,0.005839192670979988,0,-1
open_loop_3,61.81,3.4781462744381293,1.6379611148458428,0.00826577664351921,0.005839192670979988,0,-1
open_loop_3,61.82,3.4796468197675527,1.6378061694823935,0.008300525012402755,0.009374388445024806,0,-1
open_loop_3,61.83,3.4811472461112465,1.6376494956051721,0.00829827920614028,0.009374388445024806,0,-1
open_loop_3,61.84,3.4826475940058232,1.637493982533558,0.008280815523933619,0.008627840066361527,0,-1
open_loop_3,61.85,3.4841479720064443,1.6373389208573566,0.008272501816720903,0.008627840066361527,0,-1
open_loop_3,61.86,3.4856483591170435,1.6371836468462289,0.008265982659989006,0.013792041864048254,0,-1
open_loop_3,61.87,3.4871485772708217,1.6370262879795126,0.008211301140047726,0.013792041864048254,0,-1
open_loop_3,61.88,3.488648661562432,1.6368700806659797,0.008128366650500865,0.009720427149595423,0,-1
open_loop_3,61.89,3.490148885218417,1.6367155138931744,0.008086508724327306,0.009720427149595423,0,-1
open_loop_3,61.9,3.4916491906804783,1.6365599648470779,0.008063688072706686,0.007148090269476268,0,-1
open_loop_3,61.91,3.493149594015857,1.6364052483412723,0.0080697274679854,0.007148090269476268,0,-1
open_loop_3,61.92,3.4946500451484854,1.6362498739393607,0.008085118441157156,0.008825963014765128,0,-1
open_loop_3,61.93,3.4961504305404194,1.6360936520293725,0.008080728086526554,0.008825963014765128,0,-1
open_loop_3,61.94,3.4976507874428107,1.635938001213269,0.008071315781706678,0.008951155117427497,0,-1
open_loop_3,61.95,3.4991511376974174,1.6357823359576673,0.008060313684776891,0.008951155117427497,0,-1
open_loop_3,61.96,3.500651485168728,1.6356266903609633,0.008049008699029307,0.008158304242219302,0,-1
open_loop_3,61.97,3.5021518660799327,1.6354713529483147,0.008047543736399834,0.008158304242219302,0,-1
open_loop_3,61.98,3.503652257513497,1.6353157952194233,0.008047988991408446,0.010710093201516724,0,-1
open_loop_3,61.99,3.5051525496295293,1.6351591009455162,0.008019867715146775,0.010710093201516724,0,-1
open_loop_3,62.0,3.506652792391036,1.6350031225027946,0.0079825213368376,0.007954752638668074,0,-1
open_loop_3,62.01,3.508153138057409,1.6348482323626128,0.007975613934110753,0.007954752638668074,0,-1
open_loop_3,62.02,3.5096535336342645,1.6346926483285744,0.007979036948754008,0.006634093422369425,0,-1
open_loop_3,62.03,3.5111539847757727,1.6345375266082143,0.007998428204197305,0.006634093422369425,0,-1
open_loop_3,62.04,3.5126544587355193,1.6343820022603026,0.008021466341981183,0.008587027722934956,0,-1
open_loop_3,62.05,3.514154857673164,1.6342255541930257,0.008021694667919726,0.008587027722934956,0,-1
open_loop_3,62.06,3.5156552224319952,1.6340698209532407,0.00801584042422472,0.006930487392097895,0,-1
open_loop_3,62.07,3.517155654019106,1.633914811338696,0.008029529885789807,0.006930487392097895,0,-1
open_loop_3,62.08,3.5186561139022907,1.6337593433654025,0.008048167232029753,0.009015778815907096,0,-1
open_loop_3,62.09,3.520156493569962,1.6336028809003749,0.008042675472566372,0.009015778815907096,0,-1
open_loop_3,62.1,3.521656835878133,1.6334471324015651,0.008030460156199293,0.009319382784448658,0,-1
open_loop_3,62.11,3.523157163320783,1.6332913110918719,0.008014427626691458,0.009319382784448658,0,-1
open_loop_3,62.12,3.5246574851212618,1.6331355517152697,0.007997661876428098,0.0095858490048224,0,-1
open_loop_3,62.13,3.526157793463331,1.6329796644498318,0.007977584393523722,0.0095858490048224,0,-1
open_loop_3,62.14,3.5276580962893265,1.6328238207247527,0.007956864656394051,0.007350160649099988,0,-1
open_loop_3,62.15,3.5291584859970904,1.6326688310123751,0.007961719204765032,0.007350160649099988,0,-1
open_loop_3,62.16,3.5306589148046603,1.6325132677515823,0.007974123332061043,0.0077597151997119695,0,-1
open_loop_3,62.17,3.5321593278461005,1.6323574579634956,0.007981481376371898,0.0077597151997119695,0,-1
open_loop_3,62.18,3.533659735555121,1.6322018164614363,0.007987860314798766,0.006325898590931356,0,-1
open_loop_3,62.19,3.535160202754738,1.6320467677732573,0.008011383004191314,0.006325898590931356,0,-1
open_loop_3,62.2,3.536660695753959,1.6318912713453975,0.008038988667228377,0.00818258999386945,0,-1
open_loop_3,62.21,3.5381611181905575,1.6317348905526814,0.008044841702152233,0.00818258999386945,0,-1
open_loop_3,62.22,3.5396615084671588,1.6315792275472953,0.008044990186493656,0.008676826629281374,0,-1
open_loop_3,62.23,3.5411618769308437,1.631423432700131,0.00803895232711877,0.008676826629281374,0,-1
open_loop_3,62.24,3.5426622379897763,1.6312677781183045,0.008031722584763024,0.008621964055455678,0,-1
open_loop_3,62.25,3.5441626006767075,1.6311121447147943,0.008025166935867084,0.008621964055455678,0,-1
open_loop_3,62.26,3.5456629634427514,1.6309564866869097,0.008018743214997088,0.0057243647423073085,0,-1
open_loop_3,62.27,3.54716343371439,1.6308019391808777,0.008044158259622325,0.0057243647423073085,0,-1
open_loop_3,62.28,3.548663964057807,1.6306465861569321,0.008080644508577657,0.00780707497038735,0,-1
open_loop_3,62.29,3.5501644181073573,1.6304901721738057,0.008093067533087313,0.00780707497038735,0,-1
open_loop_3,62.3,3.5516648349851465,1.6303345770989457,0.008098800912175057,0.007625141033899219,0,-1
open_loop_3,62.31,3.553165259530357,1.6301791900751323,0.008106729896014792,0.007625141033899219,0,-1
open_loop_3,62.32,3.5546656873583435,1.6300237699822218,0.00811509365232804,0.005649327864185595,0,-1
open_loop_3,62.33,3.5561661945378664,1.629869134481987,0.00814653742329327,0.005649327864185595,0,-1
open_loop_3,62.34,3.5576667398270883,1.6297138757836558,0.008184163619163963,0.008593000135489247,0,-1
open_loop_3,62.35,3.559167181637867,1.6295572467427628,0.008189552320709975,0.008593000135489247,0,-1
open_loop_3,62.36,3.560667563319301,1.629401683452431,0.008183657004745206,0.010295596491586512,0,-1
open_loop_3,62.37,3.5621678731996145,1.6292455202638083,0.008157568885684731,0.010295596491586512,0,-1
open_loop_3,62.38,3.563668153489651,1.6290898305887993,0.008126346679154588,0.007886254967129249,0,-1
open_loop_3,62.39,3.5651685257069285,1.6289350776119413,0.00812231548760229,0.007886254967129249,0,-1
open_loop_3,62.4,3.5666689399284772,1.6287797086096962,0.00812676446052828,0.009754101301636453,0,-1
open_loop_3,62.41,3.568169279065935,1.6286234404169548,0.008109345619792941,0.009754101301636453,0,-1
open_loop_3,62.42,3.569669585646882,1.6284677296536536,0.008086162934404116,0.006310530375085667,0,-1
