phase,time_s,forward_m,up_m,truth_yaw_rad,filtered_yaw_rad,state,segment
compensated,82.05,3.600931807316959,1.625224157698979,0.010429318270484317,0.012863709722720442,0,-1
compensated,82.06,3.600931807316959,1.625224157698979,0.010429318270484317,0.011077122813913489,0,-1
compensated,82.07,3.600931807316959,1.625224157698979,0.010429318270484317,0.011077122813913489,1,0
compensated,82.08,3.600931807316959,1.625224157698979,0.010429318270484317,0.011447710550078314,1,0
compensated,82.09,3.600931807316959,1.625224157698979,0.010429318270484317,0.011447710550078314,1,0
compensated,82.1,3.600931807316959,1.625224157698979,0.010429318270484317,0.00701282542305126,1,0
compensated,82.11,3.600931809103632,1.6252228867510843,0.010504622541393083,0.00701282542305126,1,0
compensated,82.12,3.600931823779841,1.6252185950428795,0.010711956537174857,0.011944516323069363,1,0
compensated,82.13,3.600931843550814,1.6252127360819604,0.011004319912341643,0.011944516323069363,1,0
compensated,82.14,3.600931875494834,1.6252037545123805,0.011431817894386213,0.011662680971061155,1,0
compensated,82.15,3.600931913261055,1.6251932138402816,0.011945526008024931,0.011662680971061155,1,0
compensated,82.16,3.60093196571776,1.6251795029540046,0.012594702438812123,0.010576305855225955,1,0
compensated,82.17,3.6009320253637354,1.6251642784431861,0.013329765315884786,0.010576305855225955,1,0
compensated,82.18,3.6009321033567163,1.6251458423639351,0.014200609476770659,0.015277732041327761,1,0
compensated,82.19,3.6009321906754668,1.6251259320057323,0.015157036853897129,0.015277732041327761,1,0
compensated,82.2,3.6009323011625174,1.6251027750390892,0.01624953787394084,0.013891869990517502,1,0
compensated,82.21,3.600932423859521,1.6250781770036977,0.017427339058475894,0.013891869990517502,1,0
compensated,82.22,3.6009325757207726,1.6250503036289914,0.018741485877350954,0.016189415767273282,1,0
compensated,82.23,3.600932743416669,1.6250210163356955,0.02014066957504672,0.016189415767273282,1,0
compensated,82.24,3.6009329474419265,1.624988431219367,0.021676450878696008,0.01829562585741007,1,0
compensated,82.25,3.6009331716735926,1.624954453413526,0.0232970249972644,0.01829562585741007,1,0
compensated,82.26,3.6009334405485682,1.6249171614447637,0.025054429123183525,0.022615489558571508,1,0
compensated,82.27,3.6009337347936228,1.624878491271268,0.02689640056214101,0.022615489558571508,1,0
compensated,82.28,3.600934083084679,1.6248364976187861,0.028875415374261255,0.02610774376444125,1,0
compensated,82.29,3.6009344627459168,1.6247931336573307,0.03093878978080956,0.02610774376444125,1,0
compensated,82.3,3.600934906943554,1.6247464419542115,0.033139402421217025,0.03017571029934318,1,0
compensated,82.31,3.600935389306117,1.6246983845082505,0.0354241840176354,0.03017571029934318,1,0
compensated,82.32,3.60093594776757,1.624646998913409,0.0378463807508573,0.03486765683905358,1,0
compensated,82.33,3.600936552009304,1.6245942490813379,0.04035257203413482,0.03486765683905358,1,0
compensated,82.34,3.6009372448915014,1.6245381755140704,0.04299633811490686,0.04107806663839542,1,0
compensated,82.35,3.6009379920635016,1.6244807353549746,0.045723939476207225,0.04107806663839542,1,0
compensated,82.36,3.6009388413320824,1.6244199803836252,0.048589258863102266,0.04800299072253367,1,0
compensated,82.37,3.6009397543358395,1.6243578530161866,0.05153826831204584,0.04800299072253367,1,0
compensated,82.38,3.600940783735502,1.6242924239785446,0.05462512340158766,0.04807541378000568,1,0
compensated,82.39,3.6009418872922296,1.6242256137217936,0.057795536219911514,0.04807541378000568,1,0
compensated,82.4,3.6009431223115684,1.6241555188564587,0.06110390755455862,0.05874206899672574,1,0
compensated,82.41,3.6009444429234816,1.6240840313824296,0.06449571592736567,0.05874206899672574,1,0
compensated,82.42,3.6009459107712445,1.6240092797039785,0.06802558182049101,0.06582084750636243,1,0
compensated,82.43,3.6009474766761884,1.6239331221666766,0.07163877450135375,0.06582084750636243,1,0
compensated,82.44,3.6009492066428948,1.6238537181883796,0.07539010939059529,0.0718099350611463,1,0
compensated,82.45,3.600951047817616,1.6237728985959183,0.0792246725893154,0.0718099350611463,1,0
compensated,82.46,3.600953070528283,1.623688853076911,0.08319744891129648,0.07825654206072531,1,0
compensated,82.47,3.6009552185298634,1.6236033818663653,0.08725336361437121,0.07825654206072531,1,0
compensated,82.48,3.600957566209461,1.623514706690187,0.09144755030360635,0.08571472350156915,1,0
compensated,82.49,3.600960054543597,1.6234245918545975,0.09572479287886654,0.08571472350156915,1,0
compensated,82.5,3.600962761633933,1.6233312933842845,0.10014035196784017,0.09506380722097997,1,0
compensated,82.51,3.6009656253677353,1.6232365451170228,0.10463889673342913,0.09506380722097997,1,0
compensated,82.52,3.6009687276029174,1.6231386345686123,0.10927578628843303,0.10165396853376761,1,0
compensated,82.53,3.6009720032151726,1.6230392659742432,0.11399560158948707,0.10165396853376761,1,0
compensated,82.54,3.600975538288566,1.622936752345711,0.118853771011937,0.11402586689232753,1,0
compensated,82.55,3.6009792641232785,1.622832774751223,0.12379482285990703,0.11402586689232753,1,0
compensated,82.56,3.600983270854581,1.6227256720540983,0.12887421787529865,0.12493163486774116,1,0
compensated,82.57,3.6009874877900305,1.6226170904566881,0.13403646390012394,0.12493163486774116,1,0
compensated,82.58,3.600992006066991,1.6225054167485604,0.1393370263809978,0.13196734638853558,1,0
compensated,82.59,3.600996755181307,1.6223922484683984,0.14472041523081294,0.13196734638853558,1,0
compensated,82.6,3.6010018260727126,1.6222760239989735,0.1502420802551763,0.14559528182078504,1,0
compensated,82.61,3.6010071495874003,1.6221582890853512,0.1558465530369432,0.14559528182078504,1,0
compensated,82.62,3.601012815225846,1.6220375364378186,0.16158924843022912,0.15441527067722036,1,0
compensated,82.63,3.601018756415222,1.6219152575112374,0.1674147381256559,0.15441527067722036,1,0
compensated,82.64,3.6010250598618843,1.6217900017766294,0.17337838385541163,0.1678103065855252,1,0
compensated,82.65,3.6010316629072827,1.6216632042019328,0.17942481471767818,0.1678103065855252,1,0
compensated,82.66,3.6010386480007224,1.6215334731556699,0.18560932226566054,0.17859482088936796,1,0
compensated,82.67,3.6010459578289087,1.6214021852154168,0.19187660920296562,0.17859482088936796,1,0
compensated,82.68,3.6010536690176944,1.6212680094935692,0.1982818809183953,0.19415370730197654,1,0
compensated,82.69,3.601061731121485,1.6211322625599556,0.204769928856881,0.19415370730197654,1,0
compensated,82.7,3.601070213279214,1.6209936758337928,0.21139585728910507,0.20564382188035465,1,0
compensated,82.71,3.601079367663415,1.6208528640882316,0.2180503297174732,0.20564382188035465,1,0
compensated,82.72,3.6010888456265437,1.6207119995228774,0.2247057623683716,0.21630747842192033,1,0
compensated,82.73,3.601098611832211,1.620571262210831,0.231360828360269,0.21630747842192033,1,0
compensated,82.74,3.6011086633529947,1.6204306609747392,0.23801549540766687,0.23033732004836566,1,0
compensated,82.75,3.6011189982826823,1.6202901996879078,0.244669751752029,0.23033732004836566,1,0
compensated,82.76,3.6011296146876144,1.6201498820957818,0.251323586076507,0.24604504205278221,1,0
compensated,82.77,3.601140510584888,1.620009711914805,0.2579769870952299,0.24604504205278221,1,0
compensated,82.78,3.601151683941992,1.6198696928336527,0.2646299435441284,0.2602959665947768,1,0
compensated,82.79,3.601163132677601,1.6197298285128021,0.2712824441816351,0.2602959665947768,1,0
compensated,82.8,3.6011748546615756,1.619590122583689,0.2779344777892031,0.26771808306398454,1,0
compensated,82.81,3.601186847715677,1.619450578648208,0.2845860331728521,0.26771808306398454,1,0
compensated,82.82,3.601199109613726,1.6193112002779073,0.2912370991629258,0.2803592208240667,1,0
compensated,82.83,3.6012116380822548,1.6191719910134441,0.297887664613801,0.2803592208240667,1,0
compensated,82.84,3.6012244308008134,1.6190329543639512,0.30453771840622634,0.29657128623427154,1,0
compensated,82.85,3.601237485402569,1.6188940938063865,0.31118724944696524,0.29657128623427154,1,0
compensated,82.86,3.601250799474517,1.6187554127848824,0.3178362466690477,0.3123124864041728,1,0
compensated,82.87,3.6012643705581695,1.6186169147101228,0.32448469903288735,0.3123124864041728,1,0
compensated,82.88,3.601278196149825,1.6184786029587634,0.33113259552592,0.32430265452567697,1,0
compensated,82.89,3.6012923768359437,1.618340456301779,0.33776024631298524,0.32430265452567697,1,0
compensated,82.9,3.6013066568662,1.6182030710131798,0.34437973823578455,0.3355585379606727,1,0
compensated,82.91,3.6013211722759464,1.6180659049546322,0.3509987048902413,0.3355585379606727,1,0
compensated,82.92,3.6013359308104187,1.6179289328466755,0.35761712678757945,0.35093830840732526,1,0
compensated,82.93,3.601350862425687,1.6177921644506517,0.3642474315902988,0.35093830840732526,1,0
compensated,82.94,3.601366128189026,1.6176552693129778,0.37088105656564374,0.3644531883136221,1,0
compensated,82.95,3.6013819456916236,1.6175183648785716,0.3774703378199968,0.3644531883136221,1,0
compensated,82.96,3.6013975640027116,1.6173832946805582,0.38402847495799597,0.37937949680264926,1,0
compensated,82.97,3.6014135024667207,1.617248531262695,0.3905616468384563,0.37937949680264926,1,0
compensated,82.98,3.601429452232346,1.617114667561821,0.39708453521148235,0.39004244849471087,1,0
compensated,82.99,3.601445891195577,1.6169809133484383,0.4035666432725512,0.39004244849471087,1,0
compensated,83.0,3.601462140271984,1.6168487496177602,0.4100237100465185,0.4054219462062476,1,0
compensated,83.01,3.6014784268790887,1.6167168986042857,0.41650097096017596,0.4054219462062476,1,0
compensated,83.02,3.6014951115159977,1.6165846731432882,0.42298579902816813,0.4165645983689763,1,0
compensated,83.03,3.6015123543812138,1.6164524730104093,0.42942611040592804,0.4165645983689763,1,0
compensated,83.04,3.6015293150488774,1.616322077691637,0.43583542955181,0.4281765374806872,1,0
compensated,83.05,3.60154632876488,1.6161920104335714,0.4422577667666483,0.4281765374806872,1,0
compensated,83.06,3.601563662554823,1.616061802813076,0.4486840842412695,0.44335647568267605,1,0
compensated,83.07,3.6015811484871203,1.615931805330817,0.4551162897435552,0.44335647568267605,1,0
compensated,83.08,3.6015988803171957,1.6158018740030053,0.46154979526837125,0.4557896970053784,1,0
compensated,83.09,3.6016171475499066,1.61567203680979,0.46794026308921477,0.4557896970053784,1,0
compensated,83.1,3.6016351009368783,1.6155438905190194,0.47430246624635036,0.46732413677318707,1,0
compensated,83.11,3.601653227693739,1.615416078072359,0.48065618755136186,0.46732413677318707,1,0
compensated,83.12,3.6016714512434715,1.6152886809205154,0.48700692257645595,0.47952833882454904,1,0
compensated,83.13,3.6016897842698814,1.6151615171671196,0.49336473796156793,0.47952833882454904,1,0
compensated,83.14,3.6017083581024387,1.6150343998761516,0.49972419968357706,0.49201751313202335,1,0
compensated,83.15,3.6017271188894937,1.6149075208105448,0.5060794775817141,0.49201751313202335,1,0
compensated,83.16,3.601745909299672,1.6147808896274067,0.512432363923971,0.5074310302464179,1,0
compensated,83.17,3.6017641566025507,1.6146539825655115,0.5187716618863573,0.5074310302464179,1,0
compensated,83.18,3.601778783920152,1.6145250452802684,0.5250854453753949,0.5198694911057913,1,0
compensated,83.19,3.6017917434940703,1.6143953212358924,0.5313407063709521,0.5198694911057913,1,0
compensated,83.2,3.6017987610442908,1.6142632232100167,0.5375308749122641,0.5334924385046148,1,0
compensated,83.21,3.6017956240660487,1.6141249715511983,0.5436496909459256,0.5334924385046148,1,0
compensated,83.22,3.601779495492816,1.6139786933114206,0.5496854489166898,0.5433723883678817,1,0
compensated,83.23,3.6017505542763995,1.613824387758172,0.5556141020994183,0.5433723883678817,1,0
compensated,83.24,3.6017065096095813,1.6136612365361391,0.5614398041729877,0.5555988625353727,1,0
compensated,83.25,3.601658261309168,1.6134966245458804,0.567273212110245,0.5555988625353727,1,0
compensated,83.26,3.6016105339738678,1.6133309113641245,0.5731193104935235,0.5694709959997217,1,0
compensated,83.27,3.6015632584128423,1.6131650470785732,0.5789614262653786,0.5694709959997217,1,0
compensated,83.28,3.6015163301681152,1.6129991292224475,0.5848021310568579,0.5777532624225752,1,0
compensated,83.29,3.601470276206547,1.6128332773086351,0.5906151000678905,0.5777532624225752,1,0
compensated,83.3,3.601424409589841,1.6126681460038537,0.596416454183055,0.5910280457999497,1,0
compensated,83.31,3.60137798265503,1.6125026907736772,0.6022625527461047,0.5910280457999497,1,0
compensated,83.32,3.601332183093907,1.6123352222434588,0.6081391727570299,0.6021212545635376,1,0
compensated,83.33,3.601287163498408,1.6121676879618414,0.6139961038645391,0.6021212545635376,1,0
compensated,83.34,3.601242371702594,1.6120005826467305,0.619845937522726,0.6141762803615057,1,0
compensated,83.35,3.601197683012165,1.6118332250213654,0.6257096130995163,0.6141762803615057,1,0
compensated,83.36,3.601153475504735,1.6116653504109515,0.6315770920099613,0.6237835257892796,1,0
compensated,83.37,3.601109659584428,1.6114973498502092,0.6374432264323612,0.6237835257892796,1,0
compensated,83.38,3.601066206489631,1.6113292496001532,0.643308629261093,0.6408666228404564,1,0
compensated,83.39,3.601022474518877,1.611160777802598,0.649206774835024,0.6408666228404564,1,0
compensated,83.4,3.60097937413545,1.6109910633643774,0.6551202854486989,0.6486556617384073,1,0
compensated,83.41,3.600937832348633,1.6108213677842507,0.6609808173802497,0.6486556617384073,1,0
compensated,83.42,3.600896381862155,1.6106541705700002,0.6667896451643126,0.6606422050610689,1,0
compensated,83.43,3.6008541333673865,1.6104868518359257,0.6726454545727445,0.6606422050610689,1,0
compensated,83.44,3.6008125819733188,1.6103173086943972,0.6785385727941846,0.6741142058860172,1,0
compensated,83.45,3.600771472161843,1.6101475211536018,0.684431850229451,0.6741142058860172,1,0
compensated,83.46,3.600730732637013,1.6099776240817059,0.6903246447600817,0.6837652010304689,1,0
compensated,83.47,3.6006907813082374,1.6098078489872842,0.6961945563365012,0.6837652010304689,1,0
compensated,83.48,3.600650991460924,1.6096386154854014,0.7020560199182001,0.6955548641008837,1,0
compensated,83.49,3.6006109004021907,1.60946902099156,0.7079496451037408,0.6955548641008837,1,0
compensated,83.5,3.600571471565704,1.6092982569184455,0.7138580933624088,0.7083758286165808,1,0
compensated,83.51,3.600532368335342,1.6091273272658002,0.7197694867939893,0.7083758286165808,1,0
compensated,83.52,3.6004936619335535,1.6089562241977686,0.7256812131783467,0.7201096527287937,1,0
compensated,83.53,3.6004555637827744,1.6087851819107604,0.7315792348074152,0.7201096527287937,1,0
compensated,83.54,3.6004176984381537,1.6086143925487284,0.737472921663737,0.7278536334974353,1,0
compensated,83.55,3.6003801071152637,1.60844348159237,0.7433702747601195,0.7278536334974353,1,0
compensated,83.56,3.6003429167985965,1.6082723866984914,0.7492681786560184,0.7436935238946143,1,0
compensated,83.57,3.600304997969104,1.608100913457689,0.7552138871963772,0.7436935238946143,1,0
compensated,83.58,3.6002678812191404,1.6079272601793804,0.7611974820869761,0.7539826478260812,1,0
compensated,83.59,3.6002322347445754,1.6077537269094329,0.7671350785880594,0.7539826478260812,1,0
compensated,83.6,3.600196498672122,1.6075819897375072,0.773039390457186,0.7677553493757527,1,0
compensated,83.61,3.6001605462917006,1.6074100190915608,0.7789678963954625,0.7677553493757527,1,0
compensated,83.62,3.6001252175268577,1.6072372516569298,0.7849055881479251,0.7825407711310931,1,0
compensated,83.63,3.6000907763029173,1.6070646827918895,0.7908167300840523,0.7825407711310931,1,0
compensated,83.64,3.6000564042110033,1.6068928139697154,0.7967168490530354,0.7890844744814213,1,0
compensated,83.65,3.600023141838749,1.6067212737183167,0.8025790632119877,0.7890844744814213,1,0
compensated,83.66,3.59998981476503,1.606550942215303,0.8084207531200068,0.8014900919646424,1,0
compensated,83.67,3.5999554934404374,1.6063802948630252,0.8143152594280361,0.8014900919646424,1,0
compensated,83.68,3.5999219726656584,1.606206902137012,0.8202663017159877,0.8156783103938812,1,0
compensated,83.69,3.599889123905238,1.6060332764112142,0.8262112037788228,0.8156783103938812,1,0
compensated,83.7,3.5998565513738456,1.6058597569390318,0.832153633931612,0.8266247613821214,1,0
compensated,83.71,3.59982495851135,1.6056865420509532,0.8380643793451633,0.8266247613821214,1,0
compensated,83.72,3.5997933419486836,1.6055142260060942,0.843960585366116,0.8372785123888535,1,0
compensated,83.73,3.5997617204220465,1.6053416913192862,0.8498723270021287,0.8372785123888535,1,0
compensated,83.74,3.5997306310085664,1.605168703521794,0.8557885472011132,0.8527907111531055,1,0
compensated,83.75,3.5996994820026544,1.60499541183785,0.8617245454930801,0.8527907111531055,1,0
compensated,83.76,3.5996689204247456,1.6048215463620443,0.8676668809200438,0.8616788721233314,1,0
compensated,83.77,3.599639679659713,1.604648064023072,0.8735651505796307,0.8616788721233314,1,0
compensated,83.78,3.5996102368851424,1.6044761618433545,0.8794343386194541,0.8727029636621512,1,0
compensated,83.79,3.5995801750964533,1.6043038768324422,0.885342608547931,0.8727029636621512,1,0
compensated,83.8,3.5995509509539234,1.604130177890644,0.8912735389465105,0.8875005772811437,1,0
compensated,83.81,3.5995218100362774,1.6039561896392185,0.8972191740591036,0.8875005772811437,1,0
compensated,83.82,3.599493194224189,1.6037818043432697,0.903168745391265,0.8973387597222954,1,0
compensated,83.83,3.5994657244907833,1.6036078188623124,0.909080402060475,0.8973387597222954,1,0
compensated,83.84,3.5994380915657604,1.6034350249748517,0.9149713092681706,0.9106691193618408,1,0
compensated,83.85,3.59941009614737,1.6032618707342452,0.920891842749882,0.9106691193618408,1,0
compensated,83.86,3.5993828302052555,1.6030878111546414,0.9268251443825516,0.9193568710089757,1,0
compensated,83.87,3.5993563200566996,1.602913989759449,0.9327375211775902,0.9193568710089757,1,0
compensated,83.88,3.599329862182517,1.6027406640465183,0.9386421362713628,0.9315522659622496,1,0
compensated,83.89,3.5993027636327164,1.602566862221483,0.9445875426216221,0.9315522659622496,1,0
compensated,83.9,3.5992765613836593,1.6023915933962523,0.9505579892808909,0.9445423733857314,1,0
compensated,83.91,3.599250806187241,1.6022162984554473,0.9565247290004936,0.9445423733857314,1,0
compensated,83.92,3.599225329474832,1.6020410650673191,0.9624897747540141,0.956753669685095,1,0
compensated,83.93,3.5992004765454393,1.601866054789584,0.9684385423952759,0.956753669685095,1,0
compensated,83.94,3.5991757269561666,1.6016914021335973,0.9743816621360861,0.9685292181511678,1,0
compensated,83.95,3.599151347236756,1.6015168073676684,0.9803204954691037,0.9685292181511678,1,0
compensated,83.96,3.599127231666254,1.6013422852221344,0.9862575498976712,0.9787230791612291,1,0
compensated,83.97,3.5991033529339718,1.6011677086301868,0.9921973392925585,0.9787230791612291,1,0
compensated,83.98,3.59907983203497,1.600993055712934,0.9981372344592088,0.9947490638834944,1,0
compensated,83.99,3.599056067452907,1.6008180246389345,1.004102497943022,0.9947490638834944,1,0
compensated,84.0,3.5990329934988545,1.6006423061158186,1.010077465557252,1.001798429643383,1,0
compensated,84.01,3.5990113719556005,1.6004671381983944,1.0160048016813987,1.001798429643383,1,0
compensated,84.02,3.5989893500610752,1.6002937504034755,1.0218962355234404,1.0143047377119183,1,0
compensated,84.03,3.598966209761702,1.6001198887807528,1.0278379637468587,1.0143047377119183,1,0
compensated,84.04,3.598944109432349,1.5999437870550184,1.0338275058211923,1.0240672205350405,1,0
compensated,84.05,3.5989226584542973,1.599767664042368,1.0398088036790776,1.0240672205350405,1,0
compensated,84.06,3.5989013923687185,1.599591720069938,1.0457869813755654,1.0412376669770946,1,0
compensated,84.07,3.5988797363377367,1.5994153272628924,1.0517955653508746,1.0412376669770946,1,0
compensated,84.08,3.5988588679993967,1.599238089160481,1.0578174054083214,1.0509126051580184,1,0
compensated,84.09,3.5988396921937493,1.599061450866723,1.0637859582829254,1.0509126051580184,1,0
compensated,84.1,3.5988200258294722,1.5988871629888644,1.0697013988552981,1.0649720635258628,1,0
compensated,84.11,3.5987997309638287,1.598712569291736,1.0756473181826063,1.0649720635258628,1,0
compensated,84.12,3.5987802310985018,1.5985371139734899,1.081607299085389,1.0748808122412143,1,0
compensated,84.13,3.5987616817694317,1.598362114537156,1.0875372062928557,1.0748808122412143,1,0
compensated,84.14,3.59874295314667,1.5981878920983672,1.0934535136127608,1.0886842823687781,1,0
compensated,84.15,3.5987238369705543,1.5980132365618565,1.0993983842792374,1.0886842823687781,1,0
compensated,84.16,3.5987054766331514,1.5978378370832838,1.1053552018602877,1.1008936493048151,1,0
compensated,84.17,3.598687981943434,1.597662871473187,1.1112849911491354,1.1008936493048151,1,0
compensated,84.18,3.598670346451291,1.597488566689534,1.1172033003689148,1.1094922723858787,1,0
compensated,84.19,3.598653028521082,1.597314361778206,1.1231172000751548,1.1094922723858787,1,0
compensated,84.2,3.5986359315073777,1.5971402465274,1.1290292213781892,1.1217255859343458,1,0
compensated,84.21,3.5986181060246585,1.5969655125135291,1.1349824570962457,1.1217255859343458,1,0
compensated,84.22,3.5986012726785934,1.5967894540374603,1.1409614892279076,1.136050141948715,1,0
compensated,84.23,3.5985848665134443,1.5966134370405902,1.1469360660667158,1.136050141948715,1,0
compensated,84.24,3.598568675373003,1.5964375185100395,1.1529086234272279,1.1459300512760138,1,0
compensated,84.25,3.5985534614993244,1.5962621769491836,1.1588479356254708,1.1459300512760138,1,0
compensated,84.26,3.598537969962144,1.5960876942214555,1.1647712698925128,1.1590091804989848,1,0
compensated,84.27,3.5985220547446284,1.5959127443005918,1.1707233779143904,1.1590091804989848,1,0
compensated,84.28,3.598506910616372,1.5957370872913517,1.1766875812239308,1.1734175368654611,1,0
compensated,84.29,3.5984924017670616,1.5955617480282052,1.1826342679199469,1.1734175368654611,1,0
compensated,84.3,3.598477883257272,1.5953867757567675,1.1885746098095396,1.182222960777615,1,0
compensated,84.31,3.598464342357254,1.5952124259656661,1.1944808204595987,1.182222960777615,1,0
compensated,84.32,3.5984504851497774,1.5950389504936853,1.2003702269113947,1.191552571250046,1,0
compensated,84.33,3.5984358950621305,1.5948648373690504,1.2062989786535467,1.191552571250046,1,0
compensated,84.34,3.598422282864699,1.5946895694000391,1.2122508754294838,1.2059512286823333,1,0
compensated,84.35,3.5984081847793523,1.5945136633542873,1.2182375489585038,1.2059512286823333,1,0
compensated,84.36,3.5983949816032585,1.59433684513422,1.2242416537312717,1.2162127182461655,1,0
compensated,84.37,3.598382819059516,1.5941606346749515,1.2302119711986912,1.2162127182461655,1,0
compensated,84.38,3.598370324189597,1.5939852775458812,1.2361655127812372,1.2287908452274332,1,0
compensated,84.39,3.5983574982862256,1.5938094961478548,1.2421431271422834,1.2287908452274332,1,0
compensated,84.4,3.598345364890805,1.593633200366456,1.2481295943078257,1.2420539332207932,1,0
compensated,84.41,3.598333689873473,1.5934571132663773,1.2541058277456525,1.2420539332207932,1,0
compensated,84.42,3.5983221090780773,1.5932812215146046,1.2600784780006307,1.2571629891323985,1,0
compensated,84.43,3.5983111642577756,1.5931057497278254,1.2660308918036902,1.2571629891323985,1,0
compensated,84.44,3.598300132459669,1.5929306850579288,1.2719757585766922,1.265940708867637,1,0
compensated,84.45,3.598290248845909,1.5927564115578072,1.2778797172721341,1.265940708867637,1,0
compensated,84.46,3.598279862758144,1.592583261136737,1.2837595216971667,1.2770902549265657,1,0
compensated,84.47,3.598268692651503,1.5924094105872963,1.289678684742417,1.2770902549265657,1,0
compensated,84.48,3.5982585217852776,1.5922344680255875,1.2956211832004305,1.2907140745659953,1,0
compensated,84.49,3.598248393391242,1.592059249220539,1.3015761776989985,1.2907140745659953,1,0
compensated,84.5,3.598238732365666,1.5918838403100752,1.3075339106448762,1.2996811658672767,1,0
compensated,84.51,3.598229817946642,1.5917089576002228,1.3134666647793265,1.2996811658672767,1,0
compensated,84.52,3.5982207090199245,1.5915345839087975,1.3193893643807488,1.3138458513565978,1,0
compensated,84.53,3.5982109022300826,1.5913594839925942,1.3253499397405668,1.3138458513565978,1,0
compensated,84.54,3.5982020753515074,1.5911834065939139,1.3313315312971885,1.3241998266742216,1,0
compensated,84.55,3.5981942085022625,1.5910079667773085,1.337281881330526,1.3241998266742216,1,0
compensated,84.56,3.5981860091395035,1.5908332193037524,1.3432176996717775,1.337319787756115,1,0
compensated,84.57,3.5981774944784806,1.5906580108623973,1.3491763961001217,1.337319787756115,1,0
compensated,84.58,3.598169647534858,1.5904823770893473,1.3551430636817698,1.3491799515594487,1,0
compensated,84.59,3.5981623991980882,1.59030714482583,1.3610915656913485,1.3491799515594487,1,0
compensated,84.6,3.598155071372914,1.590132243089051,1.3670333934259031,1.3625837839776178,1,0
compensated,84.61,3.5981479105056247,1.5899573344240294,1.3729762569268698,1.3625837839776178,1,0
compensated,84.62,3.5981410113836985,1.589782429960455,1.3789185653346046,1.3740522407576483,1,0
compensated,84.63,3.5981347672956527,1.5896080287820737,1.384838686384708,1.3740522407576483,1,0
compensated,84.64,3.598128361045776,1.589434031663111,1.3907503728023525,1.3834498001160622,1,0
compensated,84.65,3.5981219903248296,1.5892598849574662,1.3966693157414143,1.3834498001160622,1,0
compensated,84.66,3.5981159851598976,1.5890856519370573,1.4025893662179634,1.397804988809316,1,0
compensated,84.67,3.5981094224970382,1.5889106928058834,1.4085430478238399,1.397804988809316,1,0
compensated,84.68,3.5981037554414614,1.5887349937828508,1.414513184294925,1.4087965544792018,1,0
compensated,84.69,3.598099065118682,1.5885600363502559,1.420449979186538,1.4087965544792018,1,0
compensated,84.7,3.5980939679447794,1.5883857871098517,1.426370494974366,1.417134564172038,1,0
compensated,84.71,3.59808873398772,1.5882112263725565,1.4323052259782458,1.417134564172038,1,0
compensated,84.72,3.5980839941355045,1.5880364636819508,1.4382435797848587,1.4310381640018655,1,0
compensated,84.73,3.5980784191610082,1.5878607661588346,1.4442247067155949,1.4310381640018655,1,0
compensated,84.74,3.598073959357115,1.5876839182348919,1.4502342503159014,1.4458548510039941,1,0
compensated,84.75,3.5980703969951087,1.5875077046257071,1.4562158150166105,1.4458548510039941,1,0
compensated,84.76,3.598066530198697,1.5873320234976624,1.4621849720614641,1.457218792108014,1,0
compensated,84.77,3.5980636745625203,1.5871572368492444,1.4681159756274373,1.457218792108014,1,0
compensated,84.78,3.5980602921913514,1.5869832973654217,1.4740260417547022,1.466703238319328,1,0
compensated,84.79,3.5980568656606247,1.5868091615661866,1.4799448427290876,1.466703238319328,1,0
compensated,84.8,3.598053825883592,1.5866349277102563,1.4858651432439198,1.4773830387665543,1,0
compensated,84.81,3.5980502549699604,1.5864599225997529,1.4918181012704799,1.4773830387665543,1,0
compensated,84.82,3.598047564433797,1.5862842667117223,1.4977865286503442,1.4892875512237904,1,0
compensated,84.83,3.5980447302206118,1.5861081482258632,1.503773661717646,1.4892875512237904,1,0
compensated,84.84,3.5980424786998055,1.585931764154575,1.509766311831004,1.504251410838574,1,0
compensated,84.85,3.598040424942026,1.5857553711826202,1.5157592900182624,1.504251410838574,1,0
compensated,84.86,3.5980386079606625,1.5855789916034477,1.5217514364429858,1.5139887196082693,1,0
compensated,84.87,3.598037860763311,1.5854035741058432,1.527704114535274,1.5139887196082693,1,0
compensated,84.88,3.5980365381557484,1.5852290081413793,1.5336343721412682,1.5263184681939421,1,0
compensated,84.89,3.5980346877905234,1.5850537079174258,1.5395944979961849,1.5263184681939421,1,0
compensated,84.9,3.598033660750213,1.584877877816091,1.5455674828254429,1.5407062101179916,1,0
compensated,84.91,3.5980329773882813,1.5847022042686523,1.5515341243055536,1.5407062101179916,1,0
compensated,84.92,3.5980324041969074,1.5845266220980379,1.5574981282331677,1.548834962285144,1,0
compensated,84.93,3.598032725088446,1.5843518940766492,1.5634283637715847,1.548834962285144,1,0
compensated,84.94,3.5980325987277726,1.5841777829366916,1.5693420414841677,1.5644395066532883,1,0
compensated,84.95,3.5980315524212827,1.5840025747215807,1.5752995903396847,1.5644395066532883,1,0
compensated,84.96,3.5980316672568313,1.583826246459101,1.5812880355210324,1.576716169082626,1,0
compensated,84.97,3.5980331124382787,1.583651027705934,1.5872322595923705,1.576716169082626,1,0
compensated,84.98,3.5980338455256287,1.5834768601578808,1.5931465265450162,1.5876684463720594,1,0
compensated,84.99,3.5980347611600925,1.5833028505543694,1.599054880251305,1.5876684463720594,1,0
compensated,85.0,3.5980357943639323,1.5831289146506777,1.6049608337272008,1.5988342172271286,1,0
compensated,85.01,3.5980367132229496,1.5829545165584984,1.610883617007668,1.5988342172271286,1,0
compensated,85.02,3.5980381369806844,1.582780010280528,1.6168080803035099,1.609951710039155,1,0
compensated,85.03,3.598039524387661,1.582605176675366,1.6227443447699268,1.609951710039155,1,0
compensated,85.04,3.5980413507706386,1.5824302242387382,1.628683038420676,1.6224089793053305,1,0
compensated,85.05,3.5980431293032815,1.5822549230959808,1.6346341850408486,1.6224089793053305,1,0
compensated,85.06,3.5980453615829573,1.5820794943886138,1.6405880518561973,1.6357793276332242,1,0
compensated,85.07,3.5980479371966507,1.5819042861939454,1.6465334658178519,1.6357793276332242,1,0
compensated,85.08,3.5980505812094496,1.5817291734458543,1.652475695919912,1.64536222503502,1,0
compensated,85.09,3.5980538112700593,1.5815546459471266,1.6583962406482977,1.64536222503502,1,0
compensated,85.1,3.598056852259255,1.581380389160465,1.6643085578414398,1.6580665647242523,1,0
compensated,85.11,3.5980593958500675,1.5812052517117827,1.6702522771155044,1.6580665647242523,1,0
compensated,85.12,3.5980628000722152,1.581029607420858,1.6762102749299117,1.6717553628391029,1,0
compensated,85.13,3.5980666509118806,1.5808542933994472,1.6821560240035416,1.6717553628391029,1,0
compensated,85.14,3.59807050001154,1.580679104322992,1.6880975489457453,1.6834373102577538,1,0
compensated,85.15,3.59807501396942,1.5805046242509433,1.6940133728414999,1.6834373102577538,1,0
compensated,85.16,3.5980792542500146,1.580330474401583,1.6999186516908364,1.6940178003025093,1,0
compensated,85.17,3.5980835794182195,1.580156200526497,1.7058276260396135,1.6940178003025093,1,0
compensated,85.18,3.5980881936910056,1.579981899716414,1.711736674564861,1.705601244933046,1,0
compensated,85.19,3.598092615098605,1.5798070117469922,1.7176655312859006,1.705601244933046,1,0
compensated,85.2,3.598097637332332,1.5796319050877787,1.723600378405601,1.7152332221876512,1,0
compensated,85.21,3.5981027627999027,1.5794566249266666,1.7295405747266588,1.7152332221876512,1,0
compensated,85.22,3.598108209548275,1.5792813050694774,1.7354812443173315,1.7261452868836178,1,0
compensated,85.23,3.5981132161435534,1.5791050655297114,1.741452783896927,1.7261452868836178,1,0
compensated,85.24,3.598119077312213,1.5789283749794785,1.7474380544899808,1.7397262951491068,1,0
compensated,85.25,3.5981251438935424,1.5787516282274907,1.7534246157100006,1.7397262951491068,1,0
compensated,85.26,3.5981314622140306,1.5785748767259657,1.7594105401052438,1.7540612517773515,1,0
compensated,85.27,3.598138167192576,1.5783984433575537,1.765384966965646,1.7540612517773515,1,0
compensated,85.28,3.5981448921142105,1.5782221062089896,1.7713553837268776,1.7637939941717826,1,0
compensated,85.29,3.5981524389145396,1.578046733093815,1.7772927005916654,1.7637939941717826,1,0
compensated,85.3,3.5981595518209883,1.5778718077073512,1.7832140997257995,1.7768052774154424,1,0
compensated,85.31,3.5981662252462057,1.5776959562598525,1.7891652223508578,1.7768052774154424,1,0
compensated,85.32,3.5981737264661118,1.5775197110755588,1.7951290214457525,1.7902320529890088,1,0
compensated,85.33,3.598181744102111,1.5773439477794213,1.8010762693683502,1.7902320529890088,1,0
compensated,85.34,3.5981896840689807,1.5771683295082861,1.8070175072223715,1.8016649279667967,1,0
compensated,85.35,3.5981981951458826,1.5769933677032695,1.8129363372038418,1.8016649279667967,1,0
compensated,85.36,3.5982065143133344,1.5768186181214516,1.8188466366854812,1.8106952496170439,1,0
compensated,85.37,3.598214872821166,1.5766436040287386,1.824764533646168,1.8106952496170439,1,0
compensated,85.38,3.598223598383048,1.576468539264834,1.8306835187429376,1.8223785385686064,1,0
compensated,85.39,3.5982318814106566,1.5762923931070458,1.8366353186033806,1.8223785385686064,1,0
compensated,85.4,3.598241061731065,1.5761158142550786,1.8426031027404788,1.8367030514866602,1,0
compensated,85.41,3.5982505055650673,1.5759392513506478,1.848569750690522,1.8367030514866602,1,0
compensated,85.42,3.5982601637210956,1.5757626989032587,1.8545351128290253,1.8486518965912069,1,0
compensated,85.43,3.598270451596497,1.5755868988670336,1.8604756473627968,1.8486518965912069,1,0
compensated,85.44,3.5982805038554044,1.5754113309778426,1.866406190958417,1.8596057269456285,1,0
compensated,85.45,3.5982907340749186,1.5752357443579308,1.8723361994745977,1.8596057269456285,1,0
compensated,85.46,3.598301192111836,1.5750601621881877,1.8782651479835837,1.8704809659200141,1,0
compensated,85.47,3.598311605118976,1.574884072905925,1.8842085894183596,1.8704809659200141,1,0
compensated,85.48,3.598322520921676,1.574707888657054,1.8901557345665325,1.880098573454635,1,0
compensated,85.49,3.5983335340073297,1.5745314496315936,1.8961099241330612,1.880098573454635,1,0
compensated,85.5,3.598344913691792,1.574354971939785,1.9020650280227247,1.8986699120427837,1,0
compensated,85.51,3.598356518598335,1.5741785040338439,1.9080188683782224,1.8986699120427837,1,0
compensated,85.52,3.5983683441921177,1.5740020448969585,1.9139714305182445,1.906697762584515,1,0
compensated,85.53,3.598381237533744,1.5738270094088365,1.9198798379351447,1.906697762584515,1,0
compensated,85.54,3.5983934456717006,1.5736527070714663,1.925758886470418,1.9212661257774095,1,0
compensated,85.55,3.5984062414139797,1.573474416206078,1.9316647830926896,1.9212661257774095,1,0
compensated,85.56,3.5984196633466397,1.5732953740949758,1.93759773943117,1.9347446141020965,1,0
compensated,85.57,3.598433057678979,1.5731196796778937,1.9435124059415168,1.9347446141020965,1,0
compensated,85.58,3.5984461481399563,1.572944571316216,1.9494140824665196,1.944012885756556,1,0
compensated,85.59,3.598459779284481,1.5727701879433629,1.9552926809720947,1.944012885756556,1,0
compensated,85.6,3.59847323448426,1.572595967739434,1.961162537327363,1.958922316144829,1,0
compensated,85.61,3.598487693934125,1.5724179410553458,1.9670515942881128,1.958922316144829,1,0
compensated,85.62,3.598503009752635,1.5722387550813886,1.9729540354005568,1.9701110442414311,1,0
compensated,85.63,3.5985179592198673,1.572063445894521,1.978832872612026,1.9701110442414311,1,0
compensated,85.64,3.5985323338245574,1.5718893711256858,1.984694358575032,1.9788945175728712,1,0
compensated,85.65,3.598547222907447,1.5717139377622102,1.9905616346389563,1.9788945175728712,1,0
compensated,85.66,3.5985624705419696,1.5715383878955431,1.9964308616979092,1.987755039948541,1,0
compensated,85.67,3.5985792466420428,1.5713583127395894,2.0023182830016006,1.987755039948541,1,0
compensated,85.68,3.598597600670468,1.5711756629196625,2.008214370533844,2.002043959687586,1,0
compensated,85.69,3.5986163506438884,1.5709928584043604,2.014108243866485,2.002043959687586,1,0
compensated,85.7,3.5986355225868887,1.570809795406103,2.0199992106418048,2.0150923171480706,1,0
compensated,85.71,3.5986551677698415,1.5706263755157175,2.0258866929418007,2.0150923171480706,1,0
compensated,85.72,3.5986753325075824,1.570442515295752,2.031770195205167,2.0250850467531953,1,0
compensated,85.73,3.5986960481662593,1.5702581746428999,2.037649188037674,2.0250850467531953,1,0
compensated,85.74,3.598717354132661,1.5700732783719327,2.043523426979967,2.037456705474277,1,0
compensated,85.75,3.598739293512824,1.569887751497748,2.049392806260324,2.037456705474277,1,0
compensated,85.76,3.598761883965257,1.569701590040752,2.0552570691658376,2.048334005925719,1,0
compensated,85.77,3.598785136283369,1.569514789996352,2.0611160982760564,2.048334005925719,1,0
compensated,85.78,3.5988090588424497,1.56932735409213,2.066969885525287,2.0592673134601345,1,0
compensated,85.79,3.59883365272494,1.569139298656705,2.0728185030786976,2.0592673134601345,1,0
compensated,85.8,3.598858911373457,1.5689506534102582,2.078662102948115,2.072373660779881,1,0
compensated,85.81,3.5988848203111288,1.5687614612377951,2.0845009166701707,2.072373660779881,1,0
compensated,85.82,3.5989113568660596,1.5685717779613753,2.0903352549943284,2.0856266585014502,1,0
compensated,85.83,3.598938489899238,1.5683816721113535,2.0961655075897063,2.0856266585014502,1,0
compensated,85.84,3.5989661795348504,1.5681912246982002,2.101992142772964,2.0922001391311422,1,0
compensated,85.85,3.598994376892233,1.568000528985455,2.107815707263464,2.0922001391311422,1,0
compensated,85.86,3.599023023818522,1.5678096902647949,2.1136368259697984,2.109878855066432,1,0
compensated,85.87,3.599052052621506,1.567618825633002,2.11945620181662,2.109878855066432,1,0
compensated,85.88,3.5990813858012443,1.567428063772451,2.125274615612592,2.1156359356194887,1,0
compensated,85.89,3.5991109357795805,1.567237544735267,2.1310929259663407,2.1156359356194887,1,0
compensated,85.9,3.5991406046265904,1.5670474197313085,2.136912069256808,2.131414218209418,1,0
compensated,85.91,3.5991702837826742,1.5668578509209563,2.142733059660833,2.131414218209418,1,0
compensated,85.92,3.5991998537752554,1.5666690112124655,2.1485569892456353,2.1416731419302346,1,0
compensated,85.93,3.5992291839286166,1.5664810840647807,2.154385028128676,2.1416731419302346,1,0
compensated,85.94,3.599258132065783,1.56629426329555,2.160218424712289,2.154711099478961,1,0
compensated,85.95,3.5992865442010644,1.5661087528946216,2.1660585059977095,2.154711099478961,1,0
compensated,85.96,3.5993142542218104,1.565924766843084,2.1719066779839378,2.1665664269925404,1,0
compensated,85.97,3.5993410835577206,1.565742528938349,2.1777644261547895,2.1665664269925404,1,0
compensated,85.98,3.5993668408364576,1.5655622726244387,2.1836333160629118,2.1773940313302442,1,0
compensated,85.99,3.599391321524,1.5653842408276335,2.1895149940152323,2.1773940313302442,1,0
compensated,86.0,3.599414808635031,1.5652081888566163,2.195407657242137,2.192115532556787,1,0
compensated,86.01,3.5994385524135115,1.5650324158731004,2.2013004501405864,2.192115532556787,1,0
compensated,86.02,3.5994625742453366,1.5648566734117462,2.2071920866694748,2.199984754055457,1,0
compensated,86.03,3.5994868721782822,1.564680960431911,2.213082559283194,2.199984754055457,1,0
compensated,86.04,3.599511447428888,1.564505277901147,2.2189718711168553,2.2113253162412905,1,0
compensated,86.05,3.59953630126469,1.5643296268393856,2.224860025507325,2.2113253162412905,1,0
compensated,86.06,3.5995614349543463,1.5641540082918985,2.23074702583203,2.2261080580930956,1,0
compensated,86.07,3.5995868497665056,1.5639784233290226,2.2366328755059004,2.2261080580930956,1,0
compensated,86.08,3.5996125469694236,1.5638028730462148,2.242517577981555,2.237750161793399,1,0
compensated,86.09,3.599638527830731,1.5636273585639389,2.2484011367482224,2.237750161793399,1,0
compensated,86.1,3.5996647936168684,1.563451881027956,2.2542835553322496,2.246293793840108,1,0
compensated,86.11,3.5996913455928294,1.5632764416092229,2.260164837297226,2.246293793840108,1,0
compensated,86.12,3.5997181850218585,1.563101041503943,2.266044986242989,2.2625619290309293,1,0
compensated,86.13,3.5997453131650836,1.5629256819335173,2.2719240058058667,2.2625619290309293,1,0
compensated,86.14,3.599772731280978,1.5627503641448022,2.27780189965877,2.27286740940912,1,0
compensated,86.15,3.5998004406252493,1.56257508940988,2.2836786715108714,2.27286740940912,1,0
compensated,86.16,3.599828442450275,1.5623998590262729,2.2895543251069044,2.2833472830617376,1,0
compensated,86.17,3.5998567380049287,1.5622246743167665,2.29542886422858,2.2833472830617376,1,0
compensated,86.18,3.5998853285340098,1.5620495366296279,2.3013022926920774,2.2939200286343837,1,0
compensated,86.19,3.599914215278107,1.5618744473383976,2.30717461434999,2.2939200286343837,1,0
compensated,86.2,3.599943399473012,1.5616994078421234,2.3130458330894355,2.3075003934876825,1,0
compensated,86.21,3.599972882349473,1.5615244195651632,2.318915952833778,2.3075003934876825,1,0
compensated,86.22,3.6000026651329304,1.561349483957218,2.3247849775410936,2.318929227646503,1,0
compensated,86.23,3.600032749042899,1.5611746024934532,2.330652911203385,2.318929227646503,1,0
compensated,86.24,3.600063135292959,1.5609997766741583,2.336519757849054,2.3291798738580756,1,0
compensated,86.25,3.6000938250900982,1.560825008025067,2.3423855215395872,2.3291798738580756,1,0
compensated,86.26,3.600124819634436,1.5606502980971992,2.3482502063718345,2.340892384447038,1,0
compensated,86.27,3.6001561201187986,1.5604756484669222,2.354113816475763,2.340892384447038,1,0
compensated,86.28,3.6001877277285876,1.56030106073565,2.359976356016339,2.352307295785339,1,0
compensated,86.29,3.6002196436411844,1.5601265365300643,2.3658378291924813,2.352307295785339,1,0
compensated,86.3,3.600251869025691,1.5599520775019786,2.3716982402364253,2.3681242035183114,1,0
compensated,86.31,3.600284405042608,1.5597776853282486,2.377557593413457,2.3681242035183114,1,0
compensated,86.32,3.6003172528434018,1.5596033617107516,2.3834158930225113,2.378551861906841,1,0
compensated,86.33,3.6003504135701623,1.5594291083763527,2.389273143396549,2.378551861906841,1,0
compensated,86.34,3.60038388835531,1.5592549270768221,2.395129348900455,2.389679187414986,1,0
compensated,86.35,3.6004176783210653,1.559080819588817,2.4009845139323653,2.389679187414986,1,0
compensated,86.36,3.600451784579254,1.558906787713761,2.406838642922933,2.3986512821855754,1,0
compensated,86.37,3.6004862082310463,1.558732833277654,2.4126917403351684,2.3986512821855754,1,0
compensated,86.38,3.60052095036639,1.5585589581311425,2.418543810664928,2.414176532926186,1,0
compensated,86.39,3.6005560120637283,1.5583851641494542,2.4243948584398387,2.414176532926186,1,0
compensated,86.4,3.6005913943896344,1.558211453232267,2.430244888219296,2.4214106797953416,1,0
compensated,86.41,3.6006270983985527,1.5580378273035254,2.436093904594273,2.4214106797953416,1,0
compensated,86.42,3.600663125132324,1.5578642883114633,2.441941912188105,2.4370865035498266,1,0
compensated,86.43,3.6006994756199973,1.5576908382284056,2.4477889156550705,2.4370865035498266,1,0
compensated,86.44,3.600736150877294,1.5575174790507624,2.4536349196806038,2.4469120310904486,1,0
compensated,86.45,3.6007731519063984,1.5573442127988357,2.4594799289811227,2.4469120310904486,1,0
compensated,86.46,3.6008104796955354,1.557171041516764,2.465323948304397,2.4626924254813147,1,0
compensated,86.47,3.600848135218729,1.5569979672723049,2.4711669824284264,2.4626924254813147,1,0
compensated,86.48,3.600886119435369,1.556824992156816,2.4770090361618107,2.468556521517659,1,0
compensated,86.49,3.6009244332897627,1.556652118285185,2.482850114343458,2.468556521517659,1,0
compensated,86.5,3.6009630777112314,1.556479347795371,2.488690221842354,2.4855358298247445,1,0
compensated,86.51,3.6010020536131693,1.5563066828487335,2.4945293635575947,2.4855358298247445,1,0
compensated,86.52,3.6010413618930626,1.5561341256296075,2.500367544417946,2.493668456919071,1,0
compensated,86.53,3.6010810034322227,1.5559616783451131,2.5062047693817617,2.493668456919071,1,0
compensated,86.54,3.601120979095261,1.5557893432251888,2.5120410434372156,2.508695179321997,1,0
compensated,86.55,3.6011612897299,1.5556171225222721,2.5178763716007913,2.508695179321997,1,0
compensated,86.56,3.6012019361664986,1.5554450185112927,2.523710758918767,2.5168362425661552,1,0
compensated,86.57,3.601242919217738,1.555273033489481,2.5295442104658146,2.5168362425661552,1,0
compensated,86.58,3.6012842396785603,1.5551011697760189,2.535376731346189,2.530523827401355,1,0
compensated,86.59,3.6013258983255105,1.5549294297121377,2.541208326691428,2.530523827401355,1,0
compensated,86.6,3.601367895916535,1.5547578156607984,2.5470390016619695,2.5417861321796718,1,0
compensated,86.61,3.6014102331906863,1.554586330006568,2.552868761446058,2.5417861321796718,1,0
compensated,86.62,3.601452910867909,1.5544149751553116,2.5586976112603934,2.549799010898468,1,0
compensated,86.63,3.601495929648503,1.554243753534187,2.5645255563485834,2.549799010898468,1,0
compensated,86.64,3.6015392902128296,1.5540726675914465,2.570352601982721,2.566567001129556,1,0
compensated,86.65,3.601582993221359,1.5539017197959826,2.5761787534616256,2.566567001129556,1,0
compensated,86.66,3.6016270393138976,1.553730912637481,2.5820040161114437,2.5766428262420114,1,0
compensated,86.67,3.601671429109454,1.553560248626031,2.587828395285236,2.5766428262420114,1,0
compensated,86.68,3.6017161632060306,1.5533897302919457,2.5936518963635273,2.5884697241548587,1,0
compensated,86.69,3.6017612421802165,1.553219360185589,2.5994745247519413,2.5884697241548587,1,0
compensated,86.7,3.6018066665869375,1.5530491408770992,2.6052962858839943,2.5988731756230674,1,0
compensated,86.71,3.6018524369591542,1.5528790749562236,2.611117185218844,2.5988731756230674,1,0
compensated,86.72,3.60189855380749,1.5527091650321465,2.6169372282409293,2.612795920403478,1,0
compensated,86.73,3.601945017620105,1.5525394137330952,2.6227564204621086,2.612795920403478,1,0
compensated,86.74,3.6019918288621127,1.5523698237064152,2.6285747674186712,2.624102580846438,1,0
compensated,86.75,3.602038987975675,1.5522003976179968,2.6343922746728534,2.624102580846438,1,0
compensated,86.76,3.6020864953795235,1.5520311381522223,2.6402089478122637,2.6323527913802485,1,0
compensated,86.77,3.6021343514684494,1.5518620480118486,2.6460247924490434,2.6323527913802485,1,0
compensated,86.78,3.602182556613555,1.5516931299174574,2.6518398142202435,2.647758366793994,1,0
compensated,86.79,3.602231111161411,1.5515243866075026,2.657654018788955,2.647758366793994,1,0
compensated,86.8,3.60228001543419,1.5513558208379261,2.6634674118406663,2.657894071200367,1,0
compensated,86.81,3.602329269729146,1.5511874353819282,2.669279999086491,2.657894071200367,1,0
compensated,86.82,3.6023788743185636,1.5510192330296977,2.675091786261692,2.671556195479166,1,0
compensated,86.83,3.6024288294492735,1.5508512165882098,2.680902779124765,2.671556195479166,1,0
compensated,86.84,3.6024791353425303,1.5506833888809077,2.686712983458471,2.6812694404341535,1,0
compensated,86.85,3.6025297921938266,1.55051575274743,2.6925224050689414,2.6812694404341535,1,0
compensated,86.86,3.6025808001723014,1.5503483110434777,2.6983310497851742,2.6934186256302812,1,0
compensated,86.87,3.602632159420794,1.5501810666403908,2.7041389234601225,2.6934186256302812,1,0
compensated,86.88,3.602683870055484,1.5500140224249606,2.709946031969569,2.7005529421266274,1,0
compensated,86.89,3.602735932165861,1.5498471812990513,2.715752381211268,2.7005529421266274,1,0
compensated,86.9,3.6027883458139542,1.5496805461795065,2.7215579771059826,2.716698044851583,1,0
compensated,86.91,3.602841111034731,1.5495141199976357,2.727362825597782,2.716698044851583,1,0
compensated,86.92,3.602894227835307,1.5493479056991855,2.7331669326509416,2.725229049907707,1,0
compensated,86.93,3.6029476961951463,1.5491819062438086,2.7389703042534306,2.725229049907707,1,0
compensated,86.94,3.6030015160654303,1.5490161246049579,2.7447729464143675,2.73926557230193,1,0
compensated,86.95,3.603055687369038,1.5488505637695686,2.750574865164378,2.73926557230193,1,0
compensated,86.96,3.6031102100005112,1.5486852267375637,2.756376066555344,2.748843516349994,1,0
compensated,86.97,3.603164814788104,1.5485202732746524,2.762175286626005,2.748843516349994,1,0
compensated,86.98,3.6032173590616754,1.5483567056968355,2.767962739639172,2.760128264532523,1,0
compensated,86.99,3.6032648984368087,1.5481956590959811,2.773725207568355,2.760128264532523,1,0
compensated,87.0,3.6033044764167403,1.548038195858355,2.7794495087144884,2.775776116649239,1,0
compensated,87.01,3.6033331339530896,1.5478853212357802,2.7851225369153325,2.775776116649239,1,0
compensated,87.02,3.6033479174172633,1.547737982359932,2.7907312919218676,2.7852161166615907,1,0
compensated,87.03,3.60334588669968,1.5475970677296227,2.796262909451406,2.7852161166615907,1,0
compensated,87.04,3.6033317683275654,1.547459621403047,2.801740995793921,2.7947501909207553,1,0
compensated,87.05,3.6033173206043054,1.5473217310750509,2.8072169880432596,2.7947501909207553,1,0
compensated,87.06,3.6033030754322235,1.5471836747872365,2.812692654034096,2.805464196832821,1,0
compensated,87.07,3.6032890371278277,1.5470454609497002,2.8181680127291795,2.805464196832821,1,0
compensated,87.08,3.603275207433093,1.5469070919178423,2.823643069230443,2.815754835586935,1,0
compensated,87.09,3.6032615880379963,1.5467685699899032,2.8291178284797556,2.815754835586935,1,0
compensated,87.1,3.603248180607095,1.546629897481228,2.834592295423767,2.830391166129452,1,0
compensated,87.11,3.6032349867796647,1.5464910767248548,2.84006647501782,2.830391166129452,1,0
compensated,87.12,3.6032220081692596,1.5463521100713968,2.845540372224403,2.836711195373267,1,0
compensated,87.13,3.6032092463636354,1.5462129998886944,2.8510139920136126,2.836711195373267,1,0
compensated,87.14,3.6031967029245626,1.546073748561539,2.856487339362865,2.8530577393916055,1,0
compensated,87.15,3.6031843793876703,1.5459343584914047,2.8619604192563735,2.8530577393916055,1,0
compensated,87.16,3.6031722772625114,1.5457948320960664,2.8674332366857906,2.8647345838164764,1,0
compensated,87.17,3.603160398031974,1.5456551718094773,2.872905796649271,2.8647345838164764,1,0
compensated,87.18,3.6031487431522233,1.545515380081405,2.878378104152046,2.8732818418139203,1,0
compensated,87.19,3.603137726992624,1.5453777402096784,2.883798395541241,2.8732818418139203,1,0
compensated,87.2,3.603126837100859,1.5452410234570413,2.889153066870572,2.885273924488695,1,0
compensated,87.21,3.603116473650507,1.5451061803472734,2.8944542258750605,2.885273924488695,1,0
compensated,87.22,3.6031063544901802,1.5449731489799683,2.899665769660443,2.890663356278381,1,0
compensated,87.23,3.6030966643060047,1.5448418111848288,2.9048206873915468,2.890663356278381,1,0
compensated,87.24,3.603087350521613,1.5447132698864499,2.9098614591221277,2.9018576149432107,1,0
compensated,87.25,3.6030783693012984,1.544586416275037,2.9148333906786728,2.9018576149432107,1,0
compensated,87.26,3.603069563212973,1.5444610697732681,2.919723957768959,2.917641386498733,1,0
compensated,87.27,3.6030611713390543,1.5443374985887799,2.924559354525768,2.917641386498733,1,0
compensated,87.28,3.603053116223716,1.5442167250325325,2.929280725295987,2.9251400098311393,1,0
compensated,87.29,3.603045367452623,1.5440976843756655,2.9339332260033615,2.9251400098311393,1,0
compensated,87.3,3.6030379308569946,1.5439814233688702,2.938471731675594,2.9333192988587555,1,0
compensated,87.31,3.6030307860329507,1.5438669175864046,2.9429413396236233,2.9333192988587555,1,0
compensated,87.32,3.603023933899046,1.5437551916788752,2.9472970264648315,2.942082115134344,1,0
compensated,87.33,3.603017358976647,1.5436452416037039,2.9515837820217166,2.942082115134344,1,0
compensated,87.34,3.6030110580840606,1.543538071588685,2.955756692672269,2.952268472439634,1,0
compensated,87.35,3.603005019897422,1.5434326961407148,2.9598606322633865,2.952268472439634,1,0
compensated,87.36,3.6029992379258378,1.5433301010300415,2.963850805701137,2.9579017425605416,1,0
compensated,87.37,3.602993704278326,1.5432293173307832,2.9677719620694734,2.9579017425605416,1,0
compensated,87.38,3.6029884098930767,1.5431313144689685,2.9715794338665433,2.9686163840210185,1,0
compensated,87.39,3.6029833496383423,1.5430351379551197,2.975317836325028,2.9686163840210185,1,0
compensated,87.4,3.6029785125678115,1.5429417431307821,2.978942638895649,2.972373088313674,1,0
compensated,87.41,3.6029738956829016,1.5428501876652865,2.9824983135712477,2.972373088313674,1,0
compensated,87.42,3.602969486787909,1.542761415219586,2.9859404764079964,2.9839114843857164,1,0
compensated,87.43,3.6029652844386426,1.5426744931997602,2.9893134464740045,2.9839114843857164,1,0
compensated,87.44,3.602961275775253,1.5425903561312024,2.992572996373129,2.9895195029346002,1,0
compensated,87.45,3.602957460374623,1.5425080785935281,2.995763282272308,2.9895195029346002,1,0
compensated,87.46,3.6029538252500553,1.5424285886588962,2.9988402435482886,2.997310070634116,1,0
compensated,87.47,3.602950370510116,1.5423509653801573,3.001847863205242,2.997310070634116,1,0
compensated,87.48,3.6029470835327393,1.5422761331911798,3.0047422578930014,3.004027719788944,1,0
compensated,87.49,3.6029439645105046,1.5422031727855883,3.007567226917007,3.004027719788944,1,0
compensated,87.5,3.6029410016343295,1.5421330079010063,3.0102790749641137,3.0093134955241414,1,0
compensated,87.51,3.602938194772218,1.5420647179131248,3.012921406840511,3.0093134955241414,1,0
compensated,87.52,3.602935533299834,1.5419992286388544,3.015450726458389,3.012392551707066,1,0
compensated,87.53,3.6029330162888473,1.541935614276186,3.017910432562174,3.012392551707066,1,0
compensated,87.54,3.6029306344787737,1.5418748042067398,3.020257241602144,3.018982035135462,1,0
compensated,87.55,3.6029283862145,1.5418158675941962,3.0225343301622565,3.018982035135462,1,0
compensated,87.56,3.602926264027711,1.5417597411897181,3.0246986433267726,3.019335691213482,1,0
compensated,87.57,3.602924265443518,1.5417054880071848,3.0267931225099343,3.019335691213482,1,0
compensated,87.58,3.602922384461225,1.5416540500266256,3.0287749525546537,3.0259429353993124,1,0
compensated,87.59,3.602920618020339,1.5416044856074211,3.030686829573641,3.0259429353993124,1,0
compensated,87.6,3.602918961703742,1.5415577435012504,3.0324861877924887,3.033644172056004,1,0
compensated,87.61,3.602917411375754,1.5415128725478537,3.0342154686900225,3.033644172056004,1,0
compensated,87.62,3.602915964406386,1.5414708306139462,3.03583236537975,3.0353350479191032,1,0
compensated,87.63,3.60291461565368,1.5414306569611027,3.0373790548122006,3.0353350479191032,1,0
compensated,87.64,3.6029133645728533,1.5413933220421148,3.0388134992471336,3.0349289016648653,1,0
compensated,87.65,3.602912204383681,1.5413578488470119,3.0401776007344377,3.0349289016648653,1,0
compensated,87.66,3.602911137262915,1.5413252273129487,3.0414296013573825,3.0385168995872043,1,0
compensated,87.67,3.6029101541580637,1.5412944570288298,3.04261111729374,3.0385168995872043,1,0
compensated,87.68,3.6029092605966992,1.5412665546086186,3.043680681790835,3.045485135120872,1,0
compensated,87.69,3.602908444643605,1.5412404890459488,3.044679613548558,3.045485135120872,1,0
compensated,87.7,3.602907715786409,1.5412173108565779,3.04556674890584,3.0461753938717084,2,0
compensated,87.71,3.6029070586109677,1.5411959512439455,3.0463830969339742,3.0461753938717084,2,0
compensated,87.72,3.6029064871627163,1.5411775018068063,3.0470878094811904,3.045269105641678,2,0
compensated,87.73,3.602905981958567,1.5411608488466726,3.047721573393863,3.045269105641678,2,0
compensated,87.74,3.6029055621233637,1.5411471313193474,3.048243868837276,3.0465106179958026,2,0
compensated,87.75,3.6029052036589118,1.5411351852381419,3.048695047490748,3.0465106179958026,2,0
compensated,87.76,3.602904931338058,1.5411262034050706,3.049034930931992,3.0470650051700883,2,0
compensated,87.77,3.602904715961474,1.5411189639970595,3.049303522489501,3.0470650051700883,2,0
compensated,87.78,3.6029045886584345,1.5411147211978506,3.04946099843972,3.04732911111579,2,0
compensated,87.79,3.6029045143004974,1.5411121878593201,3.0495470004208096,3.04732911111579,2,0
compensated,87.8,3.602904495016496,1.5411115103049868,3.0495163640092366,3.05178612718756,2,0
compensated,87.81,3.602904433056681,1.541109358722175,3.0493990711023398,3.05178612718756,2,0
compensated,87.82,3.6029042768190696,1.5411041464235622,3.04914694580616,3.0509745878076977,2,0
compensated,87.83,3.6029040764655345,1.5410973300267448,3.0488083536974733,3.0509745878076977,2,0
compensated,87.84,3.602903776806265,1.5410874083881094,3.048334578860423,3.047620776224086,2,0
compensated,87.85,3.6029034355813003,1.5410759257160516,3.0477746791999634,3.047620776224086,2,0
compensated,87.86,3.602902989436277,1.5410612994314992,3.0470792669592393,3.048483993073976,2,0
compensated,87.87,3.602902503006974,1.5410451494951372,3.0462980525728693,3.048483993073976,2,0
compensated,87.88,3.602901905324938,1.5410258226641567,3.0453810161036277,3.0446897886810085,2,0
compensated,87.89,3.602901267505911,1.5410050049981179,3.044378481110433,3.0446897886810085,2,0
compensated,87.9,3.602900511386074,1.5409809824756218,3.0432398346438894,3.0448230301926333,2,0
compensated,87.91,3.6028997141451042,1.5409554972011645,3.042015974606085,3.0448230301926333,2,0
compensated,87.92,3.602898790880137,1.5409267848746873,3.0406557334680757,3.039540938951161,2,0
compensated,87.93,3.602897824347105,1.5408966327730964,3.039210545571295,3.039540938951161,2,0
compensated,87.94,3.6028967234064337,1.5408632372012607,3.0376287262515675,3.039721542305821,2,0
compensated,87.95,3.602895575885446,1.5408284197921807,3.035962209505092,3.039721542305821,2,0
compensated,87.96,3.6028942849034706,1.5407903479145955,3.034158829775588,3.036251428939268,2,0
compensated,87.97,3.60289294288768,1.5407508675298232,3.0322709852141934,3.036251428939268,2,0
compensated,87.98,3.6028914412709065,1.5407083834024284,3.0302706813253386,3.033476592025737,2,0
compensated,87.99,3.602889822865307,1.5406656349394545,3.0283158342619667,3.033476592025737,2,0
compensated,88.0,3.6028882825069783,1.5406242398067371,3.026383434386457,3.025388180016913,2,0
compensated,88.01,3.602886667507513,1.5405830868129298,3.024502296799901,3.025388180016913,2,0
compensated,88.02,3.6028851385159357,1.5405433346743926,3.0226452868667617,3.0240110980461994,2,0
compensated,88.03,3.602883487934187,1.5405036043618705,3.0208577881112304,3.0240110980461994,2,0
compensated,88.04,3.602882007371268,1.540467124643911,3.019173537468088,3.0174805848925974,2,0
compensated,88.05,3.6028805496832073,1.5404313442250162,3.0175128143514316,3.0174805848925974,2,0
compensated,88.06,3.6028791074278077,1.5403959457317264,3.015856543527517,3.017286611080525,2,0
compensated,88.07,3.6028775614567112,1.5403607138794597,3.0142696009017365,3.017286611080525,2,0
compensated,88.08,3.6028761940139318,1.5403282255478772,3.0127533734713237,3.014059107254522,2,0
compensated,88.09,3.6028748236791257,1.5402957959181356,3.011233451296543,3.014059107254522,2,0
compensated,88.1,3.6028734342978077,1.54026333230979,3.009712943573037,3.0129768412838223,2,0
compensated,88.11,3.6028719998888543,1.5402312616220193,3.0082403374758684,3.0129768412838223,2,0
compensated,88.12,3.6028706408262035,1.5402002316521273,3.0067866448838516,3.0107646350364385,2,0
compensated,88.13,3.602869263125009,1.5401693877063254,3.0053493497873704,3.0107646350364385,2,0
compensated,88.14,3.602867893306885,1.540138774973331,3.003914832085821,3.005312551216872,2,0
compensated,88.15,3.6028664965404644,1.5401085166328132,3.002514912810403,3.005312551216872,2,0
compensated,88.16,3.602865141464944,1.5400788549987339,3.0011246286698117,3.0051598043081817,2,0
compensated,88.17,3.6028637027155095,1.5400495325791697,2.9998051975522406,3.0051598043081817,2,0
compensated,88.18,3.6028624566849845,1.540023232219016,2.998584013597106,2.9994651061435738,2,0
compensated,88.19,3.602861233345686,1.5399972068063938,2.997363664804649,2.9994651061435738,2,0
compensated,88.2,3.602859999589729,1.5399711819102582,2.9961432833390984,2.9951969290440275,2,0
compensated,88.21,3.6028587138030077,1.5399456957714068,2.9949910103358612,2.9951969290440275,2,0
compensated,88.22,3.602857584358703,1.5399222833974648,2.9938932911805014,2.9945220074397323,2,0
compensated,88.23,3.6028564328907278,1.5398995145987204,2.992854909834471,2.9945220074397323,2,0
compensated,88.24,3.60285538312678,1.5398780552293094,2.9918482246164757,2.993377992934411,2,0
compensated,88.25,3.6028543289943107,1.539856703088764,2.9908484042800914,2.993377992934411,2,0
compensated,88.26,3.602853273723715,1.5398354147406237,2.989849539246731,2.9869901734639193,2,0
compensated,88.27,3.6028522156293605,1.539814390673669,2.9888690982581534,2.9869901734639193,2,0
compensated,88.28,3.6028511698335275,1.5397935649833416,2.9878917598626153,2.9860710754424975,2,0
compensated,88.29,3.6028500913586416,1.5397734108032624,2.986985492555606,2.9860710754424975,2,0
compensated,88.3,3.6028491798022797,1.539755511074087,2.9861460096555152,2.9874705966819377,2,0
compensated,88.31,3.602848271310852,1.5397378510161286,2.985321123384258,2.9874705966819377,2,0
compensated,88.32,3.602847370527466,1.5397203212533948,2.984498185317942,2.984687760018118,2,0
compensated,88.33,3.6028464581555975,1.5397026028113234,2.9836638637256243,2.984687760018118,2,0
compensated,88.34,3.602845533859179,1.539684801196854,2.982828028229893,2.9813081110537123,2,0
compensated,88.35,3.602844614416521,1.5396676137698655,2.98203616611525,2.9813081110537123,2,0
compensated,88.36,3.6028437459586664,1.539651056973612,2.9812586561357066,2.9827188100118054,2,0
compensated,88.37,3.6028428642572647,1.539635287067535,2.980553862133671,2.9827188100118054,2,0
compensated,88.38,3.6028421802522654,1.5396228116231436,2.9799851379787294,2.9831285106231924,2,0
compensated,88.39,3.602841566467519,1.539611918272523,2.9795029971907314,2.9831285106231924,2,0
compensated,88.4,3.602841144501393,1.5396042592264163,2.9791566031723247,2.981812084263076,2,0
compensated,88.41,3.602840804733561,1.5395982441741292,2.9788971227064573,2.981812084263076,2,0
compensated,88.42,3.602840648221779,1.539595395702373,2.978773044457967,2.9776104435187616,2,0
compensated,88.43,3.6028405838315685,1.5395942303035128,2.9787297458927378,2.9776104435187616,2,0
compensated,88.44,3.6028405838315685,1.5395942303035128,2.9787297458927378,2.978957563631571,2,0
compensated,88.45,3.6028405838315685,1.5395942303035128,2.9787297458927378,2.978957563631571,2,0
compensated,88.46,3.6028405838315685,1.5395942303035128,2.9787297458927378,2.9777061635661575,2,0
compensated,88.47,3.6028405838315685,1.5395942303035128,2.9787297458927378,2.9777061635661575,2,0
compensated,88.48,3.6028405838315685,1.5395942303035128,2.9787297458927378,2.9772397530284156,2,0
compensated,88.49,3.6028405838315685,1.5395942303035128,2.9787297458927378,2.9772397530284156,2,0
compensated,88.5,3.6028405838315685,1.5395942303035128,2.9787297458927378,2.976811219712882,2,0
compensated,88.51,3.6028405838315685,1.5395942303035128,2.9787297458927378,2.976811219712882,2,0
compensated,88.52,3.6028405838315685,1.5395942303035128,2.9787297458927378,2.9807792029097406,2,0
compensated,88.53,3.6028405838315685,1.5395942303035128,2.9787297458927378,2.9807792029097406,2,0
compensated,88.54,3.6028405838315685,1.5395942303035128,2.9787297458927378,2.977213500390577,2,0
compensated,88.55,3.6028405838315685,1.5395942303035128,2.9787297458927378,2.977213500390577,2,0
compensated,88.56,3.6028405838315685,1.5395942303035128,2.9787297458927378,2.977837294746945,2,0
compensated,88.57,3.6028405838315685,1.5395942303035128,2.9787297458927378,2.977837294746945,2,0
compensated,88.58,3.6028405838315685,1.5395942303035128,2.9787297458927378,2.979085238911537,2,0
compensated,88.59,3.6028405838315685,1.5395942303035128,2.9787297458927378,2.979085238911537,2,0
compensated,88.6,3.6028405838315685,1.5395942303035128,2.9787297458927378,2.977229178767894,2,0
compensated,88.61,3.6028405838315685,1.5395942303035128,2.9787297458927378,2.977229178767894,2,0
compensated,88.62,3.6028405838315685,1.5395942303035128,2.9787297458927378,2.9787818399286277,2,0
compensated,88.63,3.6028405838315685,1.5395942303035128,2.9787297458927378,2.9787818399286277,2,0
compensated,88.64,3.6028405838315685,1.5395942303035128,2.9787297458927378,2.983300173894773,2,0
compensated,88.65,3.6028405838315685,1.5395942303035128,2.9787297458927378,2.983300173894773,2,0
compensated,88.66,3.6028405838315685,1.5395942303035128,2.9787297458927378,2.9786022760013964,2,0
compensated,88.67,3.6028405838315685,1.5395942303035128,2.9787297458927378,2.9786022760013964,2,0
compensated,88.68,3.6028405838315685,1.5395942303035128,2.9787297458927378,2.9766922192091156,2,0
compensated,88.69,3.6028405838315685,1.5395942303035128,2.9787297458927378,2.9766922192091156,2,0
compensated,88.7,3.6028405838315685,1.5395942303035128,2.9787297458927378,2.980682366356012,2,0
compensated,88.71,3.6028405838315685,1.5395942303035128,2.9787297458927378,2.980682366356012,2,0
compensated,88.72,3.6028405838315685,1.5395942303035128,2.9787297458927378,2.977967201945857,2,0
compensated,88.73,3.6028405838315685,1.5395942303035128,2.9787297458927378,2.977967201945857,2,0
compensated,88.74,3.6028405838315685,1.5395942303035128,2.9787297458927378,2.979090864165162,2,0
compensated,88.75,3.6028405838315685,1.5395942303035128,2.9787297458927378,2.979090864165162,2,0
compensated,88.76,3.6028405838315685,1.5395942303035128,2.9787297458927378,2.980445601787423,2,0
compensated,88.77,3.6028405838315685,1.5395942303035128,2.9787297458927378,2.980445601787423,2,0
compensated,88.78,3.6028405838315685,1.5395942303035128,2.9787297458927378,2.981407282496143,2,0
compensated,88.79,3.6028405838315685,1.5395942303035128,2.9787297458927378,2.981407282496143,2,0
compensated,88.8,3.6028405838315685,1.5395942303035128,2.9787297458927378,2.9771410354488754,2,0
compensated,88.81,3.6028405838315685,1.5395942303035128,2.9787297458927378,2.9771410354488754,2,0
compensated,88.82,3.6028405838315685,1.5395942303035128,2.9787297458927378,2.9777915286109504,2,0
compensated,88.83,3.6028405838315685,1.5395942303035128,2.9787297458927378,2.9777915286109504,2,0
compensated,88.84,3.6028405838315685,1.5395942303035128,2.9787297458927378,2.980227808238724,2,0
compensated,88.85,3.6028405838315685,1.5395942303035128,2.9787297458927378,2.980227808238724,2,0
compensated,88.86,3.6028405838315685,1.5395942303035128,2.9787297458927378,2.976422111525409,2,0
compensated,88.87,3.6028405838315685,1.5395942303035128,2.9787297458927378,2.976422111525409,2,0
compensated,88.88,3.6028405838315685,1.5395942303035128,2.9787297458927378,2.981688794482368,2,0
compensated,88.89,3.6028405838315685,1.5395942303035128,2.9787297458927378,2.981688794482368,2,0
compensated,88.9,3.6028405838315685,1.5395942303035128,2.9787297458927378,2.9788830179808024,1,0
compensated,88.91,3.6028405838315685,1.5395942303035128,2.9787297458927378,2.9788830179808024,1,0
compensated,88.92,3.6028405838315685,1.5395942303035128,2.9787297458927378,2.978916901504701,1,0
compensated,88.93,3.6028405838315685,1.5395942303035128,2.9787297458927378,2.978916901504701,1,0
compensated,88.94,3.6028405838315685,1.5395942303035128,2.9787297458927378,2.9814578540658268,1,0
compensated,88.95,3.6028405838315685,1.5395942303035128,2.9787297458927378,2.9814578540658268,1,0
compensated,88.96,3.6028405838315685,1.5395942303035128,2.9787297458927378,2.9819022347102626,1,0
compensated,88.97,3.6028405806042922,1.5395929250220914,2.978654070056485,2.9819022347102626,1,0
compensated,88.98,3.6028403567057343,1.5395886512480745,2.978444585034378,2.9755930559025616,1,0
compensated,88.99,3.6028400538608265,1.5395827675284186,2.9781485937831613,2.9755930559025616,1,0
compensated,89.0,3.602839582002512,1.5395738184761418,2.977717535985474,2.9789270415620743,1,0
compensated,89.01,3.602839036230912,1.5395632987541323,2.9772003191898047,2.9789270415620743,1,0
compensated,89.02,3.602838328502719,1.5395500613374145,2.976571523194826,2.9776695360106675,1,0
compensated,89.03,3.6028375730100928,1.5395356119819252,2.975866788873336,2.9776695360106675,1,0
compensated,89.04,3.6028366337788498,1.5395180334636518,2.9750263868356965,2.975343048381043,1,0
compensated,89.05,3.602835626447401,1.539498947914383,2.9741004191745066,2.975343048381043,1,0
compensated,89.06,3.602834426762619,1.539476704420282,2.9730384872343136,2.971838840598009,1,0
compensated,89.07,3.6028331603756465,1.5394529835007909,2.971891284778116,2.971838840598009,1,0
compensated,89.08,3.602831692475698,1.539426079934271,2.9706078417739348,2.9724333718909133,1,0
compensated,89.09,3.6028301580470288,1.5393977252017497,2.9692394052673547,2.9724333718909133,1,0
compensated,89.1,3.6028284123940058,1.539366167194264,2.9677344721867858,2.969155737191744,1,0
compensated,89.11,3.602826599180205,1.5393331809862059,2.966144804727885,2.969155737191744,1,0
compensated,89.12,3.602824564480895,1.5392969749341578,2.9644184048221027,2.9692052567783573,1,0
compensated,89.13,3.602822459997525,1.5392593604242275,2.9626075120467137,2.9692052567783573,1,0
compensated,89.14,3.6028201232280006,1.5392185135333132,2.960659670968471,2.9620718630423166,1,0
compensated,89.15,3.6028177132701726,1.539176274795163,2.958627561260445,2.9620718630423166,1,0
compensated,89.16,3.6028150597042443,1.5391307951323696,2.9564583072270345,2.957040206637412,1,0
compensated,89.17,3.602812328371703,1.5390839372108815,2.9542049919525817,2.957040206637412,1,0
compensated,89.18,3.6028093416137423,1.5390338337641802,2.9518143559343026,2.9529933389884055,1,0
compensated,89.19,3.6028062713410245,1.5389823627536379,2.9493398496995877,2.9529933389884055,1,0
compensated,89.2,3.6028029333634217,1.5389276454993654,2.946727865634267,2.9501207005836463,1,0
compensated,89.21,3.6027995049553496,1.5388715686281613,2.944032186564685,2.9501207005836463,1,0
compensated,89.22,3.602795796141245,1.5388122486059281,2.9411988915989977,2.946591452478099,1,0
compensated,89.23,3.6027919888144497,1.5387515743273994,2.9382820616395957,2.946591452478099,1,0
compensated,89.24,3.6027878880060418,1.5386876637223812,2.935227496396734,2.9393026804440954,1,0
compensated,89.25,3.602783679436784,1.5386224018113996,2.9320895416335344,2.9393026804440954,1,0
compensated,89.26,3.6027791639899562,1.538553914043674,2.928813750507202,2.9327490342090643,1,0
compensated,89.27,3.60277453036918,1.5384840756986158,2.925454701508534,2.9327490342090643,1,0
compensated,89.28,3.602769576214852,1.5384110255192074,2.921957732983774,2.9246152037755566,1,0
compensated,89.29,3.6027644923106505,1.5383366234689018,2.9183776251611127,2.9246152037755566,1,0
compensated,89.3,3.6027590740236413,1.5382590270621308,2.914659532160402,2.917595717391727,1,0
compensated,89.31,3.6027535132520723,1.5381800756773543,2.9108584061494756,2.917595717391727,1,0
compensated,89.32,3.6027476041279836,1.5380979507689443,2.906919246404516,2.9107667922849085,1,0
compensated,89.33,3.6027415386328547,1.538014466177988,2.902897148464921,2.9107667922849085,1,0
compensated,89.34,3.602735110773632,1.5379278321484127,2.898736984913137,2.9020773656052263,1,0
compensated,89.35,3.6027285115156222,1.5378398323562026,2.894493967346769,2.9020773656052263,1,0
compensated,89.36,3.602721535924692,1.537748710358548,2.8901128685528934,2.8929920569310186,1,0
compensated,89.37,3.60271437278106,1.5376562153687163,2.885648990142192,2.8929920569310186,1,0
compensated,89.38,3.602706819468563,1.5375606284503867,2.881047030741601,2.8872205243747118,1,0
compensated,89.39,3.6026990613434875,1.5374636603896426,2.876362357205331,2.8872205243747118,1,0
compensated,89.4,3.602690899442266,1.537363633617087,2.871539618371057,2.8758407599045768,1,0
compensated,89.41,3.602682514388981,1.5372622168611605,2.8666342228369976,2.8758407599045768,1,0
compensated,89.42,3.602673712282471,1.5371577774466276,2.86159079276841,2.8651482018899372,1,0
compensated,89.43,3.6026646676377965,1.5370519387469046,2.8564647562658547,2.8651482018899372,1,0
compensated,89.44,3.602655193099832,1.536943116176455,2.8512007306963794,2.8598260126269137,1,0
compensated,89.45,3.6026454556316407,1.5368328847864372,2.845854142662394,2.8598260126269137,1,0
compensated,89.46,3.6026352759795466,1.536719710947855,2.8403696253895303,2.8442618241109425,1,0
compensated,89.47,3.6026248120477207,1.5366051187484886,2.834802584194523,2.8442618241109425,1,0
compensated,89.48,3.6026138943089387,1.5364876280581996,2.829097687624327,2.837301597454898,1,0
compensated,89.49,3.6026026700411027,1.5363687096807404,2.823310301109648,2.837301597454898,1,0
compensated,89.5,3.6025909811343655,1.5362469392081066,2.817385146822085,2.8232306174485924,1,0
compensated,89.51,3.6025789626160236,1.5361237321536003,2.81137753285405,2.8232306174485924,1,0
compensated,89.52,3.602566469547002,1.5359977217417362,2.8052322521798034,2.8141227141447764,1,0
compensated,89.53,3.6025536230273696,1.5358702664954644,2.7990045392166696,2.8141227141447764,1,0
compensated,89.54,3.602540293100137,1.5357400588765642,2.792639273831837,2.798265601096171,1,0
compensated,89.55,3.6025264232302217,1.5356080697382708,2.786203009221128,2.798265601096171,1,0
compensated,89.56,3.6025118681540507,1.535474428207521,2.7797330451970947,2.7845014707897313,1,0
compensated,89.57,3.602496551077568,1.5353403051058374,2.7733207257370722,2.7845014707897313,1,0
compensated,89.58,3.6024812833062514,1.5352092494286178,2.7670471294256656,2.774713607281221,1,0
compensated,89.59,3.60246598768609,1.535080049886613,2.7608575350728395,2.774713607281221,1,0
compensated,89.6,3.6024508181698973,1.5349540203672498,2.7548070613204825,2.7624115613077436,1,0
compensated,89.61,3.602435637384839,1.5348298076623992,2.7488405215582463,2.7624115613077436,1,0
compensated,89.62,3.602420623670495,1.5347087738884913,2.7430130864428888,2.754049059768235,1,0
compensated,89.63,3.6024056127234036,1.5345895166764518,2.7372695165709695,2.754049059768235,1,0
compensated,89.64,3.602390808171498,1.5344734456768632,2.731665025904382,2.7398497515541056,1,0
compensated,89.65,3.602376018677445,1.5343591119376414,2.7261443389900237,2.7398497515541056,1,0
compensated,89.66,3.602361473208639,1.5342479701332803,2.720762696298679,2.7243322917091444,1,0
compensated,89.67,3.6023469535151,1.5341385274578574,2.715464803993035,2.7243322917091444,1,0
compensated,89.68,3.60233271371941,1.5340322809105535,2.7103059111758143,2.716658677617204,1,0
compensated,89.69,3.602318509021559,1.5339276967422288,2.7052307243704052,2.716658677617204,1,0
compensated,89.7,3.6023046182737715,1.5338263113861117,2.7002944823242006,2.703447924292063,1,0
compensated,89.71,3.6022907707358867,1.5337265532445388,2.695441911775983,2.703447924292063,1,0
compensated,89.72,3.602277269316339,1.5336299951007641,2.690728220989653,2.6942185394906515,1,0
compensated,89.73,3.602263818196568,1.5335350307897033,2.6860981779144497,2.6942185394906515,1,0
compensated,89.74,3.602250743415328,1.5334432661653783,2.6816069390346184,2.6854558334346166,1,0
compensated,89.75,3.602237725192835,1.5333530639645896,2.677199335667156,2.6854558334346166,1,0
compensated,89.76,3.6022251115163217,1.5332660596363474,2.6729304500323843,2.6794029192706548,1,0
compensated,89.77,3.602212560019333,1.5331805884782865,2.6687452001552043,2.6794029192706548,1,0
compensated,89.78,3.602200439197733,1.5330983118615125,2.6646985703022503,2.6689840274275056,1,0
compensated,89.79,3.6021883857313073,1.5330175414934495,2.6607355897423735,2.6689840274275056,1,0
compensated,89.8,3.6021767869264316,1.532939960797461,2.656911119886245,2.6595671789994864,1,0
compensated,89.81,3.6021652603987664,1.5328638619297454,2.6531703269810563,2.6595671789994864,1,0
compensated,89.82,3.6021542103103696,1.532790946300228,2.6495679234665555,2.6532060597007856,1,0
compensated,89.83,3.602143237356671,1.5327194907413442,2.646049239498009,2.6532060597007856,1,0
compensated,89.84,3.602132760347244,1.5326512103903251,2.642668811225166,2.6446337067862515,1,0
compensated,89.85,3.602122365450103,1.532584371169449,2.6393721608233354,2.6446337067862515,1,0
compensated,89.86,3.602112483666666,1.5325206974938976,2.636213619648093,2.640578031645896,1,0
compensated,89.87,3.602102689272064,1.5324584489716995,2.633138931165452,2.640578031645896,1,0
compensated,89.88,3.6020934227646886,1.5323993546612904,2.6302021922761845,2.631727332319664,1,0
compensated,89.89,3.6020842493930907,1.5323416726295271,2.6273493981306926,2.631727332319664,1,0
compensated,89.9,3.6020756886719383,1.5322870766956094,2.624634818759055,2.6281392044360654,1,0
compensated,89.91,3.602067250358916,1.5322338980055792,2.6220044198882357,2.6281392044360654,1,0
compensated,89.92,3.602059539621767,1.5321836880582287,2.6195126962829196,2.6202887618325046,1,0
compensated,89.93,3.60205197901907,1.532134931140436,2.61710538673014,2.6202887618325046,1,0
compensated,89.94,3.60204521177001,1.532089035059192,2.614836927667718,2.6157686099330597,1,0
compensated,89.95,3.602038729130408,1.5320445704663719,2.612653771920821,2.6157686099330597,1,0
compensated,89.96,3.602032910141655,1.5320029755166988,2.610608467138816,2.6158528001723234,1,0
compensated,89.97,3.6020277416597084,1.5319626426025632,2.608650770260393,2.6158528001723234,1,0
compensated,89.98,3.602022855918487,1.5319253503173103,2.606828402378407,2.6065962913226306,1,0
compensated,89.99,3.60201925694102,1.5318889726864406,2.6050976070640397,2.6065962913226306,1,0
compensated,90.0,3.602015353163927,1.5318559464090318,2.603498357274051,2.6035098319002046,1,0
compensated,90.01,3.602013725572549,1.5318232420830205,2.60199681945161,2.6035098319002046,1,0
compensated,90.02,3.6020108524276244,1.531794467836265,2.600620874982099,2.6028636570568047,1,0
compensated,90.03,3.6020112132498348,1.5317653988088895,2.599348638753198,2.6028636570568047,1,0
compensated,90.04,3.6020102723936622,1.5317403200642679,2.5982013797912784,2.5990046194381256,1,0
compensated,90.05,3.602013156333745,1.5317145615064178,2.5971616276084455,2.5990046194381256,1,0
compensated,90.06,3.6020155892090275,1.5316922687312968,2.5962517574686204,2.5993323153554844,1,0
compensated,90.07,3.6020214899452214,1.531669535394112,2.595447410864725,2.5993323153554844,1,0
compensated,90.08,3.6020262427269563,1.531650722987036,2.594768372455532,2.594597563754542,2,0
compensated,90.09,3.6020306178199117,1.531633766449922,2.5941717878457355,2.594597563754542,2,0
compensated,90.1,3.6020339431272137,1.5316206460912054,2.593700864563028,2.5939146355764517,2,0
compensated,90.11,3.6020367346379456,1.531609505737597,2.5933116356955472,2.5939146355764517,2,0
compensated,90.12,3.602038539581735,1.5316021347597604,2.5930482171843305,2.5901767985990887,2,0
compensated,90.13,3.602039701612795,1.5315968478372497,2.592866022550701,2.5901767985990887,2,0
compensated,90.14,3.6020398944932297,1.5315952818852945,2.592809522294133,2.591126375697738,2,0
compensated,90.15,3.602040264772974,1.5315941720167228,2.59283342812557,2.591126375697738,2,0
compensated,90.16,3.602041414172371,1.5315901128947866,2.592975754238805,2.5925167082686738,2,0
compensated,90.17,3.602043190543883,1.5315839135618239,2.593194081621472,2.5925167082686738,2,0
compensated,90.18,3.6020458018926416,1.5315741660014643,2.593530271066715,2.5955093345899343,2,0
compensated,90.19,3.60204901839471,1.531562259561793,2.593942215291728,2.5955093345899343,2,0
compensated,90.2,3.602053095217884,1.5315468240705237,2.594472253497476,2.5920363238777835,2,0
compensated,90.21,3.602057758172318,1.5315292131342126,2.5950778073988428,2.5920363238777835,2,0
compensated,90.22,3.6020633063757854,1.5315080911362786,2.595801674085161,2.597054043877021,2,0
compensated,90.23,3.602069397844523,1.531484884486506,2.596596998256125,2.597054043877021,2,0
compensated,90.24,3.6020758339476826,1.531460402727551,2.5974350927970344,2.598048399776946,2,0
compensated,90.25,3.6020819070235426,1.5314373506100483,2.5982238182357817,2.598048399776946,2,0
compensated,90.26,3.6020878074568636,1.531414958300237,2.5989905503234865,2.5997824614993013,2,0
compensated,90.27,3.6020935733536086,1.5313930983871475,2.5997389000425737,2.5997824614993013,2,0
compensated,90.28,3.6020993200049007,1.5313713372897209,2.6004841606012663,2.5983955264349596,2,0
compensated,90.29,3.602104848102342,1.531350413535374,2.601200367962191,2.5983955264349596,2,0
compensated,90.3,3.6021103288997125,1.5313297023060934,2.6019098050023692,2.5991750916479157,2,0
compensated,90.31,3.602115978020401,1.5313083898592141,2.6026402374330244,2.5991750916479157,2,0
compensated,90.32,3.602121661114538,1.5312869602993302,2.603374412260998,2.6055572411334804,2,0
compensated,90.33,3.6021272575797196,1.5312658749171824,2.6040966971685533,2.6055572411334804,2,0
compensated,90.34,3.602132847820248,1.5312448398738119,2.6048174897626084,2.604650236531242,2,0
compensated,90.35,3.6021379279761527,1.5312256162162705,2.605474000512195,2.604650236531242,2,0
compensated,90.36,3.6021420892897558,1.531209877684294,2.606011894343478,2.605071677503256,2,0
compensated,90.37,3.6021456236416842,1.5311962831057075,2.6064738852562663,2.605071677503256,2,0
compensated,90.38,3.6021482574809642,1.5311861892930372,2.606817496911001,2.610924952372823,2,0
compensated,90.39,3.6021502404378465,1.5311782202023736,2.6070849768473994,2.610924952372823,2,0
compensated,90.4,3.602151343950857,1.5311737698270877,2.6072343219775087,2.6035685422280874,2,0
compensated,90.41,3.6021517829546745,1.5311715603833285,2.6073043740228594,2.6035685422280874,2,0
compensated,90.42,3.6021517829546745,1.5311715603833285,2.6073043740228594,2.6039866152637208,2,0
compensated,90.43,3.6021517829546745,1.5311715603833285,2.6073043740228594,2.6039866152637208,2,0
compensated,90.44,3.6021517829546745,1.5311715603833285,2.6073043740228594,2.6058689174382454,2,0
compensated,90.45,3.6021517829546745,1.5311715603833285,2.6073043740228594,2.6058689174382454,2,0
compensated,90.46,3.6021517829546745,1.5311715603833285,2.6073043740228594,2.6112037010037366,2,0
compensated,90.47,3.6021517829546745,1.5311715603833285,2.6073043740228594,2.6112037010037366,2,0
compensated,90.48,3.6021517829546745,1.5311715603833285,2.6073043740228594,2.6076860235059343,2,0
compensated,90.49,3.6021517829546745,1.5311715603833285,2.6073043740228594,2.6076860235059343,2,0
compensated,90.5,3.6021517829546745,1.5311715603833285,2.6073043740228594,2.607426558026277,2,0
compensated,90.51,3.6021517829546745,1.5311715603833285,2.6073043740228594,2.607426558026277,2,0
compensated,90.52,3.6021517829546745,1.5311715603833285,2.6073043740228594,2.608165366635232,2,0
compensated,90.53,3.6021517829546745,1.5311715603833285,2.6073043740228594,2.608165366635232,2,0
compensated,90.54,3.6021517829546745,1.5311715603833285,2.6073043740228594,2.6098975510986326,2,0
compensated,90.55,3.6021517829546745,1.5311715603833285,2.6073043740228594,2.6098975510986326,2,0
compensated,90.56,3.6021517829546745,1.5311715603833285,2.6073043740228594,2.60464388769746,2,0
compensated,90.57,3.6021517829546745,1.5311715603833285,2.6073043740228594,2.60464388769746,2,0
compensated,90.58,3.6021517829546745,1.5311715603833285,2.6073043740228594,2.6045936926859525,2,0
compensated,90.59,3.6021517829546745,1.5311715603833285,2.6073043740228594,2.6045936926859525,2,0
compensated,90.6,3.6021517829546745,1.5311715603833285,2.6073043740228594,2.6083562513359912,2,0
compensated,90.61,3.6021517829546745,1.5311715603833285,2.6073043740228594,2.6083562513359912,2,0
compensated,90.62,3.6021517829546745,1.5311715603833285,2.6073043740228594,2.6069902127118425,2,0
compensated,90.63,3.6021517829546745,1.5311715603833285,2.6073043740228594,2.6069902127118425,2,0
compensated,90.64,3.6021517829546745,1.5311715603833285,2.6073043740228594,2.602717526828526,2,0
compensated,90.65,3.6021517829546745,1.5311715603833285,2.6073043740228594,2.602717526828526,2,0
compensated,90.66,3.6021517829546745,1.5311715603833285,2.6073043740228594,2.606340624089278,2,0
compensated,90.67,3.6021517829546745,1.5311715603833285,2.6073043740228594,2.606340624089278,2,0
compensated,90.68,3.6021517829546745,1.5311715603833285,2.6073043740228594,2.6079492925036227,2,0
compensated,90.69,3.6021517829546745,1.5311715603833285,2.6073043740228594,2.6079492925036227,2,0
compensated,90.7,3.6021517829546745,1.5311715603833285,2.6073043740228594,2.608479641845957,2,0
compensated,90.71,3.6021517829546745,1.5311715603833285,2.6073043740228594,2.608479641845957,2,0
compensated,90.72,3.6021517829546745,1.5311715603833285,2.6073043740228594,2.6093084996479474,2,0
compensated,90.73,3.6021517829546745,1.5311715603833285,2.6073043740228594,2.6093084996479474,2,0
compensated,90.74,3.6021517829546745,1.5311715603833285,2.6073043740228594,2.606717114460631,2,0
compensated,90.75,3.6021517829546745,1.5311715603833285,2.6073043740228594,2.606717114460631,2,0
compensated,90.76,3.6021517829546745,1.5311715603833285,2.6073043740228594,2.6052774094059483,2,0
compensated,90.77,3.6021517829546745,1.5311715603833285,2.6073043740228594,2.6052774094059483,2,0
compensated,90.78,3.6021517829546745,1.5311715603833285,2.6073043740228594,2.6063672308733805,2,0
compensated,90.79,3.6021517829546745,1.5311715603833285,2.6073043740228594,2.6063672308733805,2,0
compensated,90.8,3.6021517829546745,1.5311715603833285,2.6073043740228594,2.6040089636353247,2,0
compensated,90.81,3.6021517829546745,1.5311715603833285,2.6073043740228594,2.6040089636353247,2,0
compensated,90.82,3.6021517829546745,1.5311715603833285,2.6073043740228594,2.605636673548732,2,0
compensated,90.83,3.6021517829546745,1.5311715603833285,2.6073043740228594,2.605636673548732,2,0
compensated,90.84,3.6021517829546745,1.5311715603833285,2.6073043740228594,2.608500680447621,2,0
compensated,90.85,3.6021517829546745,1.5311715603833285,2.6073043740228594,2.608500680447621,2,0
compensated,90.86,3.6021517829546745,1.5311715603833285,2.6073043740228594,2.6069731958214404,2,0
compensated,90.87,3.6021517829546745,1.5311715603833285,2.6073043740228594,2.6069731958214404,2,0
compensated,90.88,3.6021517829546745,1.5311715603833285,2.6073043740228594,2.608556304712998,3,0
compensated,90.89,3.6021517829546745,1.5311715603833285,2.6073043740228594,2.608556304712998,3,0
compensated,90.9,3.6021517829546745,1.5311715603833285,2.6073043740228594,2.60836389011658,3,0
compensated,90.91,3.6021517829546745,1.5311715603833285,2.6073043740228594,2.60836389011658,3,0
compensated,90.92,3.6021517829546745,1.5311715603833285,2.6073043740228594,2.6055547489213637,3,0
compensated,90.93,3.6021371115829437,1.5311780178854146,2.6073719516936915,2.6055547489213637,3,0
compensated,90.94,3.602103962780342,1.5311920557583285,2.6075259866103546,2.606259749589073,3,0
compensated,90.95,3.6020560312751586,1.5312125308049493,2.6077457430620723,2.606259749589073,3,0
compensated,90.96,3.601989714454104,1.5312404726964053,2.608054783319288,2.6052716866331007,3,0
compensated,90.97,3.601908646989839,1.5312746543162736,2.6084289156408,2.6052716866331007,3,0
compensated,90.98,3.601809124818634,1.5313164203063707,2.608892959446332,2.610694358229938,3,0
compensated,90.99,3.6016948647608893,1.531364297528582,2.6094202892534173,2.610694358229938,3,0
compensated,91.0,3.6015614603329613,1.5314209218671635,2.6100022150607893,2.6099438566393616,3,0
compensated,91.01,3.6014113662163068,1.5314877372855236,2.6105228623602335,2.6099438566393616,3,0
compensated,91.02,3.601240163997326,1.5315648595484637,2.611006124639894,2.605233542290822,3,0
compensated,91.03,3.601053439636953,1.5316496748655455,2.6114986165934635,2.605233542290822,3,0
compensated,91.04,3.600846293064899,1.531744343984127,2.6119900563103,2.6107118856536555,3,0
compensated,91.05,3.6006243100661957,1.5318449069709024,2.612536277665083,2.6107118856536555,3,0
compensated,91.06,3.600382584825879,1.5319548807528105,2.613115664346276,2.614959749729782,3,0
compensated,91.07,3.6001243531422453,1.5320750060091743,2.613630615882403,2.614959749729782,3,0
compensated,91.08,3.599843930006803,1.5322049572548642,2.6140936380880486,2.6131781789343247,3,0
compensated,91.09,3.5995463678577515,1.5323434828464544,2.6144929094887446,2.6131781789343247,3,0
compensated,91.1,3.5992266858790396,1.532490708418422,2.614841141803121,2.6139656375060927,3,0
compensated,91.11,3.5988917718059685,1.5326449646201035,2.6152132660639547,2.6139656375060927,3,0
compensated,91.12,3.59853629742619,1.5328082946581474,2.6155917896692684,2.61620437621246,3,0
compensated,91.13,3.5981651286306855,1.5329791706023295,2.615954981354778,2.61620437621246,3,0
compensated,91.14,3.597773166230235,1.5331588592663314,2.6163164667021177,2.613074455954999,3,0
compensated,91.15,3.597365371185441,1.5333464364593254,2.616643443370461,2.613074455954999,3,0
compensated,91.16,3.596936602171062,1.533542707757893,2.6169611422326957,2.6146846146679774,3,0
compensated,91.17,3.596492856022033,1.5337455115612382,2.6173170877973315,2.6146846146679774,3,0
compensated,91.18,3.5960285424865903,1.5339575818676037,2.6176890774016948,2.618437068435526,3,0
compensated,91.19,3.595548602928551,1.5341773579775682,2.6180345602097574,2.618437068435526,3,0
compensated,91.2,3.5950476341511513,1.5344058359697847,2.618374605287236,2.617571174283153,3,0
compensated,91.21,3.594531056845415,1.5346419651107501,2.6186642750272817,2.617571174283153,3,0
compensated,91.22,3.593993504103646,1.5348862499137303,2.618928779587617,2.6208454279636797,3,0
compensated,91.23,3.5934404921248317,1.5351376705826256,2.6192064878532726,2.6208454279636797,3,0
compensated,91.24,3.592866919522023,1.5353979032501626,2.619484962580204,2.6184355060103606,3,0
compensated,91.25,3.59227788387261,1.5356655625009472,2.619730946884544,2.6184355060103606,3,0
compensated,91.26,3.5916679759537735,1.5359416275845617,2.61996668211832,2.619501729518664,3,0
compensated,91.27,3.5910426547822096,1.5362245541923039,2.6202372366404107,2.619501729518664,3,0
compensated,91.28,3.5903968637131385,1.5365165573782746,2.620517949560301,2.618961337366102,3,0
compensated,91.29,3.5897356818049047,1.5368158136329948,2.620781021409621,2.618961337366102,3,0
compensated,91.3,3.58905362763337,1.537123600059127,2.621039511413062,2.622009313289791,3,0
compensated,91.31,3.5883562196370735,1.5374383942511682,2.621307171914741,2.622009313289791,3,0
compensated,91.32,3.5876380522501146,1.5377619787472674,2.621574829534084,2.622075934725439,3,0
compensated,91.33,3.586904732972512,1.5380933787276354,2.6217861430709837,2.622075934725439,3,0
compensated,91.34,3.5861499846303215,1.5384327247921044,2.621958839411681,2.620892146112154,3,0
compensated,91.35,3.5853799634457117,1.5387791448250443,2.6221300170947917,2.620892146112154,3,0
compensated,91.36,3.584589070593223,1.5391343319869426,2.6222994569293077,2.624922237347872,3,0
compensated,91.37,3.583782910585468,1.539496365891309,2.6224876078170856,2.624922237347872,3,0
compensated,91.38,3.582955975875717,1.539867389054591,2.622678336942479,2.619786850650364,3,0
compensated,91.39,3.582114057106497,1.5402462009371665,2.6228183004357657,2.619786850650364,3,0
compensated,91.4,3.581250683098978,1.5406331010108054,2.6229292923911474,2.62111445055886,3,0
compensated,91.41,3.580371834001603,1.541026042398576,2.62309605926285,2.62111445055886,3,0
compensated,91.42,3.57947268535152,1.5414286832506217,2.623305306498114,2.6239613634179104,3,0
compensated,91.43,3.5785584993042736,1.5418386646233875,2.623490293402649,2.6239613634179104,3,0
compensated,91.44,3.577623075857325,1.5422571082826908,2.623668118171685,2.625912322828013,3,0
compensated,91.45,3.576672720981038,1.5426831069366447,2.623806397706159,2.625912322828013,3,0
compensated,91.46,3.5757009240911106,1.5431173583880893,2.623928020203145,2.6210402389353735,3,0
compensated,91.47,3.5747141996493133,1.5435590085142663,2.624020766397571,2.6210402389353735,3,0
compensated,91.48,3.573706141706773,1.5440091434306706,2.6241037580429305,2.6232949425956913,3,0
compensated,91.49,3.5726826795722553,1.5444651544010668,2.624240821341228,2.6232949425956913,3,0
compensated,91.5,3.5716387897305104,1.544930964524541,2.624417759003541,2.6263241468199787,3,0
compensated,91.51,3.570579969388467,1.5454038742972753,2.6245851791090984,2.6263241468199787,3,0
compensated,91.52,3.569499880070357,1.5458854715011572,2.624749411820929,2.627829186700753,3,0
compensated,91.53,3.568405044817834,1.5463746430001986,2.624873376422123,2.627829186700753,3,0
compensated,91.54,3.56728856713285,1.5468720229220636,2.624979422480213,2.6264394166469978,3,0
compensated,91.55,3.5661572669895785,1.5473766281954966,2.6250637536103945,2.6264394166469978,3,0
compensated,91.56,3.5650045429636954,1.5478898352512906,2.625141306354194,2.6241055840656076,3,0
compensated,91.57,3.563836788824829,1.5484095067585477,2.6252421029834303,2.6241055840656076,3,0
compensated,91.58,3.562648017826867,1.5489384881587387,2.6253476749271965,2.6252866538221724,3,0
compensated,91.59,3.561444340798186,1.5494741906487253,2.6254602674971164,2.6252866538221724,3,0
compensated,91.6,3.56021943193897,1.5500189294286921,2.6255725957606595,2.62539053135784,3,0
compensated,91.61,3.5589797822318197,1.5505707825995905,2.625667810428648,2.62539053135784,3,0
compensated,91.62,3.5577186327184087,1.551131305982573,2.6257576695722222,2.6280490776495746,3,0
compensated,91.63,3.5564426708931025,1.551698622096028,2.625847629842248,2.6280490776495746,3,0
compensated,91.64,3.555145355890276,1.5522749140805203,2.625936042786665,2.6254217014515646,3,0
compensated,91.65,3.553833550162449,1.5528587486350078,2.625988789865879,2.6254217014515646,3,0
compensated,91.66,3.5524999494224265,1.5534509535063863,2.6260264215107467,2.6224708016241918,3,0
compensated,91.67,3.5511513940742727,1.5540493765146948,2.6260909254158116,2.6224708016241918,3,0
compensated,91.68,3.5497817577934176,1.5546573370537256,2.626162631106448,2.6249858627922444,3,0
compensated,91.69,3.548397056045691,1.5552711372064865,2.626274392893462,2.6249858627922444,3,0
compensated,91.7,3.5469914214123457,1.555894728110968,2.6264040175754295,2.62598363048894,3,0
compensated,91.71,3.5455713876361514,1.5565258041297239,2.6264998467460283,2.62598363048894,3,0
compensated,91.72,3.544129436045803,1.5571652131580411,2.6265817539521272,2.626608372047217,3,0
compensated,91.73,3.5426729010146234,1.5578115676482063,2.626649770143508,2.626608372047217,3,0
compensated,91.74,3.5411947063203524,1.5584667226904325,2.626713340493633,2.627474282853999,3,0
compensated,91.75,3.5397019759762514,1.5591288310756053,2.6267646653766517,2.627474282853999,3,0
compensated,91.76,3.538187585107602,1.5597998067681789,2.626811937130668,2.6276744074706357,3,0
compensated,91.77,3.536658695253546,1.560477730617431,2.6268476841101114,2.6276744074706357,3,0
compensated,91.78,3.53510813337546,1.5611645708256743,2.626879488080288,2.623673398312661,3,0
compensated,91.79,3.5335430189059593,1.5618581244811907,2.6269106085184184,2.623673398312661,3,0
compensated,91.8,3.5319563359425845,1.562560828138638,2.6269400055353076,2.6272630941639825,3,0
compensated,91.81,3.530354546607103,1.5632688483921875,2.627017179589712,2.6272630941639825,3,0
compensated,91.82,3.528731865970109,1.563987034975434,2.6271258237064834,2.625865717077687,3,0
compensated,91.83,3.5270953922454096,1.564713504243165,2.627182756942013,2.625865717077687,3,0
compensated,91.84,3.525436475083543,1.5654479720602732,2.6271995273233255,2.626614630266073,3,0
compensated,91.85,3.523762710256338,1.5661882696108829,2.627238790164985,2.626614630266073,3,0
compensated,91.86,3.522067599087123,1.5669382472758258,2.627283643747865,2.6271653424659434,3,0
compensated,91.87,3.520358137361318,1.5676950953023088,2.627319298979857,2.6271653424659434,3,0
compensated,91.88,3.5186268805896828,1.5684609585058584,2.627351400407445,2.6285537278126023,3,0
compensated,91.89,3.5168812492981227,1.5692335651594238,2.6273775455210364,2.6285537278126023,3,0
compensated,91.9,3.5151138453053226,1.5700152861587906,2.627400834019126,2.62662661375441,3,0
compensated,91.91,3.5133322392981867,1.5708040823473766,2.627405767674449,2.62662661375441,3,0
compensated,91.92,3.51152867995241,1.5716017675402876,2.62740416868046,2.6278964720722886,3,0
compensated,91.93,3.509724384014417,1.5723991454275779,2.627408724314287,2.6278964720722886,3,0
compensated,91.94,3.507920164406099,1.5731966462705556,2.6274147211517733,2.6265669379196463,3,0
compensated,91.95,3.5061161194206005,1.5739945649711067,2.6274048458069115,2.6265669379196463,3,0
compensated,91.96,3.504311863340151,1.5747921448429254,2.6273907600225854,2.6277111788173793,3,0
compensated,91.97,3.5025073395590796,1.5755890922439761,2.627399879434699,2.6277111788173793,3,0
compensated,91.98,3.5007031382298517,1.5763865532276236,2.6274162845942075,2.6296301603593664,3,0
compensated,91.99,3.498899099844486,1.5771843967799197,2.627418810549704,2.6296301603593664,3,0
compensated,92.0,3.497094869122878,1.5779819249132554,2.6274178884504815,2.6241734451289824,3,0
compensated,92.01,3.4952911253508643,1.5787805746392642,2.6273780988518083,2.6241734451289824,3,0
compensated,92.02,3.49348681822269,1.579578387488145,2.627319192646644,2.628117060080884,3,0
compensated,92.03,3.4916816612445194,1.5803743469032014,2.6273144259464396,2.628117060080884,3,0
compensated,92.04,3.489877364308685,1.5811714074180596,2.6273647943817986,2.6287651041879316,3,0
compensated,92.05,3.4880739230737667,1.5819702892059249,2.6273711685997165,2.6287651041879316,3,0
compensated,92.06,3.4862697764733426,1.5827681219000915,2.6273504146790683,2.6272714871556992,3,0
compensated,92.07,3.48446560955166,1.5835659691207224,2.6273225309251145,2.6272714871556992,3,0
compensated,92.08,3.4826613707194327,1.5843637087602012,2.6272931070152685,2.6274086413391924,3,0
compensated,92.09,3.4808568307606476,1.5851607351758108,2.627290972385325,2.6274086413391924,3,0
compensated,92.1,3.4790526908311192,1.5859583951626612,2.6272986136549026,2.625141995677991,3,0
compensated,92.11,3.477248566685321,1.5867560724498186,2.627307675803213,2.625141995677991,3,0
compensated,92.12,3.475444453777976,1.5875537650546296,2.6273170392412286,2.6294010366214913,3,0
compensated,92.13,3.4736399237144138,1.5883504743793402,2.6273602352744088,2.6294010366214913,3,0
compensated,92.14,3.4718358630852264,1.5891478997714572,2.627417960172172,2.627616269775978,3,0
compensated,92.15,3.470032446844068,1.5899467798065245,2.627428958510534,2.627616269775978,3,0
compensated,92.16,3.468228273211934,1.5907445462205103,2.6274087787713998,2.6249497811353493,3,0
compensated,92.17,3.4664239366405454,1.591541998033968,2.6273925506061064,2.6249497811353493,3,0
compensated,92.18,3.46461966737238,1.5923395655780048,2.627377261610461,2.6272957616542927,3,0
compensated,92.19,3.4628149477141443,1.5931360781554254,2.6273992894691816,2.6272957616542927,3,0
compensated,92.2,3.4610107793566165,1.5939334301438304,2.6274390337184133,2.626560462326184,3,0
compensated,92.21,3.4592070038184497,1.594731683215877,2.6274485383585766,2.626560462326184,3,0
compensated,92.22,3.4574027736308213,1.5955292143442272,2.6274463790941436,2.6290095705709837,3,0
compensated,92.23,3.455598348581041,1.5963263009533442,2.627458273797656,2.6290095705709837,3,0
compensated,92.24,3.453794105353648,1.5971236799192072,2.627473696903325,2.628532120747069,3,0
compensated,92.25,3.451990025228051,1.5979214490518852,2.6274741365818644,2.628532120747069,3,0
compensated,92.26,3.450185738111335,1.5987188805770176,2.6274707067221215,2.627369584429262,3,0
compensated,92.27,3.4483813236393184,1.5995160110189275,2.6274781390835398,2.627369584429262,3,0
compensated,92.28,3.4465770489794334,1.6003133686766042,2.6274879978098586,2.627351847165235,3,0
compensated,92.29,3.4447725464468135,1.6011101739972822,2.627518468890665,2.627351847165235,3,0
compensated,92.3,3.442968306729779,1.6019073932073358,2.6275549932860236,2.625254549743598,3,0
compensated,92.31,3.4411640191907127,1.6027044926656868,2.627595181416806,2.625254549743598,3,0
compensated,92.32,3.439359744777871,1.6035015993412758,2.6276361746190164,2.627780890909097,3,0
compensated,92.33,3.437555169803205,1.6042979880462769,2.6277010368508327,2.627780890909097,3,0
compensated,92.34,3.4357508767366887,1.6050948076808627,2.6277735674395504,2.6293272426258856,3,0
compensated,92.35,3.433946927956761,1.605892452634385,2.627814003547324,2.6293272426258856,3,0
compensated,92.36,3.4321424656661894,1.6066892674841011,2.6278414449380376,2.6288264798156877,3,0
compensated,92.37,3.4303381557744936,1.607486487391836,2.627848430377919,2.6288264798156877,3,0
compensated,92.38,3.428533551302361,1.6082832272770224,2.627849452608214,2.6254028440129797,3,0
compensated,92.39,3.4267288066399297,1.6090796404615493,2.627861458391135,2.6254028440129797,3,0
compensated,92.4,3.4249241991065746,1.6098762750970494,2.6278759204637425,2.6275965840919344,3,0
compensated,92.41,3.423119011226112,1.6106715578390292,2.6279343810687044,2.6275965840919344,3,0
compensated,92.42,3.421314466288224,1.611467779710944,2.6280188998708165,2.629360378030592,3,0
compensated,92.43,3.4195107432614487,1.612265817851989,2.6280501418097058,2.629360378030592,3,0
compensated,92.44,3.4177061417327588,1.6130626604966707,2.628030956451263,2.627733427963264,3,0
compensated,92.45,3.4159015759023945,1.6138597310224059,2.627986830282152,2.627733427963264,3,0
compensated,92.46,3.414096691487725,1.6146563124641407,2.627934760754237,2.6285832681496526,3,0
compensated,92.47,3.41229153115253,1.6154522493022905,2.6279076838500357,2.6285832681496526,3,0
compensated,92.48,3.4104867556705876,1.6162488077711983,2.6278890052481523,2.62782699225445,3,0
compensated,92.49,3.4086821555365727,1.6170457633030375,2.627858554766647,2.62782699225445,3,0
compensated,92.5,3.4068774240938877,1.6178425156314211,2.6278254701197166,2.627751145690331,3,0
compensated,92.51,3.4050721647483915,1.6186380521819372,2.6278341418686644,2.627751145690331,3,0
compensated,92.52,3.403267551226808,1.6194345571903481,2.6278658813388254,2.6272445414268475,3,0
compensated,92.53,3.4014629626720327,1.620231073249832,2.627901609873577,2.6272445414268475,3,0
compensated,92.54,3.3996583961256617,1.6210276131737462,2.627938186804647,2.6259798628094364,3,0
compensated,92.55,3.397853689090911,1.6218238173867354,2.627985424620804,2.6259798628094364,3,0
compensated,92.56,3.396049082812414,1.6226201717493582,2.628035034615637,2.627715913045569,3,0
compensated,92.57,3.3942442072583785,1.6234158782462165,2.6281060359240715,2.627715913045569,3,0
compensated,92.58,3.3924395686319944,1.6242119444847394,2.6281833946581394,2.624685614468378,3,0
compensated,92.59,3.390635340094075,1.6250089871686235,2.628223791339314,2.624685614468378,3,0
compensated,92.6,3.3888305113911437,1.6258050773588915,2.6282467415723274,2.6278394370927063,3,0
compensated,92.61,3.3870250848983128,1.62659980487279,2.6283098293393787,2.6278394370927063,3,0
compensated,92.62,3.385220223592931,1.627395370806174,2.628393958318464,2.627910757780528,3,0
compensated,92.63,3.383415855738211,1.6281920776931273,2.628439250317641,2.627910757780528,3,0
compensated,92.64,3.381610849748691,1.628987775604388,2.628465220195011,2.6276066135495606,3,0
compensated,92.65,3.3798057345028902,1.629783263833747,2.628492016253663,2.6276066135495606,3,0
compensated,92.66,3.3780006056396195,1.630578719215082,2.6285190258165807,2.6279841498912324,3,0
compensated,92.67,3.376195585194977,1.6313744488486708,2.628533529665329,2.6279841498912324,3,0
compensated,92.68,3.37439038241042,1.6321698719581872,2.6285451426681896,2.627144036230053,3,0
compensated,92.69,3.3725852041148237,1.632965366344126,2.6285523145841054,2.627144036230053,3,0
compensated,92.7,3.370779959422163,1.633760748315527,2.6285585009002066,2.6277135349481853,3,0
compensated,92.71,3.3689745484368423,1.6345557302960094,2.628579233402242,2.6277135349481853,3,0
compensated,92.72,3.3671693183708964,1.6353510009073655,2.6286036560316743,2.63031039340414,3,0
compensated,92.73,3.365364158256127,1.6361464423100713,2.628620704503347,2.63031039340414,3,0
compensated,92.74,3.3635588835803722,1.6369416877880105,2.628636102646173,2.6281059989713595,3,0
compensated,92.75,3.361753962642682,1.6377377726518056,2.628620240657588,2.6281059989713595,3,0
compensated,92.76,3.359948593586728,1.6385331594910502,2.6285921857280563,2.6292055103177265,3,0
compensated,92.77,3.358142819775766,1.6393276134346737,2.628595934326169,2.6292055103177265,3,0
compensated,92.78,3.3563375146355505,1.640122801310719,2.6286124399208397,2.6288163859267373,3,0
compensated,92.79,3.3545324089608286,1.640918447621534,2.6286137388106408,2.6288163859267373,3,0
compensated,92.8,3.35272709271266,1.6417137496733871,2.6286110541929397,2.6290276156201564,3,0
compensated,92.81,3.350921681931696,1.6425088302393862,2.628616053439845,2.6290276156201564,3,0
compensated,92.82,3.3491163700794924,1.6433040720223706,2.6286227710528545,2.626901184020493,3,0
compensated,92.83,3.347310836526297,1.6440987756509235,2.6286496067376364,2.626901184020493,3,0
compensated,92.84,3.345505561305147,1.6448938883121076,2.628682304626287,2.632244805522875,3,0
compensated,92.85,3.3436999092606094,1.645688092583249,2.628746573020271,2.632244805522875,3,0
compensated,92.86,3.341894665825567,1.6464829204042197,2.628823257923702,2.627513898197135,3,0
compensated,92.87,3.34009098102544,1.6472790541495557,2.628847151241497,2.627513898197135,3,0
compensated,92.88,3.3382866117049215,1.6480739331966923,2.6288235392361656,2.6297777604320336,3,0
compensated,92.89,3.3364935805750866,1.648860768957588,2.6288514569913253,2.6297777604320336,3,0
compensated,92.9,3.334710889260998,1.6496449671129187,2.6289228685392714,2.6287803987759037,3,0
compensated,92.91,3.3329411109711793,1.6504242668000868,2.6289656055557304,2.6287803987759037,3,0
compensated,92.92,3.331180595420679,1.651199002199896,2.628998036940916,2.6288075596998404,3,0
compensated,92.93,3.3294279627417533,1.6519709497722512,2.6289991108325714,2.6288075596998404,3,0
compensated,92.94,3.32767780129137,1.652741148606192,2.628988104772711,2.62859695729113,3,0
compensated,92.95,3.325940090486997,1.6535052316551544,2.6289779053798252,2.62859695729113,3,0
compensated,92.96,3.3242123262950347,1.6542654380735473,2.628968794364606,2.6284731915217208,3,0
compensated,92.97,3.3224970909904394,1.6550195646254076,2.628964239235695,2.6284731915217208,3,0
compensated,92.98,3.3207918197945268,1.6557698979162845,2.6289615500789343,2.629466133213583,3,0
compensated,92.99,3.3190991333874953,1.656514152928999,2.6289621906600846,2.629466133213583,3,0
compensated,93.0,3.317416459807875,1.6572545492265989,2.628964426536466,2.6303593625578454,3,0
compensated,93.01,3.315746373570412,1.657988589514877,2.6289791801760614,2.6303593625578454,3,0
compensated,93.02,3.314086633869902,1.6587188418603036,2.628997501419434,2.6276807473830415,3,0
compensated,93.03,3.3124396966248955,1.6594433318900488,2.6290035293409963,2.6276807473830415,3,0
compensated,93.04,3.3108026463427698,1.6601635940027315,2.6290076380095115,2.630449806838792,3,0
compensated,93.05,3.3091778739321955,1.6608767975025265,2.6290491126045468,2.630449806838792,3,0
compensated,93.06,3.307563590677658,1.6615868282068968,2.629107925387432,2.6301480373328125,3,0
compensated,93.07,3.3059624050012113,1.6622917346220158,2.6291310753581105,2.6301480373328125,3,0
compensated,93.08,3.304370641781771,1.6629919026093367,2.62913909248645,2.627193565626488,3,0
compensated,93.09,3.302791554003387,1.6636853018202329,2.6291686235545155,2.627193565626488,3,0
compensated,93.1,3.301223296423072,1.664374915518976,2.629205018193896,2.6319265770106544,3,0
compensated,93.11,3.2996673987251413,1.6650573659442318,2.6292819899556243,2.6319265770106544,3,0
compensated,93.12,3.298122041660249,1.6657366369022018,2.6293788198472834,2.6293842495515056,3,0
compensated,93.13,3.2965900614580765,1.6664111983228702,2.629424975475238,2.6293842495515056,3,0
compensated,93.14,3.295067225405603,1.6670806759471373,2.6294333315244423,2.629726093903688,3,0
compensated,93.15,3.293556709746445,1.6677429326052413,2.6294776839873797,2.629726093903688,3,0
compensated,93.16,3.2920565599160376,1.6684019867934021,2.6295379151867073,2.6283567263619254,3,0
compensated,93.17,3.2905710274721787,1.6690553365407388,2.629554664265858,2.6283567263619254,3,0
compensated,93.18,3.289107880450616,1.6696979063986543,2.6295488592188327,2.6296447678103405,3,0
compensated,93.19,3.2876582383875235,1.6703337055925724,2.6295640491635845,2.6296447678103405,3,0
compensated,93.2,3.2862190445387602,1.6709658704369161,2.6295856269719824,2.6272802164560236,3,0
compensated,93.21,3.2847929993698752,1.6715922905790928,2.6295872138484864,2.6272802164560236,3,0
compensated,93.22,3.2833768578051132,1.6722143370744402,2.629584333113149,2.628975976670059,3,0
compensated,93.23,3.281973373017382,1.6728294640027006,2.629614739503898,2.628975976670059,3,0
compensated,93.24,3.280580251602868,1.6734412858024204,2.629658061384344,2.6297398106393386,3,0
compensated,93.25,3.2792007696196848,1.674045955329815,2.6297258562422554,2.6297398106393386,3,0
compensated,93.26,3.2778349764426453,1.6746455725243539,2.629801515098448,2.6296535816012803,3,0
compensated,93.27,3.2764823100840763,1.6752391673323705,2.6298656768012543,2.6296535816012803,3,0
compensated,93.28,3.2751395215189363,1.6758285233246695,2.629928407293228,2.6279579853053434,3,0
compensated,93.29,3.2738097225646303,1.6764115570807787,2.6299932356868347,2.6279579853053434,3,0
compensated,93.3,3.2724898699053826,1.676990629878184,2.630059307071402,2.6285614526932095,3,0
compensated,93.31,3.2711828374025376,1.6775629010388469,2.630151373225901,2.6285614526932095,3,0
compensated,93.32,3.269885923853355,1.6781316506857022,2.6302517473458935,2.628642796272798,3,0
compensated,93.33,3.2685954604436653,1.6786982302773312,2.6303149781632174,2.628642796272798,3,0
compensated,93.34,3.2673063194873317,1.6792634100566346,2.630362704088823,2.629137564437724,3,0
compensated,93.35,3.2660301744672124,1.6798222970841161,2.630408466910073,2.629137564437724,3,0
compensated,93.36,3.2647637893620276,1.6803772539368191,2.6304547243147836,2.6285908000183884,3,0
compensated,93.37,3.263510501309983,1.6809261266529734,2.6304922151874437,2.6285908000183884,3,0
compensated,93.38,3.26226683387824,1.6814710009988267,2.6305289124808913,2.629255476455631,3,0
compensated,93.39,3.2610362315702437,1.6820094613928902,2.6305736991658253,2.629255476455631,3,0
compensated,93.4,3.2598155399749853,1.6825441396397989,2.6306208530947504,2.6277378790861166,3,0
compensated,93.41,3.2586080647617797,1.683072746123182,2.6306561450892683,2.6277378790861166,3,0
compensated,93.42,3.2574103122625373,1.683597260070387,2.630690054078541,2.628436171185907,3,0
compensated,93.43,3.2562193476769585,1.6841171520225329,2.6307773447473446,2.628436171185907,3,0
compensated,93.44,3.255031415352896,1.6846371272729364,2.6309025163969664,2.629067529969374,3,0
compensated,93.45,3.253856685852738,1.6851509988483862,2.6310168475349442,2.629067529969374,3,0
compensated,93.46,3.2526915370096487,1.6856607510264834,2.631129948908755,2.630494743492857,3,0
compensated,93.47,3.251539560378443,1.6861643134107216,2.6312329403013934,2.630494743492857,3,0
compensated,93.48,3.250397113998754,1.6866638185076683,2.6313348788748554,2.6307687555186092,3,0
compensated,93.49,3.24926798999488,1.687157332033508,2.6314148430428235,2.6307687555186092,3,0
compensated,93.5,3.2481484124966133,1.687646573639484,2.6314900259502028,2.631334236555671,3,0
compensated,93.51,3.2470435999578426,1.6881292698308463,2.6315362969635725,2.631334236555671,3,0
compensated,93.52,3.245960927405518,1.6886019905405962,2.6315750926270516,2.6298227060831865,3,0
compensated,93.53,3.244892287597465,1.6890684595206036,2.631603822397511,2.6298227060831865,3,0
compensated,93.54,3.2438337414000022,1.6895307582024919,2.6316316607912476,2.632676454179455,3,0
compensated,93.55,3.2427885524407505,1.6899863084245155,2.631682240460063,2.632676454179455,3,0
compensated,93.56,3.241753704362689,1.690438157995558,2.631739155627937,2.631960246632624,3,0
compensated,93.57,3.240732527461422,1.6908843384136614,2.6317561454255247,2.631960246632624,3,0
compensated,93.58,3.2397208741573946,1.6913259886162917,2.631757069931906,2.635047282395144,4,0
compensated,93.59,3.238720728684899,1.6917622502882825,2.6317579955837638,2.635047282395144,4,0
compensated,93.6,3.237726598517278,1.6921962454444646,2.6317595068807917,2.6321267483035484,4,0
compensated,93.61,3.236747523030699,1.6926239529382852,2.631718515351643,2.6321267483035484,4,0
compensated,93.62,3.235796101509317,1.6930390084059648,2.631660048120712,2.631489627585763,4,0
compensated,93.63,3.2348616647947077,1.6934457576235435,2.631641323529983,2.631489627585763,4,0
compensated,93.64,3.233955671707031,1.6938410215612525,2.631639840351243,2.6327603580955348,4,0
compensated,93.65,3.2330668656159234,1.6942284648245485,2.631647383862902,2.6327603580955348,4,0
compensated,93.66,3.2322061535302202,1.694603975709968,2.6316584999103467,2.6301068122332456,4,0
compensated,93.67,3.2313627326441594,1.694971950698626,2.6316542815834545,2.6301068122332456,4,0
compensated,93.68,3.2305472027532574,1.695327738222011,2.6316490760131184,2.6291240697631793,4,0
compensated,93.69,3.2297487962960187,1.6956752778864537,2.631680928819437,2.6291240697631793,4,0
compensated,93.7,3.2289786619190486,1.696011236181195,2.6317272983184163,2.6333965431896695,4,0
compensated,93.71,3.2282257702888093,1.696339237407612,2.6317880645201406,2.6333965431896695,4,0
compensated,93.72,3.227500668547536,1.6966554753697538,2.631853207113623,2.6314012691723487,4,0
compensated,93.73,3.226777830080372,1.6969718600849888,2.631864869982603,2.6314012691723487,4,0
compensated,93.74,3.226054474643897,1.6972875864069163,2.6318433555053535,2.6331615690193537,4,0
compensated,93.75,3.225330926744868,1.6976026582492183,2.6318697329345833,2.6331615690193537,4,0
compensated,93.76,3.224607788430017,1.6979182635153378,2.631919556690505,2.631025013900354,4,0
compensated,93.77,3.223884720589382,1.698234190109288,2.6319398191744536,2.631025013900354,4,0
compensated,93.78,3.2231614344003767,1.69854979457125,2.631951876904382,2.62970329404713,4,0
compensated,93.79,3.222438059476101,1.6988650397236504,2.631993443694672,2.62970329404713,4,0
compensated,93.8,3.2217148807767146,1.6991805604334411,2.6320431835054006,2.633049704304746,4,0
compensated,93.81,3.220991644756486,1.69949584562938,2.6321111444376903,2.633049704304746,4,0
compensated,93.82,3.22026850359568,1.6998112624966122,2.632182737247729,2.6346895304746107,4,0
compensated,93.83,3.2195454144987465,1.700126969959548,2.632224847180323,2.6346895304746107,4,0
compensated,93.84,3.2188220995932326,1.700442336153596,2.632258795681272,2.630730184252032,4,0
compensated,93.85,3.2181080696532156,1.7007537340561312,2.6322656846671584,2.630730184252032,4,0
compensated,93.86,3.217397150277119,1.7010636489832338,2.6322657531038485,2.631993501970512,4,0
compensated,93.87,3.216699655383427,1.7013665601469339,2.632315706297173,2.631993501970512,4,0
compensated,93.88,3.216011715300604,1.7016664336744416,2.632391395495979,2.634417969705604,4,0
compensated,93.89,3.2153376411426615,1.7019600413409446,2.632445340880163,2.634417969705604,4,0
compensated,93.9,3.2146731076021444,1.7022495943482319,2.632495351231266,2.6344748714109887,4,0
compensated,93.91,3.2140226564125336,1.7025330039587974,2.6325088197961835,2.6344748714109887,4,0
compensated,93.92,3.213381981136001,1.7028120924166608,2.6325104807210264,2.63225352046212,4,0
compensated,93.93,3.2127563264184946,1.7030839161748659,2.632532546475543,2.63225352046212,4,0
compensated,93.94,3.2121455379696497,1.7033499469659965,2.6325599293219923,2.631612780503499,4,0
compensated,93.95,3.2115489759063007,1.703609021646483,2.6326198490472263,2.631612780503499,4,0
compensated,93.96,3.2109631336869056,1.703864183699608,2.632689681567965,2.6331221312147672,4,0
compensated,93.97,3.2103915899432023,1.7041125715376506,2.632768878315833,2.6331221312147672,4,0
compensated,93.98,3.209830650164448,1.7043568039660395,2.632850305351724,2.629891399949768,4,0
compensated,93.99,3.2092840470712245,1.7045945541410694,2.632906507531231,2.629891399949768,4,0
compensated,94.0,3.2087477960328252,1.7048279142650962,2.6329576269662347,2.6346765916633696,4,0
compensated,94.01,3.208224908443006,1.7050549298630675,2.6330263414417168,2.6346765916633696,4,0
compensated,94.02,3.207710087716933,1.705278920044322,2.6330987963438193,2.6323318098016903,4,0
compensated,94.03,3.2072099007689903,1.7054967362805582,2.6331145440568817,2.6323318098016903,4,0
compensated,94.04,3.2067200781415206,1.705709753817657,2.6330917595603585,2.632429949360456,4,0
compensated,94.05,3.20624477755106,1.7059157556565094,2.633102018977183,2.632429949360456,4,0
compensated,94.06,3.2057804566245167,1.706117683334291,2.633122176392121,2.6302064342215434,4,0
compensated,94.07,3.205330774619596,1.706312860873893,2.6331374361175137,2.6302064342215434,4,0
compensated,94.08,3.204892099970359,1.7065036143043617,2.6331530091034896,2.6337663072617703,4,0
compensated,94.09,3.204468729521138,1.7066869120664734,2.6332125339959602,2.6337663072617703,4,0
compensated,94.1,3.2040600203640546,1.7068646591561907,2.6332894661713433,2.6342593214134897,4,0
compensated,94.11,3.2036662345097358,1.7070358525916314,2.6333173573661215,2.6342593214134897,4,0
compensated,94.12,3.2032840487539858,1.707201953118968,2.633322851894496,2.6324148727023813,4,0
compensated,94.13,3.2029168484492034,1.7073612003712293,2.6333167288815895,2.6324148727023813,4,0
compensated,94.14,3.2025616656870386,1.7075155628058123,2.6333101652484805,2.6339639533350407,4,0
compensated,94.15,3.2022215506374967,1.707662820582758,2.633330191548023,2.6339639533350407,4,0
compensated,94.16,3.201893721767391,1.7078053053940994,2.633356825707987,2.6321617433211473,4,0
compensated,94.17,3.2015816303317286,1.7079403786946714,2.63340664055264,2.6321617433211473,4,0
compensated,94.18,3.2012972929983246,1.7080637764310571,2.6334629173794,2.6341890995690616,4,0
compensated,94.19,3.20103064739157,1.7081791605755112,2.633546588529621,2.6341890995690616,4,0
compensated,94.2,3.200791740214359,1.7082829059345266,2.6336379748731793,2.634047786053901,4,0
compensated,94.21,3.200570420241408,1.7083788076244073,2.6336965690557705,2.634047786053901,4,0
compensated,94.22,3.2003765907165582,1.708462843355578,2.633748497862129,2.634815000506046,4,0
compensated,94.23,3.2002004751630153,1.7085389437531044,2.633800737295165,2.634815000506046,4,0
compensated,94.24,3.2000519384416624,1.7086033355840526,2.6338551303626505,2.6334107401361333,4,0
compensated,94.25,3.1998944704696006,1.708671960913195,2.6338980550365654,2.6334107401361333,4,0
compensated,94.26,3.1997332341850298,1.7087419797850805,2.6339393001260607,2.633019184924988,4,0
compensated,94.27,3.1995880320213366,1.7088046262788654,2.6340015651589357,2.633019184924988,4,0
compensated,94.28,3.1994608547108165,1.7088599471432115,2.634068743435861,2.630995257314055,4,0
compensated,94.29,3.1993497117609078,1.708907897811452,2.6341400139761193,2.630995257314055,4,0
compensated,94.3,3.199256830025239,1.7089482781893626,2.6342128820584896,2.634371369674735,4,0
compensated,94.31,3.1991805459068123,1.7089810305463662,2.6343145879646124,2.634371369674735,4,0
compensated,94.32,3.199132429752767,1.7090013684198528,2.6344263387592894,2.6343303818655137,4,0
compensated,94.33,3.199101694028668,1.709013997029477,2.6345059181368584,2.6343303818655137,4,0
compensated,94.34,3.1990981638219806,1.70901402762169,2.634579546396547,2.6370705945073096,4,0
compensated,94.35,3.199098481661177,1.7090121087304078,2.634650394176607,2.6370705945073096,4,0
compensated,94.36,3.199099049326853,1.7090100582805972,2.6347209409850487,2.636618434031929,4,0
compensated,94.37,3.199099184544896,1.7090092372519374,2.6347457267382204,2.636618434031929,4,0
compensated,94.38,3.199099313812894,1.7090087646800547,2.6347619778474787,2.634089077950346,4,0
compensated,94.39,3.199099446554502,1.7090083098011477,2.6347779196474703,2.634089077950346,4,0
compensated,94.4,3.1990995920071397,1.7090077801332615,2.6347961372224176,2.6344922807116973,4,0
compensated,94.41,3.199100092326605,1.7090062389635508,2.6348519569786752,2.6344922807116973,4,0
compensated,94.42,3.1991006002025566,1.7090044043716657,2.6349150780453394,2.6345441558371183,4,0
compensated,94.43,3.199100935983387,1.7090030686388094,2.6349597612114875,2.6345441558371183,4,0
compensated,94.44,3.1991012729892665,1.7090018494663488,2.6350017059701405,2.637230195860351,4,0
compensated,94.45,3.19910156511353,1.7090007607324442,2.6350388349328795,2.637230195860351,4,0
compensated,94.46,3.199101859068098,1.7089996966691328,2.6350754426263667,2.6343688447185465,4,0
compensated,94.47,3.19910190391809,1.708999210094268,2.635070243071082,2.6343688447185465,4,0
compensated,94.48,3.199101841444933,1.7089987582634458,2.635047718919516,2.6371408196447117,4,0
compensated,94.49,3.1991020037710878,1.708998117264921,2.635061671499786,2.6371408196447117,4,0
compensated,94.5,3.199102255254107,1.7089972061191876,2.63509301716218,2.6333597789989707,4,0
compensated,94.51,3.199102389825728,1.708996613879862,2.6351123261816745,2.6333597789989707,4,0
compensated,94.52,3.1991024919896742,1.708996240859089,2.6351251549783106,2.6352736020695833,4,0
compensated,94.53,3.199103096699934,1.7089944682565679,2.6351904527441086,2.6352736020695833,4,0
compensated,94.54,3.1991037740179817,1.708992024778072,2.6352745300655536,2.6361042909956325,4,0
compensated,94.55,3.199104142303786,1.7089904658112913,2.6353257662508964,2.6361042909956325,4,0
compensated,94.56,3.19910449200385,1.7089892015890848,2.635369263552,2.6327540570525727,4,0
compensated,94.57,3.1991046618994727,1.7089884704967029,2.6353932135060574,2.6327540570525727,4,0
compensated,94.58,3.1991048535965354,1.7089877748822337,2.6354171435503146,2.6343794282059783,4,0
compensated,94.59,3.199105503501477,1.7089857920302025,2.6354891752336207,2.6343794282059783,4,0
compensated,94.6,3.199106196487258,1.7089832932318183,2.6355751599510118,2.6364032030874576,4,0
compensated,94.61,3.1991066185315384,1.7089815741860657,2.6356322500849343,2.6364032030874576,4,0
compensated,94.62,3.199107029177889,1.708980091308763,2.6356832742385405,2.637093938043723,4,0
compensated,94.63,3.199107107466504,1.7089795540344495,2.635699128376061,2.637093938043723,4,0
compensated,94.64,3.199107160212249,1.708979359630306,2.6357058120908534,2.63690539359054,4,0
compensated,94.65,3.1991071807698637,1.7089791057480033,2.6357018111990254,2.63690539359054,4,0
compensated,94.66,3.199107162360525,1.708978949912718,2.6356941374501126,2.63825183093617,4,0
compensated,94.67,3.1991073690961214,1.7089782209806934,2.6357140660149367,2.63825183093617,4,0
compensated,94.68,3.1991076103067906,1.708977347605738,2.635744114817973,2.6326554040713646,4,0
compensated,94.69,3.1991076299361794,1.7089771901453086,2.635748633650725,2.6326554040713646,4,0
compensated,94.7,3.1991076299361794,1.7089771901453086,2.635748633650725,2.6341290635043872,4,0
compensated,94.71,3.199108268794869,1.7089754267001742,2.635814831523185,2.6341290635043872,4,0
compensated,94.72,3.199109135823345,1.7089723033564863,2.635922314439321,2.6353138071479965,4,0
compensated,94.73,3.199109759621141,1.70896988739348,2.6360036754284013,2.6353138071479965,4,0
compensated,94.74,3.1991103760185937,1.7089676657109185,2.6360801292734974,2.638102327157073,4,0
compensated,94.75,3.1991105771686996,1.7089666236023409,2.636112681032385,2.638102327157073,4,0
compensated,94.76,3.199110750338,1.708965995272883,2.6361342979045497,2.6345532381285945,4,0
compensated,94.77,3.1991108382001285,1.70896526345701,2.6361124181580395,2.6345532381285945,4,0
compensated,94.78,3.1991107210998706,1.7089644543509366,2.636071932179014,2.6375541325111733,4,0
compensated,94.79,3.1991108382919653,1.7089638449685658,2.6360799547379403,2.6375541325111733,5,0
compensated,94.8,3.1991110804260288,1.7089629687190613,2.6361101041015753,2.6354532168790286,1,1
compensated,94.81,3.199111128853915,1.7089627934697105,2.6361161339715395,2.6354532168790286,1,1
compensated,94.82,3.199111128853915,1.7089627934697105,2.6361161339715395,2.6362918026059052,1,1
compensated,94.83,3.199111128853915,1.7089627934697105,2.6361161339715395,2.6362918026059052,1,1
compensated,94.84,3.199111128853915,1.7089627934697105,2.6361161339715395,2.635993388073887,1,1
compensated,94.85,3.199111799332949,1.708961001818869,2.6361833668642616,2.635993388073887,1,1
compensated,94.86,3.1991132624448704,1.708955996597298,2.636358397660031,2.638008625890423,1,1
compensated,94.87,3.1991153637038305,1.708949008304375,2.636605130549129,2.638008625890423,1,1
compensated,94.88,3.199118354631733,1.7089384944691246,2.6369696249976573,2.6359425357709165,1,1
compensated,94.89,3.199121984584653,1.7089258364363589,2.63740976416188,2.6359425357709165,1,1
compensated,94.9,3.199126517006834,1.7089097102674817,2.637966552872264,2.6351783000667943,1,1
compensated,94.91,3.1991316644517247,1.708891451810735,2.638597831423712,2.6351783000667943,1,1
compensated,94.92,3.1991377497715865,1.7088697065559042,2.6393473161067833,2.63700596290699,1,1
compensated,94.93,3.199144441640555,1.7088457855545145,2.6401719808137085,2.63700596290699,1,1
compensated,94.94,3.199152095132435,1.7088183955146254,2.641115055972545,2.6375418337141188,1,1
compensated,94.95,3.1991603429496767,1.7087888171601093,2.642133088688403,2.6375418337141188,1,1
compensated,94.96,3.199169575800048,1.7087557864149043,2.643269723312497,2.6418773143994194,1,1
compensated,94.97,3.1991793935177397,1.7087205569905883,2.6444811005557796,2.6418773143994194,1,1
compensated,94.98,3.1991902193426096,1.7086818907472627,2.645811258361126,2.6481166812960613,1,1
compensated,94.99,3.199201623342365,1.7086410176621443,2.6472159513715776,2.6481166812960613,1,1
compensated,95.0,3.1992140581969775,1.7085967222941003,2.648739590882513,2.6448950664130475,1,1
compensated,95.01,3.1992270672916208,1.708550214122774,2.650337565688264,2.6448950664130475,1,1
compensated,95.02,3.1992411296808294,1.7085002972153416,2.6520546403329135,2.645977449029342,1,1
compensated,95.03,3.199255765116432,1.708448163744278,2.6538458578293307,2.645977449029342,1,1
compensated,95.04,3.199271476005461,1.7083926341473583,2.6557563160486746,2.6540410035843127,1,1
compensated,95.05,3.19928776146366,1.7083348864277699,2.657740732089626,2.6540410035843127,1,1
compensated,95.06,3.1993051442888794,1.7082737543154842,2.659844517459272,2.658254546916819,1,1
compensated,95.07,3.199323105889269,1.7082104047230873,2.6620220829615007,2.658254546916819,1,1
compensated,95.08,3.199342186568697,1.7081436816604665,2.6643191343267243,2.660549172794097,1,1
compensated,95.09,3.199361852871202,1.7080747439623443,2.6666897953882702,2.660549172794097,1,1
compensated,95.1,3.1993826598144084,1.7080024429791452,2.6691800470119604,2.6634173123219718,1,1
compensated,95.11,3.1994040618213844,1.7079279324079875,2.6717437450444583,2.6634173123219718,1,1
compensated,95.12,3.1994266259383366,1.70785006807982,2.6744271267676476,2.6696285556270105,1,1
compensated,95.13,3.1994497970961175,1.7077700014157222,2.677183798644193,2.6696285556270105,1,1
compensated,95.14,3.199474151804745,1.7076865899525713,2.6800602360604735,2.67871454696974,1,1
compensated,95.15,3.1994991280043283,1.7076009856126395,2.683009814277601,2.67871454696974,1,1
compensated,95.16,3.1995253092362304,1.7075120449549894,2.686079228919767,2.6826213537127295,1,1
compensated,95.17,3.1995521288127446,1.7074209230909112,2.6892216417759847,2.6826213537127295,1,1
compensated,95.18,3.1995801750167194,1.7073264730136577,2.69248395131728,2.6913910234062373,1,1
compensated,95.19,3.1996088787471,1.7072298556175098,2.6958191231071944,2.6913910234062373,1,1
compensated,95.2,3.19963883089004,1.707129917841786,2.699274241575838,2.697174011463094,1,1
compensated,95.21,3.199669461988546,1.7070278288602283,2.7028020928002787,2.697174011463094,1,1
compensated,95.22,3.1997013635529963,1.706922427173444,2.7064499308077443,2.7054359260536094,1,1
compensated,95.23,3.1997339676641987,1.7068148926303588,2.710170378401129,2.7054359260536094,1,1
compensated,95.24,3.1997678646423866,1.7067040530145086,2.714010843386068,2.7090817013516917,1,1
compensated,95.25,3.1998024898305886,1.7065911011425128,2.7179238009596722,2.7090817013516917,1,1
compensated,95.26,3.199838430713993,1.7064748519110322,2.7219567974456083,2.721096131909065,1,1
compensated,95.27,3.1998750953997477,1.706356534482619,2.7260620192333196,2.721096131909065,1,1
compensated,95.28,3.1999128511832415,1.7062350250353424,2.730286171246347,2.722506631599347,1,1
compensated,95.29,3.1999507487490533,1.7061118571780476,2.734579510899886,2.722506631599347,1,1
compensated,95.3,3.199987288191988,1.7059864501811421,2.7389806519374256,2.7369019176054614,1,1
compensated,95.31,3.2000251038703644,1.7058590053320843,2.7434557774442814,2.7369019176054614,1,1
compensated,95.32,3.200057256134014,1.7057312808514273,2.7480189491665112,2.744969144944898,1,1
compensated,95.33,3.200086355430948,1.7056033162227997,2.752636218744993,2.744969144944898,1,1
compensated,95.34,3.2001052326162744,1.705476845861984,2.757320925538365,2.7537997223359785,1,1
compensated,95.35,3.2001164326532137,1.7053519123836096,2.762038745191086,2.7537997223359785,1,1
compensated,95.36,3.2001126796714967,1.705230154000701,2.7668028630144597,2.7631414669698255,1,1
compensated,95.37,3.2001001782481087,1.7051095605570112,2.7715967490912785,2.7631414669698255,1,1
compensated,95.38,3.200085832666571,1.7049862371449498,2.776497204359521,2.7699412300644086,1,1
compensated,95.39,3.2000714057792083,1.7048609858118637,2.781465851070183,2.7699412300644086,1,1
compensated,95.4,3.20005687678296,1.704732749680438,2.7865480638912166,2.780984240771641,1,1
compensated,95.41,3.200042298742808,1.7046025967608684,2.7916984321822524,2.780984240771641,1,1
compensated,95.42,3.2000276372847796,1.7044694324588647,2.7969623787274305,2.7915390395027835,1,1
compensated,95.43,3.200012955139032,1.704334353747488,2.802294425615956,2.7915390395027835,1,1
compensated,95.44,3.199998209611149,1.7041962365448204,2.8077400597006537,2.8029999282507836,1,1
compensated,95.45,3.1999839185669674,1.7040580518988155,2.813213010953731,2.8029999282507836,1,1
compensated,95.46,3.1999698981695324,1.7039198183475468,2.8186883300742758,2.8128967525534865,1,1
compensated,95.47,3.1999560882414517,1.703781434668157,2.8241633584305457,2.8128967525534865,1,1
compensated,95.48,3.1999424887970296,1.7036428983691652,2.8296380901544462,2.823070363203385,1,1
compensated,95.49,3.1999291014786913,1.7035042117088144,2.835112530063708,2.823070363203385,1,1
compensated,95.5,3.1999159279229077,1.7033653770212422,2.840586683112367,2.835439407097039,1,1
compensated,95.51,3.1999029697409034,1.7032263966587102,2.846060554263255,2.835439407097039,1,1
compensated,95.52,3.199890228517945,1.7030872729907498,2.851534148487096,2.848022375489716,1,1
compensated,95.53,3.19987770581352,1.70294800840376,2.8570074707616917,2.848022375489716,1,1
compensated,95.54,3.1998654031607705,1.702808605300832,2.862480526072071,2.858212032930453,1,1
compensated,95.55,3.1998533220667498,1.7026690661013568,2.8679533194105,2.858212032930453,1,1
compensated,95.56,3.199841464011873,1.7025293932408345,2.8734258557753862,2.8679317855641813,1,1
compensated,95.57,3.1998298304498154,1.7023895891705634,2.8788981401729705,2.8679317855641813,1,1
compensated,95.58,3.199818422807493,1.7022496563573606,2.8843701776150725,2.8787517429133818,1,1
compensated,95.59,3.199807242484962,1.702109597283172,2.889841973120878,2.8787517429133818,1,1
compensated,95.6,3.1997962908550193,1.7019694144449193,2.895313531715139,2.88985640023545,1,1
compensated,95.61,3.1997855692631507,1.7018291103541412,2.900784858429428,2.88985640023545,1,1
compensated,95.62,3.1997750790274075,1.7016886875367045,2.906255958301231,2.900507329065049,1,1
compensated,95.63,3.199764821438302,1.701548148532517,2.9117268363740503,2.900507329065049,1,1
compensated,95.64,3.199754797758656,1.7014074958951655,2.917197497696823,2.9102326966479586,1,1
compensated,95.65,3.199745009223176,1.7012667321917772,2.922667947324618,2.9102326966479586,1,1
compensated,95.66,3.1997354570387206,1.7011258600025356,2.9281381903181423,2.925315650696362,1,1
compensated,95.67,3.1997261423841525,1.7009848819204587,2.933608231743054,2.925315650696362,1,1
compensated,95.68,3.199717066409625,1.7008438005511546,2.939078076670571,2.9339196182179776,1,1
compensated,95.69,3.1997082302372215,1.700702618512407,2.944547730177019,2.9339196182179776,1,1
compensated,95.7,3.199699634960284,1.70056133843396,2.950017197343454,2.945960397729057,1,1
compensated,95.71,3.1996912816437164,1.7004199629571084,2.9554864832566543,2.945960397729057,1,1
compensated,95.72,3.199683171323275,1.7002784947345473,2.9609555930074345,2.957063328838675,1,1
compensated,95.73,3.1996754810346655,1.7001384942158322,2.9663872439332595,2.957063328838675,1,1
compensated,95.74,3.199667936926801,1.6999983725863461,2.971798994981577,2.968607972626594,1,1
compensated,95.75,3.199660891184352,1.6998604519746026,2.9771583872265928,2.968607972626594,1,1
compensated,95.76,3.1996541970812733,1.69972540653518,2.9824037221425646,2.977470306649641,1,1
compensated,95.77,3.1996478137064575,1.6995920739146613,2.987580335881395,2.977470306649641,1,1
compensated,95.78,3.1996417523479015,1.6994615802752049,2.9926428772878797,2.9885032219069743,1,1
compensated,95.79,3.1996359843601043,1.6993328238840486,2.9976366806042134,2.9885032219069743,1,1
compensated,95.8,3.1996305156717204,1.699206903934446,3.00251647314885,2.993955214708814,1,1
compensated,95.81,3.1996253230533007,1.69908274425616,3.0073275055344983,2.993955214708814,1,1
compensated,95.82,3.199620407877221,1.6989614181554633,3.012024590387081,3.007697008232496,1,1
compensated,95.83,3.1996157515448496,1.6988418735561517,3.0166528870477634,3.007697008232496,1,1
compensated,95.84,3.1996113516710847,1.6987251594448614,3.021167301412988,3.0157642469530757,1,1
compensated,95.85,3.1996071931638146,1.69861024293221,3.025612893561607,3.0157642469530757,1,1
compensated,95.86,3.199603270647933,1.6984981501962553,3.029944675852002,3.0238376510801626,1,1
compensated,95.87,3.1995995717741508,1.6983878645796715,3.0342075861328968,3.0238376510801626,1,1
compensated,95.88,3.1995960899764766,1.6982804009522354,3.03835676865099,3.0328500324678114,1,1
compensated,95.89,3.199592815203008,1.6981747586259348,3.0424370187578864,3.0328500324678114,1,1
compensated,95.9,3.1995897392676156,1.6980719346892754,3.04640362810217,3.042265654049383,1,1
compensated,95.91,3.1995868544501116,1.697970947853982,3.0503012392199524,3.042265654049383,1,1
compensated,95.92,3.1995841507493377,1.6978727719117814,3.054085298817542,3.0514310480438374,1,1
compensated,95.93,3.199581622733171,1.6977764479697115,3.057800289551342,3.0514310480438374,1,1
compensated,95.94,3.199579259543788,1.697682933516907,3.061401818899509,3.05721766917447,1,1
compensated,95.95,3.19957705712876,1.6975912853442288,3.0649342063765417,3.05721766917447,1,1
compensated,95.96,3.1995750035350126,1.6975024383922728,3.068353223519408,3.063313779129091,1,1
compensated,95.97,3.199573096739504,1.69741547643986,3.071703021564335,3.063313779129091,1,1
compensated,95.98,3.1995713237355234,1.6973313086017887,3.0749395417263066,3.0710624311410735,1,1
compensated,95.99,3.199569683978591,1.6972490425113693,3.078106762596373,3.0710624311410735,1,1
compensated,96.0,3.199568163897331,1.6971695641150637,3.0811607992912493,3.0799686756822355,1,1
compensated,96.01,3.199566763915417,1.6970920008929506,3.0841454530230674,3.0799686756822355,1,1
compensated,96.02,3.199565470475438,1.697017221070617,3.087017018233353,3.0829903314371183,1,1
compensated,96.03,3.199564284538193,1.6969443678068332,3.089819112834085,3.0829903314371183,1,1
compensated,96.04,3.1995631928877515,1.696874294632368,3.0925082172014573,3.092153119494413,1,1
compensated,96.05,3.199562196747668,1.6968061574222917,3.0951277588771635,3.092153119494413,1,1
compensated,96.06,3.1995612834446368,1.6967407967650323,3.097634411897025,3.0989007903317702,1,1
compensated,96.07,3.1995604543505722,1.6966773804216575,3.1000714052137655,3.0989007903317702,1,1
compensated,96.08,3.1995596974750087,1.696616737445099,3.1023956153181147,3.1004347609557508,1,1
compensated,96.09,3.199559014209652,1.6965580457047207,3.1046500634555882,3.1004347609557508,1,1
compensated,96.1,3.199558393439949,1.6965021264718385,3.1067918381282578,3.1037475459233894,1,1
compensated,96.11,3.199557836347793,1.696448162147171,3.1088637430807364,3.1037475459233894,1,1
compensated,96.12,3.199557332901654,1.6963969720584724,3.1108230890530484,3.110425538645699,1,1
compensated,96.13,3.1995568838827477,1.6963477362605777,3.1127124517329494,3.110425538645699,1,1
compensated,96.14,3.1995564805387624,1.6963012801577149,3.114489375100445,3.113921927581945,1,1
compensated,96.15,3.1995561231154,1.6962567737982797,3.116196195483089,3.113921927581945,1,1
compensated,96.16,3.1995558042311423,1.6962150560592701,3.1177907018133375,3.113143069159607,1,1
compensated,96.17,3.199555523545084,1.6961752796637979,3.1193149790797405,3.113143069159607,1,1
compensated,96.18,3.1995552750723983,1.6961383042871654,3.1207270735063006,3.1192277252803855,1,1
compensated,96.19,3.19955505788607,1.696103257869182,3.1220688061728867,3.1192277252803855,1,1
compensated,96.2,3.199554867384002,1.6960710285478529,3.1232984934779435,3.119223115868497,1,1
compensated,96.21,3.1995547020860586,1.6960407116779213,3.124457679513527,3.119223115868497,1,1
compensated,96.22,3.199554558731953,1.696013231861842,3.1255049641988806,3.1263987386921883,2,1
compensated,96.23,3.199554435340053,1.6959876436954797,3.1264816011303846,3.1263987386921883,2,1
compensated,96.24,3.199554329939178,1.695964916642543,3.1273464874761405,3.1259013725527556,2,1
compensated,96.25,3.199554240080098,1.695944054448193,3.1281405724901186,3.1259013725527556,2,1
compensated,96.26,3.1995541650741934,1.695926083263501,3.1288230646013746,3.1285326823496886,2,1
compensated,96.27,3.199554102038152,1.6959099460475777,3.1294345946107356,3.1285326823496886,2,1
compensated,96.28,3.199554051513187,1.6958967337121895,3.129934696453311,3.128770396375276,2,1
compensated,96.29,3.1995540102180597,1.6958853203544229,3.1303636681769595,3.128770396375276,2,1
compensated,96.3,3.1995539799113937,1.6958768697458289,3.130681383604019,3.1299404964424618,2,1
compensated,96.31,3.1995539569008837,1.6958701790375887,3.1309277936234827,3.1299404964424618,2,1
compensated,96.32,3.1995539442080223,1.6958664929449485,3.131063126395562,3.1300125456035204,2,1
compensated,96.33,3.199553937772062,1.6958645644922838,3.1311267458230323,3.1300125456035204,2,1
compensated,96.34,3.199553937772062,1.6958645644922838,3.1311267458230323,3.132763031641211,2,1
compensated,96.35,3.199553937772062,1.6958645644922838,3.1311267458230323,3.132763031641211,2,1
compensated,96.36,3.199553937772062,1.6958645644922838,3.1311267458230323,3.1325412353127895,2,1
compensated,96.37,3.199553937772062,1.6958645644922838,3.1311267458230323,3.1325412353127895,2,1
compensated,96.38,3.199553937772062,1.6958645644922838,3.1311267458230323,3.13283655179098,2,1
compensated,96.39,3.199553937772062,1.6958645644922838,3.1311267458230323,3.13283655179098,2,1
compensated,96.4,3.199553937772062,1.6958645644922838,3.1311267458230323,3.129919816031288,2,1
compensated,96.41,3.199553937772062,1.6958645644922838,3.1311267458230323,3.129919816031288,2,1
compensated,96.42,3.199553937772062,1.6958645644922838,3.1311267458230323,3.1299613018741095,2,1
compensated,96.43,3.199553937772062,1.6958645644922838,3.1311267458230323,3.1299613018741095,2,1
compensated,96.44,3.199553937772062,1.6958645644922838,3.1311267458230323,3.133892740903608,2,1
compensated,96.45,3.199553937772062,1.6958645644922838,3.1311267458230323,3.133892740903608,2,1
compensated,96.46,3.199553937772062,1.6958645644922838,3.1311267458230323,3.131816414692773,2,1
compensated,96.47,3.199553937772062,1.6958645644922838,3.1311267458230323,3.131816414692773,2,1
compensated,96.48,3.199553937772062,1.6958645644922838,3.1311267458230323,3.130992163395937,2,1
compensated,96.49,3.199553937772062,1.6958645644922838,3.1311267458230323,3.130992163395937,2,1
compensated,96.5,3.199553937772062,1.6958645644922838,3.1311267458230323,3.1320131739848653,2,1
compensated,96.51,3.199553937772062,1.6958645644922838,3.1311267458230323,3.1320131739848653,2,1
compensated,96.52,3.199553937772062,1.6958645644922838,3.1311267458230323,3.1301664089175727,2,1
compensated,96.53,3.199553937772062,1.6958645644922838,3.1311267458230323,3.1301664089175727,2,1
compensated,96.54,3.199553937772062,1.6958645644922838,3.1311267458230323,3.128307672589788,2,1
compensated,96.55,3.199553937772062,1.6958645644922838,3.1311267458230323,3.128307672589788,2,1
compensated,96.56,3.199553937772062,1.6958645644922838,3.1311267458230323,3.136583984491679,2,1
compensated,96.57,3.199553937772062,1.6958645644922838,3.1311267458230323,3.136583984491679,2,1
compensated,96.58,3.199553937772062,1.6958645644922838,3.1311267458230323,3.132132786453373,2,1
compensated,96.59,3.199553937772062,1.6958645644922838,3.1311267458230323,3.132132786453373,2,1
compensated,96.6,3.199553937772062,1.6958645644922838,3.1311267458230323,3.131649454754939,2,1
compensated,96.61,3.199553937772062,1.6958645644922838,3.1311267458230323,3.131649454754939,2,1
compensated,96.62,3.199553937772062,1.6958645644922838,3.1311267458230323,3.131407282144318,2,1
compensated,96.63,3.199553937772062,1.6958645644922838,3.1311267458230323,3.131407282144318,2,1
compensated,96.64,3.199553937772062,1.6958645644922838,3.1311267458230323,3.131669583498134,2,1
compensated,96.65,3.199553937772062,1.6958645644922838,3.1311267458230323,3.131669583498134,2,1
compensated,96.66,3.199553937772062,1.6958645644922838,3.1311267458230323,3.1306218937724726,2,1
compensated,96.67,3.199553937772062,1.6958645644922838,3.1311267458230323,3.1306218937724726,2,1
compensated,96.68,3.199553937772062,1.6958645644922838,3.1311267458230323,3.13385004124408,2,1
compensated,96.69,3.199553937772062,1.6958645644922838,3.1311267458230323,3.13385004124408,2,1
compensated,96.7,3.199553937772062,1.6958645644922838,3.1311267458230323,3.1310400917810517,2,1
compensated,96.71,3.199553937772062,1.6958645644922838,3.1311267458230323,3.1310400917810517,2,1
compensated,96.72,3.199553937772062,1.6958645644922838,3.1311267458230323,3.127463647885137,2,1
compensated,96.73,3.199553937772062,1.6958645644922838,3.1311267458230323,3.127463647885137,2,1
compensated,96.74,3.199553937772062,1.6958645644922838,3.1311267458230323,3.132427543951721,2,1
compensated,96.75,3.199553937772062,1.6958645644922838,3.1311267458230323,3.132427543951721,2,1
compensated,96.76,3.199553937772062,1.6958645644922838,3.1311267458230323,3.13307147592392,2,1
compensated,96.77,3.199553937772062,1.6958645644922838,3.1311267458230323,3.13307147592392,2,1
compensated,96.78,3.199553937772062,1.6958645644922838,3.1311267458230323,3.129546249044388,2,1
compensated,96.79,3.199553937772062,1.6958645644922838,3.1311267458230323,3.129546249044388,2,1
compensated,96.8,3.199553937772062,1.6958645644922838,3.1311267458230323,3.1313185607765055,1,1
compensated,96.81,3.199553937772062,1.6958645644922838,3.1311267458230323,3.1313185607765055,1,1
compensated,96.82,3.199553937772062,1.6958645644922838,3.1311267458230323,3.1319948371546964,1,1
compensated,96.83,3.199553937772062,1.6958645644922838,3.1311267458230323,3.1319948371546964,1,1
compensated,96.84,3.199553937772062,1.6958645644922838,3.1311267458230323,3.1324115351922988,1,1
compensated,96.85,3.1995359221523545,1.6958621442353379,3.1311872668278347,3.1324115351922988,1,1
compensated,96.86,3.1994956900546763,1.6958555157309587,3.131332067405798,3.1311623860448954,1,1
compensated,96.87,3.199437585467213,1.6958462996926627,3.131538338103358,3.1311623860448954,1,1
compensated,96.88,3.1993571237635514,1.6958328902579212,3.1318288355151847,3.132043739584468,1,1
compensated,96.89,3.199258936402002,1.6958167696182702,3.13218022001538,3.132043739584468,1,1
compensated,96.9,3.199138254207506,1.6957965041860026,3.1326164220766772,3.130610524716368,1,1
compensated,96.91,3.1989999902153827,1.6957734021673097,3.1331129532411115,3.130610524716368,1,1
compensated,96.92,3.19883910013231,1.6957461710915207,3.133694877139999,3.1333284251617606,1,1
compensated,96.93,3.198660769251841,1.695715976412818,3.1343365971665818,3.1333284251617606,1,1
compensated,96.94,3.1984596875226114,1.6956816355705286,3.135064269506043,3.1313931563616872,1,1
compensated,96.95,3.1982413032549664,1.695644202437328,3.135851229924469,3.1313931563616872,1,1
compensated,96.96,3.1980000499592567,1.6956025733909552,3.1367246867911796,3.13745821467233,1,1
compensated,96.97,3.1977416297773704,1.6955577214632702,3.13765694844739,3.13745821467233,1,1
compensated,96.98,3.1974602290736653,1.6955085916682944,3.1386762355000624,3.137162263779338,1,1
compensated,96.99,3.1971617946857,1.6954561060320228,3.139753868540933,3.137162263779338,1,1
compensated,97.0,3.19684027509843,1.6953992290661524,3.140919041107149,3.138891801909736,1,1
compensated,97.01,3.1965018527598827,1.6953388602332689,-3.1410431822038376,3.138891801909736,1,1
compensated,97.02,3.196140247512917,1.6952739560280192,-3.1397320590309583,-3.139084316199526,1,1
compensated,97.03,3.1957618683855005,1.6952054199819702,-3.1383634355820345,-3.139084316199526,1,1
compensated,97.04,3.195360215782221,1.695132175046688,-3.1369062868523034,-3.1385883536849613,1,1
compensated,97.05,3.1949419163383608,1.6950551533400533,-3.1353920257272443,-3.1385883536849613,1,1
compensated,97.06,3.1945002601878496,1.6949732209763009,-3.1337887665481285,-3.1374047717741567,1,1
compensated,97.07,3.1940420826599025,1.6948873608810644,-3.13212876025443,-3.1374047717741567,1,1
compensated,97.08,3.193560472748595,1.6947963613905968,-3.1303792957116077,-3.1319743861856595,1,1
compensated,97.09,3.193062465622132,1.6947012760977171,-3.128573427289569,-3.1319743861856595,1,1
compensated,97.1,3.1925409582297832,1.694600796989898,-3.12667765237093,-3.128705738876871,1,1
compensated,97.11,3.1920031767796746,1.694496065853051,-3.1247257953072096,-3.128705738876871,1,1
compensated,97.12,3.1914418352383187,1.6943856620585365,-3.1226835948274565,-3.125138126343862,1,1
compensated,97.13,3.1908643421073615,1.6942708308772494,-3.1205856129581693,-3.125138126343862,1,1
compensated,97.14,3.190263237402224,1.694150024974677,-3.118396861482883,-3.1213128556378704,1,1
compensated,97.15,3.1896459245538367,1.6940249220622192,-3.116157128585848,-3.1213128556378704,1,1
compensated,97.16,3.1890048457920854,1.6938952698371843,-3.113873728774739,-3.111014449069041,1,1
compensated,97.17,3.1883472081330204,1.6937630735322182,-3.1115936088366403,-3.111014449069041,1,1
compensated,97.18,3.187666518573806,1.6936258753629383,-3.109308155900319,-3.110245647001276,1,1
compensated,97.19,3.1869694126821444,1.693485614705841,-3.1070261183000194,-3.110245647001276,1,1
compensated,97.2,3.186249202568466,1.6933401390098861,-3.1047388241975225,-3.1073801845554723,1,1
compensated,97.21,3.1855126636785993,1.693191438260677,-3.102454872634696,-3.1073801845554723,1,1
compensated,97.22,3.1847529688217326,1.6930373269204644,-3.100165732276838,-3.1033417358857367,1,1
compensated,97.23,3.183977032309688,1.692879828918928,-3.0978798616542895,-3.1033417358857367,1,1
compensated,97.24,3.1831778908282393,1.692716724886946,-3.095588869193165,-3.095673531568207,1,1
compensated,97.25,3.182378576816034,1.6925514774656707,-3.0932961523621008,-3.095673531568207,1,1
compensated,97.26,3.1815795059089162,1.692384416082544,-3.0910030437071527,-3.093505329972338,1,1
compensated,97.27,3.180780681360142,1.6922155490307105,-3.088709540049263,-3.093505329972338,1,1
compensated,97.28,3.179982107072517,1.692044878250353,-3.086415640581668,-3.090139901905168,1,1
compensated,97.29,3.179183786997938,1.6918724052711764,-3.0841213447046356,-3.090139901905168,1,1
compensated,97.3,3.1783857250844774,1.6916981316032416,-3.081826651833926,-3.085778403409973,1,1
compensated,97.31,3.177587925272684,1.6915220587630888,-3.079531561387841,-3.085778403409973,1,1
compensated,97.32,3.1767903914954334,1.6913441882754958,-3.0772360727867425,-3.0768284502336645,1,1
compensated,97.33,3.175993127677799,1.6911645216735212,-3.074940185452635,-3.0768284502336645,1,1
compensated,97.34,3.175196137736966,1.6909830604984541,-3.07264389880895,-3.0738064197690913,1,1
compensated,97.35,3.174399425582387,1.6907998062998424,-3.0703472122812046,-3.0738064197690913,1,1
compensated,97.36,3.1736029951156626,1.6906147606354271,-3.0680501252966015,-3.071444732671319,1,1
compensated,97.37,3.1728068502305016,1.6904279250710659,-3.0657526372840262,-3.071444732671319,1,1
compensated,97.38,3.1720109948127138,1.6902393011807337,-3.0634547476739216,-3.0700183000232086,1,1
compensated,97.39,3.171215432740313,1.690048890546524,-3.0611564558989737,-3.0700183000232086,1,1
compensated,97.4,3.1704201678833024,1.6898566947585225,-3.0588577613932015,-3.0613502849624044,1,1
compensated,97.41,3.1696252041036974,1.6896627154147883,-3.0565586635921758,-3.0613502849624044,1,1
compensated,97.42,3.1688305452557417,1.6894669541214313,-3.0542591619339414,-3.056840442389516,1,1
compensated,97.43,3.168035360265029,1.6892720000081678,-3.052008340698252,-3.056840442389516,1,1
compensated,97.44,3.1672411877614217,1.6890749825032678,-3.04979024699553,-3.053403474471064,1,1
compensated,97.45,3.1664464251200473,1.6888787403099137,-3.0476256111166107,-3.053403474471064,1,1
compensated,97.46,3.165652718833241,1.6886808875667065,-3.0455096172486478,-3.051216354459383,1,1
compensated,97.47,3.1648586298793813,1.6884833733523188,-3.0434431953760757,-3.051216354459383,1,1
compensated,97.48,3.16406550099315,1.6882839377352468,-3.0414107649473348,-3.0425106653922716,1,1
compensated,97.49,3.1632721195597036,1.6880846282889594,-3.039419587627207,-3.0425106653922716,1,1
compensated,97.5,3.162479536703609,1.6878833024786213,-3.0374486533602627,-3.038952848438467,1,1
compensated,97.51,3.161687059211454,1.6876810300017702,-3.0354941861568365,-3.038952848438467,1,1
compensated,97.52,3.160895042195606,1.6874769677972343,-3.0335432614170066,-3.033963353858855,1,1
compensated,97.53,3.160102516496258,1.687273907045135,-3.03164168967378,-3.033963353858855,1,1
compensated,97.54,3.159310892378891,1.687069110500212,-3.029774552886351,-3.0330209846839775,1,1
compensated,97.55,3.1585186771076685,1.6868653888644243,-3.0279621162196455,-3.0330209846839775,1,1
compensated,97.56,3.1577273727548776,1.686660561030028,-3.026205530777295,-3.0308343273188747,1,1
compensated,97.57,3.1569361226248867,1.6864550734001453,-3.024477586805405,-3.0308343273188747,1,1
compensated,97.58,3.156145429424679,1.6862478193850985,-3.0227586038792738,-3.023442663717783,1,1
compensated,97.59,3.155354497203948,1.6860421804606218,-3.021096710315804,-3.023442663717783,1,1
compensated,97.6,3.1545644938414177,1.6858368170044085,-3.0195235224975074,-3.0212890591445825,1,1
compensated,97.61,3.153774982186367,1.6856321821158162,-3.0180115691819025,-3.0212890591445825,1,1
compensated,97.62,3.1529864606114852,1.685427823949677,-3.0165888123658484,-3.0170918164457174,1,1
compensated,97.63,3.152198433667114,1.6852243094994677,-3.015227246848185,-3.0170918164457174,1,1
compensated,97.64,3.151411336983585,1.6850211149463925,-3.0139533590056,-3.016245142592945,1,1
compensated,97.65,3.15062473415979,1.68481874765245,-3.012738095164476,-3.016245142592945,1,1
compensated,97.66,3.149838836797524,1.6846153658713356,-3.0115715439719626,-3.0123587354186343,1,1
compensated,97.67,3.149053281827779,1.6844121474372051,-3.0104374111970618,-3.0123587354186343,1,1
compensated,97.68,3.148268075579556,1.6842076088050575,-3.0093134035329823,-3.01209762952327,1,1
compensated,97.69,3.147483204231648,1.6840049232133247,-3.008245157969076,-3.01209762952327,1,1
compensated,97.7,3.1466989478003846,1.6838012886094664,-3.007221583510851,-3.005351551841549,1,1
compensated,97.71,3.1459149947845613,1.6835976881408332,-3.006224163042123,-3.005351551841549,1,1
compensated,97.72,3.1451313148721525,1.6833929536539634,-3.0052336969916915,-3.0059533401786935,1,1
compensated,97.73,3.144347985496006,1.6831903830278943,-3.0043020035788848,-3.0059533401786935,1,1
compensated,97.74,3.143565431572528,1.6829885644589397,-3.003459682703402,-3.0039447954966167,1,1
compensated,97.75,3.1427833846865054,1.6827880527940509,-3.00267835386323,-3.0039447954966167,1,1
compensated,97.76,3.1420020390104453,1.6825878421886216,-3.001976835193328,-3.0011603377075153,1,1
compensated,97.77,3.1412210142518915,1.682387591232598,-3.0013228864827646,-3.0011603377075153,1,1
compensated,97.78,3.140440318386451,1.6821860184188957,-3.000692563579873,-3.0013558171640367,1,1
compensated,97.79,3.139659249164729,1.6819849848030284,-3.0001169640727117,-3.0013558171640367,1,1
compensated,97.8,3.138878346649112,1.6817824579459613,-2.9995751857615787,-3.0003955333577568,1,1
compensated,97.81,3.138097356359311,1.6815798416294254,-2.999057741138883,-3.0003955333577568,1,1
compensated,97.82,3.137316506779925,1.681376453746906,-2.998545799191566,-3.000099655841104,1,1
compensated,97.83,3.1365353849751,1.6811734811301906,-2.998077944220417,-3.000099655841104,1,1
compensated,97.84,3.13575440973489,1.6809694079360937,-2.997628719571381,-2.995827285870982,1,1
compensated,97.85,3.134973271852001,1.6807655179295866,-2.9972108580727057,-2.995827285870982,1,1
compensated,97.86,3.1341922599213836,1.6805608259223812,-2.996802046949051,-3.00262336826833,1,1
compensated,97.87,3.1334107907718765,1.6803572640179105,-2.9964548308078887,-3.00262336826833,1,1
compensated,97.88,3.132629318807446,1.6801524592679242,-2.9961654492032985,-2.9962582231542707,1,1
compensated,97.89,3.1318484086716087,1.6799459461798874,-2.9958183007949093,-2.9962582231542707,1,1
compensated,97.9,3.131067563545611,1.6797401260983524,-2.9954290291133625,-2.9962498666780397,1,1
compensated,97.91,3.1302862294861784,1.6795356196599962,-2.9951024018253385,-2.9962498666780397,1,1
compensated,97.92,3.1295046508669926,1.679330401653309,-2.9948699607151266,-2.9945884792179567,1,1
compensated,97.93,3.128723736876679,1.6791228554157602,-2.994576950357865,-2.9945884792179567,1,1
compensated,97.94,3.1279431108488542,1.6789157543296211,-2.9942012969426606,-2.991390697566546,1,1
compensated,97.95,3.12716211849414,1.6787096930906868,-2.993869684324083,-2.991390697566546,1,1
compensated,97.96,3.12638123147736,1.6785026782422638,-2.993557457033216,-2.9916456616593705,1,1
compensated,97.97,3.125599947997555,1.6782966804329682,-2.9933016670212362,-2.9916456616593705,1,1
compensated,97.98,3.12481870336068,1.67808961435869,-2.9930839298898197,-2.9941770413695927,1,1
compensated,97.99,3.1240373545464575,1.6778827165968233,-2.992887726610505,-2.9941770413695927,1,1
compensated,98.0,3.123256068363,1.6776753799285287,-2.9926961627979836,-2.9953356347642495,1,1
compensated,98.01,3.122474490658867,1.6774688331124035,-2.992548693539883,-2.9953356347642495,1,1
compensated,98.02,3.1216929599795122,1.6772615559839585,-2.9924198190412987,-2.9933923290784468,1,1
compensated,98.03,3.120911396835121,1.6770543205634605,-2.992299404442349,-2.9933923290784468,1,1
compensated,98.04,3.120129865679206,1.6768468857376244,-2.992180303829034,-2.9958460101754802,1,1
compensated,98.05,3.1193480058577876,1.676640444007297,-2.9921093791103064,-2.9958460101754802,1,1
compensated,98.06,3.1185661576543557,1.676433301070106,-2.992061718925863,-2.9902920211127695,1,1
compensated,98.07,3.1177844131595007,1.676225830448785,-2.9920005137293284,-2.9902920211127695,1,1
compensated,98.08,3.117002665090941,1.67601848003908,-2.991937097261002,-2.993005561166283,1,1
compensated,98.09,3.1162205776562466,1.6758122206893533,-2.9919229320084475,-2.993005561166283,1,1
compensated,98.1,3.1154384790209817,1.6756053151421006,-2.991933259370631,-2.9908843228812376,1,1
compensated,98.11,3.114656505727682,1.6753980131691906,-2.9919251436019234,-2.9908843228812376,1,1
compensated,98.12,3.1138745197072675,1.675190929818689,-2.991913316049929,-2.9932690722821635,1,1
compensated,98.13,3.113092212721159,1.674984864636943,-2.991950777026126,-2.9932690722821635,1,1
compensated,98.14,3.1123098682657355,1.6747782684414139,-2.9920128025270833,-2.99241665733101,1,1
compensated,98.15,3.1115275955713253,1.6745714737499813,-2.9920614302601947,-2.99241665733101,1,1
compensated,98.16,3.1107453001032086,1.6743649018708313,-2.992107890205333,-2.9908077640630926,1,1
compensated,98.17,3.109962649975385,1.674159490926969,-2.992217027836108,-2.9908077640630926,1,1
compensated,98.18,3.1091797967529406,1.6739528277575624,-2.9924204180932925,-2.9909108041262398,1,1
compensated,98.19,3.1083966793535907,1.673746822274849,-2.992688688175081,-2.9909108041262398,1,1
compensated,98.2,3.1076133308192837,1.6735396419743445,-2.993051202269373,-2.994024098958757,1,1
compensated,98.21,3.1068297278367787,1.6733331682635932,-2.9934751009758735,-2.994024098958757,1,1
compensated,98.22,3.106046000365667,1.6731256168513038,-2.9939451456000308,-2.989843219423258,1,1
compensated,98.23,3.105262279957234,1.6729180528375371,-2.994395476523863,-2.989843219423258,1,1
compensated,98.24,3.1044784712745237,1.672711172752971,-2.9948416625353054,-2.993242420499173,1,1
compensated,98.25,3.10369445008695,1.6725051421980672,-2.9953223649910248,-2.993242420499173,1,1
compensated,98.26,3.1029103514686542,1.6722988445504952,-2.9958138299047663,-2.9966532736962153,1,1
compensated,98.27,3.1021262642439598,1.672092567558069,-2.996279961559146,-2.9966532736962153,1,1
compensated,98.28,3.101342087697267,1.6718870908414114,-2.99674003845502,-2.9960263684514152,1,1
compensated,98.29,3.100557929227187,1.671681629389731,-2.9971744703544436,-2.9960263684514152,1,1
compensated,98.3,3.099773685508306,1.6714769544854864,-2.9976026949655377,-2.9977258935074995,1,1
compensated,98.31,3.0989892265428978,1.6712731428831342,-2.9980670098782416,-2.9977258935074995,1,1
compensated,98.32,3.0982046925132263,1.6710690092536726,-2.998543300840405,-2.9975544128878284,1,1
compensated,98.33,3.097420177028525,1.6708648731754125,-2.998993424953467,-2.9975544128878284,1,1
compensated,98.34,3.096635576281721,1.67066154528308,-2.9994370730038025,-2.998028101271005,1,1
compensated,98.35,3.095850784410905,1.6704589885514625,-2.9999107056792265,-2.998028101271005,1,1
compensated,98.36,3.0950659172623216,1.6702562559826697,-3.0003927341395555,-2.9995560521014126,1,1
compensated,98.37,3.0942808899415657,1.670054179273026,-3.000896075266282,-2.9995560521014126,1,1
compensated,98.38,3.0934957817065447,1.669852129600782,-3.0014040206585957,-2.9997053303578523,1,1
compensated,98.39,3.0927105737243794,1.6696505173815555,-3.001915709110005,-2.9997053303578523,1,1
compensated,98.4,3.0919252797881653,1.6694492404183612,-3.0024279797573414,-3.0039331652170893,1,1
compensated,98.41,3.0911398067771843,1.669248726654268,-3.0029658800736287,-3.0039331652170893,1,1
compensated,98.42,3.090354243874298,1.669048188759713,-3.003509976453848,-3.0032199566797755,1,1
compensated,98.43,3.089568679867342,1.6688477028990183,-3.0040287272063133,-3.0032199566797755,1,1
compensated,98.44,3.0887830274511767,1.6686480522438434,-3.004541418949583,-3.0032304682726783,1,1
compensated,98.45,3.0879971566389433,1.6684493778146579,-3.005090858712126,-3.0032304682726783,1,1
compensated,98.46,3.0872111837238663,1.6682504527302062,-3.0056527775968767,-3.0070514074640142,1,1
compensated,98.47,3.0864250231606905,1.6680523684141713,-3.006242336468132,-3.0070514074640142,1,1
compensated,98.48,3.0856387584549214,1.6678542672151313,-3.0068390975842405,-3.006036558757743,1,1
compensated,98.49,3.084852502852435,1.6676561320040526,-3.0074042881135723,-3.006036558757743,1,1
compensated,98.5,3.0840661626261534,1.6674589882067388,-3.0079602843734663,-3.008796391645958,1,1
compensated,98.51,3.0832795285209404,1.6672636833608037,-3.008578904445554,-3.008796391645958,1,1
compensated,98.52,3.0824923208176864,1.667067941366834,-3.0092925449741226,-3.009270376232075,1,1
compensated,98.53,3.0817047836712126,1.6668728722710706,-3.010050942214109,-3.009270376232075,1,1
compensated,98.54,3.0809167850794372,1.6666776138107948,-3.010828504502289,-3.008441842686923,1,1
compensated,98.55,3.0801287525809338,1.6664833881938006,-3.011630873557341,-3.008441842686923,1,1
compensated,98.56,3.0793405720206386,1.666289387593621,-3.012440800785444,-3.011633701937355,1,1
compensated,98.57,3.0785524529903534,1.6660966941476971,-3.0132924906215863,-3.011633701937355,1,1
compensated,98.58,3.0777642417234983,1.6659031395224335,-3.014163990169347,-3.0137640363690594,1,1
compensated,98.59,3.076975670542284,1.6657083967390578,-3.0149715775857198,-3.0137640363690594,1,1
compensated,98.6,3.07618721556653,1.6655164507575253,-3.0156990753353576,-3.0186134065443437,1,1
compensated,98.61,3.0753987765100756,1.665325461056544,-3.0164194716393244,-3.0186134065443437,1,1
compensated,98.62,3.0746102840307565,1.6651351330222872,-3.017138638901529,-3.0129455017674993,1,1
compensated,98.63,3.073821787733064,1.6649445695079366,-3.017814679051571,-3.0129455017674993,1,1
compensated,98.64,3.073033466676378,1.66475534733616,-3.0184718747051127,-3.018232284156426,1,1
compensated,98.65,3.0722448772668547,1.664568119981944,-3.0191916628346327,-3.018232284156426,1,1
compensated,98.66,3.071455767082111,1.664380638319964,-3.020003353995845,-3.017983551119437,1,1
compensated,98.67,3.0706664988023125,1.6641930985710465,-3.020817380395126,-3.017983551119437,1,1
compensated,98.68,3.069877128566156,1.6640061806785011,-3.0216312880701026,-3.0196356496669123,1,1
compensated,98.69,3.069087793766605,1.663820395128621,-3.0224787153820927,-3.0196356496669123,1,1
compensated,98.7,3.068298361714241,1.6636340436273296,-3.023339049689383,-3.021769270515446,1,1
compensated,98.71,3.0675088385647715,1.6634482962934396,-3.024202385579429,-3.021769270515446,1,1
compensated,98.72,3.0667192079838808,1.6632631111437033,-3.025066363854882,-3.0259771427795465,1,1
compensated,98.73,3.0659294471189793,1.6630784983976994,-3.0259242616687447,-3.0259771427795465,1,1
compensated,98.74,3.0651395799072927,1.6628947548095803,-3.0267807193898384,-3.023672443512701,1,1
compensated,98.75,3.0643497644912427,1.6627123922393567,-3.0276750834901622,-3.023672443512701,1,1
compensated,98.76,3.0635598483376727,1.6625291980689734,-3.028585676625699,-3.0298414702480705,1,1
compensated,98.77,3.062770098711936,1.6623478569664454,-3.0295514204885396,-3.0298414702480705,1,1
compensated,98.78,3.061980243488615,1.662164722129477,-3.0305562358264346,-3.0268922055054253,1,1
compensated,98.79,3.0611900056308077,1.6619806535241044,-3.0315060206217592,-3.0268922055054253,1,1
compensated,98.8,3.0603996436309266,1.6617998714567945,-3.0324157761877473,-3.032838081395438,1,1
compensated,98.81,3.059609462937839,1.6616216652570912,-3.0333838370696027,-3.032838081395438,1,1
compensated,98.82,3.058819179156479,1.6614414249409784,-3.034400947050851,-3.0313042041632245,1,1
compensated,98.83,3.0580284964288524,1.661260047413379,-3.035361824603537,-3.0313042041632245,1,1
compensated,98.84,3.0572377016211942,1.6610820589048738,-3.036279749532129,-3.036097632244707,1,1
compensated,98.85,3.056447021225306,1.660906267671442,-3.037245478907962,-3.036097632244707,1,1
compensated,98.86,3.0556562121994046,1.660729125685346,-3.0382387840046845,-3.036357199296171,1,1
compensated,98.87,3.054865083317058,1.6605516034968033,-3.0391883261843957,-3.036357199296171,1,1
compensated,98.88,3.05407386645211,1.6603766625335867,-3.040115908804374,-3.038306817641746,1,1
compensated,98.89,3.0532826579689183,1.6602030866499422,-3.0410698678475208,-3.038306817641746,1,1
compensated,98.9,3.052491321053044,1.6600292571388726,-3.042032359385775,-3.0402048112535778,1,1
compensated,98.91,3.051699867175694,1.659856065088307,-3.042992616354219,-3.0402048112535778,1,1
compensated,98.92,3.050908307294899,1.6596836939546153,-3.04395229907076,-3.040510278637759,1,1
compensated,98.93,3.050116293042264,1.6595103322422302,-3.0448477061904735,-3.040510278637759,1,1
compensated,98.94,3.0493240143054403,1.6593404705246702,-3.0456330495705055,-3.0465701563426526,1,1
compensated,98.95,3.048531615829433,1.6591727151795823,-3.0463955909209988,-3.0465701563426526,1,1
compensated,98.96,3.0477391692343287,1.6590058615833516,-3.0471535473490547,-3.0455534143827627,1,1
compensated,98.97,3.0469464564110025,1.658838416013516,-3.0478562027789664,-3.0455534143827627,1,1
compensated,98.98,3.0461536903653648,1.6586725985172175,-3.048522537207811,-3.0500494143940515,1,1
compensated,98.99,3.0453607393824544,1.658508023445139,-3.0492262997556074,-3.0500494143940515,1,1
compensated,99.0,3.044567635706759,1.658343352755338,-3.0499430985249187,-3.0496586491555973,1,1
compensated,99.01,3.0437746028454535,1.6581797439210957,-3.0506885103775123,-3.0496586491555973,1,1
compensated,99.02,3.0429816344934237,1.6580162737332464,-3.0514420632747563,-3.053697299346664,1,1
compensated,99.03,3.042188646224656,1.657853996540071,-3.052228498857529,-3.053697299346664,1,1
compensated,99.04,3.041395635092937,1.6576917352426122,-3.053026367056332,-3.0522089173334632,1,1
compensated,99.05,3.04060236762008,1.6575292358641764,-3.0537862511088085,-3.0522089173334632,1,1
compensated,99.06,3.0398089388795606,1.6573681530913869,-3.054530544623652,-3.05617732828063,1,1
compensated,99.07,3.039015571395378,1.6572085802209167,-3.055320440420083,-3.05617732828063,1,1
compensated,99.08,3.0382222833733095,1.6570485580234522,-3.0561322877826864,-3.0557165721075856,1,1
compensated,99.09,3.037428611782212,1.656887363791403,-3.056880344636325,-3.0557165721075856,1,1
compensated,99.1,3.0366346419875914,1.656728355236809,-3.0575532767615217,-3.056040313842598,1,1
compensated,99.11,3.035840505127049,1.6565707150875262,-3.058255879762627,-3.056040313842598,1,1
compensated,99.12,3.035046234652191,1.6564131314718655,-3.0589668717750405,-3.0557100693378114,1,1
compensated,99.13,3.0342520114964966,1.6562564438500194,-3.059697897180023,-3.0557100693378114,1,1
compensated,99.14,3.03345780454306,1.6561000269556885,-3.0604335331241375,-3.0573401155096236,1,1
compensated,99.15,3.0326636956828397,1.6559447199415758,-3.061198563689532,-3.0573401155096236,1,1
compensated,99.16,3.031869711980513,1.6557895583820321,-3.061972425406856,-3.0607543013746334,1,1
compensated,99.17,3.0310756861059973,1.6556351378267844,-3.062754555405161,-3.0607543013746334,1,1
compensated,99.18,3.03028161061351,1.6554812123943718,-3.063538285722881,-3.0634474038495334,1,1
compensated,99.19,3.0294871977042193,1.6553272405750044,-3.064290901562631,-3.0634474038495334,1,1
compensated,99.2,3.028692547140986,1.6551744368805164,-3.0650330737338685,-3.0669532081876074,1,1
compensated,99.21,3.0278976783612332,1.6550218569326824,-3.0657536834834396,-3.0669532081876074,1,1
compensated,99.22,3.0271025908770306,1.6548701760633182,-3.066469036828052,-3.0669704925657015,1,1
compensated,99.23,3.02630743790289,1.6547185124337243,-3.067152341551847,-3.0669704925657015,1,1
compensated,99.24,3.02551217311879,1.6545679205003432,-3.0678259043035885,-3.066007386377359,1,1
compensated,99.25,3.0247169239221807,1.6544193942378649,-3.0685629326839465,-3.066007386377359,1,1
compensated,99.26,3.0239224158796714,1.65427045572966,-3.0694027667707373,-3.06754619339405,1,1
compensated,99.27,3.023128112905284,1.6541217299158375,-3.070293883055315,-3.06754619339405,1,1
compensated,99.28,3.0223336651127113,1.6539716289958624,-3.07121058992055,-3.072874065007992,1,1
compensated,99.29,3.0215391386914527,1.653822019925043,-3.072128240540748,-3.072874065007992,1,1
compensated,99.3,3.0207445285513783,1.6536730963768487,-3.0730460154970403,-3.070963753024384,1,1
compensated,99.31,3.0199495643005525,1.6535237937854927,-3.073912110269074,-3.070963753024384,1,1
compensated,99.32,3.0191545980159735,1.6533774749620127,-3.0747459349402706,-3.0718239118299113,1,1
compensated,99.33,3.0183596055520177,1.6532322577242233,-3.0755898781606716,-3.0718239118299113,1,1
compensated,99.34,3.0175645240199827,1.653087352503024,-3.076436196537587,-3.0743358317615503,1,1
compensated,99.35,3.01676941934768,1.65294324371699,-3.0772932703608036,-3.0743358317615503,1,1
compensated,99.36,3.0159742238017815,1.6527994370047379,-3.07815279067848,-3.077407929803442,1,1
compensated,99.37,3.0151788701061966,1.6526560041848923,-3.0789936728284695,-3.077407929803442,1,1
compensated,99.38,3.014383478205964,1.6525138959433257,-3.0798293587740346,-3.076700519185298,1,1
compensated,99.39,3.0135878660071107,1.6523720579471266,-3.0806376901274963,-3.076700519185298,1,1
compensated,99.4,3.012792134783314,1.6522318739412105,-3.081437467433096,-3.0779992792802937,1,1
compensated,99.41,3.011996462963496,1.6520929441663708,-3.0822715099896048,-3.0779992792802937,1,1
compensated,99.42,3.011200828203447,1.6519533632547214,-3.0831178378552,-3.0849469718934097,1,1
compensated,99.43,3.010405036715802,1.651814059521958,-3.083945034864228,-3.0849469718934097,1,1
compensated,99.44,3.0096092147090934,1.6516760899617229,-3.084766804970815,-3.082135433686031,1,1
compensated,99.45,3.0088128919163495,1.6515373157600681,-3.0855273536308574,-3.082135433686031,1,1
compensated,99.46,3.008015716531111,1.6514010574079774,-3.086231090222996,-3.088285002892891,1,1
compensated,99.47,3.0072187487707414,1.6512667216769576,-3.08698892815957,-3.088285002892891,1,1
compensated,99.48,3.006422304007632,1.6511319018133095,-3.087780739930984,-3.088614907289723,1,1
compensated,99.49,3.0056254874842616,1.6509961459847926,-3.0885143642080246,-3.088614907289723,1,1
compensated,99.5,3.004827885778409,1.6508623472460988,-3.0892048380077033,-3.0907742490291032,1,1
compensated,99.51,3.004030195971158,1.6507288753631852,-3.089874735921437,-3.0907742490291032,1,1
compensated,99.52,3.0032324130940706,1.6505962589743328,-3.09054005247615,-3.0904691383457505,1,1
compensated,99.53,3.0024345921682265,1.650463949835115,-3.0911905735786536,-3.0904691383457505,1,1
compensated,99.54,3.00163672622188,1.6503323866529835,-3.091838479599369,-3.088041549707749,1,1
compensated,99.55,3.0008387470340185,1.6502017416980295,-3.092511515606627,-3.088041549707749,1,1
compensated,99.56,3.0000406562508877,1.6500712230494021,-3.093190503490305,-3.0885646958133313,1,1
compensated,99.57,2.999242834085907,1.6499422703214022,-3.0939205826384595,-3.0885646958133313,1,1
compensated,99.58,2.9984454157547877,1.6498129877101473,-3.09467826755615,-3.0968711682130947,1,1
compensated,99.59,2.9976482838634713,1.6496858299254797,-3.09550045342926,-3.0968711682130947,1,1
compensated,99.6,2.9968519041737722,1.6495570266540505,-3.0964277261114743,-3.0974273553168916,1,1
compensated,99.61,2.996055252662022,1.6494266245837221,-3.097336133748408,-3.0974273553168916,1,1
compensated,99.62,2.9952586008110833,1.649297744190915,-3.0982372515930767,-3.0973951382726903,1,1
compensated,99.63,2.994461976602171,1.6491698923610854,-3.0991553146518838,-3.0973951382726903,1,1
compensated,99.64,2.9936652424482815,1.6490421588250688,-3.100077844597423,-3.098965342005132,1,1
compensated,99.65,2.9928685895562595,1.6489155431967937,-3.101026624578353,-3.098965342005132,1,1
compensated,99.66,2.992071794093399,1.6487886919360428,-3.1019837112416053,-3.103325915056023,1,1
compensated,99.67,2.991274487210971,1.6486608217448724,-3.102876817310788,-3.103325915056023,1,1
compensated,99.68,2.990476843798019,1.648536717495494,-3.103675777236051,-3.102318428927134,1,1
compensated,99.69,2.9896787529108053,1.6484138938234927,-3.1044283910979957,-3.102318428927134,1,1
compensated,99.7,2.988880220565707,1.6482928522088232,-3.1051612583831476,-3.1050737081551296,1,1
compensated,99.71,2.9880818685141217,1.6481731017154349,-3.1059305058523523,-3.1050737081551296,1,1
compensated,99.72,2.987283715859438,1.6480533251757792,-3.106712692664632,-3.1053422567552205,1,1
compensated,99.73,2.9864853380526366,1.6479336562901448,-3.1074704721033113,-3.1053422567552205,1,1
compensated,99.74,2.985686756535383,1.6478150824310145,-3.1082220079524605,-3.1084068557375133,1,1
compensated,99.75,2.9848878130832155,1.647695696542138,-3.1089117163438975,-3.1084068557375133,1,1
compensated,99.76,2.9840883043419604,1.6475780685557047,-3.109546402459601,-3.1071848238799156,1,1
compensated,99.77,2.983288791128031,1.647460632337105,-3.110151316336502,-3.1071848238799156,1,1
compensated,99.78,2.9824892890128316,1.6473441821750503,-3.110748002614898,-3.108958538090817,1,1
compensated,99.79,2.9816896771842147,1.6472287984399432,-3.1113798952023837,-3.108958538090817,1,1
compensated,99.8,2.9808899279255754,1.6471133039360584,-3.112023106506582,-3.111143672307773,1,1
compensated,99.81,2.9800901428854343,1.6469981473388424,-3.1126551994301694,-3.111143672307773,1,1
compensated,99.82,2.9792903233670835,1.6468836654637484,-3.113285549173925,-3.112641271910369,1,1
compensated,99.83,2.978490440233009,1.6467697742720189,-3.1139217776322647,-3.112641271910369,1,1
compensated,99.84,2.9776904932713277,1.6466562996950276,-3.114558911612044,-3.1143347637355365,1,1
compensated,99.85,2.97689050382462,1.6465432396829822,-3.115189731137125,-3.1143347637355365,1,1
compensated,99.86,2.9760904730896316,1.6464307797836504,-3.1158195568288662,-3.112956483016205,1,1
compensated,99.87,2.975290406869161,1.6463186829258774,-3.1164397824509336,-3.112956483016205,1,1
compensated,99.88,2.9744903067008432,1.6462072288192788,-3.1170585029137396,-3.1177025180411686,1,1
compensated,99.89,2.973690171217836,1.6460969091792224,-3.1177143610555236,-3.1177025180411686,1,1
compensated,99.9,2.972890014552888,1.6459864669575397,-3.118383419845302,-3.1175356626618766,1,1
compensated,99.91,2.972089790644499,1.6458756279962996,-3.1190038447089408,-3.1175356626618766,1,1
compensated,99.92,2.9712895513836197,1.645766212338978,-3.119600103675465,-3.1215430063973484,1,1
compensated,99.93,2.9704892966505962,1.64565871547401,-3.1202584366681645,-3.1215430063973484,1,1
compensated,99.94,2.969689501113616,1.6455505965858594,-3.1209837625182044,-3.1201378010743492,1,1
compensated,99.95,2.9688894319702777,1.6454419979088912,-3.1216677983214205,-3.1201378010743492,1,1
compensated,99.96,2.968088991644864,1.645334674940643,-3.1223343668398162,-3.12083475491786,1,1
compensated,99.97,2.967288762813571,1.6452286298046535,-3.1230405222089628,-3.12083475491786,1,1
compensated,99.98,2.966488786110735,1.645122466164178,-3.1237623398619876,-3.1220902059866638,1,1
compensated,99.99,2.965688828739833,1.6450170020213148,-3.1244930207206254,-3.1220902059866638,1,1
compensated,100.0,2.964888867676592,1.6449119885602477,-3.1252253645587262,-3.1274316193457095,1,1
compensated,100.01,2.9640885440411067,1.6448060323689042,-3.125893559950377,-3.1274316193457095,1,1
compensated,100.02,2.963287814575735,1.6447015174270494,-3.126464048284652,-3.1237915720605036,1,1
compensated,100.03,2.9624871554227497,1.64459675725612,-3.126969920613653,-3.1237915720605036,1,1
compensated,100.04,2.9616868639933553,1.644493512021974,-3.1273821008259444,-3.126180515573248,1,1
compensated,100.05,2.9608865765863914,1.6443912723154832,-3.1277926659835567,-3.126180515573248,1,1
compensated,100.06,2.9600862585674963,1.6442893547333088,-3.1282033124063435,-3.1273723513861063,1,1
compensated,100.07,2.9592859684284827,1.6441874321901861,-3.1285887729883055,-3.1273723513861063,1,1
compensated,100.08,2.958485696685212,1.644086264195332,-3.128968243225839,-3.125815214574931,1,1
compensated,100.09,2.9576853103031735,1.6439867124413758,-3.129410125609722,-3.125815214574931,1,1
compensated,100.1,2.956884509221753,1.6438863988263441,-3.129945683476864,-3.1263109592325655,1,1
compensated,100.11,2.956083562909708,1.6437867782671047,-3.1305337330772605,-3.1263109592325655,1,1
compensated,100.12,2.955282400423599,1.643686628578703,-3.13114824851624,-3.1306818337120323,1,1
compensated,100.13,2.9544811808191316,1.64358705689047,-3.131771338900572,-3.1306818337120323,1,1
compensated,100.14,2.9536799006094565,1.6434878516799574,-3.132395749793171,-3.1347931400578712,1,1
compensated,100.15,2.9528786361201877,1.6433883235148594,-3.1329742298255217,-3.1347931400578712,1,1
compensated,100.16,2.9520774787217383,1.6432901347949012,-3.133531804004845,-3.13485983487523,1,1
compensated,100.17,2.951276235652983,1.6431929422613591,-3.1341222358435425,-3.13485983487523,1,1
compensated,100.18,2.950474867821395,1.6430956492701567,-3.1347225103900507,-3.1308981967985314,1,1
compensated,100.19,2.949673434880488,1.6429990760140838,-3.1353394055406762,-3.1308981967985314,1,1
compensated,100.2,2.94887192435385,1.642902732539292,-3.1359594496624275,-3.139138128371356,1,1
compensated,100.21,2.9480706337993245,1.6428081517130433,-3.1366385540144206,-3.139138128371356,1,1
compensated,100.22,2.9472698874730843,1.642712961318613,-3.1373639256503414,-3.1349055436114055,1,1
compensated,100.23,2.9464687826224774,1.6426167144411405,-3.138025338141792,-3.1349055436114055,1,1
compensated,100.24,2.9456672001762474,1.6425221165472066,-3.1386038184791354,-3.1378469911975304,1,1
compensated,100.25,2.9448655744522356,1.6424291911629672,-3.139225004019613,-3.1378469911975304,1,1
compensated,100.26,2.9440638440101266,1.6423359695532849,-3.1398643782120836,-3.138780424272176,1,1
compensated,100.27,2.9432620851977056,1.6422427468815037,-3.140473669347173,-3.138780424272176,1,1
compensated,100.28,2.9424603016407618,1.6421505251548185,-3.1410742102342684,-3.1404706094885393,1,1
compensated,100.29,2.94165847945101,1.642058806340549,3.141509634109851,-3.1404706094885393,1,1
compensated,100.3,2.9408566180272553,1.6419675552736066,3.140908036984591,-3.1398065029802136,1,1
compensated,100.31,2.940054737156734,1.6418766133180493,3.1403185271281613,-3.1398065029802136,1,1
compensated,100.32,2.939252846009884,1.6417863315811234,3.139730908688579,-3.1410517701858054,1,1
compensated,100.33,2.9384509300585493,1.6416964198682487,3.139150533296326,-3.1410517701858054,1,1
compensated,100.34,2.9376489946004827,1.6416070863086762,3.13857129481559,3.141296283164758,1,1
compensated,100.35,2.93684703293441,1.6415181400687153,3.1379976024062066,3.141296283164758,1,1
compensated,100.36,2.9360450491222343,1.641429740471885,3.137424782612149,3.138430847354516,1,1
compensated,100.37,2.935243029835793,1.6413418195204348,3.1368506774982103,3.138430847354516,1,1
compensated,100.38,2.934440974407986,1.6412543390140593,3.136276381462043,3.1331026412362393,1,1
compensated,100.39,2.933638926943018,1.6411668504461003,3.135732338645958,3.1331026412362393,1,1
compensated,100.4,2.9328369297028183,1.6410803236052665,3.135196832026418,3.135523994260348,1,1
compensated,100.41,2.932034966008435,1.6409932248311856,3.134715587300366,3.135523994260348,1,1
compensated,100.42,2.9312331953693445,1.640907680623983,3.1342676231932516,3.1304684767009796,1,1
compensated,100.43,2.930431362267572,1.6408239018442599,3.133757325461393,3.1304684767009796,1,1
compensated,100.44,2.929629119251807,1.6407392857014196,3.133170744601651,3.130933264623806,1,1
compensated,100.45,2.928826865441409,1.6406537796086438,3.1326354770236327,3.130933264623806,1,1
compensated,100.46,2.928024788814696,1.6405697615025148,3.132129306217067,3.133307697660257,1,1
compensated,100.47,2.927222651580376,1.6404865233303227,3.1316004265284554,3.133307697660257,1,1
compensated,100.48,2.92642043116087,1.6404033286710207,3.131066515742891,3.1311380448718937,1,1
compensated,100.49,2.925618136511466,1.640321347934061,3.130487401696088,3.1311380448718937,1,1
compensated,100.5,2.924815651791466,1.640238971419981,3.1298882344783037,3.1306766871488296,1,1
compensated,100.51,2.9240131548692374,1.6401556634897236,3.1293514313833293,3.1306766871488296,1,1
compensated,100.52,2.923211064752276,1.640073838169471,3.1289082082890682,3.1312816255690388,1,1
compensated,100.53,2.922409070787761,1.6399924917851498,3.1285037648845804,3.1312816255690388,1,1
compensated,100.54,2.9216071588463572,1.6399121706094906,3.1281117406076615,3.1306434804494785,1,1
compensated,100.55,2.9208051863398454,1.6398324565664948,3.1276983838495234,3.1306434804494785,1,1
compensated,100.56,2.92000314568537,1.639752705544172,3.1272804196052597,3.129432057372174,1,1
compensated,100.57,2.919201081794819,1.6396733007055515,3.1268613127293197,3.129432057372174,1,1
compensated,100.58,2.918398994818838,1.6395942138954624,3.1264420331560174,3.1254254756811983,1,1
compensated,100.59,2.917596849074479,1.6395167950823915,3.125960391219081,3.1254254756811983,1,1
compensated,100.6,2.916794278217516,1.6394385823805047,3.12539469523778,3.124235178468819,1,1
compensated,100.61,2.9159916828641,1.6393595778701848,3.1248718493745264,3.124235178468819,1,1
compensated,100.62,2.915189213776056,1.6392818259695987,3.124367285419625,3.1261864774844863,1,1
compensated,100.63,2.9143867304686744,1.6392044239980872,3.1238685075431722,3.1261864774844863,1,1
compensated,100.64,2.913584236145642,1.6391275149370728,3.123370635699165,3.1251325228531197,1,1
compensated,100.65,2.9127816722061253,1.639051663824715,3.1228325279908296,3.1251325228531197,1,1
compensated,100.66,2.9119789506706146,1.6389754942364332,3.122279227419569,3.1184443629349063,1,1
compensated,100.67,2.9111762393096585,1.6388985194144468,3.1217858126310993,3.1184443629349063,1,1
compensated,100.68,2.910373825339012,1.6388232905388598,3.121343110564174,3.1201117650493195,1,1
compensated,100.69,2.9095714646845776,1.6387473369506402,3.1209616185867106,3.1201117650493195,1,1
compensated,100.7,2.908769421776689,1.6386731823898755,3.120636695745829,3.1175650758413926,1,1
compensated,100.71,2.907967304281771,1.6385999632602428,3.12027665512561,3.1175650758413926,1,1
compensated,100.72,2.907165074462152,1.6385263566447086,3.1199052254213178,3.122794795858237,1,1
compensated,100.73,2.9063628838389146,1.6384526570352274,3.119562463749065,3.122794795858237,1,1
compensated,100.74,2.9055607506279513,1.638379760236973,3.119227451168875,3.1231589355871936,1,1
compensated,100.75,2.9047586032225245,1.6383071397621274,3.118892447260527,3.1231589355871936,1,1
compensated,100.76,2.9039564414622774,1.6382347887249777,3.1185574472083357,3.1205311250789025,1,1
compensated,100.77,2.9031713260172336,1.6381622911410083,3.118285518067513,3.1205311250789025,1,1
compensated,100.78,2.902412227267787,1.6380937690476436,3.1181193356434256,3.118251483318871,1,1
compensated,100.79,2.901670895825488,1.6380260823071873,3.1180167312858362,3.118251483318871,1,1
compensated,100.8,2.900960623859616,1.6379628590323054,3.117958919869428,3.1171226756391146,1,1
compensated,100.81,2.900269670535045,1.6379013610804511,3.1179025936856077,3.1171226756391146,1,1
compensated,100.82,2.899609505048267,1.63784283754509,3.1178489313364985,3.1208867171534553,1,1
compensated,100.83,2.8989686880561685,1.6377858399984138,3.117796669080758,3.1208867171534553,1,1
compensated,100.84,2.8983586251867655,1.6377318160851746,3.117747072441095,3.119760208489631,1,1
compensated,100.85,2.8977679455989094,1.637679301808216,3.1176988734854563,3.119760208489631,1,1
compensated,100.86,2.897207985816001,1.6376297616853805,3.117653342177599,3.117686777939501,1,1
compensated,100.87,2.896667444682748,1.6375817166415798,3.117609206717867,3.117686777939501,1,1
compensated,100.88,2.896157588388087,1.6375366456483245,3.117567740340851,3.117964741572653,1,1
compensated,100.89,2.8956671866970844,1.6374930571272366,3.117527668617444,3.117964741572653,1,1
compensated,100.9,2.895207434225243,1.6374524417564906,3.1174902667395337,3.1197871098498826,1,1
compensated,100.91,2.8947671729019797,1.637413298374678,3.117454259037971,3.1197871098498826,1,1
compensated,100.92,2.8943575245209,1.6373771262730996,3.117420921196672,3.117699053647547,1,1
compensated,100.93,2.8939674044291723,1.6373424179733809,3.117388977847143,3.117699053647547,1,1
compensated,100.94,2.8936078603407323,1.6373106779439215,3.117359703550283,3.1155928811500058,1,1
compensated,100.95,2.8932678822829816,1.637280395991894,3.117331824926191,3.1155928811500058,1,1
compensated,100.96,2.8929584426235775,1.63725307799899,3.117306613654251,3.1191804357809803,1,1
compensated,100.97,2.8926686073411196,1.6372272149770468,3.117282800169549,3.1191804357809803,1,1
compensated,100.98,2.8924092721822823,1.637204310155116,3.1172616513793883,3.117394220601298,1,1
compensated,100.99,2.8921695803554024,1.6371828599535494,3.1172419034846715,3.117394220601298,1,1
compensated,101.0,2.8919603497044437,1.6371643606186101,3.117224816614654,3.1172423129130573,1,1
compensated,101.01,2.891770801952365,1.6371473184240863,3.1172091347920903,3.1172423129130573,1,1
compensated,101.02,2.8916116757530546,1.637133218088116,3.1171961092683875,3.115888330930627,1,1
compensated,101.03,2.891472272633818,1.6371205803702107,3.1171844940257936,3.115888330930627,1,1
compensated,101.04,2.8913632507670304,1.6371108737567488,3.117175529269265,3.120453879779939,1,1
compensated,101.05,2.891273992777283,1.6371026382537428,3.117167981133867,3.120453879779939,1,1
compensated,101.06,2.8912150750615817,1.6370973213124258,3.117163076566449,3.119009580080263,1,1
compensated,101.07,2.891175962636356,1.6370934870185019,3.117159596079243,3.119009580080263,1,1
compensated,101.08,2.891167148828422,1.6370925569352905,3.1171587511284797,3.116582275209039,1,1
compensated,101.09,2.8911661476646273,1.6370924251959869,3.1171586346276907,3.116582275209039,1,1
compensated,101.1,2.8911661476646273,1.6370924251959869,3.1171586346276907,3.116811338366948,1,1
compensated,101.11,2.8911661375914375,1.6370911317291634,3.1170837739224315,3.116811338366948,1,1
compensated,101.12,2.8911661079756517,1.6370874780992648,3.116911856283561,3.1151785013197735,1,1
compensated,101.13,2.891166069676646,1.6370825826498387,3.116665018257,3.1151785013197735,1,1
compensated,101.14,2.8911660045697856,1.6370745766176706,3.116283118241406,3.1156879855267157,1,1
compensated,101.15,2.891165927629535,1.6370650008650722,3.115814939915675,3.1156879855267157,1,1
compensated,101.16,2.891165820948637,1.6370522662137286,3.115211361700859,3.1140929807708604,1,1
compensated,101.17,2.8911657018494505,1.6370380081538933,3.1145218333742273,3.1140929807708604,1,1
compensated,101.18,2.8911655490356614,1.6370205491952634,3.1136965880457232,3.1139020854787383,1,1
compensated,101.19,2.8911653823563412,1.6370016070011602,3.112785700449838,3.1139020854787383,1,1
compensated,101.2,2.8911651769212785,1.6369794283228845,3.111738799392595,3.111068834016625,1,1
compensated,101.21,2.8911649553344274,1.6369558004031854,3.1106065438285304,3.111068834016625,1,1
compensated,101.22,2.891164688872642,1.6369289068532211,3.109337998756524,3.1097555307926275,1,1
compensated,101.23,2.8911644031434585,1.6369005919221666,3.107984367263901,3.1097555307926275,1,1
compensated,101.24,2.8911640653462114,1.6368689886146353,3.1064941902761745,3.1064829682236432,1,1
compensated,101.25,2.891163704333155,1.6368359857689454,3.1049191758272574,3.1064829682236432,1,1
compensated,101.26,2.891163283003766,1.636799678112353,3.1032073794942368,3.1053632806212565,1,1
compensated,101.27,2.8911628336614705,1.636761986913901,3.1014109762086592,3.1053632806212565,1,1
compensated,101.28,2.891162314726661,1.6367209805181744,3.099477573694883,3.0986368147808596,1,1
compensated,101.29,2.891161762085283,1.6366786004597291,3.0974597770649144,3.0986368147808596,1,1
compensated,101.3,2.8911611294757726,1.6366328981900418,3.0953047824245234,3.098018943985707,1,1
compensated,101.31,2.891160456652019,1.636585829057349,3.093065589423811,3.098018943985707,1,1
compensated,101.32,2.891159692556588,1.6365354369174556,3.090689017588399,3.0944370562672336,1,1
compensated,101.33,2.891158880838674,1.636483680459155,3.0882284271459635,3.0944370562672336,1,1
compensated,101.34,2.8911579656284925,1.6364286050391188,3.0856302942023195,3.087440895166809,1,1
compensated,101.35,2.8911569944547955,1.6363721639910442,3.0829483074204007,3.087440895166809,1,1
compensated,101.36,2.8911559067111816,1.6363124125708504,3.080128630844083,3.0846650899556565,1,1
compensated,101.37,2.8911547536969824,1.6362512907808877,3.0772252513151503,3.0846650899556565,1,1
compensated,101.38,2.891153470243961,1.6361868714465666,3.074184050231449,3.077677056579483,1,1
compensated,101.39,2.891152111215556,1.6361210740119343,3.0710592843784954,3.077677056579483,1,1
compensated,101.4,2.8911505997590066,1.6360520147561979,3.067805660443235,3.069621740957576,1,1
compensated,101.41,2.891148817570732,1.635980911215393,3.064605580651611,3.069621740957576,1,1
compensated,101.42,2.8911470442347347,1.635913123005472,3.06154368140907,3.0645370613424205,1,1
compensated,101.43,2.891145226673913,1.6358469014389798,3.0585661835163194,3.0645370613424205,1,1
compensated,101.44,2.8911434462001537,1.6357841036270582,3.055726866935741,3.0603990339264104,1,1
compensated,101.45,2.891141631852146,1.6357228326830997,3.052972055221751,3.0603990339264104,1,1
compensated,101.46,2.8911398758441083,1.6356650145980052,3.050355305550008,3.0533869259946584,1,1
compensated,101.47,2.891138095282331,1.6356086887678682,3.0478231783561975,3.0533869259946584,1,1
compensated,101.48,2.891136392541252,1.6355558382018345,3.0454289778547334,3.0508057684069882,1,1
compensated,101.49,2.891134673806466,1.6355044518955828,3.043119533593578,3.0508057684069882,1,1
compensated,101.5,2.891133050413274,1.635456555995123,3.040947863697975,3.043449619437947,1,1
compensated,101.51,2.89113141905037,1.6354101038321331,3.038861101163309,3.043449619437947,1,1
compensated,101.52,2.8911298984094542,1.6353671493750555,3.036911942782455,3.0375373372793035,1,1
compensated,101.53,2.891128377505772,1.6353256264365503,3.0350478614152916,3.0375373372793035,1,1
compensated,101.54,2.8911269803943584,1.635287600090975,3.0333211952152666,3.034345906935103,1,1
compensated,101.55,2.8911255906174396,1.6352510021388382,3.031679795331696,3.034345906935103,1,1
compensated,101.56,2.8911243352390548,1.635217890706111,3.0301756020070414,3.029855768362017,1,1
compensated,101.57,2.8911230948717854,1.6351862143668896,3.028756884985829,3.029855768362017,1,1
compensated,101.58,2.8911219969120783,1.6351580050090762,3.0274751455185758,3.030259065171494,1,1
compensated,101.59,2.8911209218834717,1.6351312479234097,3.0262791139486986,3.030259065171494,1,1
compensated,101.6,2.8911199945669095,1.6351079283759253,3.0252198098558174,3.025970803504956,1,1
compensated,101.61,2.891119098477126,1.635086089314118,3.024246467644596,3.025970803504956,1,1
compensated,101.62,2.8911183526228856,1.6350676480821804,3.0234095812114434,3.0270855692450356,1,1
compensated,101.63,2.8911176467616007,1.6350507270276566,3.0226589336555185,3.0270855692450356,1,1
compensated,101.64,2.8911170908368473,1.635037153563298,3.022044448150359,3.0241264111320483,2,1
compensated,101.65,2.89111658419445,1.6350251517673915,3.0215165019741783,3.0241264111320483,2,1
compensated,101.66,2.8911162243629365,1.6350164366206594,3.021124401834335,3.0210152025158026,2,1
compensated,101.67,2.8911159236346733,1.635009356634302,3.0208191652038976,3.0210152025158026,2,1
compensated,101.68,2.8911157637983185,1.6350054915692525,3.0206494361798164,3.0211161306150434,2,1
compensated,101.69,2.8911156793088386,1.6350034819178765,3.020570065047225,3.0211161306150434,2,1
compensated,101.7,2.8911156793088386,1.6350034819178765,3.020570065047225,3.0251046205532592,2,1
compensated,101.71,2.8911156793088386,1.6350034819178765,3.020570065047225,3.0251046205532592,2,1
compensated,101.72,2.8911156793088386,1.6350034819178765,3.020570065047225,3.021639605734139,2,1
compensated,101.73,2.8911156793088386,1.6350034819178765,3.020570065047225,3.021639605734139,2,1
compensated,101.74,2.8911156793088386,1.6350034819178765,3.020570065047225,3.020446155567475,2,1
compensated,101.75,2.8911156793088386,1.6350034819178765,3.020570065047225,3.020446155567475,2,1
compensated,101.76,2.8911156793088386,1.6350034819178765,3.020570065047225,3.01919139641063,2,1
compensated,101.77,2.8911156793088386,1.6350034819178765,3.020570065047225,3.01919139641063,2,1
compensated,101.78,2.8911156793088386,1.6350034819178765,3.020570065047225,3.022900936751208,2,1
compensated,101.79,2.8911156793088386,1.6350034819178765,3.020570065047225,3.022900936751208,2,1
compensated,101.8,2.8911156793088386,1.6350034819178765,3.020570065047225,3.0241825871404684,2,1
compensated,101.81,2.8911156793088386,1.6350034819178765,3.020570065047225,3.0241825871404684,2,1
compensated,101.82,2.8911156793088386,1.6350034819178765,3.020570065047225,3.0181947541864425,2,1
compensated,101.83,2.8911156793088386,1.6350034819178765,3.020570065047225,3.0181947541864425,2,1
compensated,101.84,2.8911156793088386,1.6350034819178765,3.020570065047225,3.0227685275985205,2,1
compensated,101.85,2.8911156793088386,1.6350034819178765,3.020570065047225,3.0227685275985205,2,1
compensated,101.86,2.8911156793088386,1.6350034819178765,3.020570065047225,3.0190613229332994,2,1
compensated,101.87,2.8911156793088386,1.6350034819178765,3.020570065047225,3.0190613229332994,2,1
compensated,101.88,2.8911156793088386,1.6350034819178765,3.020570065047225,3.020195378210788,2,1
compensated,101.89,2.8911156793088386,1.6350034819178765,3.020570065047225,3.020195378210788,2,1
compensated,101.9,2.8911156793088386,1.6350034819178765,3.020570065047225,3.018385936011435,2,1
compensated,101.91,2.8911156793088386,1.6350034819178765,3.020570065047225,3.018385936011435,2,1
compensated,101.92,2.8911156793088386,1.6350034819178765,3.020570065047225,3.022370408215288,2,1
compensated,101.93,2.8911156793088386,1.6350034819178765,3.020570065047225,3.022370408215288,2,1
compensated,101.94,2.8911156793088386,1.6350034819178765,3.020570065047225,3.018052598263081,2,1
compensated,101.95,2.8911156793088386,1.6350034819178765,3.020570065047225,3.018052598263081,2,1
compensated,101.96,2.8911156793088386,1.6350034819178765,3.020570065047225,3.0204857076938456,2,1
compensated,101.97,2.8911156793088386,1.6350034819178765,3.020570065047225,3.0204857076938456,2,1
compensated,101.98,2.8911156793088386,1.6350034819178765,3.020570065047225,3.0239749002806864,2,1
compensated,101.99,2.8911156793088386,1.6350034819178765,3.020570065047225,3.0239749002806864,2,1
compensated,102.0,2.8911156793088386,1.6350034819178765,3.020570065047225,3.021376239761647,2,1
compensated,102.01,2.8911156793088386,1.6350034819178765,3.020570065047225,3.021376239761647,2,1
compensated,102.02,2.8911156793088386,1.6350034819178765,3.020570065047225,3.0244725555170096,2,1
compensated,102.03,2.8911156793088386,1.6350034819178765,3.020570065047225,3.0244725555170096,2,1
compensated,102.04,2.8911156793088386,1.6350034819178765,3.020570065047225,3.023209184844214,2,1
compensated,102.05,2.8911156793088386,1.6350034819178765,3.020570065047225,3.023209184844214,2,1
compensated,102.06,2.8911156793088386,1.6350034819178765,3.020570065047225,3.0198975469214826,2,1
compensated,102.07,2.8911157044445184,1.6350033026729176,3.0205662863411655,3.0198975469214826,2,1
compensated,102.08,2.8911157044445184,1.6350033026729176,3.0205662863411655,3.022090368272628,2,1
compensated,102.09,2.8911157044445184,1.6350033026729176,3.0205662863411655,3.022090368272628,2,1
compensated,102.1,2.8911157044445184,1.6350033026729176,3.0205662863411655,3.022744308988724,2,1
compensated,102.11,2.8911157044445184,1.6350033026729176,3.0205662863411655,3.022744308988724,2,1
compensated,102.12,2.8911157044445184,1.6350033026729176,3.0205662863411655,3.021677720671203,2,1
compensated,102.13,2.8911157044445184,1.6350033026729176,3.0205662863411655,3.021677720671203,2,1
compensated,102.14,2.8911157044445184,1.6350033026729176,3.0205662863411655,3.0210484733192455,2,1
compensated,102.15,2.8911157044445184,1.6350033026729176,3.0205662863411655,3.0210484733192455,2,1
compensated,102.16,2.8911157044445184,1.6350033026729176,3.0205662863411655,3.020076660448333,3,1
compensated,102.17,2.8911157044445184,1.6350033026729176,3.0205662863411655,3.020076660448333,3,1
compensated,102.18,2.8911157044445184,1.6350033026729176,3.0205662863411655,3.0196286578629277,3,1
compensated,102.19,2.8911157044445184,1.6350033026729176,3.0205662863411655,3.0196286578629277,3,1
compensated,102.2,2.8911157044445184,1.6350033026729176,3.0205662863411655,3.0179672579775154,3,1
compensated,102.21,2.8910976674214424,1.6350029722448756,3.02062685470632,3.0179672579775154,3,1
compensated,102.22,2.891057277749268,1.6350009019873226,3.0207705410055246,3.018841259318666,3,1
compensated,102.23,2.8909989513030334,1.6349983051773878,3.020973518978483,3.018841259318666,3,1
compensated,102.24,2.8909182921093466,1.6349948629325095,3.0212244426725445,3.018628271603398,3,1
compensated,102.25,2.890819895146027,1.6349916701089047,3.021498102914613,3.018628271603398,3,1
compensated,102.26,2.890699319897177,1.6349885826203907,3.021777350346689,3.0228700299686686,3,1
compensated,102.27,2.8905611579549984,1.6349861780969757,3.02205954441478,3.0228700299686686,3,1
compensated,102.28,2.8904007643655616,1.6349839236371815,3.0223434541772995,3.021190341435428,3,1
compensated,102.29,2.8902231041300266,1.6349836939589653,3.022577158348511,3.021190341435428,3,1
compensated,102.3,2.890023613709012,1.6349839785861424,3.0227841315967203,3.025543151716146,3,1
compensated,102.31,2.889806405171113,1.6349843712482701,3.023016763089883,3.025543151716146,3,1
compensated,102.32,2.8895669832959157,1.6349848371434423,3.023253727679749,3.02379169357297,3,1
compensated,102.33,2.8893096931479527,1.634986836775422,3.023427373617573,3.02379169357297,3,1
compensated,102.34,2.889029774486939,1.6349882952481543,3.0235521552682356,3.023728934117246,3,1
compensated,102.35,2.888732301645483,1.6349900197754603,3.023703663325668,3.023728934117246,3,1
compensated,102.36,2.8884124436498984,1.6349915402972786,3.023859542253552,3.023317898981415,3,1
compensated,102.37,2.8880749889788513,1.6349935425691158,3.024015285438204,3.023317898981415,3,1
compensated,102.38,2.8877150591033445,1.634995203749082,3.0241692804277482,3.0244283753260426,3,1
compensated,102.39,2.887337598749074,1.6349972814988392,3.024329395048221,3.0244283753260426,3,1
compensated,102.4,2.8869376255754227,1.6349990394660432,3.0244885763399467,3.023538815829779,3,1
compensated,102.41,2.886520092133293,1.6350014891621785,3.024628282770028,3.023538815829779,3,1
compensated,102.42,2.8860799651135283,1.6350034634504733,3.024762905766819,3.025415766025068,3,1
compensated,102.43,2.885622336582255,1.6350061272341194,3.024880726301139,3.025415766025068,3,1
compensated,102.44,2.8851420744584675,1.635008329424851,3.0249941271734544,3.024147351418363,3,1
compensated,102.45,2.8846443318506023,1.6350114676719134,3.0250766864681835,3.024147351418363,3,1
compensated,102.46,2.884123876354802,1.6350140488246803,3.025149793105873,3.0226599724363545,3,1
compensated,102.47,2.883586095672066,1.6350168224639559,3.025242685175941,3.0226599724363545,3,1
compensated,102.48,2.883025656120767,1.6350194009250312,3.0253376775910192,3.025753737634327,3,1
compensated,102.49,2.8824479421933455,1.635022086448045,3.025455880624082,3.025753737634327,3,1
compensated,102.5,2.8818475334141587,1.6350245975971935,3.025577267211417,3.024271960453654,3,1
compensated,102.51,2.8812297790500407,1.6350281598515297,3.025664835859876,3.024271960453654,3,1
compensated,102.52,2.880589162605841,1.6350310417830494,3.025741227431555,3.025283903055808,3,1
compensated,102.53,2.879931352223161,1.6350339718409101,3.025841302313483,3.025283903055808,3,1
compensated,102.54,2.8792507667727696,1.6350367589936796,3.0259449044190623,3.0270440481838303,3,1
compensated,102.55,2.878552955763507,1.6350403094022272,3.0260316158157643,3.0270440481838303,3,1
compensated,102.56,2.877832241493312,1.6350433078888358,3.026113574892554,3.0259897436850522,3,1
compensated,102.57,2.877094333271275,1.6350473185575893,3.0261679052087893,3.0259897436850522,3,1
compensated,102.58,2.876333448152945,1.635050669090421,3.026213740819345,3.0263565234556875,3,1
compensated,102.59,2.8755554447905243,1.6350546167836555,3.0262536129827056,3.0263565234556875,3,1
compensated,102.6,2.874754477252662,1.6350581543273535,3.026290690323627,3.0252444628331556,3,1
compensated,102.61,2.8739364336969735,1.6350623043285375,3.026321513390428,3.0252444628331556,3,1
compensated,102.62,2.8730953838339417,1.6350660446486032,3.0263494746630433,3.024723949717277,3,1
compensated,102.63,2.8722373287510115,1.6350698644068244,3.0263956468841453,3.024723949717277,3,1
compensated,102.64,2.871356285923865,1.6350735712453943,3.026443799482373,3.028025683816498,3,1
compensated,102.65,2.8704582681079973,1.6350775380392732,3.026501162254212,3.028025683816498,3,1
compensated,102.66,2.869537196955662,1.6350812690416325,3.0265581316909587,3.02680320747713,3,1
compensated,102.67,2.868599148726908,1.6350864556472964,3.0265755457959096,3.02680320747713,3,1
compensated,102.68,2.8676378549480512,1.6350907496189466,3.0265766135181544,3.0246001894913555,3,1
compensated,102.69,2.866659669894282,1.6350950069213877,3.026598077442935,3.0246001894913555,3,1
compensated,102.7,2.8656583901013226,1.6350992452282525,3.0266223432476385,3.0288259004272007,3,1
compensated,102.71,2.864640267539162,1.6351030647760059,3.0266799502834747,3.0288259004272007,3,1
compensated,102.72,2.8635990627968604,1.6351070570198656,3.0267469816203594,3.024535178508043,3,1
compensated,102.73,2.862541019324234,1.6351130441693484,3.0267620874074024,3.024535178508043,3,1
compensated,102.74,2.8614595184885756,1.635117888431338,3.0267455478092598,3.0292207336369463,3,1
compensated,102.75,2.8603612185153158,1.6351214689796483,3.0267811313666813,3.0292207336369463,3,1
compensated,102.76,2.859239897470033,1.6351255786004903,3.026849127613461,3.0275048753044658,3,1
compensated,102.77,2.8581018401087963,1.6351319830407505,3.02686250866756,3.0275048753044658,3,1
compensated,102.78,2.8569402158594324,1.6351371744048064,3.026838383613657,3.0267017750268437,3,1
compensated,102.79,2.855761869699745,1.6351418978497285,3.0268416549556654,3.0267017750268437,3,1
compensated,102.8,2.8545602762994298,1.6351468309853898,3.026851364487545,3.027865326417426,3,1
compensated,102.81,2.85334201620812,1.6351518076011866,3.02687598916023,3.027865326417426,3,1
compensated,102.82,2.8521004209560883,1.63515675562503,3.02690194091327,3.0270596963814453,3,1
compensated,102.83,2.850842179375813,1.6351628408210839,3.026904044965064,3.0270596963814453,3,1
compensated,102.84,2.8495604408321853,1.635168207936839,3.0268983882768516,3.0272238876384243,3,1
compensated,102.85,2.8482621009772715,1.63517354677984,3.026907732711134,3.0272238876384243,3,1
compensated,102.86,2.8469403566071887,1.6351789057157058,3.026918517522261,3.026871908616931,3,1
compensated,102.87,2.845602046530102,1.6351847104886967,3.026928901169425,3.026871908616931,3,1
compensated,102.88,2.844240245346395,1.6351902425462996,3.026937353383523,3.0276701464209346,3,1
compensated,102.89,2.8428619144841285,1.6351959309496322,3.026954140410948,3.0276701464209346,3,1
compensated,102.9,2.841460084811115,1.635201520772048,3.0269706352673276,3.0273564433857727,3,1
compensated,102.91,2.8400417577321146,1.6352078438914392,3.026976620123309,3.0273564433857727,3,1
compensated,102.92,2.8385998360087954,1.635213703321534,3.026978777934404,3.0271473418658275,3,1
compensated,102.93,2.837141471865015,1.6352213958821558,3.026940567217733,3.0271473418658275,3,1
compensated,102.94,2.83565933837348,1.635228063352193,3.0268832951254407,3.0255248114851607,3,1
compensated,102.95,2.834160768045739,1.6352349413766474,3.026830946062558,3.0255248114851607,3,1
compensated,102.96,2.832638589962471,1.6352417876991525,3.0267776648847833,3.027049672377551,3,1
compensated,102.97,2.831100010470333,1.6352481904328073,3.0267502604903473,3.027049672377551,3,1
compensated,102.98,2.829537877075739,1.6352550138193622,3.026729195398954,3.0271815517781153,3,1
compensated,102.99,2.8279594021999626,1.6352630925489178,3.0266862088762667,3.0271815517781153,3,1
compensated,103.0,2.8263571497811815,1.6352705495863793,3.02663564554062,3.0248821272254993,3,1
compensated,103.01,2.8247385604536035,1.635277722990039,3.026604524917825,3.0248821272254993,3,1
compensated,103.02,2.8230963216363434,1.6352852085362672,3.0265767847287037,3.023964699029081,3,1
compensated,103.03,2.8214377727393805,1.6352918298662629,3.026583438058611,3.023964699029081,3,1
compensated,103.04,2.819755617609006,1.6352990660726736,3.026602567651065,3.0238396252379793,3,1
compensated,103.05,2.8180572098922427,1.6353061344923776,3.026638962739206,3.0238396252379793,3,1
compensated,103.06,2.816335073042265,1.6353133875985,3.0266780933671766,3.024185223245926,3,1
compensated,103.07,2.8145967098417253,1.6353207876263278,3.0267224251611364,3.024185223245926,3,1
compensated,103.08,2.812834536435619,1.6353280715345047,3.02676607046997,3.027181562328405,3,1
compensated,103.09,2.811056178837773,1.6353365780712892,3.0267851952263127,3.027181562328405,3,1
compensated,103.1,2.809253862327706,1.6353442827124085,3.0267955241074214,3.0282370842328508,3,1
compensated,103.11,2.807435412014271,1.635353815035967,3.026767361198091,3.0282370842328508,3,1
compensated,103.12,2.8055928922520157,1.6353623105879986,3.026720509757578,3.026330066736528,3,1
compensated,103.13,2.80373423161582,1.6353715688705652,3.026659471390303,3.026330066736528,3,1
compensated,103.14,2.801851598947422,1.6353804412435722,3.026593484161098,3.02860082712236,3,1
compensated,103.15,2.799952829181492,1.6353884690927434,3.0265572913211396,3.02860082712236,3,1
compensated,103.16,2.7980302515637514,1.6353971955965467,3.0265306220017196,3.0258727409782367,3,1
compensated,103.17,2.796091642098484,1.635407339685016,3.0264817263643238,3.0258727409782367,3,1
compensated,103.18,2.7941289616037444,1.635416896951912,3.0264246767166885,3.025804228732156,3,1
compensated,103.19,2.7921501784293095,1.6354250686000344,3.0264061203479455,3.025804228732156,3,1
compensated,103.2,2.790147582173494,1.6354341271684776,3.026405062329719,3.0253502988855345,3,1
compensated,103.21,2.7881444123913566,1.63544264064836,3.026409924883881,3.0253502988855345,3,1
compensated,103.22,2.786141264062379,1.635451283073059,3.02641612249388,3.0265983985057305,3,1
compensated,103.23,2.78413810793274,1.6354594303234071,3.026434770416141,3.0265983985057305,3,1
compensated,103.24,2.782135000738445,1.635467874344748,3.0264562272801823,3.023735200597434,3,1
compensated,103.25,2.78013194763101,1.6354780130158235,3.0264396271445104,3.023735200597434,3,1
compensated,103.26,2.778128706829303,1.6354872200783923,3.0264049586768786,3.02648928283341,3,1
compensated,103.27,2.776125383008398,1.6354944027498757,3.0264108356633233,3.02648928283341,3,1
compensated,103.28,2.774122264698932,1.6355025802356566,3.02643770332018,3.026293026183229,3,1
compensated,103.29,2.7721192184130157,1.6355124881745706,3.0264307412866587,3.026293026183229,3,1
compensated,103.3,2.770116011963537,1.635521549484409,3.026409408123803,3.0232400371959907,3,1
compensated,103.31,2.7681127779490335,1.6355301388125505,3.026395672552045,3.0232400371959907,3,1
compensated,103.32,2.7661095751287634,1.6355389483995233,3.0263836381807927,3.0250863402174684,3,1
compensated,103.33,2.7641063433544337,1.6355465108411178,3.0264018172919376,3.0250863402174684,3,1
compensated,103.34,2.762103249872734,1.63555483196077,3.026431364521062,3.026423495401726,3,1
compensated,103.35,2.7601001945724053,1.6355642468646794,3.026437410913481,3.026423495401726,3,1
compensated,103.36,2.758097036521493,1.6355730328439066,3.0264361042887233,3.027325761680867,3,1
compensated,103.37,2.7560938820930336,1.635582399004272,3.026418085075546,3.027325761680867,3,1
compensated,103.38,2.754090657540127,1.6355913511843148,3.02639562022909,3.027975234786549,3,1
compensated,103.39,2.752087436231502,1.6356006926170346,3.0263629034425317,3.027975234786549,3,1
compensated,103.4,2.7500841753139875,1.6356098236372145,3.0263279292563388,3.024909944164923,3,1
compensated,103.41,2.7480809189099618,1.6356192387343342,3.02628673933257,3.024909944164923,3,1
compensated,103.42,2.7460776402309035,1.6356285700199653,3.026244180530193,3.0262808792724796,3,1
compensated,103.43,2.744074332386508,1.6356368416080653,3.026228018485639,3.0262808792724796,3,1
compensated,103.44,2.7420711464213454,1.6356458393319364,3.0262209181130952,3.0277931149766015,3,1
compensated,103.45,2.7400679932907606,1.6356557143742307,3.026196227260601,3.0277931149766015,3,1
compensated,103.46,2.738064767250177,1.6356651786639902,3.0261666944574803,3.0251989163401305,3,1
compensated,103.47,2.7360615568945112,1.6356754469066401,3.026117459911481,3.0251989163401305,3,1
compensated,103.48,2.7340582639027655,1.6356852895683796,3.02606261026802,3.024506173552946,3,1
compensated,103.49,2.7320549103261174,1.6356934617199332,3.026045346105975,3.024506173552946,3,1
compensated,103.5,2.7300517481944917,1.6357026389079556,3.026045731837394,3.025766058283609,3,1
compensated,103.51,2.7280485989899557,1.635711348959279,3.0260637244683743,3.025766058283609,3,1
compensated,103.52,2.7260455242273296,1.6357205057485276,3.0260864762063364,3.0263906001122454,3,1
compensated,103.53,2.7240424695629155,1.635730343601075,3.026093388662483,3.0263906001122454,3,1
compensated,103.54,2.7220393481642526,1.6357397481115774,3.0260961527205446,3.0291870916773904,3,1
compensated,103.55,2.720036224343835,1.635749332006208,3.026092699588073,3.0291870916773904,3,1
compensated,103.56,2.718033075235243,1.6357587533313083,3.026087879668804,3.025681321025271,3,1
compensated,103.57,2.716029971555082,1.6357696985785513,3.026048041292244,3.025681321025271,3,1
compensated,103.58,2.7140266995294224,1.6357798252035272,3.0259929473254537,3.0272993586302803,3,1
compensated,103.59,2.712023381008887,1.635788859971625,3.0259612200891928,3.0272993586302803,3,1
compensated,103.6,2.7100201689990753,1.635798565220602,3.025936784423269,3.025499698304106,3,1
compensated,103.61,2.708016995405396,1.6358093368713678,3.0258906381460338,3.025499698304106,3,1
compensated,103.62,2.706013730117362,1.635819632972864,3.0258380543856362,3.026635829737109,3,1
compensated,103.63,2.7040104235605096,1.6358287231931739,3.0258137961353793,3.026635829737109,3,1
compensated,103.64,2.7020072507653716,1.635838599893866,3.0257998027811754,3.025985320517533,3,1
compensated,103.65,2.70000411043967,1.6358492678956735,3.0257709020256316,3.025985320517533,3,1
compensated,103.66,2.698000910138675,1.6358596055399148,3.025738198748098,3.027861758550257,3,1
compensated,103.67,2.6959977251333176,1.6358706793452475,3.0256878496445028,3.027861758550257,3,1
compensated,103.68,2.693994467320483,1.635881384740375,3.025632681356842,3.028995907059813,3,1
compensated,103.69,2.691991240234671,1.6358932284449093,3.0255515777058486,3.028995907059813,3,1
compensated,103.7,2.689987899193279,1.6359045549262696,3.0254617317151746,3.026209870582406,3,1
compensated,103.71,2.687984571532096,1.6359165984031039,3.0253557851649036,3.026209870582406,3,1
compensated,103.72,2.6859811814538888,1.6359284265590854,3.0252456369404186,3.0255651539276096,3,1
compensated,103.73,2.6839777081643246,1.6359385098345187,3.025173881134924,3.0255651539276096,3,1
compensated,103.74,2.6819744553501352,1.6359498399587908,3.025120412321005,3.0241977274804643,3,1
compensated,103.75,2.67997122208891,1.6359608438739888,3.0250848925343377,3.0241977274804643,3,1
compensated,103.76,2.677968071950105,1.6359724110513765,3.025054254599894,3.022941197771104,3,1
compensated,103.77,2.6759649087020696,1.63598316753523,3.0250463581480806,3.022941197771104,3,1
compensated,103.78,2.6739618471959004,1.6359945478214433,3.02504525832231,3.02751925527072,3,1
compensated,103.79,2.671958776918003,1.636005157208568,3.0250652412736136,3.02751925527072,3,1
compensated,103.8,2.669955797056061,1.6360162936032514,3.0250913702152316,3.0264748484280215,3,1
compensated,103.81,2.6679529167037197,1.6360298466473866,3.0250673593623043,3.0264748484280215,3,1
compensated,103.82,2.6659497542324226,1.6360423701905675,3.0250064623899684,3.0257683484904456,3,1
compensated,103.83,2.6639465229660626,1.6360540289696512,3.0249560622348377,3.0257683484904456,3,1
compensated,103.84,2.661943337458566,1.636066041194652,3.0249080478282346,3.0284792803603926,3,1
compensated,103.85,2.659940147250502,1.6360776589513555,3.024873055431473,3.0284792803603926,3,1
compensated,103.86,2.657937015192613,1.6360896958400641,3.024841090568473,3.023869639689914,3,1
compensated,103.87,2.6559339453259403,1.6361034042297948,3.0247737779461894,3.023869639689914,3,1
compensated,103.88,2.6539307049200827,1.6361163509725092,3.024690866382926,3.02185632873793,3,1
compensated,103.89,2.6519273246618202,1.6361266096561145,3.0246593851613692,3.02185632873793,3,1
compensated,103.9,2.649924259400546,1.6361380693599898,3.0246686391210016,3.028781142094605,3,1
compensated,103.91,2.6479212371820884,1.6361488811851626,3.0247088010590253,3.028781142094605,3,1
compensated,103.92,2.645918357702948,1.636160460806477,3.024760476589468,3.0271461344422885,3,1
compensated,103.93,2.6439156165604683,1.6361749387598217,3.0247553905363667,3.0271461344422885,3,1
compensated,103.94,2.641912536879599,1.6361898549491551,3.0246542433233117,3.027842235201563,3,1
compensated,103.95,2.639909201903036,1.6362022488952044,3.0245698321837278,3.027842235201563,3,1
compensated,103.96,2.637905956154451,1.6362152419704723,3.0244915596957545,3.024968050218872,3,1
compensated,103.97,2.6359027387382525,1.6362288838851813,3.024403369272056,3.024968050218872,3,1
compensated,103.98,2.633899487548925,1.6362424466818946,3.02431297951993,3.0230363241223213,3,1
compensated,103.99,2.631896163849332,1.6362543041244066,3.0242615982578873,3.0230363241223213,3,1
compensated,104.0,2.6298930558985347,1.6362673278527955,3.024229092766937,3.0233491746280574,3,1
compensated,104.01,2.6278899356322243,1.6362791433711605,3.024232289029574,3.0233491746280574,3,1
compensated,104.02,2.625886992205408,1.6362918850472556,3.024251200619975,3.023394469602353,3,1
compensated,104.03,2.623884075583484,1.6363049575909547,3.0242666703200074,3.023394469602353,3,1
compensated,104.04,2.621881144676963,1.6363179180952472,3.0242813546505825,3.0204308113378904,3,1
compensated,104.05,2.6198782104750107,1.636330807781307,3.0242967482920777,3.0204308113378904,3,1
compensated,104.06,2.617875277726231,1.6363436846168355,3.0243122998141874,3.0234354730564377,3,1
compensated,104.07,2.615872292816073,1.6363547448174733,3.024367823323785,3.0234354730564377,3,1
compensated,104.08,2.6138695031459136,1.6363667086174805,3.024443329317539,3.0233118610823926,3,1
compensated,104.09,2.611866822641323,1.6363811883824362,3.024468638583078,3.0233118610823926,3,1
compensated,104.1,2.6098638591790495,1.6363945390110186,3.0244566637409322,3.0229270654575373,3,1
compensated,104.11,2.6078608308311866,1.6364072516234465,3.024446919703192,3.0229270654575373,3,1
compensated,104.12,2.6058578097977936,1.6364200154182897,3.0244377356314347,3.024100453030064,3,1
compensated,104.13,2.603854784220357,1.6364325280604173,3.024435403078648,3.024100453030064,3,1
compensated,104.14,2.6018517870883047,1.6364452288883902,3.0244345836659297,3.0209021314644477,3,1
compensated,104.15,2.5998488109919107,1.6364586781788069,3.0244163137103968,3.0209021314644477,3,1
compensated,104.16,2.5978457610479264,1.636471701551183,3.0243932807403264,3.0244699052790027,3,1
compensated,104.17,2.5958426153215113,1.6364822638851841,3.0244211203784586,3.0244699052790027,3,1
compensated,104.18,2.59383975728192,1.6364938558281688,3.0244877348738872,3.0252592562060308,3,1
compensated,104.19,2.5918370221963043,1.6365078892174911,3.024511200285732,3.0252592562060308,3,1
compensated,104.2,2.5898340620375118,1.6365208501022541,3.0245097939945116,3.0260208914086535,3,1
compensated,104.21,2.5878310720735493,1.6365339220329007,3.02449671525871,3.0260208914086535,3,1
compensated,104.22,2.5858280334170365,1.636546690576646,3.024481097690881,3.0274214464238884,3,1
compensated,104.23,2.5838250018802924,1.6365599020345347,3.0244542081534194,3.0274214464238884,3,1
compensated,104.24,2.5818219258263184,1.6365728652221612,3.0244248330458996,3.02000114269112,3,1
compensated,104.25,2.5798188566008218,1.6365862104657225,3.024386444097802,3.02000114269112,3,1
compensated,104.26,2.5778157530539123,1.636599391467265,3.0243460684652357,3.024839131831518,3,1
compensated,104.27,2.575812520808422,1.6366097114491602,3.024362583648554,3.024839131831518,3,1
compensated,104.28,2.573809641632718,1.6366198229109739,3.024467098959334,3.024230026380473,3,1
compensated,104.29,2.5718070418360623,1.6366339657187274,3.024522768258571,3.024230026380473,3,1
compensated,104.3,2.569804160595993,1.636647066700793,3.0245373350015363,3.022677085455463,3,1
compensated,104.31,2.56780119834508,1.6366590647715222,3.0245626314166056,3.022677085455463,3,1
compensated,104.32,2.5657982744435857,1.6366712679262485,3.024590376330833,3.021483968801661,3,1
compensated,104.33,2.5637953533928406,1.6366835050171498,3.0246168503722184,3.021483968801661,3,1
compensated,104.34,2.5617924250270825,1.636695656257897,3.0246430392565036,3.0241514381746404,3,1
compensated,104.35,2.559789477103413,1.6367069661300697,3.0246881525710627,3.0241514381746404,3,1
compensated,104.36,2.557786605989918,1.6367186909880607,3.02473859728257,3.02378804821719,3,1
compensated,104.37,2.5557837842099334,1.6367319664998161,3.024753351769836,3.02378804821719,3,1
compensated,104.38,2.553780787676099,1.6367442956384408,3.024752173380998,3.028281754248299,3,1
compensated,104.39,2.551777760101439,1.63675614411854,3.0247572138916783,3.028281754248299,3,1
compensated,104.4,2.54977475638813,1.636768137089599,3.0247636533690234,3.0231191444766887,3,1
compensated,104.41,2.547771850935622,1.6367825232485014,3.0247197985051777,3.0231191444766887,3,1
compensated,104.42,2.5457686615696793,1.6367959207022045,3.024638842635663,3.0270063984043496,3,1
compensated,104.43,2.5437653064131123,1.6368064747771078,3.024606625678001,3.0270063984043496,3,1
compensated,104.44,2.5417622400509945,1.6368182311077542,3.0246090086753235,3.025063271969058,3,1
compensated,104.45,2.5397593190106904,1.6368326940043156,3.024565233777567,3.025063271969058,3,1
compensated,104.46,2.5377561503281996,1.6368462020292776,3.024492011880766,3.0255399361009143,3,1
compensated,104.47,2.5357528998302308,1.636858221738379,3.0244465398471654,3.0255399361009143,3,1
compensated,104.48,2.533749783980179,1.6368710485774927,3.024411113976599,3.0261524034489167,3,1
compensated,104.49,2.5317466955932977,1.6368844007947938,3.0243681489758,3.0261524034489167,3,1
compensated,104.5,2.529743580323838,1.6368976470011867,3.0243235029650584,3.0242821957621446,3,1
compensated,104.51,2.5277404553236162,1.636910529244962,3.024289402156378,3.0242821957621446,3,1
compensated,104.52,2.525737377312438,1.636923759902477,3.0242576344903167,3.0244366729341365,3,1
compensated,104.53,2.5237342729205556,1.6369359120842473,3.0242535531176036,3.0244366729341365,3,1
compensated,104.54,2.521731297611063,1.6369488023834733,3.024259295693876,3.025704929562531,3,1
compensated,104.55,2.5197283395749275,1.636961895477052,3.0242633476827656,3.025704929562531,3,1
compensated,104.56,2.5177253749690625,1.6369749424488316,3.024267010579256,3.0232525576611753,3,1
compensated,104.57,2.515722429123185,1.6369887555082592,3.0242518703417236,3.0232525576611753,3,1
compensated,104.58,2.513719402556274,1.6370020987531078,3.0242314482811516,3.022620365845281,3,1
compensated,104.59,2.51171630160194,1.637013384528816,3.0242550858564505,3.022620365845281,3,1
compensated,104.6,2.5097134311919147,1.6370256881665517,3.024304303689054,3.0234326584275806,3,1
compensated,104.61,2.5077105898046144,1.637037804053308,3.024365071576446,3.0234326584275806,3,1
compensated,104.62,2.5057077912046104,1.6370501265484827,3.024428349627399,3.020498358991417,3,1
compensated,104.63,2.5037050003111103,1.6370628466883703,3.0244796754730556,3.020498358991417,3,1
compensated,104.64,2.5017021571785087,1.6370751431327901,3.0245283550145934,3.026295027692754,3,1
compensated,104.65,2.4996992598481436,1.6370855373116302,3.024616502782154,3.026295027692754,3,1
compensated,104.66,2.497696548536781,1.63709676425228,3.024724005151748,3.0231185029677095,3,1
compensated,104.67,2.495693961470298,1.637110800603328,3.024775888346199,3.0231185029677095,3,1
compensated,104.68,2.4936910368258283,1.6371239871172447,3.0247678726755995,3.023202691368768,3,1
compensated,104.69,2.4916879401418317,1.6371343180354547,3.0248002736042956,3.023202691368768,3,1
compensated,104.7,2.489685043881442,1.6371455423369508,3.0248544769937618,3.023510497239183,3,1
compensated,104.71,2.487682177661245,1.637156986279308,3.024908322495105,3.023510497239183,3,1
compensated,104.72,2.4856793068196597,1.637168327148419,3.0249620541191042,3.028232670332498,3,1
compensated,104.73,2.4836764341678137,1.6371797304805857,3.025011514802142,3.028232670332498,3,1
compensated,104.74,2.4816735400656107,1.637190918492467,3.025060031329288,3.023813489327728,3,1
compensated,104.75,2.4796707597237746,1.6372047882464418,3.0250521797633545,3.023813489327728,3,1
compensated,104.76,2.477667635038816,1.6372181062380036,3.0249780734138083,3.024432434608947,3,1
compensated,104.77,2.4756642740873605,1.6372279385624626,3.0249527884698217,3.024432434608947,3,1
compensated,104.78,2.47366120075925,1.6372388998541356,3.0249638335699713,3.0232138776570974,3,1
compensated,104.79,2.471658199987706,1.6372508151962566,3.024965343076198,3.0232138776570974,3,1
compensated,104.8,2.4696551630227224,1.6372625015487525,3.0249646775984464,3.022951661361672,3,1
compensated,104.81,2.467652104627832,1.6372733867916534,3.0249825554119925,3.022951661361672,3,1
compensated,104.82,2.465649124279802,1.6372847288280432,3.0250056230276896,3.021816356341433,3,1
compensated,104.83,2.4636461428036007,1.6372956810209165,3.025039210158998,3.021816356341433,3,1
compensated,104.84,2.4616432012794345,1.6373068515245877,3.0250751129033056,3.025134314065749,3,1
compensated,104.85,2.4596402464982527,1.6373172604302872,3.0251286789800496,3.025134314065749,3,1
compensated,104.86,2.4576373616354656,1.6373280364499958,3.0251870763936055,3.025305302509146,3,1
compensated,104.87,2.4556345383128386,1.6373406725765836,3.0252034366092593,3.025305302509146,3,1
compensated,104.88,2.4536314977393623,1.6373522373675453,3.025196952434982,3.025196192759349,3,1
compensated,104.89,2.4516284233639674,1.6373636050296179,3.0251873982027884,3.025196192759349,3,1
compensated,104.9,2.4496253355977644,1.6373748933435515,3.0251772023832184,3.0246499309522363,3,1
compensated,104.91,2.447622245919627,1.637386123854133,3.025168644108032,3.0246499309522363,3,1
compensated,104.92,2.4456191636507194,1.6373974148287138,3.0251604490360173,3.026189109526019,3,1
compensated,104.93,2.443616077125446,1.637408464942546,3.025158776811004,3.026189109526019,3,1
compensated,104.94,2.441613017489212,1.6374196930906657,3.025158545230043,3.0252074549440273,3,1
compensated,104.95,2.439609986047066,1.637431921289367,3.025135052698725,3.0252074549440273,3,1
compensated,104.96,2.437606853172605,1.6374435817754311,3.025104408226806,3.02428130411203,3,1
compensated,104.97,2.435603695637232,1.6374545702592997,3.0250889914241834,3.02428130411203,3,1
compensated,104.98,2.433600603887831,1.6374659897464527,3.025077492247029,3.0226545002300806,3,1
compensated,104.99,2.4315975066791857,1.6374769012232286,3.0250805155592047,3.0226545002300806,3,1
compensated,105.0,2.4295944705584103,1.637488197284597,3.0250871440952305,3.026540213407305,3,1
compensated,105.01,2.4275913952498325,1.6374979010854123,3.0251308190102892,3.026540213407305,3,1
compensated,105.02,2.4255884975557183,1.6375084722561233,3.025191578184107,3.025453924806083,3,1
compensated,105.03,2.423585692673724,1.6375213144901548,3.025206001443596,3.025453924806083,3,1
compensated,105.04,2.4215826384944354,1.6375330477649543,3.025191094371837,3.0227841047215014,3,1
compensated,105.05,2.419579520881286,1.6375436830339982,3.025192954846632,3.0227841047215014,3,1
compensated,105.06,2.4175764729412945,1.6375547396423598,3.0251994098327173,3.0259136605165553,3,1
compensated,105.07,2.4155733885339634,1.6375642488911433,3.0252422692586904,3.0259136605165553,3,1
compensated,105.08,2.4135704777408256,1.6375746135602074,3.0253016205332384,3.023055188467165,3,1
compensated,105.09,2.411567650197355,1.6375870803831944,3.0253175266737804,3.023055188467165,3,1
compensated,105.1,2.409564595593541,1.6375984657327038,3.025308535616245,3.0261063995628987,3,1
compensated,105.11,2.40756145257486,1.637607821331732,3.025337399392409,3.0261063995628987,3,1
compensated,105.12,2.4055584930348854,1.6376180670468896,3.025384341581831,3.025360508175144,3,1
compensated,105.13,2.403555611148918,1.637630252722709,3.0253916242569683,3.025360508175144,3,1
compensated,105.14,2.4015525303284093,1.6376414331659004,3.025379106053448,3.024622130797381,3,1
compensated,105.15,2.3995494086261675,1.637651872893317,3.025378457738659,3.024622130797381,3,1
compensated,105.16,2.397546334146929,1.6376626168507555,3.0253804632048817,3.0269952270008886,3,1
compensated,105.17,2.3955432830200523,1.6376741695844297,3.025363912697639,3.0269952270008886,3,1
compensated,105.18,2.3935401531725438,1.6376852644464475,3.0253421653514794,3.025064662890969,3,1
compensated,105.19,2.391537064066391,1.637697800953307,3.0252865714742843,3.025064662890969,3,1
compensated,105.2,2.389533813793054,1.6377095753605024,3.0252168247744553,3.0262745250098932,3,1
compensated,105.21,2.3875305104883178,1.6377201253101916,3.0251740085666907,3.0262745250098932,3,1
compensated,105.22,2.385527336804751,1.6377314658466529,3.0251406460350987,3.0263305773560205,3,1
compensated,105.23,2.3835242041173084,1.637743825667527,3.025087797749876,3.0263305773560205,3,1
compensated,105.24,2.381520990566535,1.6377557841431936,3.0250293699910578,3.0228283685976507,3,1
compensated,105.25,2.379517767954128,1.637767594383626,3.0249754120577452,3.0228283685976507,3,1
compensated,105.26,2.377514568433642,1.6377796284871016,3.0249224513777695,3.023034221404732,3,1
compensated,105.27,2.375511302653608,1.6377897797789749,3.0249126665464297,3.023034221404732,3,1
compensated,105.28,2.37350826947084,1.6378010320513778,3.0249271553735704,3.0272303054351957,3,1
compensated,105.29,2.3715052786192468,1.6378127771620896,3.024937754103086,3.0272303054351957,3,1
compensated,105.3,2.369502272790916,1.6378244148352585,3.0249474530639913,3.0276054760686977,3,1
compensated,105.31,2.3674993547588707,1.6378383256100055,3.0249081214427944,3.0276054760686977,3,1
compensated,105.32,2.3654961637836673,1.6378512334172441,3.0248343223414462,3.025107678898671,3,1
compensated,105.33,2.3634928553813377,1.6378620271644477,3.024798303816292,3.025107678898671,3,1
compensated,105.34,2.3614897456695583,1.6378738682911023,3.0247803769661195,3.0279799048943996,3,1
compensated,105.35,2.3594866235917613,1.6378844896494265,3.024797318454746,3.0279799048943996,3,1
compensated,105.36,2.3574836703229693,1.6378959919557348,3.024829230219665,3.0229602556451045,3,1
compensated,105.37,2.3554807903001422,1.637909330278534,3.0248232890295967,3.0229602556451045,3,1
compensated,105.38,2.353477722736545,1.6379217275432496,3.0247993617985207,3.0226586614146065,3,1
compensated,105.39,2.351474530912792,1.6379313435647818,3.024828244461685,3.0226586614146065,3,1
compensated,105.4,2.3494716458041127,1.6379419074507464,3.024902671065972,3.022356692797162,3,1
compensated,105.41,2.347468831309292,1.6379528275073456,3.024982944057428,3.022356692797162,3,1
compensated,105.42,2.345466036398241,1.6379637787360277,3.025064415683228,3.026203613178792,3,1
compensated,105.43,2.343463263581536,1.6379757876758378,3.025117749670289,3.026203613178792,3,1
compensated,105.44,2.3414603593946,1.6379869423433906,3.025160959143764,3.023856065928803,3,1
compensated,105.45,2.339457509271731,1.6380000193468143,3.025157481500517,3.023856065928803,3,1
compensated,105.46,2.3374544061743388,1.6380120001889025,3.0251245156212123,3.024501421872346,3,1
compensated,105.47,2.3354512164358994,1.638022212968067,3.0251236967328676,3.024501421872346,3,1
compensated,105.48,2.3334481781342036,1.6380332430683626,3.025135801194579,3.024253995601236,3,1
compensated,105.49,2.3314451685352426,1.638044874294229,3.025137048034928,3.024253995601236,3,1
compensated,105.5,2.3294421154944214,1.638056221863025,3.0251358757729703,3.025417567176919,3,1
compensated,105.51,2.3274390014916446,1.6380656387608494,3.025176552191275,3.025417567176919,3,1
compensated,105.52,2.32543609807789,1.638076012325163,3.025239783780662,3.0236820607881736,3,1
compensated,105.53,2.3234332389693617,1.6380872954123369,3.0252858772535225,3.0236820607881736,3,1
compensated,105.54,2.321430305531762,1.63809804171354,3.025327257799554,3.025221767603199,3,1
compensated,105.55,2.319427337055241,1.63810753265353,3.0253945798799053,3.025221767603199,3,1
compensated,105.56,2.3174244772159236,1.6381175746918781,3.0254707061269235,3.0240290980313285,3,1
compensated,105.57,2.315421643506248,1.6381285312696567,3.0255243571537958,3.0240290980313285,3,1
compensated,105.58,2.3134187096141874,1.6381387827024487,3.0255712666747083,3.024761563700018,3,1
compensated,105.59,2.311415797988865,1.638150266565219,3.0255851878817306,3.024761563700018,3,1
compensated,105.6,2.3094127289200808,1.6381608549720155,3.0255857503265493,3.0306405000773307,3,1
compensated,105.61,2.30740964924605,1.6381717606281916,3.025573619536278,3.0306405000773307,3,1
compensated,105.62,2.3054065174665213,1.6381823420576147,3.0255586248109907,3.024807662807608,3,1
compensated,105.63,2.303403503014255,1.6381956000562745,3.025487761588146,3.024807662807608,3,1
compensated,105.64,2.3014001437713185,1.6382082362028334,3.0253565959835402,3.0236560995897106,3,1
compensated,105.65,2.299396513662572,1.6382171122267757,3.0252799974753333,3.0236560995897106,3,1
compensated,105.66,2.297393245607623,1.638227005011462,3.025260275234397,3.0293620424324423,3,1
compensated,105.67,2.295390046699743,1.6382360358524997,3.0252865289910456,3.0293620424324423,3,1
compensated,105.68,2.29338709425276,1.6382461874706733,3.025339650338988,3.0219081274607733,3,1
compensated,105.69,2.2913842915398708,1.6382593371488468,3.025337833739328,3.0219081274607733,3,1
compensated,105.7,2.289381159436639,1.638271700803066,3.025279679388688,3.0232329439502763,3,1
compensated,105.71,2.287377788405839,1.638280290705319,3.02527761812715,3.0232329439502763,3,1
compensated,105.72,2.2853747665971804,1.6382886875274536,3.0253623768197477,3.0243692902523716,3,1
compensated,105.73,2.2833719586346657,1.6382995343247007,3.025429652602607,3.0243692902523716,3,1
compensated,105.74,2.281369075291221,1.6383098416370336,3.0254912008782955,3.0232358957713057,3,1
compensated,105.75,2.279366207054486,1.6383211825994117,3.025523762041914,3.0232358957713057,3,1
compensated,105.76,2.277363203534888,1.6383316867781808,3.0255457208851317,3.027020093188314,3,1
compensated,105.77,2.2753601666996297,1.6383412965057707,3.025584482860183,3.027020093188314,3,1
compensated,105.78,2.273357196443623,1.638351269671265,3.0256277859188856,3.0252523557251383,3,1
compensated,105.79,2.2713543021650704,1.6383633589668496,3.025624931860808,3.0252523557251383,3,1
compensated,105.8,2.269351160355737,1.6383743657935672,3.025593365292936,3.0253782687207345,3,1
compensated,105.81,2.2673479458304593,1.638383946452454,3.0255869307226204,3.0253782687207345,3,1
compensated,105.82,2.265344843823339,1.6383941823688561,3.025588947056911,3.026834667446085,3,1
compensated,105.83,2.2633417530127082,1.6384044194951144,3.0255939327466814,3.026834667446085,3,1
compensated,105.84,2.261338674473257,1.6384147322844618,3.0255995612479665,3.0211575530560655,3,1
compensated,105.85,2.2593356201230637,1.638425987629762,3.025582628864649,3.0211575530560655,3,1
compensated,105.86,2.2573324680159246,1.6384366784323086,3.0255589499281945,3.027743309073383,3,1
compensated,105.87,2.2553292012155364,1.6384445899648274,3.025590247342475,3.027743309073383,3,1
compensated,105.88,2.25332626421792,1.638453296606764,3.025676731341282,3.025450225619654,3,1
compensated,105.89,2.2513235338334048,1.6384655733819213,3.025707308000952,3.025450225619654,3,1
compensated,105.9,2.249320463177481,1.6384774481082762,3.02566592940928,3.025244677667592,3,1
compensated,105.91,2.2473172064308624,1.6384867414034974,3.0256549649135307,3.025244677667592,3,1
compensated,105.92,2.2453140908839435,1.6384967929274,3.025656332361605,3.0277132528155004,3,1
compensated,105.93,2.24331099101766,1.6385068470107906,3.0256618866237925,3.0277132528155004,3,1
compensated,105.94,2.241307908561663,1.6385170106498441,3.0256683473915067,3.0224020838545176,3,1
compensated,105.95,2.2393048726383658,1.638528679704509,3.025640477462119,3.0224020838545176,3,1
compensated,105.96,2.2373016722856254,1.6385395211776836,3.025597955377056,3.023866991849209,3,1
compensated,105.97,2.235298343042178,1.6385475476467621,3.0256093388643945,3.023866991849209,3,1
compensated,105.98,2.2332953371301025,1.6385565412028977,3.0256698495093786,3.0260827229056044,3,1
compensated,105.99,2.231292435014834,1.6385671572394844,3.025708454275254,3.0260827229056044,3,1
compensated,106.0,2.2292894390045976,1.638577148727353,3.025740350689272,3.0266819078665534,3,1
compensated,106.01,2.2272865103144746,1.6385892313576862,3.0257240152437967,3.0266819078665534,3,1
compensated,106.02,2.2252833161698757,1.6386002515588365,3.025674964267132,3.0245185667232874,3,1
compensated,106.03,2.223280082855239,1.6386113437935035,3.0256144069746282,3.0245185667232874,3,1
compensated,106.04,2.2212768044911004,1.6386222289808798,3.0255513648982264,3.0250207883393783,3,1
compensated,106.05,2.219273487068042,1.6386319111199055,3.0255179809638197,3.0250207883393783,3,1
compensated,106.06,2.2172703135631093,1.6386424417021752,3.025495650254256,3.024377240628529,3,1
compensated,106.07,2.2152671688217045,1.6386535581466146,3.0254640055198854,3.024377240628529,3,1
compensated,106.08,2.2132639892330355,1.6386644988039547,3.0254302857456876,3.024509983888418,3,1
compensated,106.09,2.211260764398305,1.6386739684467841,3.025430932208177,3.024509983888418,3,1
compensated,106.1,2.2092577060314427,1.638684322484895,3.025446273240394,3.023325897404339,3,1
compensated,106.11,2.2072546720045314,1.6386949648711227,3.0254590089146833,3.023325897404339,3,1
compensated,106.12,2.2052516273627916,1.6387055224148952,3.02547114584072,3.0263314001950006,3,1
compensated,106.13,2.203248565236323,1.6387153224372253,3.0255008123216287,3.0263314001950006,3,1
compensated,106.14,2.2012455748605224,1.6387255305794677,3.025535268983779,3.0254224180882217,3,1
compensated,106.15,2.199242644609469,1.638737526010525,3.025529898720874,3.0254224180882217,3,1
compensated,106.16,2.197239514058799,1.638748530759105,3.0255046724159893,3.0256562166791054,3,1
compensated,106.17,2.1952363462225213,1.6387589605587605,3.025487816863219,3.0256562166791054,3,1
compensated,106.18,2.1932332128956187,1.6387696335110105,3.025472842232883,3.022408147150921,3,1
compensated,106.19,2.1912300885500904,1.6387805602219352,3.0254531015565593,3.022408147150921,3,1
compensated,106.2,2.189226946500899,1.638791401360659,3.0254323047808627,3.0263604626219536,3,1
compensated,106.21,2.1872237474330833,1.638800419363694,3.0254525149317435,3.0263604626219536,3,1
compensated,106.22,2.185220755860213,1.6388104206473748,3.025494121691607,3.026665369463317,3,1
compensated,106.23,2.1832178717577992,1.6388228501018152,3.025488515506599,3.026665369463317,3,1
compensated,106.24,2.1812147313523327,1.6388342208683326,3.0254516950442376,3.027288163376869,3,1
compensated,106.25,2.1792115031229238,1.6388438389275253,3.0254463203340944,3.027288163376869,3,1
compensated,106.26,2.177208422195952,1.6388542662142134,3.025453262078995,3.025850407355133,3,1
compensated,106.27,2.1752053685615924,1.638865254329896,3.0254503865544167,3.025850407355133,3,1
compensated,106.28,2.173202276045478,1.6388759946865659,3.0254453228268536,3.02670532697139,3,1
compensated,106.29,2.171199158742989,1.6388858009747413,3.0254620292162695,3.02670532697139,3,1
compensated,106.3,2.1691961346755257,1.6388961517725404,3.025485180212414,3.028281300191404,3,1
compensated,106.31,2.1671931307075285,1.6389071019555026,3.025494886196027,3.028281300191404,3,1
compensated,106.32,2.1651900709622587,1.6389176776653516,3.025501369424647,3.022816525494937,3,1
compensated,106.33,2.1631870249958918,1.6389290199661,3.0254878222081385,3.022816525494937,3,1
compensated,106.34,2.161183892768913,1.6389398542367848,3.025468526387544,3.024027790886702,3,1
compensated,106.35,2.1591806509505167,1.6389479552912254,3.025503763353722,3.024027790886702,3,1
compensated,106.36,2.157177732457944,1.6389568954281803,3.0255914831006483,3.0238260282016673,3,1
compensated,106.37,2.155174914951277,1.6389672763451242,3.0256615765577974,3.0238260282016673,3,1
compensated,106.38,2.153172021797602,1.6389770832022617,3.0257265972605585,3.022116623440504,3,1
compensated,106.39,2.15117808801628,1.6389860908524567,3.0257955823522074,3.022116623440504,3,1
compensated,106.4,2.1491877932618046,1.6389953638110157,3.025865765217867,3.0303226548749027,3,1
compensated,106.41,2.1472113578820053,1.6390027314414002,3.0259622030679245,3.0303226548749027,3,1
compensated,106.42,2.1452456257881183,1.6390110323005156,3.0260680441649015,3.026906085874108,3,1
compensated,106.43,2.14329076410885,1.6390216838475051,3.026117645053569,3.026906085874108,3,1
compensated,106.44,2.141340737674318,1.639032391847406,3.0260899653168747,3.029101732253257,3,1
compensated,106.45,2.1394044983864458,1.6390390585206627,3.026104787263232,3.029101732253257,3,1
compensated,106.46,2.1374793483579744,1.6390471524881869,3.0261449781428857,3.0262496820539653,3,1
compensated,106.47,2.1355683388994207,1.6390562075092674,3.0261554371815813,3.0262496820539653,3,1
compensated,106.48,2.1336680729306443,1.6390649246615376,3.026155457178235,3.023394137788186,3,1
compensated,106.49,2.1317818737387095,1.6390712519954462,3.0261948350764576,3.023394137788186,3,1
compensated,106.5,2.1299067992074106,1.6390789292766637,3.0262533569507473,3.026458853793245,3,1
compensated,106.51,2.1280469367870283,1.639085893361353,3.026316864232286,3.026458853793245,3,1
compensated,106.52,2.126202388803634,1.6390932764068296,3.0263825983950534,3.0258725366550703,3,1
compensated,106.53,2.1243721724680613,1.6391017840081683,3.0264084069126875,3.0258725366550703,3,1
compensated,106.54,2.1225528634048056,1.6391097131296375,3.026414967307477,3.0243899257113362,3,1
compensated,106.55,2.120747779175473,1.639116484060586,3.026430856844852,3.0243899257113362,3,1
compensated,106.56,2.1189537837614143,1.6391238970496464,3.026449682989254,3.0302925453679848,3,1
compensated,106.57,2.117174039481333,1.6391298774275531,3.026491083565479,3.0302925453679848,3,1
compensated,106.58,2.1154053620124063,1.6391367988155197,3.026539674595027,3.026227847461958,3,1
compensated,106.59,2.1136505846855442,1.6391457409195342,3.026532431390192,3.026227847461958,3,1
compensated,106.6,2.1119051235248905,1.6391543372699564,3.0264673508148108,3.026485634056595,3,1
compensated,106.61,2.1101738090170206,1.639159360966089,3.0264504167325486,3.026485634056595,3,1
compensated,106.62,2.1084537891452038,1.6391660834353627,3.0264645517695086,3.0262840624644616,3,1
compensated,106.63,2.1067481544315183,1.6391727849396496,3.026474125907113,3.0262840624644616,3,1
compensated,106.64,2.1050534588361987,1.639179822477395,3.0264836760647063,3.0229513359502036,3,1
compensated,106.65,2.1033731255281998,1.6391861769731988,3.0264958142806684,3.0229513359502036,3,1
compensated,106.66,2.101703738760047,1.6391930255641771,3.02650943758491,3.02489620021509,3,1
compensated,106.67,2.100050150404855,1.639196514114072,3.0265817144680454,3.02489620021509,3,1
compensated,106.68,2.098425308664533,1.6392007386111673,3.0267189937013734,3.025750707956071,3,1
compensated,106.69,2.0968166230918888,1.6392064926563656,3.0268292043013787,3.025750707956071,3,1
compensated,106.7,2.0952190232747485,1.6392119206190248,3.026930686994501,3.0266582990841844,3,1
compensated,106.71,2.09363595624672,1.6392170083263522,3.0270185886217376,3.0266582990841844,3,1
compensated,106.72,2.0920639810362585,1.6392221016397237,3.027104349610673,3.0273668407959056,3,1
compensated,106.73,2.090506506753371,1.6392269703173892,3.0271756001832424,3.0273668407959056,3,1
compensated,106.74,2.0889599043180733,1.6392318593543935,3.0272443953101176,3.0259152947585406,3,1
compensated,106.75,2.0874240078422637,1.6392377538834364,3.0272738664685193,3.0259152947585406,3,1
compensated,106.76,2.0858926021047033,1.6392430726738587,3.0272859367735383,3.0295823018596995,3,1
compensated,106.77,2.084375703998397,1.6392468619078802,3.027319351083766,3.0295823018596995,3,1
compensated,106.78,2.0828697645144842,1.6392515450217986,3.0273592221439762,3.026118759479976,3,1
compensated,106.79,2.0813784084748,1.6392574303946652,3.027352450123479,3.026118759479976,3,1
compensated,106.8,2.079897629164866,1.6392628083900793,3.027319560112547,3.026559698458941,3,1
compensated,106.81,2.0784313953731335,1.639265722509173,3.0273308649818795,3.026559698458941,3,1
compensated,106.82,2.076976248727953,1.6392701365304547,3.0273649799721745,3.026064980231679,3,1
compensated,106.83,2.0755360523676996,1.6392734631253332,3.0274181192775615,3.026064980231679,3,1
compensated,106.84,2.0741076961683214,1.6392776041237076,3.0274767598387653,3.024917323918836,3,1
compensated,106.85,2.072694040563677,1.639280909998475,3.0275426970661035,3.024917323918836,3,1
compensated,106.86,2.071291357640839,1.6392847535492474,3.027610940023598,3.02976047254438,3,1
compensated,106.87,2.0699033889658596,1.6392873965738506,3.0276966905589178,3.02976047254438,3,1
compensated,106.88,2.068526377699247,1.6392907679662436,3.0277872871970115,3.0265438949086665,3,1
compensated,106.89,2.067164120171883,1.6392955186254263,3.027823833742811,3.0265438949086665,3,1
compensated,106.9,2.0658124336174564,1.6392997108819158,3.0278187582526046,3.025985742222325,3,1
compensated,106.91,2.0644754599073942,1.6393015637679345,3.027856054744549,3.025985742222325,3,1
compensated,106.92,2.0631495151373827,1.639304742950093,3.027913282289096,3.0325249218401815,3,1
compensated,106.93,2.061834926259674,1.6393072201080707,3.027983189976655,3.0325249218401815,3,1
compensated,106.94,2.0605253999747233,1.6393102242784776,3.028055860952063,3.0292893538572425,3,1
compensated,106.95,2.0592307024806633,1.6393147914324104,3.0280695743421115,3.0292893538572425,3,1
compensated,106.96,2.0579464562979766,1.639319238910509,3.0280133941238208,3.0275367942543774,3,1
compensated,106.97,2.0566769158856824,1.6393209490415388,3.0279993209007436,3.0275367942543774,3,1
compensated,106.98,2.0554183323533284,1.6393241549681496,3.0280050995256675,3.0266283594974936,3,1
compensated,106.99,2.0541746392186275,1.6393261332911477,3.0280366371159544,3.0266283594974936,3,1
compensated,107.0,2.052941870064697,1.6393290464294685,3.028075932893462,3.0284518748978826,3,1
compensated,107.01,2.051721561609244,1.6393304465599834,3.02815072084221,3.0284518748978826,3,1
compensated,107.02,2.050507618210162,1.6393328337320174,3.028238513984317,3.0248746748633337,3,1
compensated,107.03,2.0493085698114735,1.6393354055673135,3.028297940062551,3.0248746748633337,3,1
compensated,107.04,2.048120235936675,1.6393378547264383,3.0283494922153524,3.030055500645063,3,1
compensated,107.05,2.046946850848161,1.6393382081347745,3.028447438822767,3.030055500645063,3,1
compensated,107.06,2.045784419033485,1.6393397980562585,3.0285689510204774,3.028198426764005,3,1
compensated,107.07,2.044636982018929,1.6393426982464234,3.0286340955953484,3.028198426764005,3,1
compensated,107.08,2.043500079505833,1.6393451027168982,3.028653255600528,3.0319516639486706,4,1
compensated,107.09,2.042379101064169,1.6393464599625645,3.0286787193774782,3.0319516639486706,4,1
compensated,107.1,2.041272454435656,1.6393483977802967,3.0287065721241837,3.0279459206156556,4,1
compensated,107.11,2.040182368788759,1.6393511960338305,3.0286856778702056,3.0279459206156556,4,1
compensated,107.12,2.039123124357781,1.6393532504534643,3.028639428128081,3.030238005967841,4,1
compensated,107.13,2.0380829539970353,1.6393533900858768,3.0286435018743925,3.030238005967841,4,1
compensated,107.14,2.037074053533777,1.6393546367328171,3.028676210541085,3.0274942744717093,4,1
compensated,107.15,2.036084260565329,1.6393566673863305,3.028674078807566,3.0274942744717093,4,1
compensated,107.16,2.0351253518942065,1.6393582653809586,3.0286616863535603,3.0276441986124585,4,1
compensated,107.17,2.0341856026406426,1.6393578537977174,3.028706959327133,3.0276441986124585,4,1
compensated,107.18,2.033277108792871,1.6393584413299596,3.0287949283450066,3.026910779816596,4,1
compensated,107.19,2.0323877996569606,1.6393589271298232,3.028879102715253,3.026910779816596,4,1
compensated,107.2,2.0315294240161212,1.6393594207978364,3.0289649758240023,3.032160817190487,4,1
compensated,107.21,2.030690274763571,1.6393593766001593,3.0290617963044366,3.032160817190487,4,1
compensated,107.22,2.0298820608214925,1.6393595474697369,3.029162657815417,3.029112700476656,4,1
compensated,107.23,2.0290802510146264,1.639361512017,3.0292049301506556,3.029112700476656,4,1
compensated,107.24,2.0282788883454232,1.6393628791580674,3.029199442781818,3.026957957037604,4,1
compensated,107.25,2.0274775495930717,1.6393633982141063,3.029226751224535,3.026957957037604,4,1
compensated,107.26,2.026676304231321,1.6393643048949682,3.029263868869232,3.030353534715303,4,1
compensated,107.27,2.025875097784432,1.6393645415403006,3.0293305357979667,3.030353534715303,4,1
compensated,107.28,2.0250739685370873,1.6393650919929101,3.0294053451125205,3.032113316348955,4,1
compensated,107.29,2.024272789347954,1.6393667479258576,3.0294319296272803,3.032113316348955,4,1
compensated,107.3,2.023471436711472,1.6393677829562088,3.0294350359180506,3.029335206155727,4,1
compensated,107.31,2.0226749553894674,1.6393693473901092,3.0294075701027006,3.029335206155727,4,1
compensated,107.32,2.0218793519020326,1.6393706913221706,3.0293714655571335,3.029627443693805,4,1
compensated,107.33,2.0211007120744755,1.6393702426409456,3.0293787835224473,3.029627443693805,4,1
compensated,107.34,2.0203484545258164,1.6393707530598616,3.0294052228980317,3.0304464965651334,4,1
compensated,107.35,2.019612431640013,1.639371165280385,3.0294236399111547,3.0304464965651334,4,1
compensated,107.36,2.018887349661983,1.63937193845871,3.029441829384781,3.029704733431677,4,1
compensated,107.37,2.0181781027788195,1.639372514972365,3.0294433380840817,3.029704733431677,4,1
compensated,107.38,2.017480395033678,1.6393733849645944,3.0294427224641023,3.029318042291031,4,1
compensated,107.39,2.0167985417545258,1.6393735720015397,3.029451430790434,3.029318042291031,4,1
compensated,107.4,2.016128127919657,1.6393743111512586,3.0294625932937116,3.028371506045179,4,1
compensated,107.41,2.015473621548173,1.6393744850283174,3.0294767763470554,3.028371506045179,4,1
compensated,107.42,2.0148306021498334,1.6393751405273278,3.0294924715123863,3.026882816417645,4,1
compensated,107.43,2.0141944905103704,1.6393746250164822,3.0295578950085433,3.026882816417645,4,1
compensated,107.44,2.0135600624470724,1.6393747067533444,3.029647122816772,3.0280801591189057,4,1
compensated,107.45,2.0129414928223532,1.6393738518846845,3.029758632834555,3.0280801591189057,4,1
compensated,107.46,2.0123340805011334,1.6393736022871226,3.029875524068583,3.028290984422423,4,1
compensated,107.47,2.011742463612033,1.6393731708216497,3.0299707043856134,3.028290984422423,4,1
compensated,107.48,2.0111618864065886,1.6393729360600733,3.0300622514040008,3.02635216525535,4,1
compensated,107.49,2.0105973713867247,1.639372263374604,3.0301477241941424,3.02635216525535,4,1
compensated,107.5,2.010044435693435,1.6393719502948412,3.03023332455024,3.0314600317800515,4,1
compensated,107.51,2.009508814153601,1.6393706668088097,3.030341593843816,3.0314600317800515,4,1
compensated,107.52,2.009003947530812,1.6393697580292599,3.0304566941450553,3.0289633517241317,4,1
compensated,107.53,2.008518427321198,1.6393696156017263,3.030512936092982,3.0289633517241317,4,1
compensated,107.54,2.008058690550432,1.639369430026933,3.0305265053977686,3.0329415767449035,4,1
compensated,107.55,2.0076164684489433,1.6393683641202759,3.0305759718746175,3.0329415767449035,4,1
compensated,107.56,2.0071886442951983,1.639367967856807,3.030636583288869,3.02978649888557,4,1
compensated,107.57,2.00677759915796,1.6393679152509244,3.0306441912187068,3.02978649888557,4,1
compensated,107.58,2.0063804104591214,1.6393680873726333,3.0306238961591925,3.030558987310096,4,1
compensated,107.59,2.005975512375756,1.6393673965889917,3.0306637262666767,3.030558987310096,4,1
compensated,107.6,2.005568994946092,1.6393668261694114,3.0307477994164604,3.027862024406782,4,1
compensated,107.61,2.0051787956870695,1.6393659911874252,3.0308165081608647,3.027862024406782,4,1
compensated,107.62,2.0048002089706345,1.6393654747357251,3.0308836887860573,3.0289706680486344,4,1
compensated,107.63,2.004438021670384,1.6393640402527208,3.0309895103034847,3.0289706680486344,4,1
compensated,107.64,2.0040872977923136,1.6393632033592809,3.031107918272415,3.0311220793836418,4,1
compensated,107.65,2.003753333109838,1.6393621140002115,3.031205623936752,3.0311220793836418,4,1
compensated,107.66,2.0034326254256136,1.6393613393987434,3.0313004879209773,3.033157567155227,4,1
compensated,107.67,2.0031294164164364,1.6393603776268817,3.031365407194671,3.033157567155227,4,1
compensated,107.68,2.0028566985579754,1.6393595569174808,3.031425175030972,3.0310629470566397,4,1
compensated,107.69,2.0026035199748042,1.6393588448451477,3.0314513897552176,3.0310629470566397,4,1
compensated,107.7,2.002380785951418,1.6393583134405596,3.0314708664166305,3.032747381163457,4,1
compensated,107.71,2.0021778010492883,1.6393572469779063,3.0315217171614033,3.032747381163457,4,1
compensated,107.72,2.0020053303056202,1.6393565329403446,3.031582115951017,3.031302806222584,4,1
compensated,107.73,2.0018524779296607,1.6393558099147603,3.0316133201522093,3.031302806222584,4,1
compensated,107.74,2.0017300065380534,1.6393553287276026,3.0316399700307,3.030544314457873,4,1
compensated,107.75,2.0016273975355765,1.6393544511636893,3.031700205571313,3.030544314457873,4,1
compensated,107.76,2.0015546455399456,1.6393537889487497,3.0317706516024363,3.0326287385264505,4,1
compensated,107.77,2.0015011469573087,1.6393524497896583,3.0318502915893966,3.0326287385264505,4,1
compensated,107.78,2.001477796238249,1.6393508707672915,3.0319301592401926,3.028975109234471,4,1
compensated,107.79,2.001470866452303,1.6393496167373922,3.031976656474651,3.028975109234471,4,1
compensated,107.8,2.001470832003295,1.639348628944789,3.032014475103083,3.0320936837018717,4,1
compensated,107.81,2.001470759075625,1.6393466222134676,3.0320968140233866,3.0320936837018717,4,1
compensated,107.82,2.001470665710913,1.6393440179825385,3.0321965430573186,3.0331012627672633,4,1
compensated,107.83,2.001452650907496,1.6393431903423379,3.032252811103192,3.0331012627672633,4,1
compensated,107.84,2.0014127351842705,1.6393429066363705,3.032293011636001,3.034588736663231,4,1
compensated,107.85,2.0013548078684633,1.6393431310208253,3.0323105315110634,3.034588736663231,4,1
compensated,107.86,2.001274717649215,1.6393429720813242,3.032322464744108,3.0344090477314616,4,1
compensated,107.87,2.001176650977204,1.6393432507066192,3.0323047026539776,3.0344090477314616,4,1
compensated,107.88,2.001056355818803,1.6393430822781794,3.0322788129702607,3.029380782445373,4,1
compensated,107.89,2.000930973276458,1.6393429208213957,3.0322510494138375,3.029380782445373,4,1
compensated,107.9,2.000804783984786,1.6393426822886796,3.032222990430652,3.0315085954067342,4,1
compensated,107.91,2.000691198555095,1.639341938634322,3.0322545843964153,3.0315085954067342,4,1
compensated,107.92,2.0005824051555274,1.6393414531205734,3.0323219106241583,3.0324803194496095,4,1
compensated,107.93,2.0004915136581665,1.639340512661029,3.032395566351168,3.0324803194496095,4,1
compensated,107.94,2.0004307935612107,1.6393395266322326,3.0324716261160027,3.0326638193820115,4,1
compensated,107.95,2.000389821731102,1.6393384424266322,3.032529329350871,3.0326638193820115,4,1
compensated,107.96,2.0003790143181046,1.6393372417951986,3.032583670123681,3.0317987545094045,4,1
compensated,107.97,2.000377482714327,1.6393359625667037,3.032632147925188,3.0317987545094045,4,1
compensated,107.98,2.0003774389411704,1.6393347125408124,3.032680004912237,3.03419345648933,4,1
compensated,107.99,2.000377385616202,1.6393332042725364,3.0327388677543783,3.03419345648933,4,1
compensated,108.0,2.00037733028236,1.639331634398461,3.032798972911141,3.0337921147467375,4,1
compensated,108.01,2.0003773049517974,1.6393308787084293,3.032823616599339,3.0337921147467375,4,1
compensated,108.02,2.000377293992693,1.639330536014648,3.0328367261585414,3.035468901292518,4,1
compensated,108.03,2.0003772809244174,1.639330135621044,3.032852400950033,3.035468901292518,4,1
compensated,108.04,2.0003772621467073,1.6393295637160852,3.03287428354707,3.030870658852127,4,1
compensated,108.05,2.0003772482774993,1.639329183555652,3.0328618339387456,3.030870658852127,4,1
compensated,108.06,2.000377234735815,1.6393287657326754,3.0328423739618637,3.0351688626819797,4,1
compensated,108.07,2.0003772004893348,1.6393278325238,3.0328784942952915,3.0351688626819797,4,1
compensated,108.08,2.0003771413606968,1.639326155989957,3.032942682522198,3.030661209247489,4,1
compensated,108.09,2.0003771172136706,1.6393254328602322,3.0329557490266663,3.030661209247489,4,1
compensated,108.1,2.0003771071483567,1.6393251151001982,3.032940954267631,3.0318795810877823,4,1
compensated,108.11,2.000377070217721,1.639324096532762,3.032975749641208,3.0318795810877823,4,1
compensated,108.12,2.0003770102051885,1.6393223941593238,3.0330409262568856,3.0349334227099076,4,1
compensated,108.13,2.000376968937825,1.6393212001612785,3.0330842581286523,3.0349334227099076,4,1
compensated,108.14,2.0003769332044508,1.6393201675517268,3.033123785399185,3.0343477593183383,4,1
compensated,108.15,2.0003769139715897,1.6393196175140323,3.0331176325218094,3.0343477593183383,4,1
compensated,108.16,2.00037689708645,1.6393191064405883,3.0330938231300992,3.0316818784511366,4,1
compensated,108.17,2.000376879237044,1.6393185684188372,3.033068587974348,3.0316818784511366,4,1
compensated,108.18,2.0003768611155097,1.6393180233944533,3.0330431945165945,3.0299648532089076,4,1
compensated,108.19,2.0003768437977105,1.6393175067429706,3.0330569418753477,3.0299648532089076,4,1
compensated,108.2,2.0003768225538376,1.6393168747760503,3.0330811269162696,3.0327052710544162,4,1
compensated,108.21,2.000376781301703,1.6393156973600191,3.0331288182601246,3.0327052710544162,4,1
compensated,108.22,2.0003767338500524,1.6393143402370025,3.0331807721062867,3.032605083464607,4,1
compensated,108.23,2.000376724609417,1.6393140710875955,3.033189817012365,3.032605083464607,4,1
compensated,108.24,2.000376724609417,1.6393140710875955,3.033189817012365,3.0346466022683565,4,1
compensated,108.25,2.000358764539214,1.6393140087053273,3.033209798220157,3.0346466022683565,4,1
compensated,108.26,2.000318779189766,1.6393138479760583,3.033231470328977,3.035409144304891,4,1
compensated,108.27,2.00027724801688,1.6393137175938046,3.033218272296225,3.035409144304891,4,1
compensated,108.28,2.000235503168338,1.6393135374589702,3.033196409527591,3.0330871814032028,4,1
compensated,108.29,2.0001954203565755,1.6393133227459253,3.0331578977177935,3.0330871814032028,4,1
compensated,108.3,2.0001555327251483,1.6393131087499802,3.03311706282301,3.0318769007906976,4,1
compensated,108.31,2.000133560303009,1.6393125667051405,3.0331126179239574,3.0318769007906976,4,1
compensated,108.32,2.00013355384194,1.6393124264784804,3.0331166521834874,3.035555865181136,4,1
compensated,108.33,2.0001335260859916,1.6393116049545482,3.033151292387587,3.035555865181136,4,1
compensated,108.34,2.0001334911207405,1.639310593001267,3.033190028171652,3.0321939417515296,4,1
compensated,108.35,2.000133471211598,1.6393100146090012,3.033180531407677,3.0321939417515296,4,1
compensated,108.36,2.0001334437990863,1.6393092121581543,3.033143129284857,3.034074858346191,5,1
compensated,108.37,2.0001334225924627,1.6393086024820853,3.0331478027261403,3.034074858346191,5,1
compensated,108.38,2.0001333976772777,1.6393078685160496,3.0331758933227198,3.0354747120833636,1,2
compensated,108.39,2.0001333926949743,1.639307721722408,3.0331815114417013,3.0354747120833636,1,2
compensated,108.4,2.0001333926949743,1.639307721722408,3.0331815114417013,3.032260953747885,1,2
compensated,108.41,2.0001333926949743,1.639307721722408,3.0331815114417013,3.032260953747885,1,2
compensated,108.42,2.0001333926949743,1.639307721722408,3.0331815114417013,3.0322967301178503,1,2
compensated,108.43,2.0001333422782968,1.6393062949421617,3.0332442800604293,3.0322967301178503,1,2
compensated,108.44,2.000133183048989,1.639301917177816,3.0334163237774594,3.031304900220208,1,2
compensated,108.45,2.0001329525834217,1.6392957471920788,3.0336595247592686,3.031304900220208,1,2
compensated,108.46,2.0001326179884784,1.639286563093378,3.0340136303766467,3.0353194612318166,1,2
compensated,108.47,2.0001322083107427,1.6392755386613973,3.034438713496883,3.0353194612318166,1,2
compensated,108.48,2.0001317017097695,1.6392615435523212,3.034974875990279,3.03240572327954,1,2
compensated,108.49,2.0001311177491186,1.6392456654058591,3.035581843507488,3.03240572327954,1,2
compensated,108.5,2.0001304442910786,1.639226853733117,3.036300057224149,3.0364570665724546,1,2
compensated,108.51,2.000129692799961,1.639206121723015,3.0370889107659145,3.0364570665724546,1,2
compensated,108.52,2.0001288594433055,1.6391824871156357,3.0379891694690935,3.0384035868509605,1,2
compensated,108.53,2.00012795644514,1.6391569811800595,3.0389576785713053,3.0384035868509605,1,2
compensated,108.54,2.0001270586618762,1.6391304443158146,3.03997241636446,3.037202830758445,1,2
compensated,108.55,2.0001262481982187,1.6391055146531848,3.0409276019394103,3.037202830758445,1,2
compensated,108.56,2.000125528139836,1.6390834793919526,3.041771026913993,3.0394747427912847,1,2
compensated,108.57,2.0001248809573484,1.6390632542740255,3.0425436260746035,3.0394747427912847,1,2
compensated,108.58,2.000124288421487,1.639045081617104,3.0432383428586576,3.045645683351773,1,2
compensated,108.59,2.000123762477442,1.6390284224411804,3.0438725432334968,3.045645683351773,1,2
compensated,108.6,2.0001233254577278,1.6390146998985666,3.04439527306953,3.0445695229134433,2,2
compensated,108.61,2.0001229520346246,1.639002746192782,3.0448468858949758,3.0445695229134433,2,2
compensated,108.62,2.0001226683546145,1.6389937571957904,3.045187201577136,3.0466496301545973,2,2
compensated,108.63,2.0001224438013114,1.6389865088025841,3.0454562250946844,3.0466496301545973,2,2
compensated,108.64,2.0001223109768658,1.6389822567019376,3.045614131161299,3.046978273220488,2,2
compensated,108.65,2.0001222361385147,1.638979811909542,3.0456980792469652,3.046978273220488,2,2
compensated,108.66,2.0001222361385147,1.638979811909542,3.0456980792469652,3.0444073159067386,2,2
compensated,108.67,2.0001222361385147,1.638979811909542,3.0456980792469652,3.0444073159067386,2,2
compensated,108.68,2.0001222361385147,1.638979811909542,3.0456980792469652,3.0437244835955415,2,2
compensated,108.69,2.0001222361385147,1.638979811909542,3.0456980792469652,3.0437244835955415,2,2
compensated,108.7,2.0001222361385147,1.638979811909542,3.0456980792469652,3.0446338356206066,2,2
compensated,108.71,2.0001222361385147,1.638979811909542,3.0456980792469652,3.0446338356206066,2,2
compensated,108.72,2.0001222361385147,1.638979811909542,3.0456980792469652,3.042037640378073,2,2
compensated,108.73,2.0001222361385147,1.638979811909542,3.0456980792469652,3.042037640378073,2,2
compensated,108.74,2.0001222361385147,1.638979811909542,3.0456980792469652,3.0435842873599386,2,2
compensated,108.75,2.0001222361385147,1.638979811909542,3.0456980792469652,3.0435842873599386,2,2
compensated,108.76,2.0001222361385147,1.638979811909542,3.0456980792469652,3.044956415622801,2,2
compensated,108.77,2.0001222361385147,1.638979811909542,3.0456980792469652,3.044956415622801,2,2
compensated,108.78,2.0001222361385147,1.638979811909542,3.0456980792469652,3.0445986900779687,2,2
compensated,108.79,2.0001222361385147,1.638979811909542,3.0456980792469652,3.0445986900779687,2,2
compensated,108.8,2.0001222361385147,1.638979811909542,3.0456980792469652,3.043714624520227,2,2
compensated,108.81,2.0001222361385147,1.638979811909542,3.0456980792469652,3.043714624520227,2,2
compensated,108.82,2.0001222361385147,1.638979811909542,3.0456980792469652,3.0482527399742665,2,2
compensated,108.83,2.0001222361385147,1.638979811909542,3.0456980792469652,3.0482527399742665,2,2
compensated,108.84,2.0001222361385147,1.638979811909542,3.0456980792469652,3.0461508108730646,2,2
compensated,108.85,2.0001222361385147,1.638979811909542,3.0456980792469652,3.0461508108730646,2,2
compensated,108.86,2.0001222361385147,1.638979811909542,3.0456980792469652,3.04619675826879,2,2
compensated,108.87,2.0001222361385147,1.638979811909542,3.0456980792469652,3.04619675826879,2,2
compensated,108.88,2.0001222361385147,1.638979811909542,3.0456980792469652,3.043776102931992,2,2
compensated,108.89,2.0001222361385147,1.638979811909542,3.0456980792469652,3.043776102931992,2,2
compensated,108.9,2.0001222361385147,1.638979811909542,3.0456980792469652,3.0472781006325196,2,2
compensated,108.91,2.0001222361385147,1.638979811909542,3.0456980792469652,3.0472781006325196,2,2
compensated,108.92,2.0001222361385147,1.638979811909542,3.0456980792469652,3.046039163487496,2,2
compensated,108.93,2.0001222361385147,1.638979811909542,3.0456980792469652,3.046039163487496,2,2
compensated,108.94,2.0001222361385147,1.638979811909542,3.0456980792469652,3.0438481641482307,2,2
compensated,108.95,2.0001222361385147,1.638979811909542,3.0456980792469652,3.0438481641482307,2,2
compensated,108.96,2.0001222361385147,1.638979811909542,3.0456980792469652,3.0491432329655215,2,2
compensated,108.97,2.0001222361385147,1.638979811909542,3.0456980792469652,3.0491432329655215,2,2
compensated,108.98,2.0001222361385147,1.638979811909542,3.0456980792469652,3.046762764440425,2,2
compensated,108.99,2.0001222361385147,1.638979811909542,3.0456980792469652,3.046762764440425,2,2
compensated,109.0,2.0001222361385147,1.638979811909542,3.0456980792469652,3.044704258957589,2,2
compensated,109.01,2.0001222361385147,1.638979811909542,3.0456980792469652,3.044704258957589,2,2
compensated,109.02,2.0001222361385147,1.638979811909542,3.0456980792469652,3.046482746366811,2,2
compensated,109.03,2.0001222361385147,1.638979811909542,3.0456980792469652,3.046482746366811,2,2
compensated,109.04,2.0001222361385147,1.638979811909542,3.0456980792469652,3.047095212401053,2,2
compensated,109.05,2.0001222361385147,1.638979811909542,3.0456980792469652,3.047095212401053,2,2
compensated,109.06,2.0001222361385147,1.638979811909542,3.0456980792469652,3.0461813960153155,2,2
compensated,109.07,2.0001222361385147,1.638979811909542,3.0456980792469652,3.0461813960153155,2,2
compensated,109.08,2.0001222361385147,1.638979811909542,3.0456980792469652,3.0425686797138773,2,2
compensated,109.09,2.0001222361385147,1.638979811909542,3.0456980792469652,3.0425686797138773,2,2
compensated,109.1,2.0001222361385147,1.638979811909542,3.0456980792469652,3.0486882527106935,2,2
compensated,109.11,2.0001222361385147,1.638979811909542,3.0456980792469652,3.0486882527106935,2,2
compensated,109.12,2.0001222361385147,1.638979811909542,3.0456980792469652,3.043855573875943,3,2
compensated,109.13,2.0001222361385147,1.638979811909542,3.0456980792469652,3.043855573875943,3,2
compensated,109.14,2.0001222361385147,1.638979811909542,3.0456980792469652,3.0452720702405447,3,2
compensated,109.15,2.0001222361385147,1.638979811909542,3.0456980792469652,3.0452720702405447,3,2
compensated,109.16,2.0001222361385147,1.638979811909542,3.0456980792469652,3.0462490061775895,3,2
compensated,109.17,2.0001042328743504,1.6389791377103902,3.0457430511551706,3.0462490061775895,3,2
compensated,109.18,2.0000641365881693,1.6389779243130236,3.0458010319571787,3.048464121137032,3,2
compensated,109.19,2.0000062462881445,1.638977199301873,3.0458429772124913,3.048464121137032,3,2
compensated,109.2,1.9999262226594041,1.638975824712829,3.045880936459429,3.0444453700206786,3,2
compensated,109.21,1.9998281949734849,1.6389747819784768,3.0458837752556502,3.0444453700206786,3,2
compensated,109.22,1.9997079276420429,1.6389730452851596,3.0458761588506063,3.0439900641034594,3,2
compensated,109.23,1.9995699605203905,1.6389709953870608,3.045921346210607,3.0439900641034594,3,2
compensated,109.24,1.999409886129162,1.6389682073753953,3.0459911745069967,3.047480794294275,3,2
compensated,109.25,1.9992320997325441,1.6389653722875432,3.0460863590894314,3.047480794294275,3,2
compensated,109.26,1.999032052167408,1.6389618073850882,3.046184979176973,3.0445882218383806,3,2
compensated,109.27,1.9988141000918724,1.6389587550892575,3.0462349811413643,3.0445882218383806,3,2
compensated,109.28,1.9985737065587748,1.6389548519599844,3.046263984713494,3.0505582069436397,3,2
compensated,109.29,1.9983157278618107,1.6389506391951494,3.046335738092027,3.0505582069436397,3,2
compensated,109.3,1.9980354522795798,1.638945758031598,3.046421135056463,3.046271838185911,3,2
compensated,109.31,1.997737371272676,1.6389418165648837,3.0464424099518843,3.046271838185911,3,2
compensated,109.32,1.9974166088657315,1.6389369590582041,3.0464097574043065,3.047570791264321,3,2
compensated,109.33,1.9970783492918112,1.638931449318279,3.0464331519395325,3.047570791264321,3,2
compensated,109.34,1.9967177998940344,1.6389254220718488,3.0464887319610106,3.0490687548539404,3,2
compensated,109.35,1.9963396346383,1.6389197786169754,3.0465240920135384,3.0490687548539404,3,2
compensated,109.36,1.9959389173481716,1.6389132567425988,3.0465540624136227,3.0471602000307696,3,2
compensated,109.37,1.995520629164355,1.6389071952586378,3.046560985735082,3.0471602000307696,3,2
compensated,109.38,1.9950797366058948,1.6389002414117018,3.0465616417803028,3.0455039290916197,3,2
compensated,109.39,1.994621436795599,1.6388929543225434,3.046593691939285,3.0455039290916197,3,2
compensated,109.4,1.9941405863604826,1.6388850688061614,3.0466324001813456,3.048816812130548,3,2
compensated,109.41,1.9936423715568314,1.6388768924572474,3.0466991610598284,3.048816812130548,3,2
compensated,109.42,1.993121551332274,1.6388680891104768,3.0467711603092003,3.0489826665554833,3,2
compensated,109.43,1.9925832479214765,1.6388603234640318,3.046792069879421,3.0489826665554833,3,2
compensated,109.44,1.9920220956295926,1.6388513879270339,3.0467872390156967,3.0482125670151916,3,2
compensated,109.45,1.9914436024380293,1.6388426162324672,3.0467819711454807,3.0482125670151916,3,2
compensated,109.46,1.990842362203939,1.6388330579687949,3.046774689618182,3.0458707913382064,3,2
compensated,109.47,1.9902238536842436,1.6388233785349056,3.0467828293360832,3.0458707913382064,3,2
compensated,109.48,1.9895825849105062,1.6388130509585495,3.0467917791831796,3.04483317184385,3,2
compensated,109.49,1.9889241283825043,1.6388021554397405,3.0468374287080042,3.04483317184385,3,2
compensated,109.5,1.9882429327135078,1.6387907944281597,3.0468937776515315,3.0463170618558575,3,2
compensated,109.51,1.9875445450487668,1.6387793946619635,3.046959147980203,3.0463170618558575,3,2
compensated,109.52,1.9868232965638508,1.6387672447528037,3.0470239887399346,3.046595397920208,3,2
compensated,109.53,1.986084837738756,1.6387556345168743,3.0470671339286026,3.046595397920208,3,2
compensated,109.54,1.985323416471597,1.6387429568981076,3.0471039809863756,3.0471355600111814,3,2
compensated,109.55,1.9845448650370465,1.6387304410075836,3.047139003443969,3.0471355600111814,3,2
compensated,109.56,1.9837433503344446,1.6387170805548812,3.047171851184785,3.0479457917582646,3,2
compensated,109.57,1.9829247397662642,1.6387039746785035,3.047198547609487,3.0479457917582646,3,2
compensated,109.58,1.9820831161407038,1.6386899773138823,3.0472223884184877,3.0496931416693744,3,2
compensated,109.59,1.981224406715735,1.638676773391174,3.047217298760947,3.0496931416693744,3,2
compensated,109.6,1.9803425830611299,1.6386624103734437,3.0472027137776565,3.045744498283323,3,2
compensated,109.61,1.9794437238735816,1.6386487960191758,3.047162847039331,3.045744498283323,3,2
compensated,109.62,1.9785217197900298,1.6386340882670323,3.0471152074796355,3.0486459310485614,3,2
compensated,109.63,1.9775827794608856,1.6386179626403243,3.047118470142136,3.0486459310485614,3,2
compensated,109.64,1.9766209404064166,1.6386019344731213,3.047150214964235,3.0481216538547624,3,2
compensated,109.65,1.9756421410742866,1.6385871260759068,3.0471429229159197,3.0481216538547624,3,2
compensated,109.66,1.9746400580505914,1.6385709587337272,3.0471194576626024,3.0471049339115144,3,2
compensated,109.67,1.9736210701506838,1.6385553598124487,3.0470788451059683,3.0471049339115144,3,2
compensated,109.68,1.9725788395299875,1.6385387715210613,3.0470329086716372,3.0488520386589233,3,2
compensated,109.69,1.9715197793102273,1.6385218087029412,3.0470058494559185,3.0488520386589233,3,2
compensated,109.7,1.9704375368163745,1.6385044577975372,3.0469811507098354,3.047046461788037,3,2
compensated,109.71,1.9693384667644338,1.6384879552376708,3.0469315117175495,3.047046461788037,3,2
compensated,109.72,1.9682160490454756,1.6384703327829921,3.046873898029603,3.0468550187602066,3,2
compensated,109.73,1.9670768754097652,1.6384519110041005,3.046846002904718,3.0468550187602066,3,2
compensated,109.74,1.9659144938698208,1.6384333970086988,3.0468255786316534,3.0487941236193192,3,2
compensated,109.75,1.9647353763940463,1.6384153322866224,3.046795367810062,3.0487941236193192,3,2
compensated,109.76,1.9635328810303574,1.6383963863656126,3.046761512927245,3.047723815959877,3,2
compensated,109.77,1.962313675375324,1.6383784065560423,3.0467003741558534,3.047723815959877,3,2
compensated,109.78,1.9610709934719834,1.6383592508220897,3.046629783928833,3.04606458994415,3,2
compensated,109.79,1.9598116584704879,1.6383395721109704,3.0465789969617143,3.04606458994415,3,2
compensated,109.8,1.9585289702840418,1.6383197145870287,3.0465311469431384,3.0454730552385367,3,2
compensated,109.81,1.9572296764921646,1.6382991077777858,3.0465110678609326,3.0454730552385367,3,2
compensated,109.82,1.9559070200901418,1.6382784103533579,3.046497809144251,3.04842105748933,3,2
compensated,109.83,1.9545677815861935,1.6382580326448541,3.0464794390943046,3.04842105748933,3,2
compensated,109.84,1.953205029900328,1.6382368644530083,3.046458233950243,3.0428986051301656,3,2
compensated,109.85,1.9518257205698248,1.6382171324951873,3.046398172236504,3.0428986051301656,3,2
compensated,109.86,1.9504227285995728,1.6381959927032297,3.046320579764706,3.0459757817604984,3,2
compensated,109.87,1.9490031696414554,1.6381723902356784,3.0462996052346316,3.0459757817604984,3,2
compensated,109.88,1.9475603904520353,1.638149215163497,3.046332202854401,3.046482533464564,3,2
compensated,109.89,1.9461011736302358,1.6381280609637532,3.0463254774843613,3.046482533464564,3,2
compensated,109.9,1.944618198210942,1.6381053883872956,3.046300228702295,3.0462291359327205,3,2
compensated,109.91,1.9431187695644474,1.6380828854704466,3.0462700076759166,3.0462291359327205,3,2
compensated,109.92,1.9415956874732667,1.6380596373339358,3.0462369660344346,3.0453119475735244,3,2
compensated,109.93,1.9400562031582838,1.6380361544973272,3.0462142615016896,3.0453119475735244,3,2
compensated,109.94,1.9384930789325674,1.6380122674872006,3.0461917136577794,3.0457345446802897,3,2
compensated,109.95,1.936913590527782,1.6379878622972273,3.046187320338599,3.0457345446802897,3,2
compensated,109.96,1.9353104569175292,1.637963212740615,3.0461857990138697,3.045249773333789,3,2
compensated,109.97,1.9336909860724327,1.637938762091597,3.0461814774022624,3.045249773333789,3,2
compensated,109.98,1.9320477664016458,1.6379135968166239,3.046174766680805,3.0445056929922805,3,2
compensated,109.99,1.930388244703474,1.6378880578879462,3.0461801970134186,3.0445056929922805,3,2
compensated,110.0,1.9287049890886985,1.6378621456898321,3.046186434509837,3.0436396885358903,3,2
compensated,110.01,1.9270054570823314,1.637836856041058,3.0461771762390755,3.0436396885358903,3,2
compensated,110.02,1.9252820682742842,1.637810569213666,3.0461625974422186,3.043501146651707,3,2
compensated,110.03,1.9235424384618511,1.6377836718841137,3.0461649261688093,3.043501146651707,3,2
compensated,110.04,1.9217790302155924,1.637756547998764,3.0461699092416734,3.0425658209478295,3,2
compensated,110.05,1.9199994186018239,1.6377292663176362,3.046181012655261,3.0425658209478295,3,2
compensated,110.06,1.9181959572371297,1.637701490965699,3.046191604115798,3.0477843199960066,3,2
compensated,110.07,1.9163763222532213,1.6376730274390159,3.0462203866950257,3.0477843199960066,3,2
compensated,110.08,1.9145328501832142,1.6376443499882951,3.0462524279105896,3.0446044337051035,3,2
compensated,110.09,1.9126732915871338,1.6376184378022025,3.0462259807348855,3.0446044337051035,3,2
compensated,110.1,1.9107894446750107,1.6375914386200001,3.0461248416369724,3.0475391994285888,3,2
compensated,110.11,1.9088893276513965,1.6375614459126089,3.0460649130994306,3.0475391994285888,3,2
compensated,110.12,1.9069654678791634,1.6375320880630686,3.046027132205365,3.04686739638091,3,2
compensated,110.13,1.9050255764496398,1.6375047430439258,3.045952557615239,3.04686739638091,3,2
compensated,110.14,1.9030615345958908,1.6374760522286782,3.0458600820490016,3.0477240697943806,3,2
compensated,110.15,1.901081411882749,1.637446695123223,3.0457816094550894,3.0477240697943806,3,2
compensated,110.16,1.8990773274237045,1.6374173230698124,3.0457049292980347,3.048207528362484,3,2
compensated,110.17,1.897072662102289,1.6373875040426662,3.045629867352422,3.048207528362484,3,2
compensated,110.18,1.8950680036987853,1.6373578501407562,3.0455552203900185,3.0471647811766314,3,2
compensated,110.19,1.893063349785137,1.63732844845905,3.0454781962627817,3.0471647811766314,3,2
compensated,110.2,1.891058690718888,1.6372991398662322,3.0454006469530612,3.044342583283803,3,2
compensated,110.21,1.8890540179557485,1.6372690025188499,3.0453443103134368,3.044342583283803,3,2
compensated,110.22,1.8870494389093149,1.6372396155805902,3.045294170645881,3.0436141044055436,3,2
compensated,110.23,1.8850448362621477,1.637208463047906,3.0452851900385705,3.0436141044055436,3,2
compensated,110.24,1.8830404353543249,1.6371784520090467,3.045297612095392,3.047240277291796,3,2
compensated,110.25,1.8810360724639452,1.6371499023703007,3.0452831732032895,3.047240277291796,3,2
compensated,110.26,1.8790316023754927,1.637120689669168,3.0452592677561436,3.0444305507121943,3,2
compensated,110.27,1.8770271535977336,1.6370933178573701,3.0451928501499546,3.0444305507121943,3,2
compensated,110.28,1.8750225025751153,1.6370650354296012,3.0451031574201157,3.0463556455107375,3,2
compensated,110.29,1.87301776910225,1.63703452447572,3.0450535274039385,3.0463556455107375,3,2
compensated,110.3,1.8710132435383136,1.6370052852621066,3.045024120255623,3.0431696633136864,3,2
compensated,110.31,1.8690087624599339,1.6369774964583372,3.0449705406096066,3.0431696633136864,3,2
compensated,110.32,1.8670041877149481,1.636949196707104,3.0449091270501825,3.0422540601148365,3,2
compensated,110.33,1.8649995644905553,1.6369189344620227,3.044888100517364,3.0422540601148365,3,2
compensated,110.34,1.8629951414827084,1.636889836156172,3.044887615931299,3.0418009811011917,3,2
compensated,110.35,1.8609907468168605,1.6368603083210285,3.0449056309213036,3.0418009811011917,3,2
compensated,110.36,1.858986422204614,1.6368312558771767,3.0449287362007227,3.045008882864458,3,2
compensated,110.37,1.8569821044069972,1.636801754922938,3.0449638186762273,3.045008882864458,3,2
compensated,110.38,1.8549778272681123,1.636772509364861,3.0450015401960964,3.0475263339246492,3,2
compensated,110.39,1.8529735703574997,1.6367449585991456,3.0450005089559324,3.0475263339246492,3,2
compensated,110.4,1.8509691392683922,1.636716423608477,3.0449807799410484,3.045216387687855,3,2
compensated,110.41,1.848964699849084,1.6366890371806753,3.0449291459862513,3.045216387687855,3,2
compensated,110.42,1.846960125454787,1.6366609094088118,3.0448652073987805,3.0422356784720535,3,2
compensated,110.43,1.844955536476144,1.6366325727116013,3.04480516369266,3.0422356784720535,3,2
compensated,110.44,1.842950963959036,1.6366044522510503,3.044746000740355,3.0403650104554583,3,2
compensated,110.45,1.8409463537954598,1.6365744483630233,3.0447281448699193,3.0403650104554583,3,2
compensated,110.46,1.8389419502171418,1.6365456211369942,3.044731957036093,3.044136309429983,3,2
compensated,110.47,1.8369375712531406,1.636515839503415,3.0447660288706717,3.044136309429983,3,2
compensated,110.48,1.834933316205349,1.6364868063058862,3.04481137190324,3.041727210706398,3,2
compensated,110.49,1.8329291003898174,1.6364598602536875,3.0448127601532464,3.041727210706398,3,2
compensated,110.5,1.8309246743872376,1.6364318495273076,3.044788643752548,3.0445210827160505,3,2
compensated,110.51,1.828920177034603,1.6364012496348614,3.044811563560591,3.0445210827160505,3,2
compensated,110.52,1.8269159174365428,1.6363717282788246,3.044865337294128,3.046152153099481,3,2
compensated,110.53,1.8249117097048453,1.6363440840551875,3.0448848139852434,3.046152153099481,3,2
compensated,110.54,1.8229073554459427,1.636315532321982,3.0448893840181963,3.0425343774981766,3,2
compensated,110.55,1.8209029858137193,1.6362876285432846,3.0448729920118054,3.0425343774981766,3,2
compensated,110.56,1.8188985352740201,1.636259188330052,3.0448505250815647,3.0441402187426414,3,2
compensated,110.57,1.8168940411396288,1.6362284713440074,3.04487465345401,3.0441402187426414,3,2
compensated,110.58,1.8148897805134885,1.636198847447639,3.044928335885237,3.0468931158913843,3,2
compensated,110.59,1.8128855665416332,1.6361709442212602,3.044950347701672,3.0468931158913843,3,2
compensated,110.6,1.8108812216113868,1.6361421847896906,3.0449598643149782,3.044483377794287,3,2
compensated,110.61,1.8088768758436413,1.6361147421800868,3.0449347309611183,3.044483377794287,3,2
compensated,110.62,1.8068723792823564,1.6360864455874795,3.0448947766162835,3.0442748540341267,3,2
compensated,110.63,1.804867841795157,1.636056374728772,3.044890653947166,3.0442748540341267,3,2
compensated,110.64,1.80286346698411,1.6360272683217703,3.044902642212576,3.042682056363656,3,2
compensated,110.65,1.8008591137731642,1.6359980800182474,3.0449221162876614,3.042682056363656,3,2
compensated,110.66,1.7988547870402327,1.6359690656892694,3.044943218941846,3.043006828927467,3,2
compensated,110.67,1.796850462044312,1.6359398378976713,3.0449692635282477,3.043006828927467,3,2
compensated,110.68,1.7948461533153255,1.6359106917143271,3.0449963974569885,3.0449077810433414,3,2
compensated,110.69,1.7928418449415708,1.6358815881449198,3.045021577754522,3.0449077810433414,3,2
compensated,110.7,1.7908375286128768,1.635852381986893,3.0450463240206873,3.041343992127585,3,2
compensated,110.71,1.7888332159493836,1.6358241799686903,3.045045945820386,3.041343992127585,3,2
compensated,110.72,1.7868288036395366,1.6357953109508991,3.0450372930582907,3.0454685203296092,3,2
compensated,110.73,1.7848243516330438,1.6357641847988176,3.0450744671041194,3.0454685203296092,3,2
compensated,110.74,1.7828201224073803,1.6357341042166809,3.045139692380162,3.044141624384027,3,2
compensated,110.75,1.7808159379150934,1.635705844411049,3.045170117760404,3.044141624384027,3,2
compensated,110.76,1.7788116042949176,1.6356766391563131,3.045185216358454,3.0437653326239955,3,2
compensated,110.77,1.776807247507081,1.6356461998384335,3.045223703091924,3.0437653326239955,3,2
compensated,110.78,1.7748029781051196,1.6356162969159251,3.045269493631699,3.046179656712276,3,2
compensated,110.79,1.7727987177554991,1.6355860127084139,3.045325196181513,3.046179656712276,3,2
compensated,110.8,1.7707944895489451,1.6355558887693253,3.045383078122167,3.046742832146885,3,2
compensated,110.81,1.7687902682772307,1.6355270206358345,3.0454099511391193,3.046742832146885,3,2
compensated,110.82,1.7667859187279438,1.635497280547026,3.045424945616561,3.0458379787870573,3,2
compensated,110.83,1.7647815916044909,1.6354695830451231,3.045391859733873,3.0458379787870573,3,2
compensated,110.84,1.7627770204668116,1.6354408509203422,3.045326503944457,3.045428040951032,3,2
compensated,110.85,1.7607724012466677,1.6354110963048754,3.0452768826649583,3.045428040951032,3,2
compensated,110.86,1.7587678442522203,1.6353818529927522,3.0452314645109,3.049046075849832,3,2
compensated,110.87,1.7567632941243247,1.6353524177887477,3.0451947127792836,3.049046075849832,3,2
compensated,110.88,1.7547587773947362,1.6353232916501992,3.0451598700007603,3.044131498755638,3,2
compensated,110.89,1.7527543025654326,1.6352962622864555,3.0450814486380207,3.044131498755638,3,2
compensated,110.9,1.7507496170647312,1.635268339519445,3.044978159097916,3.042488614357026,3,2
compensated,110.91,1.7487447996850451,1.6352372657526715,3.0449277531483663,3.042488614357026,3,2
compensated,110.92,1.7467403011035545,1.6352074756750958,3.0449227575250197,3.045710673211439,3,2
compensated,110.93,1.7447358886547129,1.635178026001674,3.0449329403992857,3.045710673211439,3,2
compensated,110.94,1.7427315350147135,1.635149010244922,3.044946783159957,3.0460940595582695,3,2
compensated,110.95,1.7407272105681875,1.6351218481166063,3.044920175674611,3.0460940595582695,3,2
compensated,110.96,1.7387226999750216,1.6350937288577585,3.0448728958269435,3.0445774054812276,3,2
compensated,110.97,1.7367181649938175,1.6350655958352895,3.0448209149708068,3.0445774054812276,3,2
compensated,110.98,1.734713614154823,1.6350374279103677,3.0447679281259767,3.0453818672392945,3,2
compensated,110.99,1.7327090525923659,1.635008297079814,3.0447391333051637,3.0453818672392945,3,2
compensated,111.0,1.730704592084989,1.6349798906958837,3.0447180448353612,3.0475141273381894,3,2
compensated,111.01,1.728700162044297,1.6349531037379295,3.0446636076251434,3.0475141273381894,3,2
compensated,111.02,1.726695589063918,1.6349255709247605,3.0445953578985163,3.0404385249756025,3,2
compensated,111.03,1.7246910197370795,1.6348992659664647,3.0444971905445386,3.0404385249756025,3,2
compensated,111.04,1.7226863219624775,1.634872340188028,3.0443879150965754,3.0420325347055783,3,2
compensated,111.05,1.7206814859734123,1.634842133258329,3.0443355705884816,3.0420325347055783,3,2
compensated,111.06,1.7186770184052147,1.6348121595330691,3.0443644099958473,3.044828982514039,3,2
compensated,111.07,1.7166727423068702,1.6347850320761883,3.044372447804829,3.044828982514039,3,2
compensated,111.08,1.7146683903378024,1.634757421608511,3.044373556359726,3.0430094562865477,3,2
compensated,111.09,1.7126640351248517,1.6347306325684694,3.044352618202886,3.0430094562865477,3,2
compensated,111.1,1.710659594569658,1.6347032939529016,3.0443251563194575,3.0467851326040813,3,2
compensated,111.11,1.7086551361310813,1.6346747213843376,3.0443253994742383,3.0467851326040813,3,2
compensated,111.12,1.7066507915928881,1.634646878073867,3.044335528712478,3.045509013579311,3,2
compensated,111.13,1.7046464951192928,1.6346212388947938,3.0443005336583893,3.045509013579311,3,2
compensated,111.14,1.7026419782441269,1.6345945983970163,3.0442384730031216,3.044116645077141,3,2
compensated,111.15,1.7006374170396275,1.6345668031735454,3.0441968360344394,3.044116645077141,3,2
compensated,111.16,1.6986329395403252,1.6345396403732972,3.0441611986858907,3.0435580306224246,3,2
compensated,111.17,1.6966284679192847,1.634511898151897,3.0441435793282396,3.0435580306224246,3,2
compensated,111.18,1.6946240667369898,1.6344846763226846,3.0441309174878706,3.0427466211018874,3,2
compensated,111.19,1.6926196723284028,1.6344571416655207,3.0441285672223883,3.0427466211018874,3,2
compensated,111.2,1.6906153153974992,1.6344298919750113,3.0441284881566446,3.046264545097867,3,2
compensated,111.21,1.6886109606602315,1.6344021074792108,3.0441424703633464,3.046264545097867,3,2
compensated,111.22,1.6866066568266636,1.6343746735062776,3.04415988406768,3.041459289469918,3,2
compensated,111.23,1.6846023876822362,1.6343492306885525,3.0441340899468052,3.041459289469918,3,2
compensated,111.24,1.6825979118911696,1.6343227884728586,3.0440839021898305,3.0423404719755576,3,2
compensated,111.25,1.6805933501224932,1.6342936714997858,3.044081908209538,3.0423404719755576,3,2
compensated,111.26,1.6785890457579526,1.6342657339781126,3.044113025689594,3.042439111530463,3,2
compensated,111.27,1.6765847903795947,1.63423879801334,3.0441314882011006,3.042439111530463,3,2
compensated,111.28,1.6745804908604698,1.6342115121111283,3.0441469274681534,3.0438162975901575,3,2
compensated,111.29,1.6725761862170223,1.6341841725374764,3.044161728582913,3.0438162975901575,3,2
compensated,111.3,1.670571878396661,1.6341567834322435,3.0441763935695088,3.0480290617981156,3,2
compensated,111.31,1.6685675736968024,1.6341301986210877,3.04417094317989,3.0480290617981156,3,2
compensated,111.32,1.6665631919365052,1.6341030876776816,3.0441596988091812,3.041839558590773,3,2
compensated,111.33,1.6645588771843252,1.6340786582435265,3.0440923257040224,3.041839558590773,3,2
compensated,111.34,1.6625542270125846,1.6340536297135166,3.0439633015148724,3.0471090855565883,3,2
compensated,111.35,1.6605493465456185,1.6340245048024424,3.0438897176404303,3.0471090855565883,3,2
compensated,111.36,1.6585448221916397,1.633996217056536,3.0438801555672743,3.044449405824853,3,2
compensated,111.37,1.6565405102841904,1.633972077774121,3.0438177443227814,3.044449405824853,3,2
compensated,111.38,1.654535903936277,1.6339472274120612,3.0437061201856785,3.0453252335181595,3,2
compensated,111.39,1.6525311687354436,1.6339199345077164,3.0436298272637443,3.0453252335181595,3,2
compensated,111.4,1.650526618234573,1.6338938668999936,3.043569445202564,3.0419866123611197,3,2
compensated,111.41,1.6485221075150878,1.6338688213345989,3.043495325791841,3.0419866123611197,3,2
compensated,111.42,1.6465175496081461,1.633843578835172,3.043417825346339,3.0416907429806894,3,2
compensated,111.43,1.6445128996534406,1.6338155350922965,3.0433938258043582,3.0416907429806894,3,2
compensated,111.44,1.64250856857333,1.6337886896867633,3.0434166856052625,3.0423946489658764,3,2
compensated,111.45,1.6405043190611863,1.6337624479288366,3.0434457389185754,3.0423946489658764,3,2
compensated,111.46,1.6385000935951015,1.633736358254084,3.043476055890091,3.03973139458817,3,2
compensated,111.47,1.636495869304798,1.6337106584651102,3.043495822104256,3.03973139458817,3,2
compensated,111.48,1.6344916066505069,1.6336846362824584,3.0435132530746714,3.0421998507327768,3,2
compensated,111.49,1.6324873265466682,1.6336569298191346,3.043567150906028,3.0421998507327768,3,2
compensated,111.5,1.6304832032326986,1.6336300565161224,3.0436376582672664,3.0452162826619933,3,2
compensated,111.51,1.6284791319765484,1.6336055321750647,3.043660111842212,3.0452162826619933,3,2
compensated,111.52,1.6264748175654815,1.633579876369351,3.0436497619597027,3.044602701153096,3,2
compensated,111.53,1.624470486219552,1.6335555375191353,3.0435993372227172,3.044602701153096,3,2
compensated,111.54,1.6224659688464855,1.6335302669564302,3.0435292775966283,3.0457189237762403,3,2
compensated,111.55,1.6204614249198306,1.6335044637454028,3.0434687236463915,3.0457189237762403,3,2
compensated,111.56,1.6184569185419635,1.6334790250383597,3.0434103018263063,3.0387826251060606,3,2
compensated,111.57,1.6164524259935489,1.6334544675512372,3.043334328584808,3.0387826251060606,3,2
compensated,111.58,1.6144478683490155,1.6334296011806,3.0432535512306025,3.044397420704323,3,2
compensated,111.59,1.6124431965466879,1.6334016253888524,3.043229750337977,3.044397420704323,3,2
compensated,111.6,1.6104388861690486,1.6333731807420038,3.043301885518354,3.0431805595576247,3,2
compensated,111.61,1.6084348449101564,1.6333493525177092,3.0433264368916135,3.0431805595576247,3,2
compensated,111.62,1.6064305394182814,1.6333246178267542,3.0433081480968815,3.0439042139447388,3,2
compensated,111.63,1.604426167940571,1.6332984793025225,3.0433084117966125,3.0439042139447388,3,2
compensated,111.64,1.6024218656113067,1.6332728027219083,3.0433140330782034,3.0419557073941466,3,2
compensated,111.65,1.600417571794863,1.6332476467316668,3.043308495941884,3.0419557073941466,3,2
compensated,111.66,1.5984132383889356,1.6332222069826707,3.043300483655631,3.043259678591687,3,2
compensated,111.67,1.5964088769185243,1.633194831478682,3.043334330804106,3.043259678591687,3,2
compensated,111.68,1.5944047108518582,1.6331684408517178,3.043390727001304,3.042965799189216,3,2
compensated,111.69,1.5924005741216811,1.6331430482081837,3.043428362318607,3.042965799189216,3,2
compensated,111.7,1.590396366219815,1.6331170922503504,3.0434606525019396,3.041426991803906,3,2
compensated,111.71,1.5883921491410016,1.6330907583778058,3.0434986386844014,3.041426991803906,3,2
compensated,111.72,1.5863879499632425,1.633064496744606,3.043537892514967,3.0421031483326857,3,2
compensated,111.73,1.5843837484224093,1.6330371736075122,3.0436010586519715,3.0421031483326857,3,2
compensated,111.74,1.5823796361889946,1.6330103647075793,3.043671755546646,3.0423144835314595,3,2
compensated,111.75,1.5803755526189136,1.6329854499680474,3.043700061409467,3.0423144835314595,3,2
compensated,111.76,1.578371269545693,1.6329594308338589,3.0437050226224307,3.0450419197066303,3,2
compensated,111.77,1.5763669550692736,1.6329332108399135,3.0437062196465656,3.0450419197066303,3,2
compensated,111.78,1.574362625671018,1.6329068703516953,3.0437066221414506,3.041480075862923,3,2
compensated,111.79,1.5723583173378057,1.632882148543356,3.0436701085660354,3.041480075862923,3,2
compensated,111.8,1.5703538436587507,1.6328565573746752,3.043616608318956,3.0454797062948993,3,2
compensated,111.81,1.5683493034264224,1.632828683160683,3.0436069679013147,3.0454797062948993,3,2
compensated,111.82,1.5663449866289976,1.6328019779730942,3.0436226865948206,3.044051582490564,3,2
compensated,111.83,1.5643407526686817,1.632777955831305,3.0435894916738517,3.044051582490564,3,2
compensated,111.84,1.5623362659031037,1.632752941138432,3.0435214997276057,3.0456253674628666,3,2
compensated,111.85,1.5603317202371028,1.6327266277454064,3.043474257961454,3.0456253674628666,3,2
compensated,111.86,1.558327261247629,1.6327009700885786,3.0434331742154255,3.045948075694242,3,2
compensated,111.87,1.5563228248780738,1.632676504038062,3.043368137762585,3.045948075694242,3,2
compensated,111.88,1.5543182944111247,1.6326515428982593,3.0432955021705594,3.043931089317227,3,2
compensated,111.89,1.5523137590043714,1.6326268596540237,3.0432168276513365,3.043931089317227,3,2
compensated,111.9,1.5503092045744156,1.6326021697093636,3.0431368312706955,3.043143513695396,3,2
compensated,111.91,1.5483046227688944,1.6325762704448175,3.043085213458946,3.043143513695396,3,2
compensated,111.92,1.5463001748906136,1.6325513220995664,3.0430438152316044,3.0415563071626064,3,2
compensated,111.93,1.544295726454998,1.632525219569077,3.0430342455355968,3.0415563071626064,3,2
compensated,111.94,1.5422914184914416,1.632500009902551,3.0430369601992653,3.0428594229280943,3,2
compensated,111.95,1.5402871220651648,1.6324739761363432,3.0430636143193146,3.0428594229280943,3,2
compensated,111.96,1.5382829192924685,1.6324485364388066,3.0430977525320686,3.044644790821879,3,2
compensated,111.97,1.536278728978499,1.6324239641951008,3.043112111993098,3.044644790821879,3,2
compensated,111.98,1.534274462612676,1.632398839212439,3.0431207819375707,3.0431978128826245,3,2
compensated,111.99,1.532270197507297,1.6323747242259465,3.0431031737790066,3.0431978128826245,3,2
compensated,112.0,1.5302658254354196,1.6323499457336164,3.0430766186597342,3.0414683198190637,3,2
compensated,112.01,1.528261420957465,1.6323234657952237,3.043086240974617,3.0414683198190637,3,2
compensated,112.02,1.5262571788236414,1.6322979089649632,3.043112254813729,3.0442098636787165,3,2
compensated,112.03,1.5242529527672906,1.6322714385360952,3.0431643415578895,3.0442098636787165,3,2
compensated,112.04,1.5222488287083358,1.6322455700169973,3.0432251909357597,3.0428881360308093,3,2
compensated,112.05,1.5202447287964,1.6322213177859566,3.0432496337706425,3.0428881360308093,3,2
compensated,112.06,1.5182404676729593,1.6321960821947528,3.043257465601621,3.04192546272873,3,2
compensated,112.07,1.5162361801531992,1.6321697380232618,3.0432857382060328,3.04192546272873,3,2
compensated,112.08,1.5142319687697334,1.6321438715883159,3.0433199864270413,3.0459665455023632,3,2
compensated,112.09,1.5122277656172263,1.6321186429603336,3.0433392136585393,3.0459665455023632,3,2
compensated,112.1,1.5102235064490863,1.6320929769452426,3.0433546067003348,3.041450652487182,3,2
compensated,112.11,1.5082192837746615,1.6320694520263377,3.043322173219076,3.041450652487182,3,2
compensated,112.12,1.506214817213321,1.632044899161663,3.043257827854176,3.043370486327098,3,2
compensated,112.13,1.504210237734826,1.6320173897104158,3.043243681691704,3.043370486327098,3,2
compensated,112.14,1.5022059390814595,1.631991105319214,3.043266863353474,3.0419799843761695,3,2
compensated,112.15,1.5002017092933375,1.6319666071242316,3.0432624404664357,3.0419799843761695,3,2
compensated,112.16,1.4981973680683802,1.6319414216391153,3.043247969226683,3.041871271501339,3,2
compensated,112.17,1.4961930123380167,1.631915653003452,3.043245022639817,3.041871271501339,3,2
compensated,112.18,1.4941886978651309,1.6318901916210367,3.043244639157665,3.0444711261082436,3,2
compensated,112.19,1.4921843872871117,1.6318647403099713,3.043245087755099,3.0444711261082436,3,2
compensated,112.2,1.4901800798569436,1.6318393125353032,3.043245715781841,3.044909239654123,3,2
compensated,112.21,1.488175794668689,1.6318154789002999,3.0432102625551587,3.044909239654123,3,2
compensated,112.22,1.4861713488469532,1.6317907927629958,3.043158573238511,3.040678615642415,3,2
compensated,112.23,1.484166885968199,1.6317663054388785,3.043098750244543,3.040678615642415,3,2
compensated,112.24,1.4821623950491638,1.6317417110170638,3.0430371553607864,3.046199082308809,3,2
compensated,112.25,1.4801578273686036,1.631714467292964,3.043027846906075,3.046199082308809,3,2
compensated,112.26,1.478153561198564,1.631688410960195,3.043061489273243,3.041536995714168,3,2
compensated,112.27,1.4761494288702761,1.6316657244256136,3.043040878807816,3.041536995714168,3,2
compensated,112.28,1.4741449878796216,1.6316422653343938,3.0429664331558244,3.0454857331975838,3,2
compensated,112.29,1.4721403853755994,1.6316153858493694,3.0429423531417146,3.0454857331975838,3,2
compensated,112.3,1.4701360703799464,1.6315897210556654,3.0429573058416626,3.0428064800668206,3,2
compensated,112.31,1.4681318624528483,1.6315669156541452,3.0429254324716153,3.0428064800668206,3,2
compensated,112.32,1.4661274191084133,1.6315431339309956,3.0428625815056076,3.0418351987201815,3,2
compensated,112.33,1.464122889409676,1.6315170067462876,3.042840925695048,3.0418351987201815,3,2
compensated,112.34,1.4621185671680028,1.631492029597936,3.0428412383820302,3.042025660452108,3,2
compensated,112.35,1.4601142755614744,1.6314667928515965,3.0428565617481205,3.042025660452108,3,2
compensated,112.36,1.4581100403785339,1.6314419449833415,3.0428756136552315,3.042369299640413,3,2
compensated,112.37,1.456105810261652,1.6314172648390242,3.0428910966964704,3.042369299640413,3,2
compensated,112.38,1.4541015668197952,1.6313924605828318,3.0429057841550775,3.040224572553049,3,2
compensated,112.39,1.4520973219939157,1.631367861596118,3.0429143235299065,3.040224572553049,3,2
compensated,112.4,1.4500930545905328,1.631343079600379,3.0429215051346477,3.042466042577601,3,2
compensated,112.41,1.4480887751951768,1.631316964460922,3.042958815808907,3.042466042577601,3,2
compensated,112.42,1.4460846189242518,1.6312915687519167,3.043007462350355,3.0457214937899435,3,2
compensated,112.43,1.4440805097221934,1.6312683839224014,3.0430098297685326,3.0457214937899435,3,2
compensated,112.44,1.4420761710112453,1.6312441074005846,3.042983129245402,3.0426825000002813,3,2
compensated,112.45,1.440071831090556,1.6312213917780576,3.042913741266946,3.0426825000002813,3,2
compensated,112.46,1.438067285132869,1.631197752985408,3.04282111935684,3.0403262461314204,3,2
compensated,112.47,1.436062654834548,1.6311719727005474,3.042767291641023,3.0403262461314204,3,2
compensated,112.48,1.434058226605437,1.6311474425656765,3.042732234602303,3.0429736492009134,3,2
compensated,112.49,1.4320538139246144,1.631121900255396,3.042729426563712,3.0429736492009134,3,2
compensated,112.5,1.4300495432789564,1.631097248786831,3.0427391491386926,3.0429378050566323,3,2
compensated,112.51,1.428045289201695,1.6310725502815535,3.042754242999113,3.0429378050566323,3,2
compensated,112.52,1.4260410544229907,1.6310479749190545,3.042770503986373,3.041963423127587,3,2
compensated,112.53,1.4240368206684173,1.631023361812621,3.042787395258866,3.041963423127587,3,2
compensated,112.54,1.4220325883890306,1.6309987324370268,3.0428044235731577,3.0439344205432928,3,2
compensated,112.55,1.420028353670866,1.6309734460828222,3.0428366984526067,3.0439344205432928,3,2
compensated,112.56,1.4180241737993362,1.6309485036700238,3.042872873853802,3.041986585078229,3,2
compensated,112.57,1.4160200075313982,1.63092476552485,3.0428806535569235,3.041986585078229,3,2
compensated,112.58,1.414015723877714,1.63090026415127,3.042878138150919,3.044800110093675,3,2
compensated,112.59,1.4120114292884083,1.6308762029947714,3.0428612453929857,3.044800110093675,3,2
compensated,112.6,1.4100070812347738,1.6308517842017942,3.0428408238559217,3.0399224105162546,3,2
compensated,112.61,1.4080027578271541,1.630829064789891,3.0427818926815204,3.0399224105162546,3,2
compensated,112.62,1.4059982580972372,1.6308054884561165,3.042704547280855,3.04607439983685,3,2
compensated,112.63,1.4039936510299293,1.6307790280070704,3.042678975775607,3.04607439983685,3,2
compensated,112.64,1.4019893460361237,1.630753810876404,3.0426951320356954,3.04139318114988,3,2
compensated,112.65,1.3999851889687958,1.6307321045257028,3.042655536339437,3.04139318114988,3,2
compensated,112.66,1.3979807016046872,1.6307099422718423,3.042550479817218,3.043437062713359,3,2
compensated,112.67,1.3959759811756478,1.6306836177908903,3.0425010524149507,3.043437062713359,3,2
compensated,112.68,1.3939716160738485,1.6306578435464028,3.042521715019062,3.044829202550895,3,2
compensated,112.69,1.391967414859447,1.630634869453489,3.0425140613479345,3.044829202550895,3,2
compensated,112.7,1.3899630997903138,1.6306112425647372,3.042495367517078,3.0412441699094828,3,2
compensated,112.71,1.3879587798246336,1.630588413465453,3.0424547599542024,3.0412441699094828,3,2
compensated,112.72,1.385954374086658,1.6305650769101645,3.0424076941448255,3.0438469572866254,3,2
compensated,112.73,1.3839499160531112,1.630539613037291,3.042404554069749,3.0438469572866254,3,2
compensated,112.74,1.3819456810040158,1.6305152988864748,3.0424267456897125,3.0419218444318874,3,2
compensated,112.75,1.379941487420024,1.6304921968548185,3.0424283970764883,3.0419218444318874,3,2
compensated,112.76,1.3779372153762337,1.6304685628895572,3.0424239964829183,3.0395535236873297,3,2
compensated,112.77,1.3759329253529613,1.6304436647902025,3.042447256425309,3.0395535236873297,3,2
compensated,112.78,1.3739287476279296,1.6304194469533064,3.042480373716058,3.04519475236582,3,2
compensated,112.79,1.3719245725030442,1.6303938808864376,3.0425464223407266,3.04519475236582,3,2
compensated,112.8,1.3699205331133206,1.6303690564406335,3.0426257468977242,3.0445216591179074,3,2
compensated,112.81,1.3679165643618973,1.6303469669313677,3.0426500876384197,3.0445216591179074,3,2
compensated,112.82,1.3659122808476887,1.630323993165124,3.042618858894049,3.0419033897090673,3,2
compensated,112.83,1.3639079127155935,1.6303005880549581,3.0425764589431576,3.0419033897090673,3,2
compensated,112.84,1.3619035022247585,1.630276926560279,3.042531724711825,3.042649497424553,3,2
compensated,112.85,1.359899063727918,1.6302517158162253,3.042522020454124,3.042649497424553,3,2
compensated,112.86,1.3578947863703612,1.6302274711645177,3.042527593677364,3.0405659719273244,3,2
compensated,112.87,1.3558905325929298,1.6302039614152115,3.0425205227261523,3.0405659719273244,3,2
compensated,112.88,1.3538862338046505,1.630180139096303,3.042510510156495,3.043762150516735,3,2
compensated,112.89,1.3518819200535233,1.6301550435378533,3.042529533071409,3.043762150516735,3,2
compensated,112.9,1.3498777260800137,1.6301306733362766,3.0425592346054655,3.0428565845148263,3,2
compensated,112.91,1.3478735736467122,1.6301082791898214,3.04254739540466,3.0428565845148263,3,2
compensated,112.92,1.3458692254826592,1.6300848852310792,3.042513322381528,3.042335576628762,3,2
compensated,112.93,1.343864846508835,1.6300608764501074,3.0424881385375993,3.042335576628762,3,2
compensated,112.94,1.3418605002281914,1.630037139969011,3.042464955264649,3.042685635726084,3,2
compensated,112.95,1.3398561566810891,1.6300131846303052,3.0424491475763826,3.042685635726084,3,2
compensated,112.96,1.3378518410833915,1.629989460198356,3.0424349669241755,3.0396422581808187,3,2
compensated,112.97,1.3358475302252408,1.6299660653745294,3.042414034249425,3.0396422581808187,3,2
compensated,112.98,1.3338431958815764,1.6299425337945488,3.0423916063288017,3.0438330224026604,3,2
compensated,112.99,1.3318388345628145,1.6299172410302036,3.042408430467777,3.0438330224026604,3,2
compensated,113.0,1.3298346545294546,1.6298929351981701,3.042444382362299,3.041683722481652,3,2
compensated,113.01,1.3278305257033258,1.6298706890396746,3.0424393490583386,3.041683722481652,3,2
compensated,113.02,1.325826205373748,1.6298474435756194,3.0424127162720134,3.0440643685581845,3,2
compensated,113.03,1.323821842844012,1.6298226475546973,3.0424159029516056,3.0440643685581845,3,2
compensated,113.04,1.3218176056053712,1.6297986188044287,3.0424303474764804,3.040983771257137,3,2
compensated,113.05,1.3198134009406848,1.6297761858726312,3.042411338712683,3.040983771257137,3,2
compensated,113.06,1.3178090514619378,1.6297529308216971,3.042378393812587,3.044420409836812,3,2
compensated,113.07,1.3158046545691033,1.6297277121045068,3.0423851604757233,3.044420409836812,3,2
compensated,113.08,1.3138004445130722,1.6297035129416588,3.0424117027931774,3.0403067095895295,3,2
compensated,113.09,1.3117963231935952,1.6296821583051662,3.042384717069507,3.0403067095895295,3,2
compensated,113.1,1.3097919027484712,1.6296599003927075,3.0423097719567935,3.04296974168623,3,2
compensated,113.11,1.3077873426105113,1.6296345923810662,3.0422817359165557,3.04296974168623,3,2
compensated,113.12,1.3057830396533934,1.629610529956747,3.042284841836095,3.043334499209408,3,2
compensated,113.13,1.3037788118444376,1.6295886312932286,3.042251223462158,3.043334499209408,3,2
compensated,113.14,1.3017744199567147,1.6295658911506679,3.042200455547979,3.0423443658219878,3,2
compensated,113.15,1.2997700099589535,1.6295433173166303,3.042142047301932,3.0423443658219878,3,2
compensated,113.16,1.2977655735641234,1.629520646161418,3.0420819774473036,3.039343510036012,3,2
compensated,113.17,1.2957611098632662,1.6294965812935294,3.0420542648810422,3.039343510036012,3,2
compensated,113.18,1.2937567956535396,1.6294734796645334,3.0420393743576355,3.039719474409413,3,2
compensated,113.19,1.291752477541137,1.6294488563885667,3.0420634677295673,3.039719474409413,3,2
compensated,113.2,1.2897483381331232,1.6294252034698395,3.0421063158192156,3.046329968049063,3,2
compensated,113.21,1.287744222491265,1.6294020216711482,3.0421422157178104,3.046329968049063,3,2
compensated,113.22,1.285740081345335,1.6293785940033751,3.0421765495289153,3.0409183011264407,3,2
compensated,113.23,1.2837360141135363,1.6293579059085133,3.042154033328347,3.0409183011264407,3,2
compensated,113.24,1.2817316032304222,1.6293368957766603,3.0420582403935534,3.039801108254869,3,2
compensated,113.25,1.2797269569083602,1.62931176462898,3.0420151882203568,3.039801108254869,3,2
compensated,113.26,1.2777226326841067,1.629287733881373,3.0420215839825038,3.040890868181611,3,2
compensated,113.27,1.275718399185638,1.629263994087373,3.042044931733097,3.040890868181611,3,2
compensated,113.28,1.2737142323198425,1.6292407109253848,3.0420726043567385,3.04232307050785,3,2
compensated,113.29,1.2717100747642918,1.6292181822663068,3.0420824518757903,3.04232307050785,3,2
compensated,113.3,1.2697058488492132,1.6291951603034485,3.042087379012365,3.0422785943642623,3,2
compensated,113.31,1.2677016234376788,1.6291730062555978,3.042069464380603,3.0422785943642623,3,2
compensated,113.32,1.265697307964623,1.6291502764839358,3.042044692920716,3.0447864142992502,3,2
compensated,113.33,1.2636929859148525,1.6291278133998137,3.0420119673733073,3.0447864142992502,3,2
compensated,113.34,1.2616886358399477,1.6291051989403096,3.0419774950716736,3.042351857852153,3,2
compensated,113.35,1.2596843121176757,1.629084188505066,3.041907528821305,3.042351857852153,3,2
compensated,113.36,1.257679829734129,1.6290624119674164,3.04182188216043,3.0449832874042837,3,2
compensated,113.37,1.2556752895666963,1.6290389888452825,3.041768859506952,3.0449832874042837,3,2
compensated,113.38,1.2536709100204448,1.6290166398056778,3.0417289727272614,3.0405688032031986,3,2
compensated,113.39,1.2516665848248454,1.628996222293305,3.041652476602775,3.0405688032031986,3,2
compensated,113.4,1.2496620944538495,1.6289750428847274,3.041559131491963,3.0419377832590415,3,2
compensated,113.41,1.2476574964015292,1.6289511504757974,3.0415150908629784,3.0419377832590415,3,2
compensated,113.42,1.2456531835845457,1.628928610881522,3.041506082231704,3.0397618147721497,3,2
compensated,113.43,1.2436489366530368,1.6289071903837784,3.0414862300073984,3.0397618147721497,3,2
compensated,113.44,1.2416446536613628,1.6288855533068527,3.041463910152267,3.041326077883438,3,2
compensated,113.45,1.2396403536526484,1.6288626324727182,3.0414714920641837,3.041326077883438,3,2
compensated,113.46,1.2376361801872242,1.628840484076692,3.041490275873303,3.0445091164803815,3,2
compensated,113.47,1.235632030366598,1.6288194886920577,3.0414847350754433,3.0445091164803815,3,2
compensated,113.48,1.23362778318792,1.6287978666742196,3.041471341462578,3.0409066895500967,3,2
compensated,113.49,1.2316235628131629,1.6287780498363196,3.0414160726386474,3.0409066895500967,3,2
compensated,113.5,1.2296191417015336,1.628757308735894,3.0413383670829166,3.0395858780951484,3,2
compensated,113.51,1.227614601371425,1.6287335787300359,3.0413131668662174,3.0395858780951484,3,2
compensated,113.52,1.2256103717855646,1.6287110518960157,3.041332241762469,3.0400899075993024,3,2
compensated,113.53,1.2236062151156646,1.6286884804789379,3.0413714706401453,3.0400899075993024,3,2
compensated,113.54,1.221602137061407,1.6286664109147084,3.0414163073881904,3.04104749736198,3,2
compensated,113.55,1.2195980657297762,1.6286446895286975,3.041452529830422,3.04104749736198,3,2
compensated,113.56,1.2175939619906029,1.628622667424763,3.0414868381041136,3.0388765690736754,3,2
compensated,113.57,1.2155898562946041,1.6286011859626508,3.0415054897442535,3.0388765690736754,3,2
compensated,113.58,1.213585690626834,1.6285792452194172,3.04152008765991,3.0415967470738767,3,2
compensated,113.59,1.2115815051687013,1.628555779547073,3.0415676041158624,3.0415967470738767,3,2
compensated,113.6,1.2095774576823257,1.628533078730252,3.0416285098118525,3.040933065256385,3,2
compensated,113.61,1.2075734434714216,1.6285120822511865,3.041652526927365,3.040933065256385,3,2
compensated,113.62,1.205569263754312,1.6284900963633038,3.0416594550605267,3.0403216731165976,3,2
compensated,113.63,1.2035650589281424,1.6284674533358077,3.0416761530873067,3.0403216731165976,3,2
compensated,113.64,1.2015608875934856,1.6284450263036838,3.0416950373429716,3.0420133920457406,3,2
compensated,113.65,1.1995567176656396,1.6284222267820623,3.041723097380101,3.0420133920457406,3,2
compensated,113.66,1.1975525794383968,1.6283996189251622,3.0417531817853716,3.04357830309241,3,2
compensated,113.67,1.1955484605011595,1.6283784654171827,3.0417493550152734,3.04357830309241,3,2
compensated,113.68,1.1935441932582036,1.6283564399283659,3.0417312517228887,3.041652641163399,3,2
compensated,113.69,1.1915399190924238,1.6283352774370683,3.0416886207052944,3.041652641163399,3,2
compensated,113.7,1.1895355458513506,1.6283135425228208,3.0416381561177945,3.044493761486038,3,2
compensated,113.71,1.1875311472170296,1.6282906176391347,3.041614554862478,3.044493761486038,3,2
compensated,113.72,1.1855268645006878,1.6282684647585155,3.041600327170594,3.044322810457942,3,2
compensated,113.73,1.1835226266953593,1.6282482037940738,3.0415475384449557,3.044322810457942,3,2
compensated,113.74,1.1815182118011278,1.6282270823961937,3.0414761693672223,3.040103630042239,3,2
compensated,113.75,1.1795138009779031,1.6282072204794993,3.0413729007626826,3.040103630042239,3,2
compensated,113.76,1.1775092491407901,1.6281866968263685,3.0412573431276573,3.0409185583983334,3,2
compensated,113.77,1.175504586718555,1.6281635659705778,3.0411895755524934,3.0409185583983334,3,2
compensated,113.78,1.1735002069006244,1.6281419022255936,3.041153628610343,3.0405759774387704,3,2
compensated,113.79,1.1714958987069175,1.6281215715945625,3.0411031241564555,3.0405759774387704,3,2
compensated,113.8,1.1694915397368368,1.6281009902503802,3.0410488489299805,3.0424028264153877,3,2
compensated,113.81,1.16748717704197,1.6280803318086572,3.040997762742814,3.0424028264153877,3,2
compensated,113.82,1.1654828289299155,1.6280598589108473,3.040947388009217,3.041615480049799,3,2
compensated,113.83,1.163478478577809,1.6280388736282458,3.0409122485260487,3.041615480049799,3,2
compensated,113.84,1.1614741893019471,1.6280183654403104,3.040881002972443,3.0399995466963556,3,2
compensated,113.85,1.1594699043932921,1.6279975122831756,3.0408613973168026,3.0399995466963556,3,2
compensated,113.86,1.1574656640457635,1.6279770130405207,3.0408443580118947,3.0419245960374504,3,2
compensated,113.87,1.1554614198828363,1.627955613722507,3.0408506494943035,3.0419245960374504,3,2
compensated,113.88,1.1534572691308975,1.6279348250778938,3.0408641084439374,3.0386620290477495,3,2
compensated,113.89,1.151453142496829,1.6279153448237327,3.0408489549796647,3.0386620290477495,3,2
compensated,113.9,1.1494488960444833,1.6278951475738705,3.040823357036827,3.0394365311920772,3,2
compensated,113.91,1.1474446037056634,1.6278729633412874,3.0408387842763616,3.0394365311920772,3,2
compensated,113.92,1.145440506970007,1.6278517928184426,3.0408757260594435,3.0433752774740395,3,2
compensated,113.93,1.1434364440047893,1.6278317127636708,3.040892388542607,3.0433752774740395,3,2
compensated,113.94,1.1414323023283657,1.6278110723581158,3.040903119084271,3.039971634102227,3,2
compensated,113.95,1.1394281997975404,1.6277925345193123,3.0408663332140335,3.039971634102227,3,2
compensated,113.96,1.1374238533747154,1.6277729769876195,3.0407983060991244,3.039743440563404,3,2
compensated,113.97,1.135419412173884,1.6277510285456844,3.0407721754304506,3.039743440563404,3,2
compensated,113.98,1.1334151871229141,1.6277302539620895,3.0407689621091536,3.0379461914883956,3,2
compensated,113.99,1.1314109971515167,1.6277097499557702,3.0407684454039883,3.0379461914883956,3,2
compensated,114.0,1.12940681865945,1.6276893379355049,3.0407684844193996,3.0397047995930127,3,2
compensated,114.01,1.1274026156824948,1.627667091475035,3.0408094375767485,3.0397047995930127,3,2
compensated,114.02,1.1253986020737696,1.6276457963801017,3.0408716239008555,3.0397102067329644,3,2
compensated,114.03,1.123394622056398,1.627625795319438,3.0409076980238128,3.0397102067329644,3,2
compensated,114.04,1.121390535326058,1.6276050416027972,3.040934771396368,3.0424190219904563,3,2
compensated,114.05,1.1193864345877107,1.6275841363196801,3.0409609178962143,3.0424190219904563,3,2
compensated,114.06,1.1173823284972482,1.627563146392768,3.0409868734875993,3.043617307318753,3,2
compensated,114.07,1.1153782444473415,1.6275437381247215,3.0409758110078946,3.043617307318753,3,2
compensated,114.08,1.1133739924641246,1.6275234036300752,3.040947661008941,3.042536844744207,3,2
compensated,114.09,1.1113697335957835,1.627503989472654,3.0408933450119036,3.042536844744207,3,2
compensated,114.1,1.1093653666823762,1.6274839847827347,3.040830212962055,3.040604359701047,3,2
compensated,114.11,1.1073609828545203,1.6274633261011773,3.040782721074652,3.040604359701047,3,2
compensated,114.12,1.1053566629071194,1.6274431766393795,3.0407393120264223,3.0402230658096077,3,2
compensated,114.13,1.1033523354056203,1.627422002271252,3.0407231543968236,3.0402230658096077,3,2
compensated,114.14,1.1013481252777906,1.627401594491039,3.040716541056176,3.0396339816896703,3,2
compensated,114.15,1.0993439280585042,1.627381130690896,3.0407152202878427,3.0396339816896703,3,2
compensated,114.16,1.0973397509826,1.6273608186078328,3.040715054094136,3.0383149384303136,3,2
compensated,114.17,1.0953355781643155,1.6273409201976305,3.040705163740349,3.0383149384303136,3,2
compensated,114.18,1.0933313701881575,1.6273207824735152,3.0406931218926183,3.040312862641075,3,2
compensated,114.19,1.0913271531548323,1.6272998577661941,3.0406997665245354,3.040312862641075,3,2
compensated,114.2,1.0893230086228471,1.6272794166988334,3.0407116577502444,3.0394483264575847,3,2
compensated,114.21,1.0873188874290358,1.6272603234357041,3.0406935687371797,3.0394483264575847,3,2
compensated,114.22,1.0853146392028254,1.6272404836253553,3.040664212165268,3.0382299281751033,3,2
compensated,114.23,1.0833103731668996,1.627220045825372,3.040647003185867,3.0382299281751033,3,2
compensated,114.24,1.0813061526415417,1.6271999592064608,3.04063252733592,3.041941129797042,3,2
compensated,114.25,1.0793019191792723,1.6271784931321012,3.0406513732685827,3.041941129797042,3,2
compensated,114.26,1.0772978307086578,1.6271578634255104,3.0406839095293425,3.04500903624961,3,2
compensated,114.27,1.0752938001706205,1.627139485726568,3.040670607550655,3.04500903624961,3,2
compensated,114.28,1.0732895409041072,1.6271200543649118,3.0406290881601388,3.0389866814856,3,2
compensated,114.29,1.0712852846882175,1.6271021420844298,3.040546480488349,3.0389866814856,3,2
compensated,114.3,1.06928083168895,1.627083359997207,3.0404427830672707,3.0443262625901824,3,2
compensated,114.31,1.0672762280651105,1.6270613011320796,3.0403948659257454,3.0443262625901824,3,2
compensated,114.32,1.0652719782051898,1.6270401974374225,3.040406823178015,3.040549728039533,3,2
compensated,114.33,1.063267909534387,1.627022708532508,3.040369596922094,3.040549728039533,3,2
compensated,114.34,1.0612635822087981,1.627004301108349,3.040295542461383,3.042933157125102,3,2
compensated,114.35,1.0592591385494363,1.6269831999680502,3.0402666425580884,3.042933157125102,3,2
compensated,114.36,1.0572549382093115,1.6269633446383804,3.040265115877603,3.0388089696322425,3,2
compensated,114.37,1.055250805166998,1.6269454148817655,3.0402301430774887,3.0388089696322425,3,2
compensated,114.38,1.0532465261985848,1.6269267138037922,3.040181061379776,3.0405753535012554,3,2
compensated,114.39,1.051242170211094,1.6269055501714575,3.0401796936913716,3.0405753535012554,3,2
compensated,114.4,1.0492380703111601,1.6268855576490968,3.0402102694902804,3.04124237704038,3,2
compensated,114.41,1.0472340292805935,1.626867131280735,3.0402147532502353,3.04124237704038,3,2
compensated,114.42,1.0452298819935888,1.6268480303855273,3.040210163544805,3.0388386315046674,3,2
compensated,114.43,1.0432257235826161,1.626829020053808,3.040200256618728,3.0388386315046674,3,2
compensated,114.44,1.0412215455074,1.6268098807254028,3.040189188629125,3.038486629731363,3,2
compensated,114.45,1.0392173482747658,1.6267893048690472,3.040211174927382,3.038486629731363,3,2
compensated,114.46,1.0372132940428234,1.6267695480205142,3.0402466471977223,3.037926400462892,3,2
compensated,114.47,1.0352092559140447,1.6267497034356755,3.0402874194837404,3.037926400462892,3,2
compensated,114.48,1.0332052354733028,1.626729928882831,3.040329342015133,3.0390896191146277,3,2
compensated,114.49,1.0312012138163777,1.6267097392712768,3.0403799580098094,3.0390896191146277,3,2
compensated,114.5,1.0291972206760722,1.626689682430074,3.0404324932818905,3.039493143516996,3,2
compensated,114.51,1.0271932816552813,1.6266720109118646,3.040433544806797,3.039493143516996,3,2
compensated,114.52,1.0251890640212598,1.6266532755004948,3.040393942543905,3.040606898752479,3,2
compensated,114.53,1.0231847906551081,1.6266343573288633,3.040345105065572,3.040606898752479,3,2
compensated,114.54,1.0211804828081938,1.6266152609751514,3.040294303962475,3.042484297476225,3,2
compensated,114.55,1.019176185218949,1.626597033802335,3.040224231438988,3.042484297476225,3,2
compensated,114.56,1.0171718134865695,1.6265784368764942,3.040148701829108,3.041386684421232,3,2
compensated,114.57,1.0151674622125895,1.6265611611369906,3.0400440563065056,3.041386684421232,3,2
compensated,114.58,1.0131629848992305,1.6265433097229138,3.0399287453504793,3.039187579866846,3,2
compensated,114.59,1.0111584394452398,1.62652381770472,3.0398460857863516,3.039187579866846,3,2
compensated,114.6,1.0091540698100194,1.6265055507447037,3.039776486089656,3.037211569954927,3,2
compensated,114.61,1.0071497018920548,1.6264863263711655,3.039736919759857,3.037211569954927,3,2
compensated,114.62,1.005145476134956,1.6264680539698515,3.0397084933632423,3.0423686313635177,3,2
compensated,114.63,1.003141254851057,1.626448851992587,3.0397074405235847,3.0423686313635177,3,2
compensated,114.64,1.001137149746052,1.6264303833872271,3.0397159670495886,3.0384663406603085,3,2
compensated,114.65,0.9991331324039325,1.6264146641773352,3.0396705820994745,3.0384663406603085,3,2
compensated,114.66,0.9971288089883512,1.6263980864904766,3.0395762768001218,3.04245047617657,3,2
compensated,114.67,0.9951243420082948,1.6263787405388186,3.0395238937853755,3.04245047617657,3,2
compensated,114.68,0.9931201025680438,1.6263606598403473,3.0394947650041755,3.0396296719245015,3,2
compensated,114.69,0.9911159650591091,1.6263452889857022,3.03941786884266,3.0396296719245015,3,2
compensated,114.7,0.9891115794030593,1.6263290267598556,3.0393085171564995,3.0354969683633453,3,2
compensated,114.71,0.9871070877898838,1.6263106247514765,3.0392352100191116,3.0354969683633453,3,2
compensated,114.72,0.9851027890550497,1.6262934556316513,3.0391782481231555,3.0407064143713214,3,2
compensated,114.73,0.9830984593622344,1.6262743447799433,3.039168982424942,3.0407064143713214,3,2
compensated,114.74,0.9810943901406584,1.6262564717018642,3.039190896226249,3.0404297631469017,3,2
compensated,114.75,0.9790903964339084,1.6262406965473,3.039176088783992,3.0404297631469017,3,2
compensated,114.76,0.9770862361651739,1.6262240378297574,3.039144145071172,3.036941096534652,3,2
compensated,114.77,0.975082052470096,1.6262070581377026,3.0391156387064724,3.036941096534652,3,2
compensated,114.78,0.9730778823731836,1.6261902156159747,3.039087918924091,3.037899272464159,3,2
compensated,114.79,0.9710736746693887,1.6261714352989265,3.0391033392034204,3.037899272464159,3,2
compensated,114.8,0.9690696803319849,1.6261537137552082,3.0391429785053368,3.0384647853616835,3,2
compensated,114.81,0.9670657228486372,1.6261369128699839,3.0391671564586282,3.0384647853616835,3,2
compensated,114.82,0.9650617064820625,1.6261196665196596,3.0391872651748026,3.0423925353543897,3,2
compensated,114.83,0.9630576916582937,1.6261032188565676,3.039185704238652,3.0423925353543897,3,2
compensated,114.84,0.9610535900530635,1.6260861928332224,3.03917775882111,3.04009692958254,3,2
compensated,114.85,0.9590495346096661,1.6260712961286647,3.0391223661960276,3.04009692958254,3,2
compensated,114.86,0.9570452335658071,1.6260554217527563,3.039035882889419,3.0411194708836593,3,2
compensated,114.87,0.9550408517722159,1.6260377747342418,3.0389803589160262,3.0411194708836593,3,2
compensated,114.88,0.9530366213905318,1.6260211352129077,3.038936797819698,3.0386808454599796,3,2
compensated,114.89,0.9510424605575699,1.626005099661258,3.03887691795273,3.0386808454599796,3,2
compensated,114.9,0.9490528286983192,1.6259891582981985,3.0388130705782,3.037357006198497,3,2
compensated,114.91,0.9470770563218237,1.6259711452664765,3.0387829663719255,3.037357006198497,3,2
compensated,114.92,0.9451120699674365,1.6259547517843829,3.0387672274963955,3.038649354004992,3,2
compensated,114.93,0.9431605351076551,1.625936850762792,3.038784734991576,3.038649354004992,3,2
compensated,114.94,0.9412185516952466,1.6259203716764439,3.038815788995618,3.0380056568851064,3,2
compensated,114.95,0.9392906683043583,1.6259044079662863,3.038827248537307,3.0380056568851064,3,2
compensated,114.96,0.9373736478657517,1.6258884876928956,3.038833944180879,3.0380956213903154,3,2
compensated,114.97,0.9354707400472991,1.625871704298466,3.0388508271811268,3.0380956213903154,3,2
compensated,114.98,0.9335788190766083,1.6258557273990268,3.0388708435182004,3.0376447087597267,3,2
compensated,114.99,0.9317010526728157,1.6258394316405087,3.0388892859412158,3.0376447087597267,3,2
compensated,115.0,0.9298342359669992,1.6258236400434698,3.0389083130285806,3.041758686228073,3,2
compensated,115.01,0.9279788011453138,1.6258075851542522,3.0389273651191595,3.041758686228073,3,2
compensated,115.02,0.9261291971592454,1.6257919549407778,3.038946944506681,3.03950396735366,3,2
compensated,115.03,0.9242938103955345,1.6257779744427228,3.0389181844590256,3.03950396735366,3,2
compensated,115.04,0.9224691223053818,1.6257635553915044,3.0388573451036343,3.036982131999511,3,2
compensated,115.05,0.9206585738340962,1.625747002175903,3.038828098591232,3.036982131999511,3,2
compensated,115.06,0.9188590661934107,1.6257319861151247,3.0388113334058104,3.0376461597093085,3,2
compensated,115.07,0.9170738100020666,1.6257153272181266,3.0388296792390426,3.0376461597093085,3,2
compensated,115.08,0.9152996346586245,1.6257001403597358,3.038862851118237,3.03967358547089,3,2
compensated,115.09,0.9135399694664288,1.6256848173263503,3.0388918379481904,3.03967358547089,3,2
compensated,115.1,0.9117919115608135,1.6256699380331383,3.038920915858367,3.0400332274835504,3,2
compensated,115.11,0.9100581960343423,1.6256557925911113,3.0389202132118847,3.0400332274835504,3,2
compensated,115.12,0.908335359372949,1.6256415071430148,3.038909648930996,3.0416724276053326,3,2
compensated,115.13,0.9066268587113825,1.6256269947726878,3.038892267515339,3.0416724276053326,3,2
compensated,115.14,0.904929280250965,1.6256129325023394,3.038874484259046,3.0398307888821803,3,2
compensated,115.15,0.9032460701037335,1.6255994604491502,3.038831348616499,3.0398307888821803,3,2
compensated,115.16,0.9015736672727677,1.6255860430064568,3.0387811131299642,3.040301755926265,3,2
compensated,115.17,0.8999170996115697,1.6255701437043388,3.038774623898799,3.040301755926265,3,2
compensated,115.18,0.8982831560738209,1.6255559420119292,3.0387919666795344,3.0371506449167285,3,2
compensated,115.19,0.8966640641693151,1.6255421551546592,3.0388014918302906,3.0371506449167285,3,2
compensated,115.2,0.8950560440471087,1.6255287802348035,3.0388103713490677,3.038873886359653,3,2
compensated,115.21,0.8934625304365496,1.6255133404139763,3.038861167082571,3.038873886359653,3,2
compensated,115.22,0.8918802400204064,1.6254994152181204,3.038932332170729,3.0397245039909073,3,2
compensated,115.23,0.8903124513251688,1.625486098910708,3.0389773573789935,3.0397245039909073,3,2
compensated,115.24,0.8887554480983917,1.6254727056781204,3.039014877831398,3.039828548793478,3,2
compensated,115.25,0.8872144493456859,1.6254591581978672,3.039038505353773,3.039828548793478,3,2
compensated,115.26,0.8856946433269409,1.6254458228941153,3.0390607086005716,3.0397009626811338,3,2
compensated,115.27,0.8841896954804944,1.6254323586290997,3.039080380879253,3.0397009626811338,3,2
compensated,115.28,0.8826958207859169,1.625419416361519,3.0391005220989995,3.038194684665531,3,2
compensated,115.29,0.8812165928679303,1.6254060175484557,3.039121714368562,3.038194684665531,3,2
compensated,115.3,0.8797483870954681,1.6253932137610954,3.0391440879053393,3.039191654679641,3,2
compensated,115.31,0.8782948191868174,1.6253792459141778,3.0391889339878664,3.039191654679641,3,2
compensated,115.32,0.8768521898999853,1.6253663062388584,3.0392404883415027,3.0392886940712893,3,2
compensated,115.33,0.8754204982760367,1.625353871230695,3.039269361690716,3.0392886940712893,3,2
compensated,115.34,0.8739934896429106,1.6253413218106307,3.0392925894176948,3.0385019392539494,3,2
compensated,115.35,0.8725811173862209,1.625328341401893,3.03931266850012,3.0385019392539494,3,2
compensated,115.36,0.8711795374764987,1.6253158684741513,3.0393331337321206,3.038426999977144,3,2
compensated,115.37,0.8697926295910695,1.6253026234083996,3.039364994818917,3.038426999977144,3,2
compensated,115.38,0.8684164868209094,1.6252901745165307,3.0393999500313824,3.0375390034784573,3,2
compensated,115.39,0.867055065305306,1.6252773180425282,3.03943443209058,3.0375390034784573,3,2
compensated,115.4,0.8657044471286585,1.6252650111348363,3.039469783848917,3.0369408521422496,3,2
compensated,115.41,0.8643685906583769,1.6252518806191576,3.0395180548757845,3.0369408521422496,3,2
compensated,115.42,0.8630435726905541,1.625239553801742,3.0395696617282986,3.0377369537956165,3,2
compensated,115.43,0.8617341630150044,1.6252258830540725,3.039648577660823,3.0377369537956165,3,2
compensated,115.44,0.8604384758174224,1.6252133151474324,3.039736394248658,3.0373311142692883,3,2
compensated,115.45,0.8591576585575887,1.6252007481384028,3.03981000729087,3.0373311142692883,3,2
compensated,115.46,0.857887737738745,1.6251884209533976,3.0398815333073,3.038102630378461,3,2
compensated,115.47,0.8566327051656122,1.6251754571763293,3.039958409139109,3.038102630378461,3,2
compensated,115.48,0.8553885781244001,1.625163114368,3.04003718057063,3.0388388276941383,3,2
compensated,115.49,0.8541593307459276,1.6251507098692741,3.0401017901298966,3.0388388276941383,3,2
compensated,115.5,0.8529408676636487,1.6251385713923048,3.0401643958109212,3.0396348313112203,3,2
compensated,115.51,0.851738609280676,1.625126760757724,3.040197645306793,3.0396348313112203,3,2
compensated,115.52,0.8505532332876318,1.6251150361953737,3.040222983702831,3.040750205418302,3,2
compensated,115.53,0.8493829364342845,1.62510339914855,3.040233046167217,3.040750205418302,3,2
compensated,115.54,0.8482236508264349,1.6250920957130994,3.0402408696793444,3.039025291692174,3,2
compensated,115.55,0.8470794163071071,1.6250809700961257,3.040228512944118,3.039025291692174,3,2
compensated,115.56,0.8459461304661124,1.6250701217597425,3.0402123667727534,3.042405653558541,3,2
compensated,115.57,0.8448279243156127,1.6250581969064815,3.040220929770325,3.042405653558541,3,2
compensated,115.58,0.8437206845341612,1.6250473292284542,3.040236529642749,3.039929351433811,4,2
compensated,115.59,0.8426102948497383,1.625036948097524,3.040238597522213,3.039929351433811,4,2
compensated,115.6,0.841499339131706,1.6250262459455196,3.0402381519327406,3.0404734729791345,4,2
compensated,115.61,0.8404049551038377,1.6250139521976745,3.040272948622295,3.0404734729791345,4,2
compensated,115.62,0.8393417656100953,1.6250027089513357,3.040321912328165,3.038682242114813,4,2
compensated,115.63,0.8382976632869563,1.6249917338029847,3.0403606522009596,3.038682242114813,4,2
compensated,115.64,0.8372845825334697,1.6249810158348836,3.0403999893943903,3.03775275430246,4,2
compensated,115.65,0.8362906627779414,1.6249695859295539,3.0404664873537577,3.03775275430246,4,2
compensated,115.66,0.8353278340556207,1.6249589939652493,3.040542159267437,3.0398903306109677,4,2
compensated,115.67,0.8343841861848459,1.6249479957544315,3.040633179429915,3.0398903306109677,4,2
compensated,115.68,0.8334715599847226,1.624937633462364,3.0407291839858805,3.040866743488812,4,2
compensated,115.69,0.8325780720395615,1.6249279933634029,3.0407922545056985,3.040866743488812,4,2
compensated,115.7,0.8317154461501451,1.6249183299035763,3.0408468805260824,3.041662372862959,4,2
compensated,115.71,0.8308720098178402,1.6249089957198959,3.040884054152676,3.041662372862959,4,2
compensated,115.72,0.8300594587612562,1.6248999192196805,3.0409199209831814,3.038717917958273,4,2
compensated,115.73,0.8292561932969995,1.624891493238928,3.040940308182035,3.038717917958273,4,2
compensated,115.74,0.8284545738530835,1.6248830562061176,3.040957866622816,3.0407158801943996,4,2
compensated,115.75,0.8276530069736305,1.6248737753242222,3.041012032693834,3.0407158801943996,4,2
compensated,115.76,0.8268515424760734,1.6248649077230235,3.0410785699303964,3.0392693191256352,4,2
compensated,115.77,0.8260500263985147,1.6248567443286377,3.0411114853414953,3.0392693191256352,4,2
compensated,115.78,0.8252484202680564,1.6248481367076604,3.041134214082893,3.0407170498438987,4,2
compensated,115.79,0.8244468441980353,1.6248390803659578,3.041176737178225,3.0407170498438987,4,2
compensated,115.8,0.8236453121023477,1.6248302304579683,3.041223371255123,3.0387108448681435,4,2
compensated,115.81,0.8228521183982298,1.6248217765503226,3.0412440164984402,3.0387108448681435,4,2
compensated,115.82,0.8220612252368158,1.6248132342793395,3.0412583511485978,3.039016852703675,4,2
compensated,115.83,0.8212764134826355,1.6248038883909157,3.041304363840564,3.039016852703675,4,2
compensated,115.84,0.8204929815270403,1.6247950623130345,3.0413595424948876,3.040124965318987,4,2
compensated,115.85,0.8197247654223185,1.6247860292677367,3.0414065143414017,3.040124965318987,4,2
compensated,115.86,0.8189666194307152,1.6247774424366268,3.0414531435053864,3.0404199701045904,4,2
compensated,115.87,0.8182238695840534,1.6247689321056802,3.0414789994081377,3.0404199701045904,4,2
compensated,115.88,0.8174916013013638,1.6247607547966672,3.041501342120653,3.0433921947494227,4,2
compensated,115.89,0.8167749716739052,1.6247524021428192,3.0415155851866156,3.0433921947494227,4,2
compensated,115.9,0.8160693502412562,1.62474455086762,3.0415296408408836,3.0391749382893014,4,2
compensated,115.91,0.8153794184611689,1.6247372892819778,3.0415000787765303,3.0391749382893014,4,2
compensated,115.92,0.8147005265376814,1.6247301291973437,3.041453041079269,3.0414065082911765,4,2
compensated,115.93,0.8140188515441342,1.6247214959315064,3.041465540579901,3.0414065082911765,4,2
compensated,115.94,0.8133370529303581,1.6247135567879623,3.041524847908559,3.0428337529978524,4,2
compensated,115.95,0.81267075673536,1.6247060374272386,3.0415488346402038,3.0428337529978524,4,2
compensated,115.96,0.81201495658989,1.6246987239853552,3.041562221713797,3.0443961222615794,4,2
compensated,115.97,0.8113746915170746,1.6246915801029083,3.0415503353985263,3.0443961222615794,4,2
compensated,115.98,0.8107449138547034,1.6246847884474545,3.0415334311809397,3.0431107671877227,4,2
compensated,115.99,0.8101309689284812,1.6246781065227491,3.041489417595603,3.0431107671877227,4,2
compensated,116.0,0.8095282108281503,1.6246717443290861,3.041439631878623,3.0450131771975935,4,2
compensated,116.01,0.8089427071704576,1.6246643747764855,3.0414218237615662,3.0450131771975935,4,2
compensated,116.02,0.8083851259335593,1.6246581138128997,3.0414148322750894,3.0420980096464145,4,2
compensated,116.03,0.8078448869503962,1.6246522666546213,3.0413765523389324,3.0420980096464145,4,2
compensated,116.04,0.8073170216353001,1.6246467527147885,3.0413306342160524,3.0413655808409725,4,2
compensated,116.05,0.8068056567873672,1.6246402063925207,3.041325405333583,3.0413655808409725,4,2
compensated,116.06,0.8063070648952153,1.624634754652598,3.0413351266694395,3.0430839800330007,4,2
compensated,116.07,0.8058248927735013,1.624628862103732,3.0413548426999517,3.0430839800330007,4,2
compensated,116.08,0.8053550335714779,1.624623617363422,3.0413770589281817,3.041208556041213,4,2
compensated,116.09,0.8049024928292363,1.6246185120951122,3.041365500238932,3.041208556041213,4,2
compensated,116.1,0.8044723115084298,1.6246138743079115,3.0413461579231784,3.040964618884683,4,2
compensated,116.11,0.8040590440148334,1.624608638915209,3.0413543597607786,3.040964618884683,4,2
compensated,116.12,0.8036593959526174,1.6246042019147326,3.0413697537151205,3.0376621214162807,4,2
compensated,116.13,0.8032766317833866,1.624599465286375,3.041386174890214,3.0376621214162807,4,2
compensated,116.14,0.8029076969666851,1.624595331224365,3.0414039880505124,3.0409639800193524,4,2
compensated,116.15,0.8025557782211445,1.6245903235416612,3.0414668291726805,3.0409639800193524,4,2
compensated,116.16,0.802217711327895,1.6245860972212027,3.0415471581601476,3.0421901117478445,4,2
compensated,116.17,0.8018971149866085,1.6245819818974643,3.041590523219618,3.0421901117478445,4,2
compensated,116.18,0.8016070097047435,1.6245782985028259,3.041624715541833,3.0395429221330605,4,2
compensated,116.19,0.8013364667811185,1.624574830553096,3.0416360288229414,3.0395429221330605,4,2
compensated,116.2,0.8010964152460498,1.6245718799313504,3.041645317551083,3.041079063176043,4,2
compensated,116.21,0.8008761242339792,1.62456850357827,3.0416928525933042,3.041079063176043,4,2
compensated,116.22,0.8006805430931079,1.6245658422550686,3.0417530685844283,3.045001026922261,4,2
compensated,116.23,0.8005029599124451,1.6245632543591022,3.041785609862999,3.045001026922261,4,2
compensated,116.24,0.8003503293478258,1.6245612428538025,3.041813916504367,3.04138597630393,4,2
compensated,116.25,0.8002157715258733,1.624559359091614,3.041805451141254,3.04138597630393,4,2
compensated,116.26,0.8001115657463567,1.6245580128575945,3.041788592947566,3.04330585632899,4,2
compensated,116.27,0.8000272802408579,1.6245563815786381,3.0418212121289283,3.04330585632899,4,2
compensated,116.28,0.799973473659455,1.6245552480555503,3.041875356308372,3.0387620280097067,4,2
compensated,116.29,0.7999393698897534,1.6245543405875338,3.041896993262085,3.0387620280097067,4,2
compensated,116.3,0.7999356888474518,1.624553916339004,3.0419105739626406,3.0400557352443762,4,2
compensated,116.31,0.7999352196223553,1.6245523126745367,3.0419789989188106,3.0400557352443762,4,2
compensated,116.32,0.7999351395815488,1.6245498626214292,3.042072658848442,3.0445170144357627,4,2
compensated,116.33,0.799917301267381,1.6245484948032596,3.0421471406801848,3.0445170144357627,4,2
compensated,116.34,0.7998835458905575,1.6245470468756542,3.042218854086614,3.0419519301277607,4,2
compensated,116.35,0.7998677899049969,1.624546191696227,3.0422384977820567,3.0419519301277607,4,2
compensated,116.36,0.7998676163225149,1.6245457122939309,3.042218219019652,3.042864645811661,4,2
compensated,116.37,0.7998676003439864,1.6245452333757813,3.0422347279849093,3.042864645811661,4,2
compensated,116.38,0.7998675771151165,1.6245444891127137,3.042263168076507,3.041064967693451,4,2
compensated,116.39,0.7998675676683428,1.6245441698111884,3.042273352032949,3.041064967693451,4,2
compensated,116.4,0.7998675616380619,1.6245439342034989,3.042282342007962,3.046026283470473,4,2
compensated,116.41,0.7998675370895701,1.624543144253646,3.042315289449345,3.046026283470473,4,2
compensated,116.42,0.7998675074078945,1.6245422049766933,3.0423511848846077,3.0418813963744133,4,2
compensated,116.43,0.7998494964813959,1.6245421443481012,3.042349035062988,3.0418813963744133,4,2
compensated,116.44,0.7998093608115557,1.6245416736324798,3.0423340112583306,3.046783138294723,4,2
compensated,116.45,0.7997514526805818,1.6245411863999821,3.042370986641177,3.046783138294723,4,2
compensated,116.46,0.7996715310756349,1.624540060458689,3.0424307212399118,3.041132421348908,4,2
compensated,116.47,0.7995735192649289,1.624539353923714,3.042428542212471,3.041132421348908,4,2
compensated,116.48,0.7994531120617075,1.6245378542786866,3.0423848084711573,3.0401731619986947,4,2
compensated,116.49,0.799326746373768,1.6245360672081732,3.042403017143856,3.0401731619986947,4,2
compensated,116.5,0.7991995338798412,1.6245342252031958,3.042466495774632,3.040976709299356,4,2
compensated,116.51,0.7990901183829872,1.6245322556399344,3.0425120686467126,3.040976709299356,4,2
compensated,116.52,0.799011086675949,1.6245309097476972,3.042557158948993,3.0407446548133947,4,2
compensated,116.53,0.7989517908290389,1.6245296373464155,3.0425864104156606,3.0407446548133947,4,2
compensated,116.54,0.798922826551208,1.6245289265902287,3.0426156605758528,3.044705313161373,4,2
compensated,116.55,0.7989121296125573,1.624528090428714,3.0426426699288815,3.044705313161373,4,2
compensated,116.56,0.7989121050931108,1.624527304358454,3.042672706176063,3.0402484686022326,4,2
compensated,116.57,0.7989120781149679,1.6245264722117367,3.042649296426519,3.0402484686022326,4,2
compensated,116.58,0.7989120399074745,1.6245252732421138,3.0425934846579668,3.042504698107793,4,2
compensated,116.59,0.798912013341391,1.6245244531773866,3.0426018935144428,3.042504698107793,4,2
compensated,116.6,0.7989119743068924,1.6245232286682685,3.0426486916554083,3.040136552625736,4,2
compensated,116.61,0.7989119641381658,1.624522900512851,3.0426586669365436,3.040136552625736,4,2
compensated,116.62,0.7989119607862765,1.6245227554043746,3.0426625058510592,3.0414436972097816,4,2
compensated,116.63,0.7989119360072806,1.6245219616367614,3.04269668902554,3.0414436972097816,4,2
compensated,116.64,0.7989119013384005,1.6245208681190586,3.0427384787201164,3.0423741334441896,4,2
compensated,116.65,0.7989118858005404,1.624520351490272,3.0427556218457017,3.0423741334441896,4,2
compensated,116.66,0.7989118758801199,1.6245200108479287,3.0427686309764157,3.0426339970522074,4,2
compensated,116.67,0.7989118410042055,1.6245189088328706,3.042814008394064,3.0426339970522074,4,2
compensated,116.68,0.798911800412127,1.6245176346701187,3.042862703063242,3.045577705661845,4,2
compensated,116.69,0.7989117648575088,1.6245165102725458,3.0429050107512343,3.045577705661845,4,2
compensated,116.7,0.7989117304337809,1.6245154220310662,3.04294659731617,3.043750714939984,4,2
compensated,116.71,0.7989117140296882,1.6245149113464756,3.0429446746287545,3.043750714939984,4,2
compensated,116.72,0.7989117041483096,1.6245145719746394,3.042928897050067,3.0417021817922594,4,2
compensated,116.73,0.7989116908030117,1.6245141607883598,3.042938191784045,3.0417021817922594,4,2
compensated,116.74,0.7989116792246,1.6245137693525467,3.0429531422632987,3.0437442229235323,4,2
compensated,116.75,0.7989116622038648,1.6245132044894062,3.042975117115293,3.0437442229235323,4,2
compensated,116.76,0.7989116457915317,1.6245126618448449,3.042995846380123,3.046103379477133,4,2
compensated,116.77,0.7989116326682996,1.6245122156259764,3.042981346298523,3.046103379477133,4,2
compensated,116.78,0.7989116174293223,1.6245117092905397,3.0429577958706453,3.0413936290592636,4,2
compensated,116.79,0.7989115761723422,1.624510398394226,3.042890797817395,3.0413936290592636,4,2
compensated,116.8,0.7989115213755467,1.624508694022238,3.042811449401268,3.0422058522064592,4,2
compensated,116.81,0.7989114952128022,1.624507909332953,3.042793970596403,3.0422058522064592,4,2
compensated,116.82,0.7989114825959918,1.6245074869645273,3.042810103948848,3.0431679405616405,4,2
compensated,116.83,0.7989114561885082,1.6245066414191838,3.042844199381765,3.0431679405616405,4,2
compensated,116.84,0.7989114261028898,1.6245056852393567,3.042880737868832,3.043803083481251,4,2
compensated,116.85,0.7989114074910737,1.6245050721810612,3.042902309795752,3.043803083481251,4,2
compensated,116.86,0.7989113955470271,1.624504669790554,3.042917679138178,3.0443447535535046,4,2
compensated,116.87,0.7989113915660733,1.6245045356601697,3.0429228022521477,3.0443447535535046,4,2
compensated,116.88,0.7989113871293936,1.6245043967855166,3.042926781643622,3.0468325745052507,5,2
compensated,116.89,0.7989113816136675,1.6245041532248297,3.042922145348284,3.0468325745052507,5,2
compensated,116.9,0.7989113771746328,1.6245039832452906,3.0429142538323926,3.0411709285640223,1,3
compensated,116.91,0.7989113749549889,1.624503898255596,3.0429103080745477,3.0411709285640223,1,3
compensated,116.92,0.7989113749549889,1.624503898255596,3.0429103080745477,3.0437292290835023,1,3
compensated,116.93,0.7989113749549889,1.624503898255596,3.0429103080745477,3.0437292290835023,1,3
compensated,116.94,0.7989113749549889,1.624503898255596,3.0429103080745477,3.043605895356043,1,3
compensated,116.95,0.7989113381771995,1.6245026194670111,3.0428354315050354,3.043605895356043,1,3
compensated,116.96,0.7989112002611978,1.6244983152548964,3.042625879205748,3.0425651361069095,1,3
compensated,116.97,0.7989110143230205,1.6244923975946413,3.0423297941496807,3.0425651361069095,1,3
compensated,116.98,0.79891072341094,1.6244833866014732,3.041898595396732,3.0436315042467736,1,3
compensated,116.99,0.798910387448186,1.6244728052270507,3.0413812098164024,3.0436315042467736,1,3
compensated,117.0,0.7989099408410312,1.62445909172796,3.0407283766342776,3.044666958704429,1,3
compensated,117.01,0.7989094508814562,1.6244438456525214,3.0399896833575073,3.044666958704429,1,3
compensated,117.02,0.7989088439019283,1.6244254334702604,3.039115228882946,3.0388743611871334,1,3
compensated,117.03,0.79890819581291,1.624406981407006,3.0382752391265626,3.0388743611871334,1,3
compensated,117.04,0.7989075905990513,1.624389332473929,3.037452648500428,3.0386826973786096,1,3
compensated,117.05,0.7989069654870423,1.6243723833959387,3.0367026510675874,3.0386826973786096,1,3
compensated,117.06,0.7989064726991935,1.6243587899208454,3.036088823353568,3.038450578661136,1,3
compensated,117.07,0.7989060234055525,1.624346772350344,3.0355615406769525,3.038450578661136,2,3
compensated,117.08,0.7989057041754439,1.6243380495896316,3.035170111945136,3.0364571260633024,2,3
compensated,117.09,0.7989054374216487,1.6243309665251255,3.0348655526889123,3.0364571260633024,2,3
compensated,117.1,0.7989052958064671,1.624327106515329,3.0346965089940094,3.034319616369201,2,3
compensated,117.11,0.7989052211189003,1.6243251039707298,3.0346176901666793,3.034319616369201,2,3
compensated,117.12,0.7989052211189003,1.6243251039707298,3.0346176901666793,3.0339972395553323,2,3
compensated,117.13,0.7989052211189003,1.6243251039707298,3.0346176901666793,3.0339972395553323,2,3
compensated,117.14,0.7989052211189003,1.6243251039707298,3.0346176901666793,3.030446634348964,2,3
compensated,117.15,0.7989052211189003,1.6243251039707298,3.0346176901666793,3.030446634348964,2,3
compensated,117.16,0.7989052211189003,1.6243251039707298,3.0346176901666793,3.032323075400879,2,3
compensated,117.17,0.7989052211189003,1.6243251039707298,3.0346176901666793,3.032323075400879,2,3
compensated,117.18,0.7989052211189003,1.6243251039707298,3.0346176901666793,3.0318089636865633,2,3
compensated,117.19,0.7989052211189003,1.6243251039707298,3.0346176901666793,3.0318089636865633,2,3
compensated,117.2,0.7989052211189003,1.6243251039707298,3.0346176901666793,3.0345738856038986,2,3
compensated,117.21,0.7989052211189003,1.6243251039707298,3.0346176901666793,3.0345738856038986,2,3
compensated,117.22,0.7989052211189003,1.6243251039707298,3.0346176901666793,3.0361963097874938,2,3
compensated,117.23,0.7989052211189003,1.6243251039707298,3.0346176901666793,3.0361963097874938,2,3
compensated,117.24,0.7989052211189003,1.6243251039707298,3.0346176901666793,3.0335826115452083,2,3
compensated,117.25,0.7989052211189003,1.6243251039707298,3.0346176901666793,3.0335826115452083,2,3
compensated,117.26,0.7989052211189003,1.6243251039707298,3.0346176901666793,3.035701859847239,2,3
compensated,117.27,0.7989052211189003,1.6243251039707298,3.0346176901666793,3.035701859847239,2,3
compensated,117.28,0.7989052211189003,1.6243251039707298,3.0346176901666793,3.0346586588182465,2,3
compensated,117.29,0.7989052211189003,1.6243251039707298,3.0346176901666793,3.0346586588182465,2,3
compensated,117.3,0.7989052211189003,1.6243251039707298,3.0346176901666793,3.0357768068858375,2,3
compensated,117.31,0.7989052211189003,1.6243251039707298,3.0346176901666793,3.0357768068858375,2,3
compensated,117.32,0.7989052211189003,1.6243251039707298,3.0346176901666793,3.036421933109878,2,3
compensated,117.33,0.7989052211189003,1.6243251039707298,3.0346176901666793,3.036421933109878,2,3
compensated,117.34,0.7989052211189003,1.6243251039707298,3.0346176901666793,3.0326458153154974,2,3
compensated,117.35,0.7989052211189003,1.6243251039707298,3.0346176901666793,3.0326458153154974,2,3
compensated,117.36,0.7989052211189003,1.6243251039707298,3.0346176901666793,3.0349110916729263,2,3
compensated,117.37,0.7989052211189003,1.6243251039707298,3.0346176901666793,3.0349110916729263,2,3
compensated,117.38,0.7989052211189003,1.6243251039707298,3.0346176901666793,3.035871378830177,2,3
compensated,117.39,0.7989052211189003,1.6243251039707298,3.0346176901666793,3.035871378830177,2,3
compensated,117.4,0.7989052211189003,1.6243251039707298,3.0346176901666793,3.0340182145252133,2,3
compensated,117.41,0.7989052211189003,1.6243251039707298,3.0346176901666793,3.0340182145252133,2,3
compensated,117.42,0.7989052211189003,1.6243251039707298,3.0346176901666793,3.034973637682186,2,3
compensated,117.43,0.7989052211189003,1.6243251039707298,3.0346176901666793,3.034973637682186,2,3
compensated,117.44,0.7989052211189003,1.6243251039707298,3.0346176901666793,3.034344333540621,2,3
compensated,117.45,0.7989052211189003,1.6243251039707298,3.0346176901666793,3.034344333540621,2,3
compensated,117.46,0.7989052211189003,1.6243251039707298,3.0346176901666793,3.0337712563372996,2,3
compensated,117.47,0.7989052211189003,1.6243251039707298,3.0346176901666793,3.0337712563372996,2,3
compensated,117.48,0.7989052211189003,1.6243251039707298,3.0346176901666793,3.0332037318945373,2,3
compensated,117.49,0.7989052211189003,1.6243251039707298,3.0346176901666793,3.0332037318945373,2,3
compensated,117.5,0.7989052211189003,1.6243251039707298,3.0346176901666793,3.0317217383258477,2,3
compensated,117.51,0.7989052211189003,1.6243251039707298,3.0346176901666793,3.0317217383258477,2,3
compensated,117.52,0.7989052211189003,1.6243251039707298,3.0346176901666793,3.0353151315762794,2,3
compensated,117.53,0.7989052211189003,1.6243251039707298,3.0346176901666793,3.0353151315762794,2,3
compensated,117.54,0.7989052211189003,1.6243251039707298,3.0346176901666793,3.0344188289699865,2,3
compensated,117.55,0.7989052211189003,1.6243251039707298,3.0346176901666793,3.0344188289699865,2,3
compensated,117.56,0.7989052211189003,1.6243251039707298,3.0346176901666793,3.0354948630939154,2,3
compensated,117.57,0.7989052211189003,1.6243251039707298,3.0346176901666793,3.0354948630939154,2,3
compensated,117.58,0.7989052211189003,1.6243251039707298,3.0346176901666793,3.0362320113222996,3,3
compensated,117.59,0.7989052511227946,1.624324925148347,3.0346138875692144,3.0362320113222996,3,3
compensated,117.6,0.7989052511227946,1.624324925148347,3.0346138875692144,3.0374600375295326,3,3
compensated,117.61,0.7989052511227946,1.624324925148347,3.0346138875692144,3.0374600375295326,3,3
compensated,117.62,0.7989052511227946,1.624324925148347,3.0346138875692144,3.0347436790444915,3,3
compensated,117.63,0.7988873536089889,1.6243245335058973,3.0345495356054193,3.0347436790444915,3,3
compensated,117.64,0.7988474288272005,1.6243232120311148,3.0344506451439837,3.035283128209146,3,3
compensated,117.65,0.7987894024050992,1.6243228737347857,3.034396041348298,3.035283128209146,3,3
compensated,117.66,0.798709099674203,1.624322486358052,3.034353557281862,3.031267662659692,3,3
compensated,117.67,0.7986110084323463,1.6243225030543624,3.0343406274296445,3.031267662659692,3,3
compensated,117.68,0.7984907812626574,1.6243221783860389,3.0343326399888713,3.0324474981047693,3,3
compensated,117.69,0.7983528569324956,1.6243217441170423,3.0343772519016525,3.0324474981047693,3,3
compensated,117.7,0.7981928276544757,1.6243208278574004,3.0344462042875415,3.037856284975205,3,3
compensated,117.71,0.7980149413679082,1.6243203623459992,3.0344950500035606,3.037856284975205,3,3
compensated,117.72,0.7978147451697378,1.624319374827912,3.0345388370605755,3.03489956040354,3,3
compensated,117.73,0.7975966578820944,1.6243192466753744,3.0345200398183825,3.03489956040354,3,3
compensated,117.74,0.7973559936380253,1.6243182603960908,3.0344555796464903,3.0360960968952533,3,3
compensated,117.75,0.7970976635256435,1.624317650759479,3.034399602211708,3.0360960968952533,3,3
compensated,117.76,0.7968169679007062,1.6243166354419332,3.0343426726531777,3.0339724131698285,3,3
compensated,117.77,0.7965185636863803,1.624316009518302,3.0342650507348936,3.0339724131698285,3,3
compensated,117.78,0.7961976927790995,1.6243147800853777,3.0341818515610584,3.0351603362482455,3,3
compensated,117.79,0.7958593187424616,1.6243138944039255,3.0341312413507544,3.0351603362482455,3,3
compensated,117.8,0.7954985592044129,1.6243128750110223,3.034087433540941,3.035200009579679,3,3
compensated,117.81,0.7951201856381984,1.6243122789786184,3.034023532878314,3.035200009579679,3,3
compensated,117.82,0.7947192514301781,1.6243110475131564,3.033954125382734,3.035819513602398,3,3
compensated,117.83,0.7943008267944128,1.624310222748791,3.033889718257707,3.035819513602398,3,3
compensated,117.84,0.7938598491271605,1.624308996460044,3.0338239538535525,3.0342173079947523,3,3
compensated,117.85,0.7934013809103015,1.6243082202008159,3.0337477684229097,3.0342173079947523,3,3
compensated,117.86,0.7929202827780322,1.6243068982578113,3.033668136975957,3.0323733551713614,3,3
compensated,117.87,0.7924218363702946,1.6243058520293225,3.0336145297505643,3.0323733551713614,3,3
compensated,117.88,0.7919008144390399,1.6243047288568881,3.0335650417423023,3.0343099918810186,3,3
compensated,117.89,0.7913624650898677,1.624303518116229,3.033544918665801,3.0343099918810186,3,3
compensated,117.9,0.7908014969451602,1.6243021663665997,3.033530615231276,3.0318329433007936,3,3
compensated,117.91,0.7902231480603874,1.6243016634516572,3.0334865857789874,3.0318329433007936,3,3
compensated,117.92,0.7896219902488831,1.6243004586423497,3.033433238363553,3.0327677792884087,3,3
compensated,117.93,0.7890035905651409,1.624298904344737,3.033417212216636,3.0327677792884087,3,3
compensated,117.94,0.7883625235599598,1.6242973484510568,3.033412101318996,3.0314493173089874,3,3
compensated,117.95,0.7877041928065078,1.6242964668063113,3.033392256608867,3.0314493173089874,3,3
compensated,117.96,0.7870230061054213,1.6242949869752896,3.03336818905964,3.0326663540094003,3,3
compensated,117.97,0.7863246485251083,1.6242934382676029,3.0333667787177045,3.0326663540094003,3,3
compensated,117.98,0.7856034756753449,1.6242916700311294,3.0333683981715396,3.030540894937296,3,3
compensated,117.99,0.7848651208421564,1.6242906705846578,3.0333514454259025,3.030540894937296,3,3
compensated,118.0,0.7841038129329314,1.6242890136130719,3.033329053002944,3.0335131430750053,3,3
compensated,118.01,0.783325397829876,1.6242876446931105,3.033312404273518,3.0335131430750053,3,3
compensated,118.02,0.7825240414328871,1.6242858833714708,3.0332946746030216,3.0322585075144834,3,3
compensated,118.03,0.7817055626882687,1.6242853623614812,3.033235439868447,3.0322585075144834,3,3
compensated,118.04,0.7808639555879928,1.6242839111486895,3.033158668310301,3.0308377724079074,3,3
compensated,118.05,0.7800053346390949,1.6242823952553522,3.0331034717362573,3.0308377724079074,3,3
compensated,118.06,0.7791237561258906,1.624280912517842,3.03305117524434,3.0328178698756405,3,3
compensated,118.07,0.7782252017415145,1.6242792290805204,3.033022931614425,3.0328178698756405,3,3
compensated,118.08,0.777303646152337,1.624277502438223,3.0329986541805347,3.0347179833178064,3,3
compensated,118.09,0.7763651146769506,1.624276905616322,3.032944325396235,3.0347179833178064,3,3
compensated,118.1,0.7754033812769563,1.6242755142531995,3.0328796791715633,3.033743282659106,3,3
compensated,118.11,0.7744246972821303,1.6242750398844175,3.032787280201608,3.033743282659106,3,3
compensated,118.12,0.773422766367101,1.6242737286697242,3.0326855753746353,3.029998090854809,3,3
compensated,118.13,0.7724039813113917,1.6242724911001107,3.0326016718135613,3.029998090854809,3,3
compensated,118.14,0.7713620788272252,1.6242713730991638,3.032519696988351,3.033880079466993,3,3
compensated,118.15,0.7703033275277607,1.6242690387408074,3.0324865173276248,3.033880079466993,3,3
compensated,118.16,0.769221587331661,1.624267345184682,3.0324790739561585,3.0333158195903804,3,3
compensated,118.17,0.768123045171414,1.6242674943930173,3.0324228981352634,3.0333158195903804,3,3
compensated,118.18,0.7670010343578176,1.6242665465884087,3.0323397847222706,3.0332343114730556,3,3
compensated,118.19,0.7658622646896762,1.624265633520705,3.032268710493669,3.0332343114730556,3,3
compensated,118.2,0.7647002347134376,1.624264694207915,3.032197836179835,3.029587380021856,3,3
compensated,118.21,0.7635214898624578,1.6242640767753886,3.0321312795509914,3.029587380021856,3,3
compensated,118.22,0.7623194159848116,1.6242632343232135,3.032063510471485,3.035143586724076,3,3
compensated,118.23,0.7611006383087632,1.6242610835020157,3.032043675036594,3.035143586724076,3,3
compensated,118.24,0.7598587141604906,1.624259567336342,3.0320494197522527,3.0348020398198905,3,3
compensated,118.25,0.7586001901103325,1.624260624832659,3.031994491209058,3.0348020398198905,3,3
compensated,118.26,0.757317854429501,1.624260480354177,3.03186972813838,3.0309070387510246,3,3
compensated,118.27,0.75601886725921,1.6242601741924418,3.031752981546339,3.0309070387510246,3,3
compensated,118.28,0.7546964686211743,1.6242599181711297,3.0316358122472655,3.032574597500476,3,3
compensated,118.29,0.753357444680637,1.6242581442747748,3.0315679061880605,3.032574597500476,3,3
compensated,118.3,0.7519952233868406,1.624257423516529,3.031528972274859,3.031756507432057,3,3
compensated,118.31,0.7506164936193096,1.6242580743942827,3.0314671487618994,3.031756507432057,3,3
compensated,118.32,0.7492141584717082,1.6242580027196165,3.031397597922406,3.029753900659893,3,3
compensated,118.33,0.7477953234015333,1.6242586539373107,3.031318128845264,3.029753900659893,3,3
compensated,118.34,0.7463528969008761,1.6242588790684165,3.031234858757682,3.0331494201821654,3,3
compensated,118.35,0.7448939851157739,1.6242583360899705,3.0311832533443366,3.0331494201821654,3,3
compensated,118.36,0.7434116199405737,1.6242583146708933,3.0311410058978896,3.0352712515332083,3,3
compensated,118.37,0.7419128487136881,1.6242602186276742,3.0310559696347923,3.0352712515332083,3,3
compensated,118.38,0.7403902624299205,1.6242610978457142,3.0309490028650012,3.0307031758204923,3,3
compensated,118.39,0.7388512654353249,1.6242631432832477,3.0308132994087273,3.0307031758204923,3,3
compensated,118.4,0.7372884837596312,1.6242643897107156,3.030666582634524,3.030853918400906,3,3
compensated,118.41,0.7357092372732269,1.6242636544891762,3.0305723814580783,3.030853918400906,3,3
compensated,118.42,0.7341066537157414,1.6242642514767245,3.0305174698578825,3.0295657737721378,3,3
compensated,118.43,0.7324878012759555,1.6242657010375845,3.030464978623497,3.0295657737721378,3,3
compensated,118.44,0.730845230172597,1.6242670259692722,3.030411036057618,3.0303597469123087,3,3
compensated,118.45,0.7291863552388821,1.6242678875268892,3.030380328239772,3.0303597469123087,3,3
compensated,118.46,0.7275038126639397,1.6242690850437622,3.030354703178234,3.031369463021198,3,3
compensated,118.47,0.7258050184970921,1.624271009480407,3.030320346846456,3.031369463021198,3,3
compensated,118.48,0.7240823981153032,1.6242725281929529,3.0302823661438136,3.0315356585427473,3,3
compensated,118.49,0.7223435523862778,1.624274831042584,3.030232304600249,3.0315356585427473,3,3
compensated,118.5,0.7205808363523584,1.6242766818950425,3.0301779116466454,3.0279289933029325,3,3
compensated,118.51,0.718801951490198,1.6242802257577498,3.030089525078829,3.0279289933029325,3,3
compensated,118.52,0.7169990609873856,1.624282890129878,3.0299864407541577,3.0277374632199257,3,3
compensated,118.53,0.7151799108014265,1.6242836894925132,3.029929398792803,3.0277374632199257,3,3
compensated,118.54,0.7133371362106404,1.6242855369759377,3.029899533024943,3.0285567836339897,3,3
compensated,118.55,0.7114782652762123,1.624287822730579,3.0298770426040718,3.0285567836339897,3,3
compensated,118.56,0.709595503563524,1.6242901380298493,3.029854280536931,3.0261085783126855,3,3
compensated,118.57,0.7076966461535036,1.6242931390897537,3.029822498881499,3.0261085783126855,3,3
compensated,118.58,0.705773803551661,1.6242957660255544,3.029786981800013,3.0323713871974913,3,3
compensated,118.59,0.7038348435611494,1.6242970530745684,3.029789016542896,3.0323713871974913,3,3
compensated,118.6,0.7018720836407133,1.6242990747073178,3.0298074531158465,3.0303824165140956,3,3
compensated,118.61,0.6998934057737678,1.6243042748127705,3.0297690967970197,3.0303824165140956,3,3
compensated,118.62,0.697890372678144,1.6243085619240871,3.029669174292514,3.032120271477141,3,3
compensated,118.63,0.6958865942136003,1.6243100554012475,3.029600793587235,3.032120271477141,3,3
compensated,118.64,0.693882977483072,1.6243125217982117,3.0295455913175533,3.027556044121006,3,3
compensated,118.65,0.6918794092688347,1.624316168452309,3.029469830504204,3.027556044121006,3,3
compensated,118.66,0.6898757581763932,1.6243194368662306,3.029388057929054,3.030542278667679,3,3
compensated,118.67,0.6878720361332549,1.624320900738155,3.029345665098972,3.030542278667679,3,3
compensated,118.68,0.6858685253796842,1.6243235255697521,3.029322513327059,3.0291584500535134,3,3
compensated,118.69,0.6838650956821506,1.6243280766836588,3.0292636654386373,3.0291584500535134,3,3
compensated,118.7,0.6818614972535848,1.6243318530845456,3.0291887502229007,3.0276359936544015,3,3
compensated,118.71,0.6798578492674265,1.6243344596672045,3.0291390090225025,3.0276359936544015,3,3
compensated,118.72,0.6778543200379292,1.6243378361114718,3.029097657731568,3.028389332127687,3,3
compensated,118.73,0.6758507798069107,1.6243402622412442,3.029083554443346,3.028389332127687,3,3
compensated,118.74,0.6738473643355154,1.6243434398839462,3.0290789741292117,3.027409057517448,3,3
compensated,118.75,0.6718440298952602,1.624348771356337,3.0290306262169446,3.027409057517448,3,3
compensated,118.76,0.6698404698784987,1.6243531539688745,3.0289570409522764,3.0295282373214505,3,3
compensated,118.77,0.6678368562579629,1.6243565365148074,3.0289021710969966,3.0295282373214505,3,3
compensated,118.78,0.6658333268116107,1.6243605088699196,3.028852635694779,3.028204865583678,3,3
compensated,118.79,0.6638298425728586,1.624365817081599,3.0287760771285277,3.028204865583678,3,3
compensated,118.8,0.661826240429646,1.624370579142496,3.0286900539587185,3.0268020371265525,3,3
compensated,118.81,0.6598225991478048,1.624374344410845,3.0286276482956738,3.0268020371265525,3,3
compensated,118.82,0.6578190716516178,1.6243788819637017,3.0285726447602546,3.031378038224915,3,3
compensated,118.83,0.6558155447732097,1.6243829356700257,3.028534852883178,3.031378038224915,3,3
compensated,118.84,0.6538120950013548,1.6243875282861844,3.0285016996141425,3.0284484273518943,3,3
compensated,118.85,0.6518087430128165,1.6243945542980924,3.0284192291609835,3.0284484273518943,3,3
compensated,118.86,0.6498051208428441,1.6244006985214985,3.028301538776091,3.0265108519250257,3,3
compensated,118.87,0.6478013562787728,1.6244044663067405,3.028224601501931,3.0265108519250257,3,3
compensated,118.88,0.6457978293744586,1.6244095460696872,3.0281690209414327,3.028477927807856,3,3
compensated,118.89,0.643794310226929,1.624413745637393,3.0281449484787326,3.028477927807856,3,3
compensated,118.9,0.6417909437284152,1.6244188477637065,3.0281328944776233,3.025973570768378,3,3
compensated,118.91,0.6397876240669991,1.6244252103033912,3.028095876675081,3.025973570768378,3,3
compensated,118.92,0.637784196445385,1.6244309989195165,3.0280506107417944,3.0299984628482175,3,3
compensated,118.93,0.6357807007923073,1.6244348898358403,3.028046151096403,3.0299984628482175,3,3
compensated,118.94,0.633777414652535,1.6244398222130876,3.028062894387819,3.028502108856605,3,3
compensated,118.95,0.6317742302324587,1.6244471329259516,3.028034148588526,3.028502108856605,3,3
compensated,118.96,0.629770806893336,1.6244534363253351,3.027977677556678,3.026946867291782,3,3
compensated,118.97,0.627767315027337,1.6244583514197606,3.0279469881707297,3.026946867291782,3,3
compensated,118.98,0.6257639408729815,1.624463986010244,3.0279251370049423,3.0287530368244946,3,3
compensated,118.99,0.6237605553502734,1.6244686467699698,3.027930264838659,3.0287530368244946,3,3
compensated,119.0,0.6217572914773075,1.624474015337981,3.027944751031121,3.0272992623965553,3,3
compensated,119.01,0.6197540798697285,1.6244809349686251,3.0279261473144263,3.0272992623965553,3,3
compensated,119.02,0.6177507137999816,1.6244870401942073,3.027893949725881,3.0292815307987873,3,3
compensated,119.03,0.6157473030623744,1.6244919443853798,3.0278869873184564,3.0292815307987873,3,3
compensated,119.04,0.613744004783692,1.6244975191409174,3.027888445488543,3.027298814659309,3,3
compensated,119.05,0.6117407459230684,1.6245042838439026,3.027864687120397,3.027298814659309,3,3
compensated,119.06,0.6097373768728053,1.6245104373828039,3.0278325470422045,3.0261376137085794,3,3
compensated,119.07,0.6077339613641783,1.6245151600509484,3.0278321062808113,3.0261376137085794,3,3
compensated,119.08,0.6057306931527251,1.6245207064296294,3.0278439966881314,3.028778825978902,3,3
compensated,119.09,0.6037274999160391,1.6245282416843356,3.0278151744021757,3.028778825978902,3,3
compensated,119.1,0.6017241025824145,1.6245348309678391,3.027765206966148,3.0270603504437297,3,3
compensated,119.11,0.59972072514624,1.6245427346817896,3.027680592064942,3.0270603504437297,3,3
compensated,119.12,0.597717183152384,1.6245499098139702,3.027581232943736,3.0263248310769075,3,3
compensated,119.13,0.5957135811520096,1.624555836888935,3.0275087632026394,3.0263248310769075,3,3
compensated,119.14,0.5937101177222546,1.624562672621031,3.0274456994287346,3.029531343655414,3,3
compensated,119.15,0.5917066627329706,1.6245692178781312,3.027396608722385,3.029531343655414,3,3
compensated,119.16,0.5897032713919363,1.6245762410829658,3.0273508895184293,3.0276168704398945,3,3
compensated,119.17,0.5876999002258271,1.6245838600170015,3.027294125582757,3.0276168704398945,3,3
compensated,119.18,0.585696488596096,1.6245913033586916,3.027234916047258,3.026870600091308,3,3
compensated,119.19,0.5836930393611863,1.6245975122190823,3.0272059222357637,3.026870600091308,3,3
compensated,119.2,0.5816897351623296,1.6246045758404386,3.0271883200533853,3.026578333267553,3,3
compensated,119.21,0.5796864378418103,1.6246112270229343,3.027185769131046,3.026578333267553,3,3
compensated,119.22,0.577683204367619,1.6246182932622457,3.027187005082476,3.0248261173117736,3,3
compensated,119.23,0.575679971464323,1.624625093005572,3.0271963122908887,3.0248261173117736,3,3
compensated,119.24,0.5736767705558175,1.6246320930785272,3.0272073964057236,3.0283501702135105,3,3
compensated,119.25,0.5716735967466038,1.6246401361407812,3.0271939310191005,3.0283501702135105,3,3
compensated,119.26,0.569670315215429,1.6246475580677422,3.027172526287823,3.0304440697721526,3,3
compensated,119.27,0.5676670916841122,1.62465686305396,3.02710809574708,3.0304440697721526,3,3
compensated,119.28,0.5656636457425473,1.6246652506462835,3.027019665320993,3.025532086012669,3,3
compensated,119.29,0.5636602100185764,1.6246747117118292,3.0269022637619685,3.025532086012669,3,3
compensated,119.3,0.5616566443244878,1.624683644637328,3.0267743792948343,3.0237992852252793,3,3
compensated,119.31,0.5596529150485369,1.6246897340214637,3.0266993818659356,3.0237992852252793,3,3
compensated,119.32,0.557649530305655,1.6246971459106732,3.026669403920809,3.0267650352313584,3,3
compensated,119.33,0.5556461981485711,1.6247037954873051,3.0266783444058225,3.0267650352313584,3,3
compensated,119.34,0.5536430625179475,1.6247114670706078,3.0267055526171043,3.0272678921261758,3,3
compensated,119.35,0.5516400025338766,1.6247210191618828,3.026695232561886,3.0272678921261758,3,3
compensated,119.36,0.5496367590607276,1.6247296492772403,3.0266671922108914,3.024972179888805,3,3
compensated,119.37,0.5476334952616171,1.6247383260962185,3.0266330814749898,3.024972179888805,3,3
compensated,119.38,0.545630208225182,1.6247468975688983,3.026597657436997,3.0266749777039728,3,3
compensated,119.39,0.5436268801936591,1.6247540472658792,3.0265959054962654,3.0266749777039728,3,3
compensated,119.4,0.5416237135903924,1.6247620718598197,3.0266082081931827,3.0281282983702464,3,3
compensated,119.41,0.5396205916507102,1.6247712561125778,3.0265971656252946,3.0281282983702464,3,3
compensated,119.42,0.5376173687936577,1.6247798533612021,3.02657885058283,3.027218833665927,3,3
compensated,119.43,0.5356141641752319,1.6247894417886024,3.026535381657612,3.027218833665927,3,3
compensated,119.44,0.5336108487926096,1.6247984504828439,3.0264836586848247,3.0261026243356923,3,3
compensated,119.45,0.5316075078396452,1.6248067840365552,3.0264478505526613,3.0261026243356923,3,3
compensated,119.46,0.5296042376062261,1.6248156062465497,3.0264162307529205,3.0277364448262114,3,3
compensated,119.47,0.5276009584685897,1.6248237695536614,3.026403624352923,3.0277364448262114,3,3
compensated,119.48,0.5255977630136333,1.6248324670477983,3.0263963681092956,3.0257806209314637,3,3
compensated,119.49,0.5235946011281264,1.6248422103351199,3.0263664594218893,3.0257806209314637,3,3
compensated,119.5,0.5215913423883296,1.6248514176434012,3.026329747358121,3.026600581486843,3,3
compensated,119.51,0.5195880911613521,1.6248612270022627,3.0262776739947017,3.026600581486843,3,3
compensated,119.52,0.517584778206879,1.6248707293415983,3.026221679184831,3.025628615622688,3,3
compensated,119.53,0.5155814757647803,1.624880788640125,3.0261532056817066,3.025628615622688,3,3
compensated,119.54,0.5135781266598561,1.6248906526488782,3.0260819225259277,3.026655823580386,3,3
compensated,119.55,0.5115747612064574,1.624899965002469,3.0260263902616034,3.026655823580386,3,3
compensated,119.56,0.5095714684896406,1.624909804477331,3.0259749653044974,3.026671465978061,3,3
compensated,119.57,0.5075682044569663,1.6249204504963635,3.0259080648055496,3.026671465978061,3,3
compensated,119.58,0.5055648796803434,1.624930825913073,3.0258371609895534,3.028592069734869,3,3
compensated,119.59,0.5035614776937848,1.6249392828299638,3.0258084852437257,3.028592069734869,3,3
compensated,119.6,0.5015583068895297,1.6249488893375945,3.0258028481734183,3.02936198537265,3,3
compensated,119.61,0.49955520589713287,1.6249599632022789,3.0257713017864925,3.02936198537265,3,3
compensated,119.62,0.4975519908046535,1.6249704370161324,3.025730861471459,3.026642774483962,3,3
compensated,119.63,0.4955487747585161,1.6249812814457207,3.025680052719309,3.026642774483962,3,3
compensated,119.64,0.4935455194404077,1.6249919466547813,3.025626967610297,3.0221954594373415,3,3
compensated,119.65,0.4915422076380457,1.6250009663901006,3.025611906322682,3.0221954594373415,3,3
compensated,119.66,0.48953909015581176,1.6250109973417395,3.0256148670402663,3.02327884310058,3,3
compensated,119.67,0.4875359852696639,1.6250205377790579,3.0256359739912972,3.02327884310058,3,3
compensated,119.68,0.4855329572108112,1.6250305333112318,3.0256620484957453,3.0269117606711227,3,3
compensated,119.69,0.4835299497030554,1.6250412168211814,3.025672035233704,3.0269117606711227,3,3
compensated,119.7,0.4815268739362169,1.6250514541236736,3.025677776261192,3.0263063523603275,3,3
compensated,119.71,0.4795238629334833,1.6250636540298857,3.025638974056751,3.0263063523603275,3,3
compensated,119.72,0.4775206167413769,1.6250748608490824,3.025574072600443,3.0246151850290204,3,3
compensated,119.73,0.47551732324539514,1.6250854143573994,3.0255191029765687,3.0246151850290204,3,3
compensated,119.74,0.47351407424183184,1.6250963240562322,3.0254663708533878,3.0277948471902594,3,3
compensated,119.75,0.4715107525573918,1.6251051928106368,3.0254597285134244,3.0277948471902594,3,3
compensated,119.76,0.4695076856301077,1.6251152060262926,3.0254814653500337,3.0245027671739653,3,3
compensated,119.77,0.4675047221432655,1.625127401996507,3.025463268351794,3.0245027671739653,3,3
compensated,119.78,0.46550155856002595,1.6251386551281095,3.025424733661079,3.0239525522217354,3,3
compensated,119.79,0.46349830049259994,1.625147748246265,3.025428658617653,3.0239525522217354,3,3
compensated,119.8,0.4614952638577219,1.62515786986048,3.0254561874556556,3.0274171148433577,3,3
compensated,119.81,0.45949225532470983,1.6251678589510956,3.025494257631398,3.0274171148433577,3,3
compensated,119.82,0.4574892875650861,1.6251780713493604,3.0255346186011307,3.0275089165486904,3,3
compensated,119.83,0.45548641863052153,1.62519076501178,3.0255225304677777,3.0275089165486904,3,3
compensated,119.84,0.4534832458088165,1.6252024643755576,3.025466555520746,3.025797192445692,3,3
compensated,119.85,0.4514800010940425,1.6252136342541454,3.0254092315181054,3.025797192445692,3,3
compensated,119.86,0.4494767525468991,1.6252248508252456,3.02535169718235,3.0251516965763177,3,3
compensated,119.87,0.44747347675584453,1.6252350810524718,3.0253199876864363,3.0251516965763177,3,3
compensated,119.88,0.44547032246461354,1.6252460538355957,3.025296984996745,3.023572061909408,3,3
compensated,119.89,0.44346717456805673,1.6252567489717624,3.025285222535656,3.023572061909408,3,3
compensated,119.9,0.44146407458137127,1.6252677744973092,3.0252759299381395,3.0265346142008056,3,3
compensated,119.91,0.4394609550838935,1.62527784268141,3.0252908434351182,3.0265346142008056,3,3
compensated,119.92,0.43745794217016115,1.6252885253029432,3.0253134595493623,3.023259449057143,3,3
compensated,119.93,0.4354549426015331,1.625299403967819,3.0253329857227396,3.023259449057143,3,3
compensated,119.94,0.4334519294017656,1.625310166062274,3.0253518165536315,3.0261788518769723,3,3
compensated,119.95,0.43144885792598175,1.6253189342600831,3.0254134595661863,3.0261788518769723,3,3
compensated,119.96,0.4294460005571721,1.6253286369992974,3.0254989342923078,3.0250305412292917,3,3
compensated,119.97,0.42744321602946,1.6253401589307703,3.0255473135505304,3.0250305412292917,3,3
compensated,119.98,0.4254402487809228,1.625350644179371,3.0255783137484205,3.027726456535458,3,3
compensated,119.99,0.42343723512955833,1.6253600163539759,3.0256285620919696,3.027726456535458,3,3
compensated,120.0,0.4214342976919718,1.6253697896554202,3.0256843238650752,3.0262761752479825,3,3
compensated,120.01,0.4194314546833719,1.6253819938588057,3.0256886009347763,3.0262761752479825,3,3
compensated,120.02,0.4174283174743217,1.6253931363877465,3.0256520538898792,3.0278154220868583,3,3
compensated,120.03,0.4154250882313269,1.625402780156249,3.0256377960163756,3.0278154220868583,3,3
compensated,120.04,0.41342195605862375,1.6254130128212998,3.025630358337099,3.027191919728808,3,3
compensated,120.05,0.4114188597909735,1.6254242941845112,3.025600619934498,3.027191919728808,3,3
compensated,120.06,0.409415668026779,1.6254350494207765,3.0255642161963046,3.026184855131234,3,3
compensated,120.07,0.40741245802228826,1.6254453372290512,3.0255386785846636,3.026184855131234,3,3
compensated,120.08,0.40540929462623937,1.625455961262711,3.0255155528465467,3.025411816912916,3,3
compensated,120.09,0.40340612012756016,1.6254659383036523,3.0255101785427447,3.025411816912916,3,3
compensated,120.1,0.40140302278185735,1.6254764006780553,3.0255096695929025,3.0263002877851406,3,3
compensated,120.11,0.39939992267946023,1.6254863994690858,3.0255224798359897,3.0263002877851406,3,3
compensated,120.12,0.39739687676880203,1.6254967323667664,3.0255384243638863,3.024038586450164,3,3
compensated,120.13,0.39539384620427975,1.6255076151234815,3.02554132094594,3.024038586450164,3,3
compensated,120.14,0.3933907619744343,1.6255181456348733,3.025541159723965,3.0229297073296824,3,3
compensated,120.15,0.39138763528020487,1.6255272114131332,3.0255736085540192,3.0229297073296824,3,3
compensated,120.16,0.3893846590007524,1.625537062269824,3.0256191610406487,3.0269670927080554,3,3
compensated,120.17,0.3873817071290173,1.6255474307512838,3.025654350525377,3.0269670927080554,3,3
compensated,120.18,0.38537871165758986,1.6255574590291897,3.0256872292439287,3.0232758567040543,3,3
compensated,120.19,0.3833757876127988,1.6255695970737223,3.025672563132361,3.0232758567040543,3,3
compensated,120.2,0.3813726040449872,1.6255806726217579,3.025626500702435,3.0258560205904708,3,3
compensated,120.21,0.3793692969036023,1.6255892658208055,3.025625372700605,3.0258560205904708,3,3
compensated,120.22,0.37736623166008315,1.6255989379138742,3.0256513570733077,3.0275850889016844,3,3
compensated,120.23,0.3753632532821922,1.6256104929435267,3.0256425311683075,3.0275850889016844,3,3
compensated,120.24,0.37336010816743936,1.6256211894109551,3.025618376076479,3.022848411327116,3,3
compensated,120.25,0.3713569440506989,1.6256318647135095,3.025590486566279,3.022848411327116,3,3
compensated,120.26,0.3693537658912446,1.625642485948149,3.025561796002193,3.0270393926257384,3,3
compensated,120.27,0.3673504958156285,1.6256506435396685,3.025584914635995,3.0270393926257384,3,3
compensated,120.28,0.3653475235537307,1.6256598221950578,3.025649722924618,3.023454346348527,3,3
compensated,120.29,0.36334469349899523,1.6256717777750338,3.025666736110958,3.023454346348527,3,3
compensated,120.3,0.361341602596714,1.6256826485539901,3.025650762053092,3.0260478506332653,3,3
compensated,120.31,0.35933839363974496,1.625691021224171,3.025679083943507,3.0260478506332653,3,3
compensated,120.32,0.3573354138146909,1.625700382991872,3.0257337054487747,3.0256356254186674,3,3
compensated,120.33,0.3553325378572093,1.6257120885606295,3.0257433500005186,3.0256356254186674,3,3
compensated,120.34,0.3533294244125943,1.6257227125315765,3.0257258879139637,3.0246640388548744,3,3
compensated,120.35,0.35132626288919766,1.6257327166684137,3.0257147828829285,3.0246640388548744,3,3
compensated,120.36,0.3493231264430644,1.6257428932448492,3.025705126863617,3.0243168958031363,3,3
compensated,120.37,0.34731997956773336,1.625752487796247,3.0257106981401587,3.0243168958031363,3,3
compensated,120.38,0.3453168964147449,1.6257624785702933,3.025720157475484,3.0236542893644875,3,3
compensated,120.39,0.3433138149938929,1.6257722900574674,3.0257351393261684,3.0236542893644875,3,3
compensated,120.4,0.3413107549519333,1.6257822222570544,3.025751334713713,3.0234215362587236,3,3
compensated,120.41,0.33930768764933306,1.6257917089965637,3.0257782711380465,3.0234215362587236,3,3
compensated,120.42,0.33730466143242155,1.6258014302419284,3.0258075785676044,3.0262683221950546,3,3
compensated,120.43,0.33530162818963766,1.6258106321824064,3.0258492701163,3.0262683221950546,3,3
compensated,120.44,0.33329864134585996,1.625820084274561,3.025893740590621,3.0286406663162886,3,3
compensated,120.45,0.33129570369432504,1.6258311653655602,3.0259004955706112,3.0286406663162886,3,3
compensated,120.46,0.32929257958672997,1.6258412710495387,3.025889493040884,3.024950092427664,3,3
compensated,120.47,0.32728947190684715,1.6258525817410743,3.025845360434622,3.024950092427664,3,3
compensated,120.48,0.3252862072264674,1.6258631113526336,3.025787834817399,3.027183088826016,3,3
compensated,120.49,0.3232828456661263,1.6258714182395124,3.025775518564612,3.027183088826016,3,3
compensated,120.5,0.32127973259160114,1.6258808632895498,3.0257903981785965,3.0249409111492733,3,3
compensated,120.51,0.3192766871747354,1.6258916524207296,3.025782405794794,3.0249409111492733,3,3
compensated,120.52,0.31727354361948223,1.6259018707861785,3.025767344556741,3.0265276794575495,3,3
compensated,120.53,0.3152703526977233,1.6259106317883323,3.0257842253158937,3.0265276794575495,3,3
compensated,120.54,0.313267309841077,1.625920189810486,3.0258136331196512,3.026904071676852,3,3
compensated,120.55,0.3112643071677307,1.6259308460218453,3.025819783632706,3.026904071676852,3,3
compensated,120.56,0.30926120274088986,1.6259408800535833,3.025818723512969,3.0272830071100447,3,3
compensated,120.57,0.3072580911891257,1.6259510391459506,3.0258119157406624,3.0272830071100447,3,3
compensated,120.58,0.30525495625534804,1.625961052916158,3.0258038495642596,3.025244822323957,3,3
compensated,120.59,0.30325182269026574,1.6259712060046054,3.0257922019044905,3.025244822323957,3,3
compensated,120.6,0.30124867538935673,1.6259812859608478,3.025779765288908,3.026667002450873,3,3
compensated,120.61,0.299245494853448,1.625990111673234,3.025796820869052,3.026667002450873,3,3
compensated,120.62,0.29724244909901854,1.625999677840969,3.0258248207048664,3.0250141206202112,3,3
compensated,120.63,0.295239438467844,1.6260102269411758,3.025831737366709,3.0250141206202112,3,3
compensated,120.64,0.29323633671223703,1.626020207909907,3.0258324477931566,3.0251093815074386,3,3
compensated,120.65,0.29123319973733586,1.626029044201444,3.025857988590825,3.0251093815074386,3,3
compensated,120.66,0.2892301704988384,1.6260384830802697,3.0258916643437304,3.028090826490976,3,3
compensated,120.67,0.28722714968631824,1.6260478583483546,3.025928267671313,3.028090826490976,3,3
compensated,120.68,0.28522413805354074,1.6260572442179888,3.025965504639688,3.02821702646626,3,3
compensated,120.69,0.2832211760669461,1.626068305340741,3.0259636964187644,3.02821702646626,3,3
compensated,120.7,0.281218019275869,1.6260783788598907,3.0259429395762236,3.0242242562205313,3,3
compensated,120.71,0.27921483562833127,1.6260882964411245,3.0259202898721957,3.0242242562205313,3,3
compensated,120.72,0.2772116448320038,1.6260981957495417,3.025897251863581,3.023139551458497,3,3
compensated,120.73,0.27520838073206744,1.6261059129093263,3.0259216797310207,3.023139551458497,3,3
compensated,120.74,0.27320537351945173,1.6261146822060246,3.025977395910675,3.0290595130847606,3,3
compensated,120.75,0.271202401703698,1.6261231474482267,3.026049358657672,3.0290595130847606,3,3
compensated,120.76,0.26919949268439947,1.6261319275769335,3.026125498478349,3.026333851938576,3,3
compensated,120.77,0.26719669067468066,1.6261433691378824,3.026145950462807,3.026333851938576,3,3
compensated,120.78,0.2651935517074774,1.6261540101534615,3.02610701139853,3.027644191635991,3,3
compensated,120.79,0.2631902528378498,1.6261620999767135,3.026104076764582,3.027644191635991,3,3
compensated,120.8,0.26118712891585716,1.626171067885241,3.026118101471309,3.0242374923087176,3,3
compensated,120.81,0.25918404903956016,1.6261810634071507,3.0261125441289294,3.0242374923087176,3,3
compensated,120.82,0.25718088623708224,1.626190560830963,3.0261013455774477,3.025464967089956,3,3
compensated,120.83,0.2551776751468796,1.626198517269486,3.0261239761301275,3.025464967089956,3,3
compensated,120.84,0.25317462308426353,1.6262073022508514,3.026160842727154,3.0214887262345744,3,3
compensated,120.85,0.2511716068591523,1.6262170001737706,3.026178888556239,3.0214887262345744,3,3
compensated,120.86,0.24916850993745088,1.626226168966166,3.0261915968855853,3.026011780822002,3,3
compensated,120.87,0.24716533752052183,1.6262330423965738,3.0262513656390073,3.026011780822002,3,3
compensated,120.88,0.2451624113338201,1.626240893627614,3.0263417067705203,3.027472078137401,3,3
compensated,120.89,0.24315960444041884,1.6262514136471058,3.0263816657317912,3.027472078137401,3,3
compensated,120.9,0.2411565152201789,1.6262607872444275,3.0263835213327286,3.026132142480069,3,3
compensated,120.91,0.2391533848027091,1.6262705259869032,3.026362467244782,3.026132142480069,3,3
compensated,120.92,0.23715015307372156,1.6262796699909612,3.026334677385066,3.027507711293614,3,3
compensated,120.93,0.23514689463353322,1.6262880251473175,3.0263247478508206,3.027507711293614,3,3
compensated,120.94,0.23314371335690265,1.6262968701796208,3.026319758626364,3.0267858085508905,3,3
compensated,120.95,0.23114056271177263,1.62630668502916,3.0262936070405093,3.0267858085508905,3,3
compensated,120.96,0.22913732206244652,1.6263159949796824,3.0262612380276557,3.0289444357827007,3,3
compensated,120.97,0.22713406377838263,1.626324825754297,3.026239979879108,3.0289444357827007,3,3
compensated,120.98,0.2251308524589477,1.6263339911309673,3.026221187022136,3.0275716307415808,3,3
compensated,120.99,0.2231276874145125,1.6263445782765789,3.0261713071189407,3.0275716307415808,3,3
compensated,121.0,0.22112437928090778,1.626354459295392,3.0261095010724506,3.023778044651464,3,3
compensated,121.01,0.2191210358456558,1.6263634930758473,3.026066895981596,3.023778044651464,3,3
compensated,121.02,0.21711777971796087,1.6263731126939027,3.0260297678627643,3.0253318809439795,3,3
compensated,121.03,0.2151144626765472,1.6263807473019591,3.0260385886687535,3.0253318809439795,3,3
compensated,121.04,0.21311139349777042,1.6263894805808647,3.02607545759356,3.026562156313057,3,3
compensated,121.05,0.21110838913153163,1.6263995369644733,3.0260890660946638,3.026562156313057,3,3
compensated,121.06,0.2091052837239037,1.6264089674511362,3.0260953656651908,3.0266821825824373,3,3
compensated,121.07,0.20710218450753226,1.6264190766282687,3.026082356953871,3.0266821825824373,3,3
compensated,121.08,0.20509900246718193,1.6264286928322285,3.026063893085151,3.0230061207832737,3,3
compensated,121.09,0.20309580965510488,1.6264381243603183,3.0260488091475226,3.0230061207832737,3,3
compensated,121.1,0.20109263155868817,1.6264476724268335,3.0260344812104156,3.030946985788514,3,3
compensated,121.11,0.19908939165236827,1.6264551966579515,3.0260651213981755,3.030946985788514,3,3
compensated,121.12,0.1970863862704605,1.6264637456625755,3.0261224830098215,3.0249620080250645,3,3
compensated,121.13,0.19508353754103813,1.626475399451647,3.0261232439365378,3.0249620080250645,3,3
compensated,121.14,0.19308035355062292,1.6264874942367962,3.026028657981621,3.025724596548665,3,3
compensated,121.15,0.19107679557999702,1.6264949431365376,3.02598564086384,3.025724596548665,3,3
compensated,121.16,0.18907358297286614,1.6265031440730442,3.026002699191054,3.027394107406324,3,3
compensated,121.17,0.18707046493675028,1.6265110634557127,3.026052889557054,3.027394107406324,3,3
compensated,121.18,0.18506750078921175,1.6265198093712956,3.0261157718154412,3.0242789308680074,3,3
compensated,121.19,0.18306457307278134,1.6265296293302622,3.026154619184176,3.0242789308680074,3,3
compensated,121.2,0.18106153819406456,1.6265387386919943,3.0261857783516284,3.028125693030619,3,3
compensated,121.21,0.17905844048027475,1.6265458345283492,3.026257742333722,3.028125693030619,3,3
compensated,121.22,0.17705553949923292,1.6265538096778325,3.0263509200363883,3.0257829575661725,3,3
compensated,121.23,0.1750527250649866,1.6265640184994916,3.0263982937563694,3.0257829575661725,3,3
compensated,121.24,0.17304966719835557,1.6265730477932752,3.0264173353469586,3.0279742745193268,3,3
compensated,121.25,0.17104660015584983,1.6265830245437891,3.026403866866778,3.0279742745193268,3,3
compensated,121.26,0.16904337920332513,1.6265921586028214,3.0263776738091153,3.0277132399716535,3,3
compensated,121.27,0.16704018246708163,1.6266025510455593,3.026319315066223,3.0277132399716535,3,3
compensated,121.28,0.1650368359378317,1.6266122176660218,3.026248400171588,3.0280021748395534,3,3
compensated,121.29,0.16303347225581322,1.6266217317884477,3.0261802768365325,3.0280021748395534,3,3
compensated,121.3,0.1610301252401748,1.6266314489772216,3.0261127906800014,3.0274569406144334,3,3
compensated,121.31,0.15902679145434795,1.626641558580567,3.0260392475994387,3.0274569406144334,3,3
compensated,121.32,0.1570234387425603,1.6266516573147471,3.025964366145463,3.0274328103523,3,3
compensated,121.33,0.15502004135979852,1.6266604436746954,3.0259217271853176,3.0274328103523,3,3
compensated,121.34,0.15301680682097196,1.6266701862698825,3.0258918229217993,3.024903510983753,3,3
compensated,121.35,0.15101359637985434,1.626680189856964,3.025861724670525,3.024903510983753,3,3
compensated,121.36,0.14901038869972183,1.6266902589999463,3.0258315633755775,3.0253919026683924,3,3
compensated,121.37,0.1470071405414327,1.6266988906189446,3.0258356468889755,3.0253919026683924,3,3
compensated,121.38,0.14500405732126287,1.6267083994109632,3.02585429414774,3.023002638649804,3,3
compensated,121.39,0.1430010022722712,1.6267184171047415,3.0258646664602087,3.023002638649804,3,3
compensated,121.4,0.1409979139160803,1.626728202781204,3.0258731874121576,3.0251028014233796,3,3
compensated,121.41,0.1389947857106575,1.626736517992046,3.025914493148869,3.0251028014233796,3,3
compensated,121.42,0.13699180755195917,1.6267456065265167,3.0259690501302483,3.0258025968608013,3,3
compensated,121.43,0.13498887255629854,1.6267559361698765,3.0259964165831317,3.0258025968608013,3,3
compensated,121.44,0.13298581367435902,1.6267654997993846,3.026014171108427,3.02784816022864,3,3
compensated,121.45,0.13098274689430311,1.6267753614546903,3.026020117207363,3.02784816022864,3,3
compensated,121.46,0.12897963114318534,1.6267848876537336,3.026023469044953,3.027075684851134,3,3
compensated,121.47,0.1269765456752704,1.6267956365347598,3.0259971574125912,3.027075684851134,3,3
compensated,121.48,0.12497332377086467,1.6268056597418963,3.025959818875981,3.0258689384589053,3,3
compensated,121.49,0.12297007636805823,1.6268151219316764,3.0259342082889122,3.0258689384589053,3,3
compensated,121.5,0.12096687871548606,1.6268249404661526,3.0259112065504548,3.0269190834895063,3,3
compensated,121.51,0.11896364874931908,1.6268334263126052,3.0259209705520522,3.0269190834895063,3,3
compensated,121.52,0.11696057351352362,1.6268427487249053,3.025943924195293,3.026237241460434,3,3
compensated,121.53,0.11495753182079171,1.6268528893623249,3.025950565080423,3.026237241460434,3,3
compensated,121.54,0.11295442163926062,1.6268625905579317,3.0259528470567107,3.0230379906058094,3,3
compensated,121.55,0.11095129509590906,1.6268717805486275,3.02596597149159,3.0230379906058094,3,3
compensated,121.56,0.10894821101306462,1.6268812307958163,3.0259814988425586,3.028877691400565,3,3
compensated,121.57,0.10694507932037411,1.6268888384671243,3.0260381630016067,3.028877691400565,3,3
compensated,121.58,0.10494214982204975,1.6268973677333736,3.0261163483011693,3.025049513146337,3,3
compensated,121.59,0.10293936149665284,1.6269088809553764,3.0261378996465558,3.025049513146337,3,3
compensated,121.6,0.10093622708644368,1.6269200293033272,3.026085435991181,3.0258502641527425,3,3
compensated,121.61,0.09893286178335814,1.6269277714128676,3.0260774638758337,3.0258502641527425,3,3
compensated,121.62,0.09692973841758767,1.6269365534527505,3.026097757163586,3.0268020023307862,3,3
compensated,121.63,0.09492667034456104,1.6269462481871528,3.0261050511188388,3.0268020023307862,3,3
compensated,121.64,0.09292355037991173,1.6269556014954016,3.026109218553386,3.027405467040918,3,3
compensated,121.65,0.09092043874922973,1.6269655337597337,3.0260978580698126,3.027405467040918,3,3
compensated,121.66,0.08891726235816222,1.6269750725706353,3.0260824986595125,3.0225514994423115,3,3
compensated,121.67,0.08691408745238727,1.6269849125555185,3.026058867628106,3.0225514994423115,3,3
compensated,121.68,0.08491088037732919,1.6269945765677287,3.0260334159498474,3.0255794724711436,3,3
compensated,121.69,0.08290758103274676,1.6270017485464507,3.026059918330974,3.0255794724711436,3,3
compensated,121.7,0.0809045795368819,1.627009926459412,3.0261286276212234,3.0239835976745706,3,3
compensated,121.71,0.07890169421547233,1.6270204119970018,3.026157825532267,3.0239835976745706,3,3
compensated,121.72,0.07689861226098271,1.6270298700943933,3.0261669836527103,3.024229256974266,3,3
compensated,121.73,0.07489547658920304,1.6270380515834695,3.0261992703450287,3.024229256974266,3,3
compensated,121.74,0.07289243756624009,1.6270467697962556,3.0262387306724188,3.0247238262297067,3,3
compensated,121.75,0.07088940862719773,1.627055611855076,3.026275831009479,3.0247238262297067,3,3
compensated,121.76,0.06888636763582467,1.6270643207326476,3.026312398054272,3.025940178351304,3,3
compensated,121.77,0.06688332873808411,1.6270732976594828,3.026340266771549,3.025940178351304,3,3
compensated,121.78,0.0648802526240031,1.627081984075852,3.02636621398032,3.0261790630511882,3,3
compensated,121.79,0.06287718808970144,1.6270913863759036,3.0263728383379123,3.0261790630511882,3,3
compensated,121.8,0.0608740401321195,1.627100257964536,3.0263739843051787,3.0255630242316887,3,3
compensated,121.81,0.058870886471070416,1.6271092306859558,3.0263704479090117,3.0255630242316887,3,3
compensated,121.82,0.056867713693735,1.6271180810503583,3.026365885932579,3.0243535854127845,3,3
compensated,121.83,0.054864525530113006,1.6271262718784654,3.0263771644148036,3.0243535854127845,3,3
compensated,121.84,0.052861402893813914,1.627134861875454,3.0263925783634757,3.026194549740369,3,3
compensated,121.85,0.050858271027117596,1.627142737207845,3.0264261292536725,3.026194549740369,3,3
compensated,121.86,0.04885521325816966,1.6271510330184928,3.026464689675686,3.0224936085054814,3,3
compensated,121.87,0.04685218829243165,1.6271604859291322,3.026476091472114,3.0224936085054814,3,3
compensated,121.88,0.044849040115649164,1.627169201711073,3.0264779451555923,3.02350072001712,3,3
compensated,121.89,0.042845815269805465,1.6271757066280126,3.0265247526181445,3.02350072001712,3,3
compensated,121.9,0.04084282128753092,1.6271831978131155,3.0265984017258285,3.0267001163980467,3,3
compensated,121.91,0.0388398747207338,1.6271915898688203,3.0266561534060346,3.0267001163980467,3,3
compensated,121.92,0.03683685990911545,1.6271994571453057,3.026709658183435,3.0267728917217784,3,3
compensated,121.93,0.034833867921637895,1.627208561323941,3.0267305522682024,3.0267728917217784,3,3
compensated,121.94,0.03283072183748137,1.627216765062911,3.0267384102368173,3.026333218477255,3,3
compensated,121.95,0.03082755531456116,1.6272248187425096,3.0267448503490066,3.026333218477255,3,3
compensated,121.96,0.02882438159333134,1.627232811773791,3.0267509974807765,3.0274686843225034,3,3
compensated,121.97,0.026821201447613685,1.6272405051997074,3.0267641113308748,3.0274686843225034,3,3
compensated,121.98,0.024818048218955613,1.6272483583223867,3.026778765106458,3.02779399979198,3,3
compensated,121.99,0.022814912332711046,1.6272569360933444,3.02677579412524,3.02779399979198,3,3
compensated,122.0,0.020811701955386508,1.6272650512075082,3.0267679919693284,3.0257688747289997,3,3
compensated,122.01,0.018808485461298985,1.62727318274265,3.026758291794577,3.0257688747289997,3,3
compensated,122.02,0.01680526171015817,1.6272812793961726,3.0267481803416993,3.0276487175258904,3,3
compensated,122.03,0.014802007430121167,1.6272881482370198,3.0267670282565526,3.0276487175258904,3,3
compensated,122.04,0.0127988840809512,1.6272957411207734,3.0267964934645026,3.0262177634981677,3,3
compensated,122.05,0.010795803610425203,1.6273045987335553,3.026798577202097,3.0262177634981677,3,3
compensated,122.06,0.008792599589558359,1.6273127374609533,3.0267909474933776,3.0259682200345024,3,3
compensated,122.07,0.006789360827668123,1.6273198607428752,3.026804595995148,3.0259682200345024,3,3
compensated,122.08,0.004786212156412173,1.6273275161367782,3.026824522130983,3.027516860953135,3,3
compensated,122.09,0.002783042368333044,1.627333904646285,3.026875204108916,3.027516860953135,3,3
compensated,122.1,0.0007800092237707501,1.6273410071580232,3.0269375592008445,3.027571218466898,3,3
compensated,122.11,-0.0012229923463759063,1.6273491022242172,3.026977237650372,3.027571218466898,3,3
compensated,122.12,-0.0032260932993942726,1.6273565182975338,3.027010062852878,3.026273677260386,3,3
compensated,122.13,-0.005229208099563398,1.6273637783596882,3.027042503839525,3.026273677260386,3,3
compensated,122.14,-0.007232327666315097,1.6273709569958552,3.02707487067316,3.0279686047676506,3,3
compensated,122.15,-0.009235465817026722,1.6273772261173016,3.027127520123615,3.0279686047676506,3,3
compensated,122.16,-0.011238522749913993,1.627383931966441,3.027186028454828,3.029065355361703,3,3
compensated,122.17,-0.013241501643316944,1.6273928648011742,3.027196348123069,3.029065355361703,3,3
compensated,122.18,-0.015244743689587503,1.6274006872914852,3.0271737775257765,3.0276168186097925,3,3
compensated,122.19,-0.017248020430690403,1.6274087980044496,3.027133319544503,3.0276168186097925,3,3
compensated,122.2,-0.019251372967516445,1.6274164915030922,3.0270880538819207,3.02673634802424,3,3
compensated,122.21,-0.021254752234266205,1.6274233091475172,3.0270641047809277,3.02673634802424,3,3
compensated,122.22,-0.023258036498093992,1.6274307366042617,3.0270464332582527,3.0256211587539257,3,3
compensated,122.23,-0.025261319950944716,1.6274377527694233,3.027042117584568,3.0256211587539257,3,3
compensated,122.24,-0.02726454762286401,1.6274451390275937,3.027040946098851,3.0278641305354093,3,3
compensated,122.25,-0.02926780515357108,1.6274511415959647,3.027072874175722,3.0278641305354093,3,3
compensated,122.26,-0.031270909939899116,1.6274579467353156,3.0271182911200167,3.024007515005886,3,3
compensated,122.27,-0.03327396426971985,1.6274662173951229,3.0271321974599648,3.024007515005886,3,3
compensated,122.28,-0.03527716452643026,1.6274736416912374,3.027133858398209,3.026788385185985,3,3
compensated,122.29,-0.03728044745444703,1.62747874246243,3.0271817890530777,3.026788385185985,3,3
compensated,122.3,-0.03928349001389653,1.6274848357385894,3.0272588082943885,3.0265242266317234,3,3
compensated,122.31,-0.04128645256214303,1.627492840477764,3.027298905009831,3.0265242266317234,3,3
compensated,122.32,-0.04328959456629167,1.6274998346022034,3.0273217268567736,3.0279493237044264,3,3
compensated,122.33,-0.045292761896631784,1.6275067390563303,3.0273394236288396,3.0279493237044264,3,3
compensated,122.34,-0.047295952386420925,1.627513457602152,3.027356014599678,3.0262829328974545,3,3
compensated,122.35,-0.049299126206231,1.6275210376504643,3.0273506674246113,3.0262829328974545,3,3
compensated,122.36,-0.051302394525591155,1.6275280433969237,3.027338822407808,3.027086688842904,3,3
compensated,122.37,-0.05330569610659852,1.6275339487128684,3.0273512887941325,3.027086688842904,3,3
compensated,122.38,-0.05530889203532696,1.6275404687243278,3.0273715755473805,3.0279003995575,3,3
compensated,122.39,-0.05731206705572722,1.6275475951690477,3.027378826798186,3.0279003995575,3,3
compensated,122.4,-0.059315295011235114,1.6275543639113756,3.0273830102568486,3.0292681635883234,3,3
compensated,122.41,-0.061318517888539925,1.6275616209609636,3.0273737438234045,3.0292681635883234,3,3
compensated,122.42,-0.06332179539046079,1.627568535034331,3.0273612863605357,3.02548141037685,3,3
compensated,122.43,-0.06532505065566852,1.6275764721094639,3.0273239576929223,3.02548141037685,3,3
compensated,122.44,-0.06732841469785456,1.6275838262985558,3.0272785255315933,3.0259679835935653,3,3
compensated,122.45,-0.06933186256166401,1.6275889944852886,3.027278840625126,3.0259679835935653,3,3
compensated,122.46,-0.07133506288106917,1.6275952776743905,3.027307059325767,3.0308792119139865,3,3
compensated,122.47,-0.0733382142783161,1.6276022504665324,3.0273272778529265,3.0308792119139865,3,3
compensated,122.48,-0.07534139723012423,1.6276089887690928,3.027345681359973,3.0243190998820975,3,3
compensated,122.49,-0.07734448644669145,1.627618193991146,3.0273114789981648,3.0243190998820975,3,3
compensated,122.5,-0.07934787949620892,1.62762645484311,3.02723303845603,3.0266936692213395,3,3
compensated,122.51,-0.0813514894026024,1.6276311383474371,3.0272110071057052,3.0266936692213395,3,3
compensated,122.52,-0.08335473764431756,1.6276361599345144,3.0272641421517426,3.0256939383927275,3,3
compensated,122.53,-0.08535778518349058,1.6276440377799002,3.0272856609077214,3.0256939383927275,3,3
compensated,122.54,-0.08736097803206788,1.627651115289061,3.027293540040136,3.0294949146417256,3,3
compensated,122.55,-0.08936420423397595,1.6276573678626085,3.0273164588407484,3.0294949146417256,3,3
compensated,122.56,-0.09136737107900661,1.6276639666281605,3.027343241312286,3.0312150180115953,3,3
compensated,122.57,-0.09337046227602064,1.6276727093737229,3.0273238122498154,3.0312150180115953,3,3
compensated,122.58,-0.09537379964619319,1.6276804059985839,3.027275576654329,3.026983141611762,3,3
compensated,122.59,-0.09737716102840044,1.6276885023012155,3.0272097447746065,3.026983141611762,3,3
compensated,122.6,-0.09938059514717545,1.6276962455521193,3.02713919988414,3.025948908772424,3,3
compensated,122.61,-0.10138412973388922,1.6277016370609971,3.0271173988411486,3.025948908772424,3,3
compensated,122.62,-0.10338738061868769,1.6277082390914368,3.0271294823722443,3.0264678859448377,3,3
compensated,122.63,-0.10539058535924173,1.6277146998947325,3.027157867880887,3.0264678859448377,3,3
compensated,122.64,-0.10739372220597865,1.6277215668076583,3.027190433033599,3.0293689693490133,3,3
compensated,122.65,-0.1093968484776996,1.6277287782639334,3.0272145453186927,3.0293689693490133,3,3
compensated,122.66,-0.11140001009796552,1.6277357174299527,3.0272367821369817,3.0278535716895902,3,3
compensated,122.67,-0.11340312719842405,1.6277442832001523,3.0272206992391792,3.0278535716895902,3,3
compensated,122.68,-0.11540643320816046,1.6277519060561347,3.027186355076725,3.0255964601108936,3,3
compensated,122.69,-0.11740978772225585,1.6277583992468405,3.0271743589823763,3.0255964601108936,3,3
compensated,122.7,-0.11941304467396685,1.627765496773256,3.0271690843586816,3.0259714083748355,3,3
compensated,122.71,-0.12141632349470488,1.6277713377972707,3.0271955276798046,3.0259714083748355,3,3
compensated,122.72,-0.12341945729345993,1.6277779635207719,3.0272342278445,3.0261788046316784,3,3
compensated,122.73,-0.12542257076572194,1.6277849412276508,3.0272667344980744,3.0261788046316784,3,3
compensated,122.74,-0.12742571065441521,1.6277916957000305,3.027297853016787,3.027451998486055,3,3
compensated,122.75,-0.12942889456626838,1.6277967100560187,3.0273663546336844,3.027451998486055,3,3
compensated,122.76,-0.1314319046673057,1.6278025489280807,3.027452295707451,3.029771836726667,3,3
compensated,122.77,-0.13343488267823,1.6278092311231143,3.0275197848318354,3.029771836726667,3,3
compensated,122.78,-0.13543794123221164,1.6278152927273626,3.0275820682143992,3.025426909753935,3,3
compensated,122.79,-0.13744098240543556,1.6278225300465192,3.027612299720509,3.025426909753935,3,3
compensated,122.8,-0.13944417365142048,1.62782885814539,3.027630013240711,3.0280354467158617,3,3
compensated,122.81,-0.14144745529703784,1.6278326125793983,3.027697528811146,3.0280354467158617,3,3
compensated,122.82,-0.1434504701288326,1.62783732486748,3.0278013597536644,3.028114289377532,3,3
compensated,122.83,-0.1454533681953365,1.6278446819588266,3.0278563977073114,3.028114289377532,3,3
compensated,122.84,-0.1474565330625145,1.6278508593433425,3.0278766057928923,3.026526193121338,3,3
compensated,122.85,-0.14945975557443636,1.6278565249495975,3.02789532358543,3.026526193121338,3,3
compensated,122.86,-0.1514629880478462,1.627862086379508,3.027913773263482,3.025782967713128,3,3
compensated,122.87,-0.1534662424629527,1.627866602234989,3.0279560781583394,3.025782967713128,3,3
compensated,122.88,-0.15546939742342436,1.6278716683377599,3.0280058904787515,3.0285895649530135,3,3
compensated,122.89,-0.1574725511796896,1.6278762499871728,3.028068050780785,3.0285895649530135,3,3
compensated,122.9,-0.15947566103335375,1.6278810440225175,3.028132959412909,3.0282395323529885,3,3
compensated,122.91,-0.1614787302978654,1.627887410337054,3.0281604327056564,3.0282395323529885,3,3
compensated,122.92,-0.1634819823433833,1.6278927615618979,3.028170403970542,3.0281561841793874,3,3
compensated,122.93,-0.16548525141847925,1.627898422593228,3.0281660480959665,3.0281561841793874,3,3
compensated,122.94,-0.16748858010612133,1.6279036969410128,3.0281582066304784,3.0258878549889925,3,3
compensated,122.95,-0.1694919150893911,1.6279088934814732,3.0281512464981595,3.0258878549889925,3,3
compensated,122.96,-0.17149524624080048,1.6279141247643591,3.028144487294048,3.0270811097821175,3,3
compensated,122.97,-0.17349860879000023,1.627918002985776,3.028169449775261,3.0270811097821175,3,3
compensated,122.98,-0.17550182722997953,1.6279226638717375,3.0282067086825863,3.032183738839736,3,3
compensated,122.99,-0.1775050149216515,1.6279281998300141,3.028225373250247,3.032183738839736,3,3
compensated,123.0,-0.17950828133015462,1.627933209851651,3.0282387945896003,3.0280241902650857,3,3
compensated,123.01,-0.18151145968185478,1.6279406564778625,3.0281994087851296,3.0280241902650857,3,3
compensated,123.02,-0.18351494306570193,1.6279471729918553,3.028115243698495,3.0268523527765403,3,3
compensated,123.03,-0.18551859894030875,1.6279507402683053,3.0280787282141577,3.0268523527765403,3,3
compensated,123.04,-0.18752197673376014,1.6279555279139053,3.028074832295528,3.025910977483168,3,3
compensated,123.05,-0.18952531036082243,1.6279601185570856,3.028089048808436,3.025910977483168,3,3
compensated,123.06,-0.19152856649218475,1.6279651908598962,3.0281081523435587,3.0292366738211243,3,3
compensated,123.07,-0.19353182574929184,1.627969715413811,3.0281416734807665,3.0292366738211243,3,3
compensated,123.08,-0.19553502876716766,1.6279745624877,3.0281787553647974,3.0260202429344227,3,3
compensated,123.09,-0.19753818830890735,1.6279809496768562,3.028180409772428,3.0260202429344227,3,3
compensated,123.1,-0.19954151755941163,1.627986422979765,3.028166386942212,3.030308781629982,3,3
compensated,123.11,-0.20154492161933502,1.6279898406398445,3.0281934933986694,3.030308781629982,3,3
compensated,123.12,-0.20354812157562696,1.627994218742796,3.0282423516217776,3.024015975026418,3,3
compensated,123.13,-0.20555121602043758,1.6280011211114684,3.0282422380719556,3.024015975026418,3,3
compensated,123.14,-0.20755457886864648,1.6280069529677301,3.0282073121048447,3.0298307037367334,3,3
compensated,123.15,-0.2095581084740552,1.6280094745612865,3.02822837519969,3.0298307037367334,3,3
compensated,123.16,-0.2115612929825249,1.628012525216285,3.0283155594003475,3.0285069319815463,3,3
compensated,123.17,-0.21356425251043376,1.628019396600459,3.0283474948738465,3.0285069319815463,3,3
compensated,123.18,-0.2155675462203226,1.6280257602067267,3.02831159495553,3.0301790613769146,3,3
compensated,123.19,-0.2175709898786511,1.6280301900116438,3.028294121223754,3.0301790613769146,3,3
compensated,123.2,-0.21957435709464668,1.6280350905857008,3.0282822161120535,3.0271826614741144,3,3
compensated,123.21,-0.22157768807677303,1.6280411611264975,3.028245153884913,3.0271826614741144,3,3
compensated,123.22,-0.2235811283662681,1.6280466479116908,3.0281997634283804,3.029200822409531,3,3
compensated,123.23,-0.22558463181969723,1.6280503370533257,3.0281933932236638,3.029200822409531,3,3
compensated,123.24,-0.22758793879158434,1.6280550387363117,3.028206003612806,3.0288034788493103,3,3
compensated,123.25,-0.2295911744662794,1.628061529034887,3.028183677556423,3.0288034788493103,3,3
compensated,123.26,-0.23159457561117136,1.6280671802736808,3.028145989678122,3.0289366241027036,3,3
compensated,123.27,-0.23359800236406048,1.6280724649221627,3.0281137659367245,3.0289366241027036,3,3
compensated,123.28,-0.2356014052959976,1.6280779493996418,3.0280827737723484,3.0290300624585775,3,3
compensated,123.29,-0.23760480099885517,1.628083638511859,3.0280487703295806,3.0290300624585775,3,3
compensated,123.3,-0.23960820605278177,1.6280893173664295,3.028014099773253,3.027202730795473,3,3
compensated,123.31,-0.2416116074473289,1.6280951515580278,3.0279770526358565,3.027202730795473,3,3
compensated,123.32,-0.2436150155232556,1.6281009970408213,3.0279394819421954,3.0247360395344423,3,3
compensated,123.33,-0.24561849148360337,1.6281047640437853,3.027947738388498,3.0247360395344423,3,3
compensated,123.34,-0.24762172217229406,1.6281096301497353,3.027983914679852,3.0272547496680495,3,3
compensated,123.35,-0.24961358556280744,1.6281127726520759,3.0280552276027186,3.0272547496680495,3,3
compensated,123.36,-0.2515992222439355,1.6281171000751882,3.0281416866964115,3.026416261730084,3,3
compensated,123.37,-0.2535709039234971,1.628122309043044,3.0281946669946174,3.026416261730084,3,3
compensated,123.38,-0.2555321100281758,1.6281270009408404,3.0282340056403885,3.0285755056397967,3,3
compensated,123.39,-0.2574793203653626,1.628130318040708,3.0282875972485157,3.0285755056397967,3,3
compensated,123.4,-0.25941562811157803,1.6281343546337568,3.0283454238444962,3.0274496101867747,3,3
compensated,123.41,-0.26133782729853194,1.6281390576959165,3.028373424244076,3.0274496101867747,3,3
compensated,123.42,-0.2632492296374891,1.6281433924099717,3.0283909953592785,3.025360774474806,3,3
compensated,123.43,-0.2651512721652417,1.628145746074047,3.028445389237622,3.025360774474806,3,3
compensated,123.44,-0.26704924981926625,1.6281492558056456,3.028516301261009,3.0280508799949972,3,3
compensated,123.45,-0.2689331442176235,1.628150895721566,3.02861878153351,3.0280508799949972,3,3
compensated,123.46,-0.2708060173805319,1.628153630023167,3.0287336060983154,3.029742649017561,3,3
compensated,123.47,-0.2726647311999222,1.6281572525359218,3.028813191655834,3.029742649017561,3,3
compensated,123.48,-0.2745127664576952,1.6281603063340637,3.028877903882578,3.0300107763315633,3,3
compensated,123.49,-0.27634663592307396,1.6281634825358589,3.028918515094065,3.0300107763315633,3,3
compensated,123.5,-0.2781696982531654,1.6281664304558265,3.028952397362927,3.02890664277437,3,3
compensated,123.51,-0.27997884431701525,1.6281691621312584,3.0289746574507626,3.02890664277437,3,3
compensated,123.52,-0.2817780039478691,1.6281720274528122,3.02899529410747,3.029190864004983,3,3
compensated,123.53,-0.28356292595852217,1.6281735886212356,3.02903412950466,3.029190864004983,3,3
compensated,123.54,-0.28533680243446724,1.628176011162624,3.029078544949343,3.0292388441909184,3,3
compensated,123.55,-0.28709640510620127,1.6281780287075927,3.02911915631363,3.0292388441909184,3,3
compensated,123.56,-0.2888450995601206,1.6281803591574848,3.0291598840547347,3.0290704176542853,3,3
compensated,123.57,-0.29057950490147855,1.6281820856668079,3.029200619587846,3.0290704176542853,3,3
compensated,123.58,-0.2923030091376838,1.6281842210966464,3.0292422740718505,3.0298621221758673,3,3
compensated,123.59,-0.2940112387171654,1.6281872891053308,3.0292442911073403,3.0298621221758673,3,3
compensated,123.6,-0.2957051283630411,1.628189881708934,3.029228428746435,3.027607109907459,3,3
compensated,123.61,-0.29738458912781185,1.6281923563704837,3.02919885410406,3.027607109907459,3,3
compensated,123.62,-0.2990530403845568,1.6281950325354682,3.0291671463551872,3.031518393739076,3,3
compensated,123.63,-0.3007070931726883,1.6281959609726204,3.0291672186000955,3.031518393739076,3,3
compensated,123.64,-0.3023500027490089,1.6281981617901296,3.0291794011950284,3.0271627902463347,3,3
compensated,123.65,-0.3039784251399713,1.628201882643389,3.0291437993497343,3.0271627902463347,3,3
compensated,123.66,-0.30559616105719023,1.6282051210106567,3.029078738573064,3.0287820571776285,3,3
compensated,123.67,-0.3071982068892136,1.6282045601039892,3.0290730776795742,3.0287820571776285,3,3
compensated,123.68,-0.3087812877486542,1.6282047749195572,3.029151751239815,3.0305142610190714,3,3
compensated,123.69,-0.3103495590308065,1.6282067659974506,3.029207928868225,3.0305142610190714,3,3
compensated,123.7,-0.31190686119832334,1.6282086570825087,3.029257697970133,3.0313610108737237,3,3
compensated,123.71,-0.31344961556192985,1.6282108104114097,3.0292813383038077,3.0313610108737237,3,3
compensated,123.72,-0.31498147433309076,1.6282128203680504,3.0292976562362903,3.028740264125438,3,3
compensated,123.73,-0.31649879535531633,1.628214688685282,3.0292998917100187,3.028740264125438,3,3
compensated,123.74,-0.3180052863078603,1.628216729252692,3.0292999576512334,3.029610318912807,3,3
compensated,123.75,-0.3194964763482949,1.6282173035913066,3.0293250414952606,3.029610318912807,3,3
compensated,123.76,-0.3209742189798982,1.628218894642837,3.0293581752487477,3.0299682546033715,3,3
compensated,123.77,-0.32243729555344647,1.628220479023456,3.029376489016697,3.0299682546033715,3,3
compensated,123.78,-0.3238894280655584,1.6282222098358283,3.0293923843692414,3.027980351941574,3,3
compensated,123.79,-0.3253269043152526,1.6282235909526834,3.0294011430291508,3.027980351941574,3,3
compensated,123.8,-0.32675347009275446,1.6282253019910486,3.029409532980961,3.0311038275483693,3,3
compensated,123.81,-0.3281653633706392,1.6282255020408698,3.0294466543756022,3.0311038275483693,3,3
compensated,123.82,-0.3295662796503239,1.6282267585602312,3.029493546326539,3.0324847883226926,3,3
compensated,123.83,-0.3309510062502985,1.6282279567412394,3.0295212442411463,3.0324847883226926,3,3
compensated,123.84,-0.33230458256869655,1.628228740064011,3.029546430929034,3.025150445913054,3,3
compensated,123.85,-0.3336400513712987,1.628230116204251,3.0295498630439632,3.025150445913054,3,3
compensated,123.86,-0.3349625707812529,1.6282315708326547,3.0295486738156536,3.0305501157535613,3,3
compensated,123.87,-0.3362702030512412,1.6282300379741728,3.029608334854692,3.0305501157535613,3,3
compensated,123.88,-0.33756619985844527,1.628229409115878,3.0297503726203363,3.0261798916886553,3,3
compensated,123.89,-0.33884723290623575,1.6282310269027853,3.029837191369818,3.0261798916886553,3,3
compensated,123.9,-0.3401176171332485,1.628232119195786,3.029874342359156,3.0285877926696134,3,3
compensated,123.91,-0.34137316925163497,1.6282304941578123,3.0299634844732397,3.0285877926696134,3,3
compensated,123.92,-0.34261761602984575,1.6282302517421112,3.0300859934173037,3.028685989832523,3,3
compensated,123.93,-0.34387219057453033,1.628231646565625,3.0301710897796204,3.028685989832523,3,3
compensated,123.94,-0.3451308274884739,1.6282318701209224,3.030241452139718,3.030465133091681,3,3
compensated,123.95,-0.34637478443784964,1.6282314069188109,3.0303088153078046,3.030465133091681,3,3
compensated,123.96,-0.3476083939546274,1.628231303335144,3.0303765543975048,3.027557013348467,3,3
compensated,123.97,-0.348827311075534,1.6282314426368503,3.030416297207672,3.027557013348467,3,3
compensated,123.98,-0.3500360529220351,1.6282315023187484,3.0304483133107065,3.0333814249877857,3,3
compensated,123.99,-0.3512298859962849,1.6282297433164798,3.030520166081099,3.0333814249877857,3,3
compensated,124.0,-0.35241284722887545,1.6282291563962654,3.0306087983282994,3.031707854193055,3,3
compensated,124.01,-0.3535795133338645,1.6282299183764362,3.0306397990037173,3.031707854193055,3,3
compensated,124.02,-0.3547293022145096,1.6282303178876414,3.030618355568048,3.029864857820053,3,3
compensated,124.03,-0.3558639930576618,1.6282292841966242,3.030621650475521,3.029864857820053,3,3
compensated,124.04,-0.3569875943856017,1.6282292068346793,3.03063214493433,3.032335623980785,4,3
compensated,124.05,-0.3580960713043392,1.6282278677898427,3.030669758350442,3.032335623980785,4,3
compensated,124.06,-0.3591934611501145,1.6282274644514747,3.03071562449684,3.027209422500338,4,3
compensated,124.07,-0.3602743067549835,1.6282274482636456,3.0307248782557656,3.027209422500338,4,3
compensated,124.08,-0.36132422612411164,1.6282269465703239,3.030722497523746,3.033307597392911,4,3
compensated,124.09,-0.3623550321656648,1.6282247412899848,3.03076979616815,3.033307597392911,4,3
compensated,124.1,-0.36335460044067835,1.628223525573596,3.0308445988415382,3.0311009006037786,4,3
compensated,124.11,-0.36433503777176957,1.6282240209203744,3.0308600940669312,3.0311009006037786,4,3
compensated,124.12,-0.3652848166051338,1.6282240347907941,3.0308149063549243,3.0302535415227574,4,3
compensated,124.13,-0.3662154584217432,1.6282227062110435,3.0308010656383657,3.0302535415227574,4,3
compensated,124.14,-0.367115018132241,1.6282221508861607,3.0307986381329495,3.0325235903334864,4,3
compensated,124.15,-0.36799537361260204,1.6282211603371577,3.0308080271606754,3.0325235903334864,4,3
compensated,124.16,-0.3688447608248179,1.6282205127676652,3.030821676761448,3.030398871682972,4,3
compensated,124.17,-0.3696749326192682,1.6282197300765273,3.030832089810833,3.030398871682972,4,3
compensated,124.18,-0.37047738996664625,1.6282191967360362,3.030844180189869,3.031904507439327,4,3
compensated,124.19,-0.3712787241651293,1.628218330031559,3.0308862090265807,3.031904507439327,4,3
compensated,124.2,-0.37207997940413917,1.6282177949752026,3.0309364316324827,3.0319940928145757,4,3
compensated,124.21,-0.37288127075832955,1.628217816246039,3.030959597674715,3.0319940928145757,4,3
compensated,124.22,-0.37368263284789804,1.6282174881104505,3.030975864614152,3.027944881411405,4,3
compensated,124.23,-0.3744840033065593,1.6282172560428623,3.0309866761837228,3.027944881411405,4,3
compensated,124.24,-0.3752853859602078,1.628216950389863,3.0309966460234827,3.0302414064007497,4,3
compensated,124.25,-0.37608671840288876,1.6282153097886949,3.0310596973630743,3.0302414064007497,4,3
compensated,124.26,-0.3768878408388202,1.6282142841699523,3.031153987432654,3.0330134858944007,4,3
compensated,124.27,-0.3776784375709551,1.6282137437202606,3.0312120860507106,3.0330134858944007,4,3
compensated,124.28,-0.3784653299058488,1.6282129942494623,3.0312580399678875,3.032500909555951,4,3
compensated,124.29,-0.3792370421069846,1.628212657657764,3.031262608580822,3.032500909555951,4,3
compensated,124.3,-0.37999876834453605,1.6282123024603832,3.031251648508913,3.032972491056274,4,3
compensated,124.31,-0.3807449990465087,1.6282113473524373,3.0312465781949225,3.032972491056274,4,3
compensated,124.32,-0.38148049783192073,1.6282109424152695,3.031243430087255,3.0280062295279633,4,3
compensated,124.33,-0.38221499884841303,1.6282107357328872,3.031230684657783,3.0280062295279633,4,3
compensated,124.34,-0.38294936927773204,1.6282104591860571,3.031216507687162,3.0304238375032835,4,3
compensated,124.35,-0.3836682168076089,1.6282082292828228,3.0312595261883786,3.0304238375032835,4,3
compensated,124.36,-0.38437621925448806,1.6282071638725752,3.0313407755887556,3.033192953739415,4,3
compensated,124.37,-0.3850687370456466,1.6282063992400844,3.0313844361032882,3.033192953739415,4,3
compensated,124.38,-0.38575070885584406,1.6282056752580933,3.0314156752421333,3.0316162644672264,4,3
compensated,124.39,-0.38641694139667804,1.6282053200966469,3.031405172259175,3.0316162644672264,4,3
compensated,124.4,-0.3870720653056695,1.6282050475549477,3.0313793928023594,3.0319650836808894,4,3
compensated,124.41,-0.3877112738145564,1.6282038415020161,3.031376357757056,3.0319650836808894,4,3
compensated,124.42,-0.38833904907620775,1.6282033720037856,3.0313790403354264,3.028681898207182,4,3
compensated,124.43,-0.3889606384610713,1.6282020847433833,3.0314177463852006,3.028681898207182,4,3
compensated,124.44,-0.3895808689142978,1.6282012604179295,3.0314676279641914,3.030970840254687,4,3
compensated,124.45,-0.3901852201108781,1.6281990911677624,3.0315624421251472,3.030970840254687,4,3
compensated,124.46,-0.3907784268179406,1.6281977654499566,3.0316758298428157,3.032651095401511,4,3
compensated,124.47,-0.39135586805886147,1.6281965592178143,3.031753520485737,3.032651095401511,4,3
compensated,124.48,-0.39192238432169113,1.6281954560388168,3.0318205851982696,3.0324614160413343,4,3
compensated,124.49,-0.3924728675367313,1.6281943408064405,3.0318594839349937,3.0324614160413343,4,3
compensated,124.5,-0.3930118505799549,1.6281934499940953,3.0318921546223274,3.0325344571394552,4,3
compensated,124.51,-0.3935382761921533,1.6281922091135872,3.0319278816407165,3.0325344571394552,4,3
compensated,124.52,-0.39405938571625254,1.6281912868854385,3.0319645232165713,3.0320213107269733,4,3
compensated,124.53,-0.39456430157923383,1.6281899477082602,3.0319977255224053,3.0320213107269733,4,3
compensated,124.54,-0.39505754111058256,1.6281890362754008,3.0320315094073007,3.031674274045093,4,3
compensated,124.55,-0.39553449417486497,1.628187576365272,3.032071886803237,3.031674274045093,4,3
compensated,124.56,-0.3959996826135911,1.6281866087385346,3.032114222332626,3.0292278466150524,4,3
compensated,124.57,-0.3964484343047854,1.6281851352041912,3.0321602153941485,3.0292278466150524,4,3
compensated,124.58,-0.3968849097037619,1.6281841334931462,3.032207793394297,3.0320592318857074,4,3
compensated,124.59,-0.397303872621389,1.628182056164811,3.032294217933513,3.0320592318857074,4,3
compensated,124.6,-0.39769211999075027,1.628180493587454,3.032395052209467,3.031362142151191,4,3
compensated,124.61,-0.39806093331652226,1.628179237193558,3.032453562841819,3.031362142151191,4,3
compensated,124.62,-0.39839925231526907,1.6281780590179045,3.032498568192906,3.031619610290118,4,3
compensated,124.63,-0.3987179712948199,1.6281765358430131,3.0325534335925743,3.031619610290118,4,3
compensated,124.64,-0.3990061224585868,1.628175356769626,3.0326119748512643,3.0331153457786977,4,3
compensated,124.65,-0.3992746788370948,1.6281740201563928,3.032663520308695,3.0331153457786977,4,3
compensated,124.66,-0.39951704859044324,1.6281730409629473,3.0327162929863434,3.034644387017874,4,3
compensated,124.67,-0.3997411376825388,1.6281716351874682,3.032782403782401,3.034644387017874,4,3
compensated,124.68,-0.3999347268064629,1.628170594661128,3.0328525799927175,3.0337562497073582,4,3
compensated,124.69,-0.400108706406333,1.6281695478075695,3.0328964700090935,3.0337562497073582,4,3
compensated,124.7,-0.4002522801017655,1.6281687738367254,3.0329370353047334,3.032361320613889,4,3
compensated,124.71,-0.4003760778566757,1.628167717359374,3.0329911673703553,3.032361320613889,4,3
compensated,124.72,-0.40046945101429143,1.6281670461174893,3.033049305780264,3.031529223839197,4,3
compensated,124.73,-0.4005431067530091,1.628165809204357,3.03312852579419,3.031529223839197,4,3
compensated,124.74,-0.4005866846219963,1.6281644145129892,3.0332110887747463,3.0325566928942624,4,3
compensated,124.75,-0.40064622385128146,1.6281634632489612,3.0333073238630326,3.0325566928942624,4,3
compensated,124.76,-0.4007277615719137,1.6281624096186733,3.0334059470666905,3.0346218121431416,4,3
compensated,124.77,-0.40082705281651887,1.628162181209313,3.0334832206688302,3.0346218121431416,4,3
compensated,124.78,-0.4009485395216972,1.6281615552703013,3.0335551805859025,3.031947127826612,4,3
compensated,124.79,-0.40108798690717296,1.6281614678082923,3.033590284796128,3.031947127826612,4,3
compensated,124.8,-0.4012497300096276,1.6281608959523357,3.0336140039187574,3.0321669331138352,4,3
compensated,124.81,-0.4014119634664405,1.628159972559072,3.0336752386075294,3.0321669331138352,4,3
compensated,124.82,-0.40157420034637326,1.628159082950315,3.033747283148794,3.032348063152752,4,3
compensated,124.83,-0.40171866510258514,1.628157851910118,3.033810142907512,3.032348063152752,4,3
compensated,124.84,-0.4018327115872262,1.6281569844580472,3.033874334876397,3.03283567307611,4,3
compensated,124.85,-0.4019270184356485,1.6281559796082892,3.0339329909725508,3.03283567307611,4,3
compensated,124.86,-0.40199094849634676,1.6281552532976393,3.033993389765884,3.0334191196740985,4,3
compensated,124.87,-0.4020351971284575,1.6281543287236016,3.034042588025602,3.0334191196740985,4,3
compensated,124.88,-0.4020493505822238,1.628153300521632,3.034090405745003,3.0355633369463995,4,3
compensated,124.89,-0.4020519045915184,1.6281524229268478,3.0341219997395013,3.0355633369463995,4,3
compensated,124.9,-0.4020519343105142,1.6281515488598322,3.034155449697247,3.0383239551543264,4,3
compensated,124.91,-0.40205194942877964,1.6281510997489117,3.0341579032773853,3.0383239551543264,4,3
compensated,124.92,-0.4020519554714288,1.628150895643754,3.034148409327082,3.0347010887099373,4,3
compensated,124.93,-0.4020519907153114,1.6281498462907973,3.034094495385658,3.0347010887099373,4,3
compensated,124.94,-0.4020520350640052,1.6281485653642473,3.034034781039305,3.035113664301388,4,3
compensated,124.95,-0.40205204442130427,1.6281483046999932,3.0340244922810387,3.035113664301388,4,3
compensated,124.96,-0.40205206601150834,1.6281476363731386,3.034040927311308,3.036501312701475,4,3
compensated,124.97,-0.40205206601150834,1.6281476363731386,3.034040927311308,3.036501312701475,4,3
compensated,124.98,-0.40205206897184953,1.6281475032350163,3.0340448526993433,3.035189012534852,4,3
compensated,124.99,-0.4020520842695883,1.6281470298577612,3.0340201596891956,3.035189012534852,4,3
compensated,125.0,-0.4020521087826321,1.6281463024800065,3.0339862644562086,3.0337564085956963,4,3
compensated,125.01,-0.40205213629332626,1.6281455380811274,3.0340006685400183,3.0337564085956963,4,3
compensated,125.02,-0.40205217035254237,1.628144543947988,3.034038716325725,3.032588171348457,4,3
compensated,125.03,-0.40205222132762686,1.6281430868957691,3.0340966192810566,3.032588171348457,4,3
compensated,125.04,-0.4020522770262164,1.6281414881110705,3.0341578169089436,3.034103994970775,4,3
compensated,125.05,-0.4020523465656599,1.628139512877571,3.034235047755122,3.034103994970775,4,3
compensated,125.06,-0.40205241936405134,1.6281374341913666,3.0343146174683557,3.030681219658174,4,3
compensated,125.07,-0.40205247051698656,1.6281359463547078,3.034368788005728,3.030681219658174,4,3
compensated,125.08,-0.40205251475328274,1.628134664416281,3.0344178520590175,3.0365141006192644,4,3
compensated,125.09,-0.4020526015107857,1.6281322455774705,3.0345167542494877,3.0365141006192644,4,3
compensated,125.1,-0.4020527143622168,1.62812903858655,3.0346395159683137,3.0332445240472445,4,3
compensated,125.11,-0.40205277758487157,1.6281271743207968,3.0347010618399812,3.0332445240472445,4,3
compensated,125.12,-0.4020527879239726,1.6281268441652226,3.034713677897517,3.034843824535576,4,3
compensated,125.13,-0.40205283663923597,1.6281254419437297,3.0347726877825068,3.034843824535576,4,3
compensated,125.14,-0.4020529013083425,1.628123581681245,3.034843888026007,3.0353938777896152,4,3
compensated,125.15,-0.4020529439338122,1.6281223276117176,3.0348889847065497,3.0353938777896152,4,3
compensated,125.16,-0.40205297925485994,1.6281212903660598,3.034928676907975,3.0358230770845225,4,3
compensated,125.17,-0.402052998597641,1.6281207018825887,3.0349493307459725,3.0358230770845225,4,3
compensated,125.18,-0.4020530156763824,1.628120176873439,3.034969413298904,3.0357046537245846,4,3
compensated,125.19,-0.40205302595692616,1.6281198415816924,3.034981231375668,3.0357046537245846,4,3
compensated,125.2,-0.40205303192619224,1.6281196377280085,3.034989022648728,3.038195474313855,4,3
compensated,125.21,-0.40205303852057084,1.6281194117508055,3.034997628026728,3.038195474313855,4,3
compensated,125.22,-0.4020530456835111,1.6281191652956224,3.035007046983471,3.0344467794659256,4,3
compensated,125.23,-0.40205307124132095,1.6281183781679005,3.034977129479911,3.0344467794659256,4,3
compensated,125.24,-0.40205310539172423,1.6281173739850652,3.034930330512915,3.036044831865267,4,3
compensated,125.25,-0.4020531233995228,1.6281168693580577,3.034930509957835,3.036044831865267,4,3
compensated,125.26,-0.4020531344990601,1.6281165169396836,3.0349439870593327,3.035356518980695,4,3
compensated,125.27,-0.4020531489360506,1.6281161012175807,3.034931249901507,3.035356518980695,4,3
compensated,125.28,-0.40205316300683813,1.6281156615380512,3.0349107772152557,3.034358014918448,5,3
compensated,125.29,-0.4020531693400323,1.6281154461102565,3.0349020289128705,3.034358014918448,5,3
compensated,125.3,-0.4020531741800296,1.6281152657576692,3.034893650352208,3.0317929980264307,5,3
compensated,125.31,-0.4020531741800296,1.6281152657576692,3.034893650352208,3.0317929980264307,1,4
compensated,125.32,-0.4020531741800296,1.6281152657576692,3.034893650352208,3.0353337846808586,1,4
compensated,125.33,-0.4020531741800296,1.6281152657576692,3.034893650352208,3.0353337846808586,1,4
compensated,125.34,-0.4020531741800296,1.6281152657576692,3.034893650352208,3.036330863912257,1,4
compensated,125.35,-0.4020532208667529,1.6281138962861712,3.034953053775558,3.036330863912257,1,4
compensated,125.36,-0.4020533318728716,1.6281107271040365,3.0350744162745795,3.0370028296719287,1,4
compensated,125.37,-0.4020534990155432,1.6281061778173949,3.0352568538774958,3.0370028296719287,1,4
compensated,125.38,-0.402053766345262,1.6280987081244198,3.0355455645458966,3.030601654720675,1,4
compensated,125.39,-0.4020541040206763,1.628089495247662,3.035902660121945,3.030601654720675,1,4
compensated,125.4,-0.4020545397195603,1.6280772952657931,3.036370769964081,3.036733725377646,1,4
compensated,125.41,-0.4020550508212395,1.6280632270434148,3.0369097480684113,3.036733725377646,1,4
compensated,125.42,-0.40205565267049503,1.6280462112394873,3.037559910233866,3.035966351594835,1,4
compensated,125.43,-0.40205619944246374,1.6280300621542976,3.0381763766274617,3.035966351594835,1,4
compensated,125.44,-0.4020567343078252,1.6280144291452239,3.0387744433761292,3.036615246705451,1,4
compensated,125.45,-0.40205720211588114,1.6280002625629366,3.039312153569997,3.036615246705451,1,4
compensated,125.46,-0.4020576003191214,1.6279884280202621,3.0397637340778667,3.0400178092419985,1,4
compensated,125.47,-0.40205793907678133,1.6279780762109775,3.0401533481928276,3.0400178092419985,1,4
compensated,125.48,-0.40205818363935963,1.6279706809260273,3.0404325144423114,3.036462370958578,2,4
compensated,125.49,-0.4020583681251557,1.6279649981570787,3.040640867601557,3.036462370958578,2,4
compensated,125.5,-0.40205845524013795,1.627962322250242,3.040738162594968,3.0353207237003046,2,4
compensated,125.51,-0.40205850174691593,1.627960875893158,3.0407892485982466,3.0353207237003046,2,4
compensated,125.52,-0.402058536000087,1.6279598139985134,3.0408298430634657,3.03939509621686,2,4
compensated,125.53,-0.4020585447667222,1.627959534058359,3.040837954463843,3.03939509621686,2,4
compensated,125.54,-0.4020585447667222,1.627959534058359,3.040837954463843,3.0426585647558273,2,4
compensated,125.55,-0.4020585447667222,1.627959534058359,3.040837954463843,3.0426585647558273,2,4
compensated,125.56,-0.4020585447667222,1.627959534058359,3.040837954463843,3.0412923430609435,2,4
compensated,125.57,-0.4020585447667222,1.627959534058359,3.040837954463843,3.0412923430609435,2,4
compensated,125.58,-0.4020585447667222,1.627959534058359,3.040837954463843,3.0421105856114234,2,4
compensated,125.59,-0.4020585447667222,1.627959534058359,3.040837954463843,3.0421105856114234,2,4
compensated,125.6,-0.4020585447667222,1.627959534058359,3.040837954463843,3.041760413329694,2,4
compensated,125.61,-0.4020585447667222,1.627959534058359,3.040837954463843,3.041760413329694,2,4
compensated,125.62,-0.4020585447667222,1.627959534058359,3.040837954463843,3.0406209185781865,2,4
compensated,125.63,-0.4020585447667222,1.627959534058359,3.040837954463843,3.0406209185781865,2,4
compensated,125.64,-0.4020585447667222,1.627959534058359,3.040837954463843,3.0423820683802223,2,4
compensated,125.65,-0.4020585447667222,1.627959534058359,3.040837954463843,3.0423820683802223,2,4
compensated,125.66,-0.4020585447667222,1.627959534058359,3.040837954463843,3.0404705749547762,2,4
compensated,125.67,-0.4020585447667222,1.627959534058359,3.040837954463843,3.0404705749547762,2,4
compensated,125.68,-0.4020585447667222,1.627959534058359,3.040837954463843,3.0384169271758728,2,4
compensated,125.69,-0.4020585447667222,1.627959534058359,3.040837954463843,3.0384169271758728,2,4
compensated,125.7,-0.4020585447667222,1.627959534058359,3.040837954463843,3.0413212590910677,2,4
compensated,125.71,-0.4020585447667222,1.627959534058359,3.040837954463843,3.0413212590910677,2,4
compensated,125.72,-0.4020585447667222,1.627959534058359,3.040837954463843,3.0401285467887913,2,4
compensated,125.73,-0.4020585447667222,1.627959534058359,3.040837954463843,3.0401285467887913,2,4
compensated,125.74,-0.4020585447667222,1.627959534058359,3.040837954463843,3.041561015412615,2,4
compensated,125.75,-0.4020585447667222,1.627959534058359,3.040837954463843,3.041561015412615,2,4
compensated,125.76,-0.4020585447667222,1.627959534058359,3.040837954463843,3.040019060686851,2,4
compensated,125.77,-0.4020585447667222,1.627959534058359,3.040837954463843,3.040019060686851,2,4
compensated,125.78,-0.4020585447667222,1.627959534058359,3.040837954463843,3.040634073387734,2,4
compensated,125.79,-0.4020585447667222,1.627959534058359,3.040837954463843,3.040634073387734,2,4
compensated,125.8,-0.4020585447667222,1.627959534058359,3.040837954463843,3.0436381055556545,2,4
compensated,125.81,-0.4020585447667222,1.627959534058359,3.040837954463843,3.0436381055556545,2,4
compensated,125.82,-0.4020585447667222,1.627959534058359,3.040837954463843,3.0393718213830674,2,4
compensated,125.83,-0.4020585447667222,1.627959534058359,3.040837954463843,3.0393718213830674,2,4
compensated,125.84,-0.4020585447667222,1.627959534058359,3.040837954463843,3.0410434750185207,2,4
compensated,125.85,-0.4020585447667222,1.627959534058359,3.040837954463843,3.0410434750185207,2,4
compensated,125.86,-0.4020585447667222,1.627959534058359,3.040837954463843,3.0370663691915585,2,4
compensated,125.87,-0.4020585447667222,1.627959534058359,3.040837954463843,3.0370663691915585,2,4
compensated,125.88,-0.4020585447667222,1.627959534058359,3.040837954463843,3.0416983289728243,2,4
compensated,125.89,-0.4020585447667222,1.627959534058359,3.040837954463843,3.0416983289728243,2,4
compensated,125.9,-0.4020585447667222,1.627959534058359,3.040837954463843,3.040317485142525,2,4
compensated,125.91,-0.4020585447667222,1.627959534058359,3.040837954463843,3.040317485142525,2,4
compensated,125.92,-0.4020585447667222,1.627959534058359,3.040837954463843,3.037632689033165,2,4
compensated,125.93,-0.4020585447667222,1.627959534058359,3.040837954463843,3.037632689033165,2,4
compensated,125.94,-0.4020585447667222,1.627959534058359,3.040837954463843,3.0414194161184476,2,4
compensated,125.95,-0.4020585447667222,1.627959534058359,3.040837954463843,3.0414194161184476,2,4
compensated,125.96,-0.4020585447667222,1.627959534058359,3.040837954463843,3.0423212570891094,2,4
compensated,125.97,-0.4020585447667222,1.627959534058359,3.040837954463843,3.0423212570891094,2,4
compensated,125.98,-0.4020585447667222,1.627959534058359,3.040837954463843,3.0421699737277894,2,4
compensated,125.99,-0.4020585447667222,1.627959534058359,3.040837954463843,3.0421699737277894,2,4
compensated,126.0,-0.4020585447667222,1.627959534058359,3.040837954463843,3.043285630924487,3,4
compensated,126.01,-0.4020585447667222,1.627959534058359,3.040837954463843,3.043285630924487,3,4
compensated,126.02,-0.4020585447667222,1.627959534058359,3.040837954463843,3.0397706102156157,3,4
compensated,126.03,-0.4020585447667222,1.627959534058359,3.040837954463843,3.0397706102156157,3,4
compensated,126.04,-0.4020585447667222,1.627959534058359,3.040837954463843,3.043110794100862,3,4
compensated,126.05,-0.40207641604707633,1.6279589947447208,3.0407748254194233,3.043110794100862,3,4
compensated,126.06,-0.4021163477275803,1.6279575160120512,3.04068120695728,3.042544038835902,3,4
compensated,126.07,-0.4021740491646433,1.6279557683879775,3.0405347036899952,3.042544038835902,3,4
compensated,126.08,-0.4022538982015108,1.6279531647944003,3.040367465334817,3.041020876348023,3,4
compensated,126.09,-0.4023518263133987,1.627951557016253,3.0402556466753827,3.041020876348023,3,4
compensated,126.1,-0.4024722574047279,1.6279501757183505,3.0401668559453285,3.0432647619202395,3,4
compensated,126.11,-0.40261057278969437,1.627949028788147,3.040103588760883,3.0432647619202395,3,4
compensated,126.12,-0.40277111391174825,1.6279473847507058,3.040043374186778,3.0408124215620944,3,4
compensated,126.13,-0.4029495469172414,1.6279459911467498,3.039947964784097,3.0408124215620944,3,4
compensated,126.14,-0.40315034073087397,1.6279438375397446,3.0398416587801464,3.0398643983088256,3,4
compensated,126.15,-0.4033687791701077,1.6279419277404898,3.0397726420378697,3.0398643983088256,3,4
compensated,126.16,-0.4036094630198628,1.6279396878832273,3.0397129899413566,3.040756866721045,3,4
compensated,126.17,-0.4038678997770866,1.62793772181021,3.039635283748694,3.040756866721045,3,4
compensated,126.18,-0.4041487502698835,1.627935069481319,3.0395527592876217,3.039084812903666,3,4
compensated,126.19,-0.404447296479574,1.6279327241118713,3.039454515590294,3.039084812903666,3,4
compensated,126.2,-0.4047683000103244,1.6279297047043322,3.0393520027435663,3.039966538629848,3,4
compensated,126.21,-0.4051068311371996,1.6279269536907932,3.039276201922776,3.039966538629848,3,4
compensated,126.22,-0.405467774211268,1.6279238703401786,3.0392044688494035,3.037312024220289,3,4
compensated,126.23,-0.4058463184475387,1.6279211269084741,3.039117600539603,3.037312024220289,3,4
compensated,126.24,-0.40624741240965834,1.6279176934122583,3.039026555192777,3.037959239315507,3,4
compensated,126.25,-0.406665904943902,1.6279141739261218,3.0389853639436053,3.037959239315507,3,4
compensated,126.26,-0.40710677128766126,1.627910750045938,3.0389663041264727,3.039940062791242,3,4
compensated,126.27,-0.4075651234441079,1.6279077831808693,3.0389369030595685,3.039940062791242,3,4
compensated,126.28,-0.4080461051214088,1.6279041438060193,3.0389041330929496,3.0395388328770725,3,4
compensated,126.29,-0.408544587020947,1.6279010166054861,3.0388410610713197,3.0395388328770725,3,4
compensated,126.3,-0.40906580144876814,1.6278969918774449,3.0387685327012974,3.039221585117158,3,4
compensated,126.31,-0.4096043681771637,1.6278932728070894,3.0387043025832705,3.039221585117158,3,4
compensated,126.32,-0.4101656142451404,1.6278891052512643,3.0386392092171777,3.039236709258817,3,4
compensated,126.33,-0.4107441861579214,1.627885276743866,3.0385760058378968,3.039236709258817,3,4
compensated,126.34,-0.4113454958555247,1.62788092358424,3.038511049671017,3.0404744395028835,3,4
compensated,126.35,-0.4119640895279103,1.6278769146131438,3.0384474139338744,3.0404744395028835,3,4
compensated,126.36,-0.4126054659917934,1.6278723743819568,3.0383819494831528,3.0393117272136134,3,4
compensated,126.37,-0.4132641342951461,1.6278683265833576,3.0382976671259274,3.0393117272136134,3,4
compensated,126.38,-0.4139456820617229,1.6278634747647074,3.0382078518766935,3.039337418440298,3,4
compensated,126.39,-0.4146443885228216,1.6278587545471404,3.0381387861478437,3.039337418440298,3,4
compensated,126.4,-0.4153658976447736,1.6278538972213732,3.038072125272452,3.0406533152568977,3,4
compensated,126.41,-0.4161045612789247,1.627849391136927,3.0380072166798286,3.0406533152568977,3,4
compensated,126.42,-0.41686613351434654,1.6278443816300276,3.037940569860483,3.0367699322939057,3,4
compensated,126.43,-0.41764489725020726,1.627840144760034,3.0378376144384043,3.0367699322939057,3,4
compensated,126.44,-0.41844674808295823,1.627834749849176,3.0377211182914325,3.0387547846775167,3,4
compensated,126.45,-0.41926563505283465,1.6278286034365803,3.0376549550793945,3.0387547846775167,3,4
compensated,126.46,-0.4201072501588091,1.6278231709341322,3.0376151161903904,3.039460742300035,3,4
compensated,126.47,-0.42096593392331483,1.6278187046802906,3.037546383342436,3.039460742300035,3,4
compensated,126.48,-0.42184773817095356,1.627813331651946,3.0374680486061525,3.039584262741192,3,4
compensated,126.49,-0.42274655455399746,1.627808469552481,3.0373800969243945,3.039584262741192,3,4
compensated,126.5,-0.4236684741598734,1.627802970712118,3.0372885860841827,3.0357328040161766,3,4
compensated,126.51,-0.424607381323032,1.6277981052936168,3.037178887057046,3.0357328040161766,3,4
compensated,126.52,-0.42556946405510987,1.6277924418579022,3.0370634956067493,3.0363012037990895,3,4
compensated,126.53,-0.42654845110120865,1.6277857445379706,3.0369978228470003,3.0363012037990895,3,4
compensated,126.54,-0.4275503203940654,1.6277798534263381,3.0369587950077714,3.0390201726198924,3,4
compensated,126.55,-0.4285690601530232,1.6277745920614373,3.0369126831256343,3.0390201726198924,3,4
compensated,126.56,-0.42961101359612086,1.6277687386191277,3.036863417955715,3.035243023405833,3,4
compensated,126.57,-0.4306698381810953,1.6277640893054368,3.036776936850983,3.035243023405833,3,4
compensated,126.58,-0.431752031676538,1.6277583609756612,3.0366753050486675,3.0344777230314612,3,4
compensated,126.59,-0.43285104069033786,1.6277513118329985,3.0366223990775802,3.0344777230314612,3,4
compensated,126.6,-0.43397306256127677,1.6277449997499804,3.036595454014126,3.0368095653503175,3,4
compensated,126.61,-0.4351118205847435,1.6277387131356873,3.0365839173475067,3.0368095653503175,3,4
compensated,126.62,-0.4362738446484784,1.6277321979987154,3.03657370946549,3.0367100835029426,3,4
compensated,126.63,-0.43745260361835536,1.6277269492420736,3.0365313799917804,3.0367100835029426,3,4
compensated,126.64,-0.43865481976123133,1.627720677734696,3.036477105915605,3.0381668282536953,3,4
compensated,126.65,-0.4398737202084332,1.6277145782446045,3.036427880072154,3.0381668282536953,3,4
compensated,126.66,-0.44111598936983554,1.6277081438121848,3.0363776099526287,3.03782405311945,3,4
compensated,126.67,-0.44237491736846357,1.6277029738293032,3.0362954387227226,3.03782405311945,3,4
compensated,126.68,-0.44365737792675375,1.6276968485852283,3.036201189015936,3.034969602387596,3,4
compensated,126.69,-0.44495645391237937,1.627690758462004,3.036115933055092,3.034969602387596,3,4
compensated,126.7,-0.44627894642555377,1.627684580250705,3.036030362832139,3.0361432239650776,3,4
compensated,126.71,-0.44761803793168076,1.62767719026634,3.0359858803806254,3.0361432239650776,3,4
compensated,126.72,-0.4489804244193447,1.6276704039269927,3.0359586251328965,3.0363324380525274,3,4
compensated,126.73,-0.45035934140729694,1.6276645307376227,3.0359159215930367,3.0363324380525274,3,4
compensated,126.74,-0.4517618364658367,1.627657951295275,3.0358681076834686,3.0373164304796543,3,4
compensated,126.75,-0.4531808372783014,1.6276522410673286,3.035803140551956,3.0373164304796543,3,4
compensated,126.76,-0.45462345822417993,1.6276458255752255,3.0357324430528134,3.0324653526498135,3,4
compensated,126.77,-0.4560825480056552,1.6276401689550615,3.0356488407575157,3.0324653526498135,3,4
compensated,126.78,-0.45756527649953727,1.627633931155579,3.035560848527397,3.0345542986806144,3,4
compensated,126.79,-0.45906451104606427,1.6276256009659553,3.035527058260072,3.0345542986806144,3,4
compensated,126.8,-0.46058705156919955,1.6276180682806654,3.035536691440696,3.0367923538582318,3,4
compensated,126.81,-0.4621259442300887,1.6276122129324744,3.0355187333077494,3.0367923538582318,3,4
compensated,126.82,-0.4636886083693832,1.627605360021557,3.0354903964877247,3.033341657807032,3,4
compensated,126.83,-0.4652676237078478,1.6276003743989595,3.0354176747483157,3.033341657807032,3,4
compensated,126.84,-0.4668705384623597,1.6275941817733688,3.035320764701871,3.033872527705981,3,4
compensated,126.85,-0.4684898590457388,1.627586156325717,3.0352693321808126,3.033872527705981,3,4
compensated,126.86,-0.4701326648190415,1.6275789949274422,3.0352424296764835,3.03647198414619,3,4
compensated,126.87,-0.47179174010776004,1.627572554076743,3.0352107718561845,3.03647198414619,3,4
compensated,126.88,-0.4734745973766338,1.627565677071633,3.035176280046825,3.0361160927489372,3,4
compensated,126.89,-0.4751737016564931,1.6275603848822402,3.03510787473931,3.0361160927489372,3,4
compensated,126.9,-0.4768967468788372,1.6275540358313538,3.0350251081970825,3.034701784718383,3,4
compensated,126.91,-0.4786360400058085,1.6275475453139894,3.034952201964512,3.034701784718383,3,4
compensated,126.92,-0.48039912276038155,1.627541072542844,3.034879470128766,3.035146398303775,3,4
compensated,126.93,-0.4821783976303152,1.6275353003924327,3.0347977481992903,3.035146398303775,3,4
compensated,126.94,-0.4839815642143338,1.6275291080189342,3.03471228332399,3.0340098578000756,3,4
compensated,126.95,-0.485800897277871,1.627523394241493,3.034623085429371,3.0340098578000756,3,4
compensated,126.96,-0.48764413335450874,1.6275174157220862,3.034531237329693,3.032409737584709,3,4
compensated,126.97,-0.48950352471709313,1.6275109198695024,3.034460127164484,3.032409737584709,3,4
compensated,126.98,-0.4913867457558586,1.6275048022414036,3.0343931853014863,3.0335202134272397,3,4
compensated,126.99,-0.49328608585280453,1.627497964358119,3.0343529618724947,3.0335202134272397,3,4
compensated,127.0,-0.4952092604040027,1.627491588598657,3.0343203604048146,3.0348973545103064,3,4
compensated,127.01,-0.497148465201091,1.627487060347953,3.034253203527255,3.0348973545103064,3,4
compensated,127.02,-0.49911180911381037,1.6274814932413553,3.0341703183046294,3.0333484015027183,3,4
compensated,127.03,-0.5010912001538087,1.62747682391848,3.0340692850813,3.0333484015027183,3,4
compensated,127.04,-0.5030946757717218,1.6274715871050893,3.033961646674994,3.0363551295336455,3,4
compensated,127.05,-0.5050987926004619,1.6274646119324467,3.03388056531437,3.0363551295336455,3,4
compensated,127.06,-0.5071027739678943,1.6274585785245987,3.0338088348844914,3.0335974935779966,3,4
compensated,127.07,-0.5091066864605767,1.627454460765907,3.033700887882175,3.0335974935779966,3,4
compensated,127.08,-0.5111107687462463,1.6274496463749661,3.033576488788908,3.0355767309684563,3,4
compensated,127.09,-0.5131149649197496,1.6274425921639746,3.033493932449445,3.0355767309684563,3,4
compensated,127.1,-0.5151189148481397,1.627436949425392,3.03343385862299,3.0305004927981054,3,4
compensated,127.11,-0.5171227900571344,1.6274328976460288,3.0333496946445244,3.0305004927981054,3,4
compensated,127.12,-0.5191267631651767,1.6274284072921907,3.03325772347848,3.035181263196975,3,4
compensated,127.13,-0.5211308688368753,1.6274210243269511,3.033220205765192,3.035181263196975,3,4
compensated,127.14,-0.5231346320607125,1.6274147655816682,3.033234092032562,3.032711869426924,3,4
compensated,127.15,-0.5251382224015568,1.6274117811806632,3.0331992965990633,3.032711869426924,3,4
compensated,127.16,-0.5271420737112429,1.6274078522523665,3.033129185727094,3.0328850292819256,3,4
compensated,127.17,-0.5291460295197075,1.62740175210536,3.0330969534375694,3.0328850292819256,3,4
compensated,127.18,-0.5311497924905948,1.6273967206060047,3.0330828912040118,3.033912653377259,3,4
compensated,127.19,-0.5331535273027056,1.6273918713160367,3.0330719649215774,3.033912653377259,3,4
compensated,127.2,-0.5351572478383044,1.6273871420453956,3.0330617016636965,3.0344156603022077,3,4
compensated,127.21,-0.5371609600209122,1.6273828852734151,3.0330405753962606,3.0344156603022077,3,4
compensated,127.22,-0.5391647130492596,1.6273783817404825,3.0330170473256923,3.0321428440300373,3,4
compensated,127.23,-0.5411684670434047,1.6273739877103266,3.0329909867465648,3.0321428440300373,3,4
compensated,127.24,-0.5431722292821446,1.6273695768624752,3.032964371029049,3.0358830450427767,3,4
compensated,127.25,-0.545175983819136,1.6273656404729162,3.0329271279477146,3.0358830450427767,3,4
compensated,127.26,-0.5471797775474885,1.627361495759216,3.0328875376965625,3.0339077592336112,3,4
compensated,127.27,-0.5491835102529828,1.6273593796290073,3.032804440923495,3.0339077592336112,3,4
compensated,127.28,-0.5511874636462907,1.6273563847605894,3.032696626664676,3.032640904456077,3,4
compensated,127.29,-0.5531915043778162,1.6273516973837954,3.0326202885004374,3.032640904456077,3,4
compensated,127.3,-0.5551953781147329,1.627348104574776,3.0325561593750496,3.0307276587768035,3,4
compensated,127.31,-0.5571992462999975,1.6273438684301276,3.03251532418674,3.0307276587768035,3,4
compensated,127.32,-0.5592030088603657,1.6273403535605815,3.032481565864743,3.0318374496354092,3,4
compensated,127.33,-0.5612067805289298,1.6273358699417777,3.032474749284424,3.0318374496354092,3,4
compensated,127.34,-0.5632104325849729,1.6273321155882896,3.032477275711627,3.03270619914382,3,4
compensated,127.35,-0.5652140623457058,1.6273290345300995,3.032466569094461,3.03270619914382,3,4
compensated,127.36,-0.5672177431386618,1.6273256285917075,3.0324527131780785,3.0331116053973304,3,4
compensated,127.37,-0.5692214222320674,1.6273225947785555,3.0324290757650996,3.0331116053973304,3,4
compensated,127.38,-0.5712251382437712,1.6273193450817849,3.0324032823578295,3.0309664987447027,3,4
compensated,127.39,-0.5732288547243183,1.627316203418283,3.032375203179462,3.0309664987447027,3,4
compensated,127.4,-0.5752325783298736,1.6273130558327185,3.0323466230125184,3.029920824432571,3,4
compensated,127.41,-0.5772363328431158,1.6273084942823186,3.032351531589723,3.029920824432571,3,4
compensated,127.42,-0.5792399327350204,1.6273047946892623,3.0323703167054807,3.0340915957194117,3,4
compensated,127.43,-0.5812434946760797,1.6273022805859947,3.032364881471496,3.0340915957194117,3,4
compensated,127.44,-0.5832471589992089,1.6272991449614187,3.0323516416812435,3.0305247246875293,3,4
compensated,127.45,-0.5852507638579818,1.6272981190948839,3.032291143880457,3.0305247246875293,3,4
compensated,127.46,-0.5872546194145467,1.6272961273957889,3.032199957607232,3.032604150940317,3,4
compensated,127.47,-0.5892586069502702,1.6272915403940782,3.0321543167503475,3.032604150940317,3,4
compensated,127.48,-0.5912623342844576,1.6272882479739064,3.0321365042796877,3.0346897552110494,3,4
compensated,127.49,-0.5932659852143825,1.627286613852855,3.032091765789248,3.0346897552110494,3,4
compensated,127.5,-0.5952697511787807,1.6272843876889573,3.0320374697969545,3.0316359323763766,3,4
compensated,127.51,-0.5972735037840493,1.627283146102588,3.0319591172326232,3.0316359323763766,3,4
compensated,127.52,-0.599277357085116,1.6272814239741233,3.031873191820584,3.0317597053212584,3,4
compensated,127.53,-0.601281290727867,1.627277706722969,3.0318289239444955,3.0317597053212584,3,4
compensated,127.54,-0.6032849951989516,1.6272752203244387,3.0318069097963476,3.0317786738791437,3,4
compensated,127.55,-0.6052886608429079,1.6272730769538342,3.031786554461979,3.0317786738791437,3,4
compensated,127.56,-0.6072923167485003,1.6272710374088173,3.03176652644087,3.0303781254561226,3,4
compensated,127.57,-0.6092959724211712,1.6272689195512668,3.0317496137951543,3.0303781254561226,3,4
compensated,127.58,-0.6112996145188953,1.6272669195234803,3.0317333890302485,3.0316803836493413,3,4
compensated,127.59,-0.6133032701667317,1.627264067942968,3.0317386488895908,3.0316803836493413,3,4
compensated,127.6,-0.6153068358075848,1.6272617785433805,3.031750232067748,3.032197443428874,3,4
compensated,127.61,-0.6173103805917218,1.6272602600367696,3.031744927327741,3.032197443428874,3,4
compensated,127.62,-0.6193139938052588,1.6272583065556872,3.031735061776753,3.0295163810282606,3,4
compensated,127.63,-0.6213176106094507,1.6272565071108054,3.031720101178658,3.0295163810282606,3,4
compensated,127.64,-0.6233212466787168,1.6272545982032813,3.0317040223430904,3.0308616439808205,3,4
compensated,127.65,-0.6253249231903507,1.6272509917189832,3.031726362688586,3.0308616439808205,3,4
compensated,127.66,-0.6273284163305272,1.6272483203609829,3.0317670823067266,3.0302967959434532,3,4
compensated,127.67,-0.6293318387411575,1.6272476859577838,3.0317667388995213,3.0302967959434532,3,4
compensated,127.68,-0.6313354638978537,1.6272460417060792,3.0317446975629707,3.0307712520306733,3,4
compensated,127.69,-0.633339127582635,1.6272436698277568,3.031733953040522,3.0307712520306733,3,4
compensated,127.7,-0.6353427474051728,1.627241605798058,3.031725739547784,3.0287855096936376,3,4
compensated,127.71,-0.6373463590127406,1.6272398122803697,3.0317122755867536,3.0287855096936376,3,4
compensated,127.72,-0.6393499900671209,1.6272379078034787,3.0316976470753167,3.032847598155284,3,4
compensated,127.73,-0.6413536487500203,1.6272347029292815,3.031713453473566,3.032847598155284,3,4
compensated,127.74,-0.6433571718485035,1.627232265002545,3.031740780672762,3.0316245518384424,3,4
compensated,127.75,-0.6453605902801269,1.6272325265563556,3.0317147726491402,3.0316245518384424,3,4
compensated,127.76,-0.6473643154994728,1.627231867351201,3.031641698481907,3.032257526321035,3,4
compensated,127.77,-0.6493681350417394,1.627229764271068,3.0315884264488284,3.032257526321035,3,4
compensated,127.78,-0.6513718679427285,1.6272282625285663,3.0315410235340776,3.0338249905340984,3,4
compensated,127.79,-0.6533755817455312,1.6272272796699008,3.0314853579447543,3.0338249905340984,3,4
compensated,127.8,-0.6553793240749214,1.6272261943709374,3.0314278577953604,3.0323855214811886,3,4
compensated,127.81,-0.6573830434509895,1.6272261184391694,3.031348298201109,3.0323855214811886,3,4
compensated,127.82,-0.6593868529240843,1.6272256206180247,3.0312621971447533,3.031575146059957,3,4
compensated,127.83,-0.6613907133884251,1.6272237398615645,3.0312075262589553,3.031575146059957,3,4
compensated,127.84,-0.6633944147230849,1.6272228596596374,3.031164977810219,3.0314454321321413,3,4
compensated,127.85,-0.6653981038517187,1.6272216500515249,3.0311372988441474,3.0314454321321413,3,4
compensated,127.86,-0.6674017289435449,1.6272209018308896,3.0311133306047156,3.029172857176329,3,4
compensated,127.87,-0.669405348691142,1.6272200907888417,3.031093622239622,3.029172857176329,3,4
compensated,127.88,-0.6714089497633312,1.627219436475194,3.031074849015784,3.0295793959818376,3,4
compensated,127.89,-0.6734125799946012,1.6272173837348691,3.0310894245009847,3.0295793959818376,3,4
compensated,127.9,-0.6754160568993103,1.6272161704363406,3.0311177358437473,3.0300531738640153,3,4
compensated,127.91,-0.6774195127999014,1.6272152680473315,3.031141906741439,3.0300531738640153,3,4
compensated,127.92,-0.6794229856572761,1.6272142155951195,3.031165140932005,3.0296189610622566,3,4
compensated,127.93,-0.6814264650155553,1.6272128573782267,3.0311944093842116,3.0296189610622566,3,4
compensated,127.94,-0.6834299232391401,1.6272116010917,3.0312250127525684,3.031590162669481,3,4
compensated,127.95,-0.6854333861459144,1.6272099183083268,3.031265212599246,3.031590162669481,3,4
compensated,127.96,-0.6874368149095379,1.6272084131699747,3.0313075306089545,3.032778230979888,3,4
compensated,127.97,-0.6894402227188894,1.6272079764369782,3.031323497854754,3.032778230979888,3,4
compensated,127.98,-0.6914437461561322,1.627206810515782,3.0313304257118725,3.030506431358731,3,4
compensated,127.99,-0.6934472729451935,1.6272061594817953,3.0313212018402456,3.030506431358731,3,4
compensated,128.0,-0.6954508657676821,1.6272050894021932,3.031307755517559,3.0325470786873705,3,4
compensated,128.01,-0.6974544587616248,1.6272043428556775,3.0312852996308775,3.0325470786873705,3,4
compensated,128.02,-0.6994580860157523,1.6272033978459708,3.0312608601357502,3.0321166908566086,3,4
compensated,128.03,-0.701461685491308,1.6272036855375958,3.031208013186829,3.0321166908566086,3,4
compensated,128.04,-0.7034654101670083,1.6272033357276896,3.03114490132478,3.033197614319157,3,4
compensated,128.05,-0.7054691523802127,1.6272026423611203,3.031089692184943,3.033197614319157,3,4
compensated,128.06,-0.7074728592280556,1.6272022633641894,3.031036246022253,3.0322628824023594,3,4
compensated,128.07,-0.7094765447576852,1.6272026710281577,3.0309670468894905,3.0322628824023594,3,4
compensated,128.08,-0.7114802910212542,1.627202803455347,3.0308937445621305,3.029846101057359,3,4
compensated,128.09,-0.713484037020773,1.6272030954588739,3.0308185667600753,3.029846101057359,3,4
compensated,128.1,-0.7154877851737778,1.6272034869130443,3.030742982306905,3.0297622621644393,3,4
compensated,128.11,-0.7174915770123322,1.627202463808901,3.0307013555664137,3.0297622621644393,3,4
compensated,128.12,-0.7194951969688751,1.6272024581947433,3.0306740020413225,3.028542944787219,3,4
compensated,128.13,-0.7214987929068581,1.6272026425337347,3.0306487958408757,3.028542944787219,3,4
compensated,128.14,-0.7235023773151742,1.6272029463718185,3.0306240407769667,3.0302991318047923,3,4
compensated,128.15,-0.7255059743728959,1.6272025068188758,3.030618596857633,3.0302991318047923,3,4
compensated,128.16,-0.7275094896531299,1.6272025926913254,3.0306186319067407,3.0317026846986597,3,4
compensated,128.17,-0.7295129991430095,1.627202555112764,3.0306238381112367,3.0317026846986597,3,4
compensated,128.18,-0.7315164882742571,1.6272026497428276,3.0306301780264384,3.031538788820212,3,4
compensated,128.19,-0.7335199600076279,1.62720358041244,3.030616571545951,3.031538788820212,3,4
compensated,128.2,-0.7355235147053998,1.6272040086620367,3.0305972327502166,3.027590639587082,3,4
compensated,128.21,-0.7375270800200493,1.6272042279734915,3.030581831608861,3.027590639587082,3,4
compensated,128.22,-0.7395306289242938,1.6272045792157155,3.0305673101516812,3.0314887494849234,3,4
compensated,128.23,-0.7415342380359244,1.6272027456662135,3.0306003811955677,3.0314887494849234,3,4
compensated,128.24,-0.7435375954047254,1.6272019519303291,3.0306649615345944,3.0322945485209543,3,4
compensated,128.25,-0.745540834983426,1.6272039138873764,3.030678945081042,3.0322945485209543,3,4
compensated,128.26,-0.7475443544637826,1.6272047970697594,3.0306540905059767,3.030448339902577,3,4
compensated,128.27,-0.749547926485574,1.6272056334412905,3.030616802046268,3.030448339902577,3,4
compensated,128.28,-0.7515515480227251,1.627206184615925,3.0305768377243387,3.028750003041937,3,4
compensated,128.29,-0.7535551983726353,1.627205590129579,3.0305644674437224,3.028750003041937,3,4
compensated,128.3,-0.7555587240639676,1.6272057436218197,3.0305618973436834,3.0284449473188664,3,4
compensated,128.31,-0.7575622554694051,1.627204948090446,3.0305852809707314,3.0284449473188664,3,4
compensated,128.32,-0.7595656748154014,1.6272048004945274,3.030617392590033,3.029969254473256,3,4
compensated,128.33,-0.7615690911138252,1.6272041163540258,3.0306642766709064,3.029969254473256,3,4
compensated,128.34,-0.7635724515055878,1.6272037405632196,3.0307148477347,3.031289775288199,3,4
compensated,128.35,-0.7655757947934929,1.6272042323242888,3.030743589381081,3.031289775288199,3,4
compensated,128.36,-0.7675792310648768,1.6272040846623508,3.0307658567676095,3.032361996280028,3,4
compensated,128.37,-0.7695826656485238,1.6272045846866414,3.0307690019620073,3.032361996280028,3,4
compensated,128.38,-0.771586180540894,1.6272045629276684,3.0307667615898444,3.032815239173468,3,4
compensated,128.39,-0.77358969257109,1.6272051024888423,3.030748906403261,3.032815239173468,3,4
compensated,128.4,-0.7755932677622654,1.6272052578066902,3.0307270262295787,3.0290780004744295,3,4
compensated,128.41,-0.7775968437234754,1.6272056456078392,3.030698890630069,3.0290780004744295,3,4
compensated,128.42,-0.7796004427458102,1.6272059203348486,3.0306693798297735,3.032189226578672,3,4
compensated,128.43,-0.7816040722694928,1.627204894691204,3.030670848869566,3.032189226578672,3,4
compensated,128.44,-0.7836075605972724,1.627204676679934,3.03068417207834,3.0314311539337613,3,4
compensated,128.45,-0.785610982469978,1.627206400530454,3.0306574729081683,3.0314311539337613,3,4
compensated,128.46,-0.7876146006937763,1.6272071828117414,3.0306105690113947,3.0288939422995567,3,4
compensated,128.47,-0.7896182559341064,1.6272072641861028,3.0305760767482752,3.0288939422995567,3,4
compensated,128.48,-0.7916218597025886,1.6272077313585604,3.030544450013039,3.0312875118859717,3,4
compensated,128.49,-0.7936254940924841,1.6272067622450583,3.030547976635512,3.0312875118859717,3,4
compensated,128.5,-0.7956289614849372,1.6272066965752103,3.0305668655807008,3.032106656404883,3,4
compensated,128.51,-0.7976323649330006,1.6272084498610713,3.03054887807348,3.032106656404883,3,4
compensated,128.52,-0.7996359442920885,1.6272093091228803,3.030513793631231,3.0307662385209913,3,4
compensated,128.53,-0.8016395369698787,1.627210518640913,3.0304657645795694,3.0307662385209913,3,4
compensated,128.54,-0.8036431795728428,1.627211468885101,3.0304147863855695,3.0306712448025657,3,4
compensated,128.55,-0.8056468422933786,1.6272116102296046,3.0303844788841627,3.0306712448025657,3,4
compensated,128.56,-0.8076504142104493,1.6272123584923537,3.0303601918983682,3.02910537059053,3,4
compensated,128.57,-0.8096539757196128,1.6272131740715903,3.0303377519497006,3.02910537059053,3,4
compensated,128.58,-0.8116575276833977,1.6272140891280744,3.030315710590621,3.029209070548781,3,4
compensated,128.59,-0.8136610830146251,1.6272147174158837,3.030302043145051,3.029209070548781,3,4
compensated,128.6,-0.8156646039179554,1.6272155974401588,3.0302902255423074,3.0325454670914525,3,4
compensated,128.61,-0.8176681192886217,1.627216608941818,3.0302765259674413,3.0325454670914525,3,4
compensated,128.62,-0.8196716409235624,1.6272175995443985,3.030262407346511,3.031897250692162,3,4
compensated,128.63,-0.8216751015803947,1.6272205414817638,3.030205819236474,3.031897250692162,3,4
compensated,128.64,-0.8236787774309118,1.6272225624519017,3.030125883390162,3.028337397335444,3,4
compensated,128.65,-0.8256824922722571,1.627224008655923,3.030055743472074,3.028337397335444,3,4
compensated,128.66,-0.8276861631446086,1.627225840013781,3.029987806332204,3.0282734452038245,3,4
compensated,128.67,-0.8296899354598352,1.6272251067207089,3.029973029780471,3.0282734452038245,3,4
compensated,128.68,-0.8316933849772048,1.6272255048758677,3.0300040436656666,3.032785713619086,3,4
compensated,128.69,-0.8336967534231944,1.6272265687689476,3.0300369244547665,3.032785713619086,3,4
compensated,128.7,-0.835700113534323,1.6272276554003724,3.0300701191383026,3.0292914509460136,3,4
compensated,128.71,-0.8377033960730225,1.6272310802621532,3.030052775229069,3.0292914509460136,3,4
compensated,128.72,-0.8397069590868182,1.6272334531853274,3.0299978572775177,3.0287955531425688,3,4
compensated,128.73,-0.8417106460350381,1.6272333213062238,3.0299861788403937,3.0287955531425688,3,4
compensated,128.74,-0.8437141045157913,1.6272342778866995,3.029999414847374,3.030199395222395,3,4
compensated,128.75,-0.8457175123442138,1.6272362379184169,3.029996822665959,3.030199395222395,3,4
compensated,128.76,-0.8477209834286399,1.6272377996188538,3.0299900160268205,3.030634966108373,3,4
compensated,128.77,-0.8497244417111914,1.6272402183383663,3.0299614325608935,3.030634966108373,3,4
compensated,128.78,-0.8517279915227524,1.6272421135145587,3.0299264244518027,3.027874624789251,3,4
compensated,128.79,-0.8537315431769527,1.6272442904392865,3.0298837647858856,3.027874624789251,3,4
compensated,128.8,-0.8557351227764982,1.627246345178516,3.0298394252606293,3.032110206840051,3,4
compensated,128.81,-0.8577387473028201,1.6272468192608962,3.029831781494958,3.032110206840051,3,4
compensated,128.82,-0.8597421916651893,1.6272482594926414,3.029840944338706,3.02840358351531,3,4
compensated,128.83,-0.8617455719545486,1.6272514252053247,3.0298159281926473,3.02840358351531,3,4
compensated,128.84,-0.8637491116125213,1.6272537722290532,3.0297762608456638,3.028629373845665,3,4
compensated,128.85,-0.8657527371018503,1.6272538620452548,3.029781872629462,3.028629373845665,3,4
compensated,128.86,-0.8677561228022836,1.6272550431244035,3.0298148016996493,3.0297473725954474,3,4
compensated,128.87,-0.8697594658039545,1.6272566983115468,3.02984456661568,3.0297473725954474,3,4
compensated,128.88,-0.871762821559697,1.6272582288039317,3.0298735863528017,3.029236991002483,3,4
compensated,128.89,-0.8737661687023335,1.6272603905262395,3.0298855982866786,3.029236991002483,3,4
compensated,128.9,-0.8757695869287164,1.6272620726000857,3.0298930268025654,3.0273044562297216,3,4
compensated,128.91,-0.8777730186291527,1.6272633307664675,3.029908774881897,3.0273044562297216,3,4
compensated,128.92,-0.8797764191264396,1.6272647763314125,3.0299263690150533,3.030373716861119,3,4
compensated,128.93,-0.8817798231788001,1.6272658416693946,3.029953270309669,3.030373716861119,3,4
compensated,128.94,-0.8837831926960625,1.6272671038340218,3.0299822249236734,3.032040953198111,3,4
compensated,128.95,-0.8857865119606836,1.6272701499382316,3.0299708806555756,3.032040953198111,3,4
compensated,128.96,-0.8877900306583332,1.6272722084311226,3.029939082679072,3.0304659199750743,3,4
compensated,128.97,-0.8897935521915453,1.6272751040849305,3.0298820065792373,3.0304659199750743,3,4
compensated,128.98,-0.8917971834442816,1.6272774359483375,3.029816674480517,3.028235964386056,3,4
compensated,128.99,-0.8938008470102031,1.6272787973641623,3.029774461034679,3.028235964386056,3,4
compensated,129.0,-0.8958044056626595,1.6272808550247557,3.0297393485708284,3.0313067721508204,3,4
compensated,129.01,-0.8978080019294619,1.6272812452135346,3.029744930824967,3.0313067721508204,3,4
compensated,129.02,-0.8998113931700984,1.6272826625643395,3.0297713622064193,3.0308008127882333,3,4
compensated,129.03,-0.9018147049278862,1.6272861270692864,3.029757821708086,3.0308008127882333,3,4
compensated,129.04,-0.9038182132972243,1.6272886296968356,3.0297240183712257,3.0333898551879273,3,4
compensated,129.05,-0.9058217562219301,1.6272905933377049,3.029697995908299,3.0333898551879273,3,4
compensated,129.06,-0.9078252672016995,1.627292802618641,3.029673724899509,3.028907076494905,3,4
compensated,129.07,-0.9098287277550658,1.6272966521387568,3.0296139761161998,3.028907076494905,3,4
compensated,129.08,-0.9118323561981617,1.6272997187505067,3.029538523868117,3.0314786093191604,3,4
compensated,129.09,-0.9138361186086108,1.6272999643890107,3.029515974380854,3.0314786093191604,3,4
compensated,129.1,-0.9158395580008559,1.6273013495548643,3.029538935478106,3.0285550300368005,3,4
compensated,129.11,-0.9178428752127938,1.6273050078378133,3.0295274829091454,3.0285550300368005,3,4
compensated,129.12,-0.9198463523242498,1.627307842151739,3.0295007824698788,3.0290767359085615,3,4
compensated,129.13,-0.9218498964941368,1.6273087852507702,3.0295127096088867,3.0290767359085615,3,4
compensated,129.14,-0.9238532526501011,1.62731067923412,3.0295433237481806,3.027080102054062,3,4
compensated,129.15,-0.9258565776437023,1.6273131128266913,3.0295657666277482,3.027080102054062,3,4
compensated,129.16,-0.9278599351759754,1.6273152952322696,3.029586374218406,3.028108196296211,3,4
compensated,129.17,-0.9298633196933986,1.6273162393838225,3.029634370103841,3.028108196296211,3,4
compensated,129.18,-0.9318665876117889,1.627317811234692,3.0296920348579044,3.028786353611782,3,4
compensated,129.19,-0.9338698352016643,1.6273200647714772,3.0297337668402022,3.028786353611782,3,4
compensated,129.2,-0.9358731498316549,1.627321813165321,3.0297712982106053,3.0280012480034033,3,4
compensated,129.21,-0.9378764681071198,1.62732386810257,3.0297976842693393,3.0280012480034033,3,4
compensated,129.22,-0.9398798323201331,1.6273255667943844,3.0298216140242498,3.031314413544674,3,4
compensated,129.23,-0.941883209957999,1.6273266753540034,3.0298578998287105,3.031314413544674,3,4
compensated,129.24,-0.9438865421355859,1.6273280400825798,3.029896971984621,3.028305278740648,3,4
compensated,129.25,-0.9458898258480646,1.6273311593283237,3.029896112872098,3.028305278740648,3,4
compensated,129.26,-0.947893306399903,1.627333273865381,3.029875285790153,3.030586492697772,3,4
compensated,129.27,-0.9498968617232147,1.6273333793326987,3.0298937777813175,3.030586492697772,3,4
compensated,129.28,-0.9519002262977309,1.6273344342998173,3.029931631594024,3.031107997974013,3,4
compensated,129.29,-0.9539035334096809,1.6273370798969056,3.0299374588046057,3.031107997974013,3,4
compensated,129.3,-0.9559069867189809,1.6273388887382692,3.0299305761950603,3.028359669818597,3,4
compensated,129.31,-0.9579104530583125,1.627340878185089,3.029914996920767,3.028359669818597,3,4
compensated,129.32,-0.959913953665623,1.6273426575740877,3.029897515689837,3.0284299208521777,3,4
compensated,129.33,-0.9619174840108105,1.6273431903505826,3.0299091525505917,3.0284299208521777,3,4
compensated,129.34,-0.9639208839948191,1.6273444640155956,3.029931512915804,3.0263634049144343,3,4
compensated,129.35,-0.9659242681103275,1.627345911090475,3.0299523843044245,3.0263634049144343,3,4
compensated,129.36,-0.9679276589407854,1.6273472838774898,3.0299729096334675,3.028733106493415,3,4
compensated,129.37,-0.9699310759104702,1.6273473545584771,3.0300227292342785,3.028733106493415,3,4
compensated,129.38,-0.9719343665185343,1.6273480990436047,3.030083369697932,3.0320715468356427,3,4
compensated,129.39,-0.9739376146252765,1.6273503286427298,3.030110732829504,3.0320715468356427,3,4
compensated,129.4,-0.975941017343897,1.6273516409250721,3.030124318666805,3.028773673821016,3,4
compensated,129.41,-0.9779443851660178,1.6273546659812634,3.030095151385343,3.028773673821016,3,4
compensated,129.42,-0.9799479708552911,1.6273566933791155,3.0300424279970053,3.0302783839962366,3,4
compensated,129.43,-0.9819516937246349,1.6273557542931933,3.030043397088574,3.0302783839962366,3,4
compensated,129.44,-0.9839550948294977,1.6273558319280679,3.0300928450668803,3.033277936366625,3,4
compensated,129.45,-0.985958396752666,1.627357557731894,3.030120487820443,3.033277936366625,3,4
compensated,129.46,-0.9879617888843681,1.627358684894939,3.0301414626270025,3.0275738932769274,3,4
compensated,129.47,-0.989965145903249,1.6273614284787983,3.030123032068682,3.0275738932769274,3,4
compensated,129.48,-0.9919686961239753,1.6273632065488284,3.030085390845006,3.0310360111138337,3,4
compensated,129.49,-0.993972376530799,1.6273619895517073,3.030102844273337,3.0310360111138337,3,4
compensated,129.5,-0.9959757235911242,1.6273615823563625,3.0301767657091006,3.0316782581164077,3,4
compensated,129.51,-0.9979789279026775,1.6273638618327728,3.0302101947530984,3.0316782581164077,3,4
compensated,129.52,-0.9999823317982688,1.627365107596987,3.030221812430725,3.0328292656349642,3,4
compensated,129.53,-1.0019857633217095,1.62736642905438,3.030223170457467,3.0328292656349642,3,4
compensated,129.54,-1.0039892368577972,1.6273674572547148,3.0302222955810065,3.034352005666414,3,4
compensated,129.55,-1.005992700444469,1.6273691752141448,3.030203828435986,3.034352005666414,3,4
compensated,129.56,-1.0079962363461985,1.627370460230547,3.0301805573894294,3.0283527315726335,3,4
compensated,129.57,-1.0099997569192807,1.6273726742040346,3.030134412960583,3.0283527315726335,3,4
compensated,129.58,-1.0120033735152558,1.6273743723926795,3.0300813914358002,3.0302847789192215,3,4
compensated,129.59,-1.0140070750988137,1.6273737921783518,3.030075595593496,3.0302847789192215,3,4
compensated,129.6,-1.0160105157795098,1.627374363069875,3.03010066420375,3.031945396711599,3,4
compensated,129.61,-1.018013881371872,1.6273765679161438,3.030097709842549,3.031945396711599,3,4
compensated,129.62,-1.0200173702990396,1.6273780647561522,3.0300845181457596,3.030154674529511,3,4
compensated,129.63,-1.0220208493923653,1.6273805064916669,3.030046084029182,3.030154674529511,3,4
compensated,129.64,-1.0240244380207688,1.6273823531687017,3.0299993572747903,3.028871198904879,3,4
compensated,129.65,-1.0260280616807427,1.6273830821590414,3.0299782535907194,3.028871198904879,3,4
compensated,129.66,-1.0280315701634457,1.627384522603444,3.02996577857439,3.032712962292324,3,4
compensated,129.67,-1.030035070544891,1.6273857267826823,3.0299629611200847,3.032712962292324,3,4
compensated,129.68,-1.032038531744175,1.6273872013725081,3.0299622641807784,3.028031789571987,3,4
compensated,129.69,-1.034041916763322,1.627390885507245,3.029914802999061,3.028031789571987,3,4
compensated,129.7,-1.036045550196795,1.6273935850581065,3.029837445573007,3.0283629850197435,3,4
compensated,129.71,-1.0380493315830952,1.6273933966066316,3.0298108296264052,3.0283629850197435,3,4
compensated,129.72,-1.0400528110385854,1.6273944137513645,3.029823196942245,3.029405874411342,3,4
compensated,129.73,-1.0420562170167087,1.6273963166058016,3.029829529509749,3.029405874411342,3,4
compensated,129.74,-1.0440596442487224,1.6273980778730732,3.029834451045603,3.030631622664936,3,4
compensated,129.75,-1.0460630684379755,1.6274001535755542,3.0298308187368814,3.030631622664936,3,4
compensated,129.76,-1.0480665263332452,1.6274020066729848,3.029825298399271,3.029906569391388,3,4
compensated,129.77,-1.0500699703228502,1.6274046550052859,3.0298001394686436,3.029906569391388,3,4
compensated,129.78,-1.0520734959784677,1.627406830723002,3.0297693796274663,3.0287108781887415,3,4
compensated,129.79,-1.054077036407244,1.627408552382963,3.0297492314487435,3.0287108781887415,3,4
compensated,129.8,-1.056080533128628,1.6274105936262837,3.0297314375625457,3.029525305183938,3,4
compensated,129.81,-1.0580840382158767,1.6274119854589206,3.0297311824202726,3.029525305183938,3,4
compensated,129.82,-1.060087469752963,1.627413847183206,3.029735710308933,3.0351104882466258,3,4
compensated,129.83,-1.0620908951425347,1.6274156800730137,3.0297425995234373,3.0351104882466258,3,4
compensated,129.84,-1.0640943113775836,1.6274175660213104,3.029750002520802,3.02868012783666,3,4
compensated,129.85,-1.0660976222149325,1.627422124402047,3.0297024341165986,3.02868012783666,3,4
compensated,129.86,-1.0681012599328072,1.627425942518071,3.0295999682935286,3.030592445618943,3,4
compensated,129.87,-1.0701051420382868,1.6274259610846986,3.029553292967464,3.030592445618943,3,4
compensated,129.88,-1.0721086624481102,1.6274266116354397,3.0295743999327374,3.0291446600454464,3,4
compensated,129.89,-1.074112003470824,1.627429821045455,3.0295687101963185,3.0291446600454464,3,4
compensated,129.9,-1.076115459364254,1.6274324033102334,3.029552971526308,3.0296080257312106,3,4
compensated,129.91,-1.0781189469915904,1.6274339870141552,3.029558521461435,3.0296080257312106,3,4
compensated,129.92,-1.0801223449919841,1.6274361191897588,3.0295703529808,3.029273193914716,3,4
compensated,129.93,-1.0821257366302313,1.6274381350502212,3.0295868596625097,3.029273193914716,3,4
compensated,129.94,-1.0841291106738704,1.6274402476068968,3.0296043891883926,3.0307332580593265,3,4
compensated,129.95,-1.0861324874707239,1.6274421261269238,3.029627276385862,3.0307332580593265,3,4
compensated,129.96,-1.0881358449170477,1.6274441028483946,3.0296513455101883,3.030408620064856,3,4
compensated,129.97,-1.0901391842947992,1.6274469762601802,3.0296532364089455,3.030408620064856,3,4
compensated,129.98,-1.0921426180730043,1.6274492555769764,3.029648526957339,3.028386046199528,3,4
compensated,129.99,-1.094146065564424,1.6274512469542106,3.0296486665723177,3.028386046199528,3,4
compensated,130.0,-1.0961494942954944,1.6274533626476657,3.0296498884506757,3.0324360152951826,3,4
compensated,130.01,-1.0981529664156562,1.6274536614435526,3.029691872278725,3.0324360152951826,3,4
compensated,130.02,-1.1001562402501648,1.6274549025370246,3.0297548877083385,3.0295928505400855,3,4
compensated,130.03,-1.1021594227298168,1.6274585303657454,3.0297705602499287,3.0295928505400855,3,4
compensated,130.04,-1.1041628579612337,1.6274610497840483,3.029754766328041,3.02931546633417,3,4
compensated,130.05,-1.1061663840489941,1.6274614565203382,3.0297765896278483,3.02931546633417,3,4
compensated,130.06,-1.1081697313312273,1.6274627564078283,3.0298163458513034,3.0299008478404774,3,4
compensated,130.07,-1.1101730569733712,1.6274640448506088,3.0298608165341343,3.0299008478404774,3,4
compensated,130.08,-1.1121763665342979,1.6274653829481855,3.02990630086898,3.0303042069179185,3,4
compensated,130.09,-1.1141796660837073,1.6274673708474219,3.0299342438696106,3.0303042069179185,3,4
compensated,130.1,-1.1161830397647898,1.6274688330714735,3.0299573892791503,3.026928895519296,3,4
compensated,130.11,-1.1181864192605708,1.6274704424511244,3.029973843425087,3.026928895519296,3,4
compensated,130.12,-1.1201898266599275,1.6274718351328563,3.0299888266772754,3.031004448647723,3,4
compensated,130.13,-1.1221932842150393,1.627471243113578,3.030046330458313,3.031004448647723,3,4
compensated,130.14,-1.1241965334841937,1.627471588914887,3.030127281014082,3.0276976472735235,3,4
compensated,130.15,-1.126199692181788,1.6274743380579055,3.0301606276387965,3.0276976472735235,3,4
compensated,130.16,-1.1282031052363921,1.6274759412322926,3.030161917835953,3.0332097542517698,3,4
compensated,130.17,-1.1302066251330234,1.6274749440384602,3.0302089530911647,3.0332097542517698,3,4
compensated,130.18,-1.132209912304205,1.627474920554912,3.0302844586147195,3.0280600920004233,3,4
compensated,130.19,-1.1342130727641002,1.6274778280414748,3.030305571358093,3.0280600920004233,3,4
compensated,130.2,-1.1362165523546233,1.62747982884285,3.0302735700568233,3.03039354191929,3,4
compensated,130.21,-1.1382202147077667,1.6274783897419993,3.030294285136905,3.03039354191929,3,4
compensated,130.22,-1.1402235716898743,1.6274778755018224,3.0303620097727055,3.028924389726127,3,4
compensated,130.23,-1.1422268251699785,1.6274793992745415,3.0303976287828482,3.028924389726127,3,4
compensated,130.24,-1.1442302243592701,1.6274800460509349,3.0304201065127785,3.030398383624732,3,4
compensated,130.25,-1.1462336508920048,1.6274800380380698,3.03045298346581,3.030398383624732,3,4
compensated,130.26,-1.1482370403190292,1.627480233115083,3.030488178527382,3.032716416000624,3,4
compensated,130.27,-1.1502404116844358,1.627481340862325,3.030500724712373,3.032716416000624,3,4
compensated,130.28,-1.1522438794130767,1.6274818204081358,3.030506483217254,3.029063674660458,3,4
compensated,130.29,-1.1542473235301296,1.6274836142198699,3.030479322635838,3.029063674660458,3,4
compensated,130.3,-1.1562509195569612,1.6274846022947673,3.030438869299744,3.031267185733128,3,4
compensated,130.31,-1.1582545965886724,1.6274833907321113,3.0304429770411505,3.031267185733128,3,4
compensated,130.32,-1.160258039410869,1.6274832651534341,3.0304734143727914,3.028824811818999,3,4
compensated,130.33,-1.1622614129669615,1.6274848349691866,3.030472391400292,3.028824811818999,3,4
compensated,130.34,-1.16426492835355,1.6274856016203882,3.0304590738000967,3.0310194467696956,3,4
compensated,130.35,-1.16626849418027,1.6274847667299692,3.0304790355594253,3.0310194467696956,3,4
compensated,130.36,-1.168271907935773,1.627484749070363,3.030512785552227,3.028084841956338,3,4
compensated,130.37,-1.1702752737876487,1.6274862225224793,3.030515066997985,3.028084841956338,3,4
compensated,130.38,-1.1722787822387275,1.6274868754729046,3.0305051276928467,3.0306620903831396,3,4
compensated,130.39,-1.1742823494653134,1.6274856642126951,3.030533523080309,3.0306620903831396,3,4
compensated,130.4,-1.176285734220387,1.6274853652625811,3.0305803161623666,3.0319714074858473,3,4
compensated,130.41,-1.178289059468069,1.627486790449548,3.030591804154919,3.0319714074858473,3,4
compensated,130.42,-1.1802925509586881,1.627487293832738,3.030587601366377,3.0332912047104177,3,4
compensated,130.43,-1.1822960084503817,1.627489495051912,3.030541106333503,3.0332912047104177,3,4
compensated,130.44,-1.1842996800194259,1.6274907422382376,3.030471703631525,3.0303667729449533,3,4
compensated,130.45,-1.1863033590385994,1.6274927022621564,3.030380624347188,3.0303667729449533,3,4
compensated,130.46,-1.1883071275381425,1.6274942596363577,3.0302832232458963,3.0306100080675584,3,4
compensated,130.47,-1.1903109700337067,1.627494062980885,3.0302235773354598,3.0306100080675584,3,4
compensated,130.48,-1.1923146054533638,1.6274950662222176,3.030181665582305,3.0316492036240286,3,4
compensated,130.49,-1.1943182018907694,1.6274966620861826,3.0301345202322834,3.0316492036240286,3,4
compensated,130.5,-1.1963218143656515,1.6274982290957514,3.030086187421621,3.0280993779150878,3,4
compensated,130.51,-1.1983254241619112,1.627499921208695,3.0300367218441204,3.0280993779150878,3,4
compensated,130.52,-1.2003290347553377,1.6275016825519062,3.0299870084818883,3.0297177302533633,3,4
compensated,130.53,-1.2023327065051634,1.627501500083821,3.0299808028496944,3.0297177302533633,3,4
compensated,130.54,-1.2043361481711956,1.627502427538007,3.029999324308467,3.0280232227736157,3,4
compensated,130.55,-1.206339530112949,1.627504732144597,3.029993258350294,3.0280232227736157,3,4
compensated,130.56,-1.2083430172456717,1.6275064163851956,3.029979094826701,3.0297156634170364,3,4
compensated,130.57,-1.210346536625556,1.6275069939648947,3.0299890331203585,3.0297156634170364,3,4
compensated,130.58,-1.212349952867783,1.627508185094201,3.030006671707345,3.0316052624952636,3,4
compensated,130.59,-1.2143533329377378,1.6275106144560094,3.029997145021594,3.0316052624952636,3,4
compensated,130.6,-1.216356832910182,1.6275123527204665,3.029978052649429,3.030218551680532,3,4
compensated,130.61,-1.218360316010271,1.6275152032487554,3.029930570125036,3.030218551680532,3,4
compensated,130.62,-1.2203639255736447,1.6275173998324561,3.0298728741389604,3.0284999186532406,3,4
compensated,130.63,-1.2223675656646678,1.6275187323440505,3.029835094434326,3.0284999186532406,3,4
compensated,130.64,-1.2243711177419554,1.6275206614029787,3.029803064778668,3.032402213377912,3,4
compensated,130.65,-1.2263746804064395,1.6275217115024292,3.029795514552737,3.032402213377912,3,4
compensated,130.66,-1.2283781348639993,1.627523429212299,3.02979581551373,3.0291783699852566,3,4
compensated,130.67,-1.2303815292046956,1.6275269476849927,3.0297582665655787,3.0291783699852566,3,4
compensated,130.68,-1.2323851064206788,1.6275295883408991,3.0297027969267907,3.029087987724563,3,4
compensated,130.69,-1.2343887664246713,1.6275301956516652,3.0296880449025494,3.029087987724563,3,4
compensated,130.7,-1.236392215949903,1.627531872726579,3.0296944865433595,3.026112418445493,3,4
compensated,130.71,-1.2383956326744054,1.627533823602988,3.0297017216674904,3.026112418445493,3,4
compensated,130.72,-1.2403990453308016,1.6275357970290933,3.029709097446721,3.0273505121470112,3,4
compensated,130.73,-1.2424024984080415,1.6275360356104946,3.029755202869054,3.0273505121470112,3,4
compensated,130.74,-1.2444057678894855,1.6275371719824654,3.0298199587499886,3.0290415343870984,3,4
compensated,130.75,-1.2464090057609067,1.6275390511299468,3.029869990523191,3.0290415343870984,3,4
compensated,130.76,-1.2484123050095373,1.62754044654385,3.0299162621148747,3.0322013684391766,3,4
compensated,130.77,-1.2504155936462618,1.627542771477073,3.029936906789839,3.0322013684391766,3,4
compensated,130.78,-1.252418995562464,1.6275443707453756,3.029948989197543,3.0293700519056337,3,4
compensated,130.79,-1.2544223582823941,1.6275476781197937,3.029919775549162,3.0293700519056337,3,4
compensated,130.8,-1.2564259281356005,1.627550013298738,3.0298689088089894,3.028890810988484,3,4
compensated,130.81,-1.258429575797079,1.6275504677319705,3.029855032926952,3.028890810988484,3,4
compensated,130.82,-1.260433040569943,1.6275518983706179,3.029858402468058,3.0270493520944184,3,4
compensated,130.83,-1.2624364949425921,1.6275526797296311,3.029883303443143,3.0270493520944184,3,4
compensated,130.84,-1.2644398593029453,1.6275539983223133,3.029914490827113,3.03226055300604,3,4
compensated,130.85,-1.2664432355879538,1.6275542228439015,3.029972296405259,3.03226055300604,3,4
compensated,130.86,-1.268446500328154,1.6275550433490458,3.030039253304675,3.029194832011731,3,4
compensated,130.87,-1.270449668842312,1.6275584785257886,3.0300524132931037,3.029194832011731,3,4
compensated,130.88,-1.2724531497954499,1.6275609147185328,3.0300170571300247,3.0294209405996506,3,4
compensated,130.89,-1.2744567610195556,1.6275608642201687,3.0300208664081576,3.0294209405996506,3,4
compensated,130.9,-1.2764601803761764,1.6275617669283826,3.0300443780843547,3.033400759146666,3,4
compensated,130.91,-1.2784635691463542,1.627563067842901,3.030063923039706,3.033400759146666,3,4
compensated,130.92,-1.2804669736356113,1.6275642370452332,3.0300825603260675,3.0304708494437422,3,4
compensated,130.93,-1.282470311623412,1.627567539565022,3.030054172894686,3.0304708494437422,3,4
compensated,130.94,-1.284473900081567,1.6275698109692414,3.029995426207254,3.0294261783083023,3,4
compensated,130.95,-1.2864775858955224,1.627570001824798,3.029974785605949,3.0294261783083023,3,4
compensated,130.96,-1.288481079406115,1.6275712145947643,3.02997248845532,3.0277500291362394,3,4
compensated,130.97,-1.2904845551151785,1.6275720507309068,3.029986134423779,3.0277500291362394,3,4
compensated,130.98,-1.2924879652771324,1.6275732989893266,3.030003889858703,3.028163923281161,3,4
compensated,130.99,-1.2944913881427227,1.627573546165074,3.0300461697286036,3.028163923281161,3,4
compensated,131.0,-1.2964947088480465,1.6275743646212986,3.0300963367698857,3.0305464423765764,3,4
compensated,131.01,-1.2984980226947178,1.627575049041027,3.0301502914628027,3.0305464423765764,3,4
compensated,131.02,-1.3005013255099946,1.6275757321685345,3.0302050701461436,3.031596268545033,3,4
compensated,131.03,-1.3025046003260388,1.6275777636218565,3.030226605387024,3.031596268545033,3,4
compensated,131.04,-1.3045080297854184,1.6275788832630989,3.0302344808813135,3.030406594144784,3,4
compensated,131.05,-1.3065114684143673,1.627580473994499,3.0302256773344665,3.030406594144784,3,4
compensated,131.06,-1.3085149762586834,1.6275816276890511,3.030212461097842,3.0328593298613438,3,4
compensated,131.07,-1.3105185044403402,1.6275819925304458,3.030217233644894,3.0328593298613438,3,4
compensated,131.08,-1.3125219582298164,1.6275828237747219,3.030226988814776,3.0319501222534377,3,4
compensated,131.09,-1.314525375663078,1.627584967949312,3.0302075095375236,3.0319501222534377,3,4
compensated,131.1,-1.3165289238806268,1.627586388364897,3.0301772184684044,3.030615543723746,3,4
compensated,131.11,-1.3185324975016735,1.6275871355075382,3.0301610066458076,3.030615543723746,3,4
compensated,131.12,-1.320536012999266,1.6275882827322001,3.0301482774818993,3.0319706093679635,3,4
compensated,131.13,-1.3225395374714535,1.6275886721934982,3.030155739180591,3.0319706093679635,3,4
compensated,131.14,-1.3245429770943522,1.6275895874751707,3.030169011243702,3.0290019047467176,3,4
compensated,131.15,-1.326546391676214,1.6275914258884716,3.030161639049053,3.0290019047467176,3,4
compensated,131.16,-1.3285498926277994,1.627592733946032,3.0301482473200703,3.033279868053336,3,4
compensated,131.17,-1.3305534161077517,1.6275932391865853,3.030152672561645,3.033279868053336,3,4
compensated,131.18,-1.3325568660143936,1.6275942058687205,3.030162018495094,3.0333033028011904,3,4
compensated,131.19,-1.3345602286386322,1.6275975648861332,3.0301219071934713,3.0333033028011904,3,4
compensated,131.2,-1.3365638625357525,1.6275999281146731,3.030046338719304,3.0304087621101132,3,4
compensated,131.21,-1.3385675468715352,1.6276019828818324,3.029968883136815,3.0304087621101132,3,4
compensated,131.22,-1.3405712352767005,1.627604118313954,3.0298910743033667,3.0295477746824346,3,4
compensated,131.23,-1.3425749789954229,1.6276046269299629,3.0298510230055977,3.0295477746824346,3,4
compensated,131.24,-1.3445785240571757,1.6276062478947027,3.029828696179634,3.0297760013129817,3,4
compensated,131.25,-1.346582058575923,1.6276071901375682,3.029830208256699,3.0297760013129817,3,4
compensated,131.26,-1.3485854887864506,1.6276087760584976,3.029839108748498,3.0283238347788473,3,4
compensated,131.27,-1.350588905033024,1.6276106217403277,3.0298439493193436,3.0283238347788473,3,4
compensated,131.28,-1.3525923371537925,1.6276123546327752,3.0298478806424147,3.02924166742394,3,4
compensated,131.29,-1.3545957874539605,1.6276131692103573,3.0298732976008957,3.02924166742394,3,4
compensated,131.3,-1.3565991491470042,1.6276145052477178,3.029905044136671,3.030920963745338,3,4
compensated,131.31,-1.3586024931130916,1.6276164879366604,3.0299218166870436,3.030920963745338,3,4
compensated,131.32,-1.3606058985926155,1.627618040602072,3.0299347722452046,3.0317579662254897,3,4
compensated,131.33,-1.3626092982439326,1.6276202270327338,3.029930257247492,3.0317579662254897,3,4
compensated,131.34,-1.3646127705158304,1.627621953508788,3.029920990403938,3.030850825272175,3,4
compensated,131.35,-1.3666162396916361,1.6276241826700382,3.0298980082295706,3.030850825272175,3,4
compensated,131.36,-1.3686197632119055,1.627626088954897,3.0298717375608213,3.0307660015853575,3,4
compensated,131.37,-1.3706233010841982,1.627627426959081,3.029859357445836,3.0307660015853575,3,4
compensated,131.38,-1.3726267815440545,1.627629157729629,3.029850363014702,3.0270932065659437,3,4
compensated,131.39,-1.3746302560592283,1.6276309246079141,3.029842294491298,3.0270932065659437,3,4
compensated,131.4,-1.3766337259954433,1.6276327354040108,3.0298344248422593,3.0285328530332345,3,4
compensated,131.41,-1.378637250133893,1.6276325071970934,3.029871400984249,3.0285328530332345,3,4
compensated,131.42,-1.3806405455573088,1.6276332908155569,3.0299349389475774,3.031460131767872,3,4
compensated,131.43,-1.3826437955514783,1.62763499458389,3.029982526227921,3.031460131767872,3,4
compensated,131.44,-1.3846471117929342,1.62763619298356,3.0300258469206454,3.030406070425565,3,4
compensated,131.45,-1.3866503950349292,1.6276389696645088,3.030030236567886,3.030406070425565,3,4
compensated,131.46,-1.3886538686446572,1.6276407426798172,3.030015828312442,3.0301973292708784,3,4
compensated,131.47,-1.3906573822646995,1.627641613850769,3.0300174000398807,3.0301973292708784,3,4
compensated,131.48,-1.3926608312056867,1.6276428944410577,3.030023219748963,3.0288538893641563,3,4
compensated,131.49,-1.3946642755712415,1.6276440998609454,3.0300322615065025,3.0288538893641563,3,4
compensated,131.5,-1.3966677076155687,1.6276453766365253,3.030042008192262,3.030865658841451,3,4
compensated,131.51,-1.3986711327418002,1.6276470470889932,3.030041824025986,3.030865658841451,3,4
compensated,131.52,-1.4006745970092889,1.6276484526859107,3.0300394439588656,3.027900202743033,3,4
compensated,131.53,-1.4026780339644098,1.627651105413519,3.0300072963611933,3.027900202743033,3,4
compensated,131.54,-1.4046816048459363,1.6276530422759659,3.0299640558686933,3.030763032125053,3,4
compensated,131.55,-1.4066852382240445,1.6276531763336692,3.0299591169335427,3.030763032125053,3,4
compensated,131.56,-1.4086886819169129,1.627654301735363,3.0299725269737112,3.0305181456577674,3,4
compensated,131.57,-1.4106920508588798,1.6276573932473004,3.029947279533463,3.0305181456577674,3,4
compensated,131.58,-1.4126956072770582,1.6276595704427064,3.0299032835836575,3.0306392001162124,3,4
compensated,131.59,-1.4146992259510762,1.627660134796331,3.0298920119294444,3.0306392001162124,3,4
compensated,131.6,-1.4167026907995648,1.6276615649533421,3.0298940756470474,3.0285536866653917,3,4
compensated,131.61,-1.4187061337835423,1.6276632703936822,3.029894045250687,3.0285536866653917,3,4
compensated,131.62,-1.420709584134792,1.6276649296534371,3.029893531302484,3.0284466136153227,3,4
compensated,131.63,-1.4227130618975734,1.6276653072989755,3.0299227173764667,3.0284466136153227,3,4
compensated,131.64,-1.4247164083743837,1.6276664083007537,3.0299629720965195,3.030927591501941,3,4
compensated,131.65,-1.426719741680078,1.6276675226343071,3.0300049358029164,3.030927591501941,3,4
compensated,131.66,-1.428723070827824,1.627668606113641,3.0300472594938337,3.029710774081984,3,4
compensated,131.67,-1.430726364892974,1.6276711933997425,3.0300536284590445,3.029710774081984,3,4
compensated,131.68,-1.4327298304795844,1.6276728418887711,3.0300438702128236,3.029134873625713,3,4
compensated,131.69,-1.4347333340885986,1.6276735269013534,3.030052184545432,3.029134873625713,3,4
compensated,131.7,-1.4367367639190596,1.6276746653332514,3.0300655514425636,3.0297486690068194,3,4
compensated,131.71,-1.4387401917719602,1.6276754981590777,3.0300877613747264,3.0297486690068194,3,4
compensated,131.72,-1.4407435862781297,1.627676527118164,3.0301119170862023,3.0283594494788506,3,4
compensated,131.73,-1.442746972960765,1.627677959171385,3.030125703037931,3.0283594494788506,3,4
compensated,131.74,-1.444750401222246,1.6276790868633424,3.0301371936866643,3.0266888000950996,3,4
compensated,131.75,-1.4467449023562482,1.6276791490879225,3.0301637312058056,3.0266888000950996,3,4
compensated,131.76,-1.4487357497621474,1.6276798746795842,3.030194348008922,3.0266057281244336,3,4
compensated,131.77,-1.4507127190213076,1.6276789315931572,3.030250062793183,3.0266057281244336,3,4
compensated,131.78,-1.4526789765655406,1.62767901769457,3.0303145179304414,3.0281298354862525,3,4
compensated,131.79,-1.4546312112533686,1.6276785264835973,3.0303807291892144,3.0281298354862525,3,4
compensated,131.8,-1.4565726186236272,1.6276784360014767,3.030448167772654,3.0306093354956065,3,4
compensated,131.81,-1.458499933796296,1.6276786510278956,3.0304929710623445,3.0306093354956065,3,4
compensated,131.82,-1.4604163977664997,1.6276786646800314,3.030531663214781,3.0305784024005415,3,4
compensated,131.83,-1.462322110680489,1.6276788193546707,3.0305553826854026,3.0305784024005415,3,4
compensated,131.84,-1.4642227689376932,1.627678923020294,3.030575747073825,3.0325810487385763,3,4
compensated,131.85,-1.4661093370427882,1.627678293380729,3.0305971640688703,3.0325810487385763,3,4
compensated,131.86,-1.4679849700681156,1.627678128657484,3.030619743074867,3.0296791416991997,3,4
compensated,131.87,-1.4698464411632681,1.6276785951612533,3.0306139100703207,3.0296791416991997,3,4
compensated,131.88,-1.4716971472042608,1.6276788361446477,3.030598708270574,3.0303154246701265,3,4
compensated,131.89,-1.473533717239286,1.6276767875794134,3.0306229114303833,3.0303154246701265,3,4
compensated,131.9,-1.4753591649419353,1.6276761893454155,3.0306661098705576,3.03208158766504,3,4
compensated,131.91,-1.477170378502646,1.6276756029301787,3.0306996461729576,3.03208158766504,3,4
compensated,131.92,-1.4789707041803655,1.627675210283365,3.030732034307606,3.0283770554658807,3,4
compensated,131.93,-1.4807581788395976,1.6276759288805316,3.0307258409372952,3.0283770554658807,3,4
compensated,131.94,-1.4825380679526257,1.6276761789013148,3.0307021148026227,3.0306775522385365,3,4
compensated,131.95,-1.4843037688326581,1.6276736555574178,3.0307245194412316,3.0306775522385365,3,4
compensated,131.96,-1.4860582638479742,1.627672737405478,3.0307739174992725,3.031312358354204,3,4
compensated,131.97,-1.4877984209603845,1.6276728383565349,3.0307908836407362,3.031312358354204,3,4
compensated,131.98,-1.4895278079018244,1.6276726225504938,3.0307958861380726,3.030796282384113,3,4
compensated,131.99,-1.4912428843465915,1.6276721656445303,3.0307898725637377,3.030796282384113,3,4
compensated,132.0,-1.4929470809100924,1.6276719451563237,3.0307825771611343,3.0315476900751595,3,4
compensated,132.01,-1.4946391697886718,1.6276699077869092,3.0308116191607652,3.0315476900751595,3,4
compensated,132.02,-1.496324520149063,1.6276691425797174,3.030856098310772,3.031445203293936,3,4
compensated,132.03,-1.4979955120264528,1.6276682998908618,3.03088874957419,3.031445203293936,3,4
compensated,132.04,-1.4996556602024427,1.627667622164378,3.030919831140203,3.034436420291069,3,4
compensated,132.05,-1.5013014373352758,1.627666298300765,3.0309528268821015,3.034436420291069,3,4
compensated,132.06,-1.5029363804974825,1.6276654686107865,3.030987142582317,3.030330945035522,3,4
compensated,132.07,-1.5045568889746241,1.6276656367720648,3.0309816094246744,3.030330945035522,3,4
compensated,132.08,-1.5061667240149068,1.6276654010103029,3.0309581564606187,3.030390075930022,3,4
compensated,132.09,-1.5077606460796635,1.6276630620542722,3.030969540280412,3.030390075930022,3,4
compensated,132.1,-1.5093319627440387,1.627661892109335,3.030995881941164,3.0336761507313375,3,4
compensated,132.11,-1.510888376273658,1.6276606207325357,3.0310206000490485,3.0336761507313375,3,4
compensated,132.12,-1.512433684819872,1.6276597937990185,3.0310459288400153,3.0302786051390864,3,4
compensated,132.13,-1.5139643806538667,1.6276600705414614,3.0310280448472255,3.0302786051390864,3,4
compensated,132.14,-1.5154842160974684,1.6276599416542088,3.030988470492671,3.033183993334422,3,4
compensated,132.15,-1.5169895350487337,1.6276573990491032,3.030992627489551,3.033183993334422,3,4
compensated,132.16,-1.518483734184921,1.6276564419785495,3.031019186736219,3.030728960084347,3,4
compensated,132.17,-1.5199628527151605,1.627655588569716,3.031030740399368,3.030728960084347,3,4
compensated,132.18,-1.5214296968702432,1.6276549139094199,3.031039881382159,3.0335911162894176,3,4
compensated,132.19,-1.52288188694975,1.6276524923479907,3.0310839859374936,3.0335911162894176,3,4
compensated,132.2,-1.5243229847309916,1.6276512898632531,3.031141792673762,3.030830211616302,3,4
compensated,132.21,-1.525749410651412,1.6276509731117337,3.0311602867135767,3.030830211616302,3,4
compensated,132.22,-1.527165114888635,1.627650303446361,3.0311621807658873,3.0313786952514334,3,4
compensated,132.23,-1.528566157260508,1.6276476842502048,3.031202140478568,3.0313786952514334,3,4
compensated,132.24,-1.5299562071502522,1.6276463488859694,3.0312582952546796,3.031011945521211,3,4
compensated,132.25,-1.531330047953793,1.627645501184395,3.0312814655516456,3.031011945521211,3,4
compensated,132.26,-1.5326829232416919,1.6276443587066347,3.0312942292342266,3.029497988290732,3,4
compensated,132.27,-1.534020765300498,1.6276427001495948,3.0313114409508786,3.029497988290732,3,4
compensated,132.28,-1.535347487457718,1.6276416296163712,3.031330464201108,3.0321035344603873,3,4
compensated,132.29,-1.5366593390998795,1.6276393489107335,3.0313716157324433,3.0321035344603873,3,4
compensated,132.3,-1.5379600623120395,1.6276379779357983,3.03141918018011,3.035157197022226,3,4
compensated,132.31,-1.5392459489549388,1.6276373071405814,3.031428859704452,3.035157197022226,3,4
compensated,132.32,-1.5405210880385811,1.6276363943638756,3.0314237367931494,3.031410033796476,3,4
compensated,132.33,-1.5417860146985363,1.6276355061028598,3.031406686381876,3.031410033796476,3,4
compensated,132.34,-1.5430469809052263,1.6276347487507121,3.0313878958578244,3.028213615310394,3,4
compensated,132.35,-1.5442931278442802,1.6276317336622492,3.0314167999760735,3.028213615310394,3,4
compensated,132.36,-1.5455282982163427,1.6276302109673528,3.0314714273149326,3.0309770140143932,3,4
compensated,132.37,-1.5467485855898144,1.627626885944954,3.031569040868466,3.0309770140143932,3,4
compensated,132.38,-1.5479580223258362,1.6276247939252186,3.0316862159762534,3.031667460264316,3,4
compensated,132.39,-1.5491525566569118,1.627623345685454,3.0317641991529465,3.031667460264316,3,4
compensated,132.4,-1.5503364450826775,1.6276215795554707,3.031826515848759,3.0322636622762538,3,4
compensated,132.41,-1.5515053946305233,1.6276195347106905,3.0318760139095824,3.0322636622762538,3,4
compensated,132.42,-1.5526635757617182,1.627617723249735,3.0319240439569914,3.0326179798226605,3,4
compensated,132.43,-1.553823808691311,1.627615814672632,3.031978154709507,3.0326179798226605,3,4
compensated,132.44,-1.5549843815200002,1.627613891472536,3.032033282577723,3.0328433731663704,3,4
compensated,132.45,-1.5561301081208176,1.627611534042695,3.0320814484601613,3.0328433731663704,3,4
compensated,132.46,-1.557265402719708,1.6276095176948022,3.032129339917894,3.031982395346242,4,4
compensated,132.47,-1.5583858280396226,1.6276070873830948,3.0321723570805124,3.031982395346242,4,4
compensated,132.48,-1.5594958784642428,1.6276050430897746,3.032215465702335,3.030160496670602,4,4
compensated,132.49,-1.5605893694707156,1.627601983507367,3.032271987092486,3.030160496670602,4,4
compensated,132.5,-1.5616517584887337,1.6275992820616771,3.0323331824372706,3.033347431987032,4,4
compensated,132.51,-1.5626950314326622,1.6275958176353864,3.032416797414859,3.033347431987032,4,4
compensated,132.52,-1.5637072045411056,1.6275928500191248,3.0325077609208764,3.0327636203657047,4,4
compensated,132.53,-1.564700292035748,1.627590876788823,3.0325553280517132,3.0327636203657047,4,4
compensated,132.54,-1.5656625343172657,1.6275883919076288,3.032584702935191,3.029284584489095,4,4
compensated,132.55,-1.5666056195449456,1.6275854931150207,3.0326226461442367,3.029284584489095,4,4
compensated,132.56,-1.5675177042721047,1.627582922712897,3.032664336257309,3.0335164353222552,4,4
compensated,132.57,-1.5684105567543223,1.6275789859311898,3.0327524118802556,3.0335164353222552,4,4
compensated,132.58,-1.5692722985355358,1.6275759025840555,3.0328632658640893,3.033767979962562,4,4
compensated,132.59,-1.5701148743552142,1.627573361620945,3.0329411618620554,3.033767979962562,4,4
compensated,132.6,-1.5709266268479518,1.6275705767704922,3.0330107339995283,3.035159674995942,4,4
compensated,132.61,-1.571729408740759,1.6275681303828073,3.0330746144228016,3.035159674995942,4,4
compensated,132.62,-1.572530686245499,1.6275657323637698,3.033137692421675,3.035181177357744,4,4
compensated,132.63,-1.5733320011058622,1.6275638124151193,3.033176173803096,3.035181177357744,4,4
compensated,132.64,-1.5741333769181602,1.6275615592388126,3.033208988664596,3.033189968930735,4,4
compensated,132.65,-1.5749347587485019,1.6275593416249186,3.0332386230222856,3.033189968930735,4,4
compensated,132.66,-1.5757361481737182,1.6275570618548325,3.033267766614652,3.0324672647309363,4,4
compensated,132.67,-1.5765353786553455,1.6275540110663052,3.033328706385244,3.0324672647309363,4,4
compensated,132.68,-1.5773342023066217,1.627551356707476,3.0333988951809685,3.0329190762887404,4,4
compensated,132.69,-1.5781178877520197,1.6275479819619467,3.0334796127476324,3.0329190762887404,4,4
compensated,132.7,-1.5788916873948016,1.6275451677221393,3.0335628133942913,3.034364004631305,4,4
compensated,132.71,-1.5796501606598745,1.6275420420611788,3.0336365278058195,3.034364004631305,4,4
compensated,132.72,-1.580398283913397,1.6275392533458337,3.0337097000460833,3.030464486160768,4,4
compensated,132.73,-1.581130855103853,1.6275364710226168,3.033758209387302,3.030464486160768,4,4
compensated,132.74,-1.5818525420035083,1.6275338859013613,3.033801769370051,3.0324020578256174,4,4
compensated,132.75,-1.5825835501873757,1.6275304507689443,3.033892817709401,3.0324020578256174,4,4
compensated,132.76,-1.5833172539023375,1.6275272538279872,3.034006392503731,3.0339473038756557,4,4
compensated,132.77,-1.584035657814348,1.6275241799778946,3.0340886949601193,3.0339473038756557,4,4
compensated,132.78,-1.5847438814660608,1.6275211895882342,3.0341627099860253,3.031261257443834,4,4
compensated,132.79,-1.5854367667957971,1.6275182476023686,3.0342104481618306,3.031261257443834,4,4
compensated,132.8,-1.5861194775917777,1.6275154890367536,3.034252464126925,3.0357015459202605,4,4
compensated,132.81,-1.5867863893007645,1.627511522711476,3.0343325801353767,3.0357015459202605,4,4
compensated,132.82,-1.5874421291819552,1.6275084152753876,3.034426077337832,3.035979694597888,4,4
compensated,132.83,-1.588081276579028,1.6275059821299789,3.034464132056251,3.035979694597888,4,4
compensated,132.84,-1.5887060575988547,1.6275035722522413,3.03446692039173,3.035063107820938,4,4
compensated,132.85,-1.5893148127706818,1.6275008617798457,3.0344624975519796,3.035063107820938,4,4
compensated,132.86,-1.589911937017416,1.6274986063900876,3.034458138622572,3.0341697619724464,4,4
compensated,132.87,-1.5904929216680888,1.6274957083591537,3.034467050177576,3.0341697619724464,4,4
compensated,132.88,-1.5910621355629808,1.627493430976899,3.034478954361654,3.0357196984652406,4,4
compensated,132.89,-1.5916151639687164,1.6274905259629304,3.0345036749604732,3.0357196984652406,4,4
compensated,132.9,-1.5921564151164769,1.627488219260587,3.0345312842747947,3.0345149086383234,4,4
compensated,132.91,-1.5926786779549902,1.6274859784444362,3.0345285925897136,3.0345149086383234,4,4
compensated,132.92,-1.593191931890706,1.6274840254242813,3.0345236179799486,3.0370230356902486,4,4
compensated,132.93,-1.5936877993191256,1.6274809102830716,3.034556806552891,3.0370230356902486,4,4
compensated,132.94,-1.5941528867179984,1.6274784457254405,3.034604287833215,3.037986155639813,4,4
compensated,132.95,-1.5945985662467845,1.6274763930656762,3.0346133602394434,3.037986155639813,4,4
compensated,132.96,-1.5950136842246558,1.6274744822946094,3.034611608377779,3.0367889022920913,4,4
compensated,132.97,-1.5954093238061113,1.6274726042409653,3.0345917625168055,3.0367889022920913,4,4
compensated,132.98,-1.5957743803249804,1.6274709994851104,3.0345710466921014,3.032650156098157,4,4
compensated,132.99,-1.5961198389888236,1.6274690201737105,3.0345684357446343,3.032650156098157,4,4
compensated,133.0,-1.5964346917106242,1.6274675185635719,3.03457115453194,3.0331544672991235,4,4
compensated,133.01,-1.5967649653394425,1.6274657979376255,3.0346365763572227,3.0331544672991235,4,4
compensated,133.02,-1.5971174282439407,1.6274637405348829,3.0347557866122754,3.035488575937288,4,4
compensated,133.03,-1.5974742097350547,1.6274617424347033,3.034863026140705,3.035488575937288,4,4
compensated,133.04,-1.5978316490038829,1.6274595642667085,3.0349686771683,3.032656373737874,4,4
compensated,133.05,-1.5981740370686037,1.6274574952833296,3.0350375490350414,3.032656373737874,4,4
compensated,133.06,-1.5985079489392817,1.6274556254645862,3.035095633079096,3.0361271104152445,4,4
compensated,133.07,-1.5988255648783856,1.6274529432485256,3.035194439198371,3.0361271104152445,4,4
compensated,133.08,-1.5991321732029924,1.6274508696435992,3.0353071074696203,3.0325857828297256,4,4
compensated,133.09,-1.599421319908898,1.62744896652897,3.0353663532952124,3.0325857828297256,4,4
compensated,133.1,-1.5996800845104155,1.6274472800406552,3.035399131463185,3.0325357511257893,4,4
compensated,133.11,-1.5999191865710962,1.6274449556956911,3.0354804689154022,3.0325357511257893,4,4
compensated,133.12,-1.6001408974541125,1.6274433046291361,3.0355822737318343,3.0376196843979795,4,4
compensated,133.13,-1.6003448864581644,1.6274412860255107,3.0356827064194896,3.0376196843979795,4,4
compensated,133.14,-1.6005284675827265,1.6274398026827868,3.0357846210186956,3.03381505829452,4,4
compensated,133.15,-1.6006944328103905,1.6274384763168799,3.03582623319328,3.03381505829452,4,4
compensated,133.16,-1.6008375934118277,1.6274376519612352,3.035827137568686,3.037262441031853,4,4
compensated,133.17,-1.6009626293519092,1.6274360762257625,3.0358887585254526,3.037262441031853,4,4
compensated,133.18,-1.6010571317530315,1.6274346397897062,3.0359897332270998,3.0345767950014384,4,4
compensated,133.19,-1.6011319730029991,1.6274335756965583,3.036041919244124,3.0345767950014384,4,4
compensated,133.2,-1.6011765420601811,1.6274330308206264,3.0360753736963995,3.035884423669545,4,4
compensated,133.21,-1.601201539753034,1.627431435490392,3.036144877482038,3.035884423669545,4,4
compensated,133.22,-1.6012019077042738,1.6274293427154576,3.0362244683483333,3.0383969098894807,4,4
compensated,133.23,-1.6012019596471387,1.6274278087327398,3.036280639742178,3.0383969098894807,4,4
compensated,133.24,-1.6012020057533407,1.627426451982108,3.0363325496805573,3.037965396961681,4,4
compensated,133.25,-1.6012020147273898,1.6274261829521546,3.0363415857945424,3.037965396961681,4,4
compensated,133.26,-1.6012020323722278,1.6274255950187757,3.036325359820686,3.0355048713060473,4,4
compensated,133.27,-1.6012020376557632,1.6274254052501413,3.036316966767836,3.0355048713060473,4,4
compensated,133.28,-1.6012020428054488,1.627425214315377,3.0363080967639253,3.0361096655326296,4,4
compensated,133.29,-1.601202063925606,1.6274245680565493,3.036332065667,3.0361096655326296,4,4
compensated,133.3,-1.6012020926864627,1.6274237045263378,3.036365098866871,3.0348827234529683,4,4
compensated,133.31,-1.6012021071523224,1.6274232538193067,3.036380849592346,3.0348827234529683,4,4
compensated,133.32,-1.6012021245312364,1.6274227050079475,3.0364018347190074,3.0376636466553517,4,4
compensated,133.33,-1.6012021697962007,1.6274213862628044,3.036456875722131,3.0376636466553517,4,4
compensated,133.34,-1.601202229207633,1.6274196479925955,3.036523384995285,3.0374579342809556,4,4
compensated,133.35,-1.60120225532942,1.627418842438317,3.036549099664055,3.0374579342809556,4,4
compensated,133.36,-1.601202262917051,1.627418590060151,3.0365587458337626,3.0403050752433547,4,4
compensated,133.37,-1.6012022743035303,1.6274182113143416,3.0365732227170708,3.0403050752433547,4,4
compensated,133.38,-1.6012022818957308,1.6274179587578024,3.0365828756740827,3.0374923781799357,4,4
compensated,133.39,-1.6012023092647456,1.6274171504728572,3.0365492003390733,3.0374923781799357,4,4
compensated,133.4,-1.601202347619846,1.627416012393623,3.036496171745453,3.0350597233075236,4,4
compensated,133.41,-1.6012023586466062,1.6274156992741355,3.0364852461491827,3.0350597233075236,4,4
compensated,133.42,-1.6012023635305457,1.6274155421885768,3.0364893842431533,3.0345851250399303,4,4
compensated,133.43,-1.601202412678465,1.6274141132332585,3.0365529188091664,3.0345851250399303,4,4
compensated,133.44,-1.6012025033159651,1.6274114818113672,3.036653607930694,3.0375557760119314,4,4
compensated,133.45,-1.6012025987285903,1.6274087173719902,3.0367598934519893,3.0375557760119314,4,4
compensated,133.46,-1.6012026948885985,1.6274059229409854,3.036866816579381,3.03880340755681,4,4
compensated,133.47,-1.6012027563615132,1.6274040892859927,3.036931934367944,3.03880340755681,4,4
compensated,133.48,-1.601202800834024,1.6274027713918766,3.036982351449718,3.0384476874434068,4,4
compensated,133.49,-1.6012028255309143,1.6274020170059722,3.037008849496939,3.0384476874434068,4,4
compensated,133.5,-1.6012028471083384,1.6274013540882288,3.0370342019784524,3.036788498618182,4,4
compensated,133.51,-1.601202865678641,1.6274008046710682,3.037022185600605,3.036788498618182,4,4
compensated,133.52,-1.6012028882924474,1.627400112652487,3.0369899563243776,3.0406555148046372,4,4
compensated,133.53,-1.6012028928160038,1.627399974249223,3.0369835104696636,3.0406555148046372,4,4
compensated,133.54,-1.6012028928160038,1.627399974249223,3.0369835104696636,3.038003443656276,4,4
compensated,133.55,-1.6012029333341173,1.6273987569019588,3.0369214819492387,3.038003443656276,4,4
compensated,133.56,-1.6012029992138155,1.627396827267728,3.0368315540150648,3.0369776100279147,4,4
compensated,133.57,-1.6012030392718895,1.6273956769675708,3.0367843255143643,3.0369776100279147,4,4
compensated,133.58,-1.6012030642596673,1.6273949185332066,3.036748998579403,3.0386872968229994,4,4
compensated,133.59,-1.601203092442255,1.627394127378421,3.0367707270606323,3.0386872968229994,4,4
compensated,133.6,-1.6012031358908212,1.627392840660921,3.036819952482503,3.034827067019812,4,4
compensated,133.61,-1.6012031556429445,1.6273922272067323,3.0368402802203116,3.034827067019812,4,4
compensated,133.62,-1.6012031674236185,1.6273918498687696,3.036854706364028,3.0340865536460573,4,4
compensated,133.63,-1.6012032219196826,1.627390263628003,3.0369216924318514,3.0340865536460573,4,4
compensated,133.64,-1.6012032973869093,1.6273880581044318,3.0370060767635625,3.037706279902009,4,4
compensated,133.65,-1.601203381666421,1.6273856072436614,3.037100825206447,3.037706279902009,4,4
compensated,133.66,-1.6012034675184825,1.6273831000366292,3.0371967510734925,3.0351229424405535,4,4
compensated,133.67,-1.6012035072881248,1.6273818950947119,3.0372353335798192,3.0351229424405535,4,4
compensated,133.68,-1.601203517299689,1.6273815871533466,3.037221552838287,3.0384881650994764,4,4
compensated,133.69,-1.6012035384870988,1.6273809391821965,3.0372466793013424,3.0384881650994764,4,4
compensated,133.7,-1.6012035686889678,1.6273800273235262,3.037281556561674,3.0425828285224874,4,4
compensated,133.71,-1.6012035886571674,1.6273794008220228,3.0372670084636053,3.0425828285224874,4,4
compensated,133.72,-1.6012036137106778,1.6273786372967542,3.0372314470205373,3.036702753092632,4,4
compensated,133.73,-1.6012036762039465,1.6273767559861536,3.03713332926267,3.036702753092632,4,4
compensated,133.74,-1.6012037717463108,1.6273739717462112,3.037003563711634,3.038094591407641,4,4
compensated,133.75,-1.6012038271374427,1.6273724448371283,3.0369462398211753,3.038094591407641,4,4
compensated,133.76,-1.6012038607183892,1.6273714628281286,3.0369864997013223,3.037492630386547,4,4
compensated,133.77,-1.6012038856416215,1.6273707066018819,3.0370145598710048,3.037492630386547,4,4
compensated,133.78,-1.6012039115960444,1.6273699182814862,3.03704471110492,3.0378773761001048,4,4
compensated,133.79,-1.6012039473838673,1.627368846116616,3.0370866429829677,3.0378773761001048,4,4
compensated,133.8,-1.6012039822111621,1.6273678029453442,3.03712654606915,3.036742042694218,5,4
compensated,133.81,-1.6012040082234116,1.6273670147015786,3.0371559208206356,3.036742042694218,5,4
compensated,133.82,-1.601204035571183,1.6273661854405272,3.037187637952216,3.0385476972873224,5,4
