phase,time_s,forward_m,up_m,yaw_deg,filtered_yaw_deg
static,0.010000,0.000000,0.000000,-0.000245,-0.158057
static,0.020000,0.000000,0.000000,-0.000245,-0.035095
static,0.030000,0.000000,0.000000,-0.000245,-0.582460
static,0.040000,0.000000,0.000000,-0.000245,0.171945
static,0.050000,0.000000,0.000000,-0.000245,-0.580322
static,0.060000,0.000000,0.000000,-0.000245,-0.298337
static,0.070000,0.000000,0.000000,-0.000245,0.307877
static,0.080000,0.000000,0.000000,-0.000245,-0.858031
static,0.090000,0.000000,0.000000,-0.000245,-0.153081
static,0.100000,0.000000,0.000000,-0.000245,0.548509
static,0.110000,0.000000,0.000000,-0.000245,0.548509
static,0.120000,0.000000,0.000000,-0.000245,0.033727
static,0.130000,0.000000,0.000000,-0.000245,0.033727
static,0.140000,0.000000,0.000000,-0.000245,0.245961
static,0.150000,0.000000,0.000000,-0.000245,0.245961
static,0.160000,0.000000,0.000000,-0.000245,-0.223637
static,0.170000,0.000000,0.000000,-0.000245,-0.223637
static,0.180000,0.000000,0.000000,-0.000245,-0.136336
static,0.190000,0.000000,0.000000,-0.000245,-0.136336
static,0.200000,0.000000,0.000000,-0.000245,0.220596
static,0.210000,0.000000,0.000000,-0.000245,0.220596
static,0.220000,0.000000,0.000000,-0.000245,0.113276
static,0.230000,0.000000,0.000000,-0.000245,0.113276
static,0.240000,0.000000,0.000000,-0.000245,-0.601100
static,0.250000,0.000000,0.000000,-0.000245,-0.601100
static,0.260000,0.000000,0.000000,-0.000245,0.282851
static,0.270000,0.000000,0.000000,-0.000245,0.282851
static,0.280000,0.000000,0.000000,-0.000245,0.151431
static,0.290000,0.000000,0.000000,-0.000245,0.151431
static,0.300000,0.000000,0.000000,-0.000245,0.403333
static,0.310000,0.000000,0.000000,-0.000245,0.403333
static,0.320000,0.000000,0.000000,-0.000245,0.485387
static,0.330000,0.000000,0.000000,-0.000245,0.485387
static,0.340000,0.000000,0.000000,-0.000245,-0.150671
static,0.350000,0.000000,0.000000,-0.000245,-0.150671
static,0.360000,0.000000,0.000000,-0.000245,0.093041
static,0.370000,0.000000,0.000000,-0.000245,0.093041
static,0.380000,0.000000,0.000000,-0.000245,0.782369
static,0.390000,0.000000,0.000000,-0.000245,0.782369
static,0.400000,0.000000,0.000000,-0.000245,0.132445
static,0.410000,0.000000,0.000000,-0.000245,0.132445
static,0.420000,0.000000,0.000000,-0.000245,-0.019314
static,0.430000,0.000000,0.000000,-0.000245,-0.019314
static,0.440000,0.000000,0.000000,-0.000245,-0.241276
static,0.450000,0.000000,0.000000,-0.000245,-0.241276
static,0.460000,0.000000,0.000000,-0.000245,-0.411355
static,0.470000,0.000000,0.000000,-0.000245,-0.411355
static,0.480000,0.000000,0.000000,-0.000245,-0.095344
static,0.490000,0.000000,0.000000,-0.000245,-0.095344
static,0.500000,0.000000,0.000000,-0.000245,0.500243
static,0.510000,0.000000,0.000000,-0.000245,0.500243
static,0.520000,0.000000,0.000000,-0.000245,0.774157
static,0.530000,0.000000,0.000000,-0.000245,0.774157
static,0.540000,0.000000,0.000000,-0.000245,-0.032968
static,0.550000,0.000000,0.000000,-0.000245,-0.032968
static,0.560000,0.000000,0.000000,-0.000245,0.492191
static,0.570000,0.000000,0.000000,-0.000245,0.492191
static,0.580000,0.000000,0.000000,-0.000245,0.155952
static,0.590000,0.000000,0.000000,-0.000245,0.155952
static,0.600000,0.000000,0.000000,-0.000245,0.320952
static,0.610000,0.000000,0.000000,-0.000245,0.320952
static,0.620000,0.000000,0.000000,-0.000245,-0.259518
static,0.630000,0.000000,0.000000,-0.000245,-0.259518
static,0.640000,0.000000,0.000000,-0.000245,-0.027281
static,0.650000,0.000000,0.000000,-0.000245,-0.027281
static,0.660000,0.000000,0.000000,-0.000245,-0.138370
static,0.670000,0.000000,0.000000,-0.000245,-0.138370
static,0.680000,0.000000,0.000000,-0.000245,-0.688607
static,0.690000,0.000000,0.000000,-0.000245,-0.688607
static,0.700000,0.000000,0.000000,-0.000245,0.471953
static,0.710000,0.000000,0.000000,-0.000245,0.471953
static,0.720000,0.000000,0.000000,-0.000245,0.054636
static,0.730000,0.000000,0.000000,-0.000245,0.054636
static,0.740000,0.000000,0.000000,-0.000245,-0.153709
static,0.750000,0.000000,0.000000,-0.000245,-0.153709
static,0.760000,0.000000,0.000000,-0.000245,-0.493352
static,0.770000,0.000000,0.000000,-0.000245,-0.493352
static,0.780000,0.000000,0.000000,-0.000245,0.574642
static,0.790000,0.000000,0.000000,-0.000245,0.574642
static,0.800000,0.000000,0.000000,-0.000245,-0.677147
static,0.810000,0.000000,0.000000,-0.000245,-0.677147
static,0.820000,0.000000,0.000000,-0.000245,0.674963
static,0.830000,0.000000,0.000000,-0.000245,0.674963
static,0.840000,0.000000,0.000000,-0.000245,1.031928
static,0.850000,0.000000,0.000000,-0.000245,1.031928
static,0.860000,0.000000,0.000000,-0.000245,-0.038472
static,0.870000,0.000000,0.000000,-0.000245,-0.038472
static,0.880000,0.000000,0.000000,-0.000245,-0.114200
static,0.890000,0.000000,0.000000,-0.000245,-0.114200
static,0.900000,0.000000,0.000000,-0.000245,0.604506
static,0.910000,0.000000,0.000000,-0.000245,0.604506
static,0.920000,0.000000,0.000000,-0.000245,-0.440329
static,0.930000,0.000000,0.000000,-0.000245,-0.440329
static,0.940000,0.000000,0.000000,-0.000245,0.334815
static,0.950000,0.000000,0.000000,-0.000245,0.334815
static,0.960000,0.000000,0.000000,-0.000245,-0.067449
static,0.970000,0.000000,0.000000,-0.000245,-0.067449
static,0.980000,0.000000,0.000000,-0.000245,0.030112
static,0.990000,0.000000,0.000000,-0.000245,0.030112
static,1.000000,0.000000,0.000000,-0.000245,-0.501199
static,1.010000,0.000000,0.000000,-0.000245,-0.501199
static,1.020000,0.000000,0.000000,-0.000245,0.577830
static,1.030000,0.000000,0.000000,-0.000245,0.577830
static,1.040000,0.000000,0.000000,-0.000245,-0.642596
static,1.050000,0.000000,0.000000,-0.000245,-0.642596
static,1.060000,0.000000,0.000000,-0.000245,0.248629
static,1.070000,0.000000,0.000000,-0.000245,0.248629
static,1.080000,0.000000,0.000000,-0.000245,0.080181
static,1.090000,0.000000,0.000000,-0.000245,0.080181
static,1.100000,0.000000,0.000000,-0.000245,-0.345303
static,1.110000,0.000000,0.000000,-0.000245,-0.345303
static,1.120000,0.000000,0.000000,-0.000245,-0.497515
static,1.130000,0.000000,0.000000,-0.000245,-0.497515
static,1.140000,0.000000,0.000000,-0.000245,0.267588
static,1.150000,0.000000,0.000000,-0.000245,0.267588
static,1.160000,0.000000,0.000000,-0.000245,-0.846624
static,1.170000,0.000000,0.000000,-0.000245,-0.846624
static,1.180000,0.000000,0.000000,-0.000245,0.142293
static,1.190000,0.000000,0.000000,-0.000245,0.142293
static,1.200000,0.000000,0.000000,-0.000245,-0.040898
static,1.210000,0.000000,0.000000,-0.000245,-0.040898
static,1.220000,0.000000,0.000000,-0.000245,-0.227297
static,1.230000,0.000000,0.000000,-0.000245,-0.227297
static,1.240000,0.000000,0.000000,-0.000245,0.485761
static,1.250000,0.000000,0.000000,-0.000245,0.485761
static,1.260000,0.000000,0.000000,-0.000245,0.019495
static,1.270000,0.000000,0.000000,-0.000245,0.019495
static,1.280000,0.000000,0.000000,-0.000245,0.544203
static,1.290000,0.000000,0.000000,-0.000245,0.544203
static,1.300000,0.000000,0.000000,-0.000245,0.426241
static,1.310000,0.000000,0.000000,-0.000245,0.426241
static,1.320000,0.000000,0.000000,-0.000245,-0.227481
static,1.330000,0.000000,0.000000,-0.000245,-0.227481
static,1.340000,0.000000,0.000000,-0.000245,0.634105
static,1.350000,0.000000,0.000000,-0.000245,0.634105
static,1.360000,0.000000,0.000000,-0.000245,0.546720
static,1.370000,0.000000,0.000000,-0.000245,0.546720
static,1.380000,0.000000,0.000000,-0.000245,-0.318415
static,1.390000,0.000000,0.000000,-0.000245,-0.318415
static,1.400000,0.000000,0.000000,-0.000245,0.674639
static,1.410000,0.000000,0.000000,-0.000245,0.674639
static,1.420000,0.000000,0.000000,-0.000245,0.109295
static,1.430000,0.000000,0.000000,-0.000245,0.109295
static,1.440000,0.000000,0.000000,-0.000245,-0.173765
static,1.450000,0.000000,-0.000000,-0.000016,-0.173765
static,1.460000,0.000000,-0.000000,-0.000016,-0.484226
static,1.470000,0.000000,-0.000000,-0.000016,-0.484226
static,1.480000,0.000000,-0.000000,-0.000016,-0.267087
static,1.490000,0.000000,-0.000000,-0.000016,-0.267087
static,1.500000,0.000000,-0.000000,-0.000016,0.245088
static,1.510000,0.000000,-0.000000,-0.000016,0.245088
static,1.520000,0.000000,-0.000000,-0.000016,-0.906554
static,1.530000,0.000000,-0.000000,-0.000016,-0.906554
static,1.540000,0.000000,-0.000000,-0.000016,0.128589
static,1.550000,0.000000,-0.000000,-0.000016,0.128589
static,1.560000,0.000000,-0.000000,-0.000016,-0.314042
static,1.570000,0.000000,-0.000000,-0.000016,-0.314042
static,1.580000,0.000000,-0.000000,-0.000016,-0.960675
static,1.590000,0.000000,-0.000000,-0.000016,-0.960675
static,1.600000,0.000000,-0.000000,-0.000016,-0.609194
static,1.610000,0.000000,-0.000000,-0.000016,-0.609194
static,1.620000,0.000000,-0.000000,-0.000016,-0.262845
static,1.630000,0.000000,-0.000000,-0.000016,-0.262845
static,1.640000,0.000000,-0.000000,-0.000016,0.458232
static,1.650000,0.000000,-0.000000,-0.000016,0.458232
static,1.660000,0.000000,-0.000000,-0.000016,0.418735
static,1.670000,0.000000,-0.000000,-0.000016,0.418735
static,1.680000,0.000000,-0.000000,-0.000016,0.467154
static,1.690000,0.000000,-0.000000,-0.000016,0.467154
static,1.700000,0.000000,-0.000000,-0.000016,-0.847381
static,1.710000,0.000000,-0.000000,-0.000016,-0.847381
static,1.720000,0.000000,-0.000000,-0.000016,0.123825
static,1.730000,0.000000,-0.000000,-0.000016,0.123825
static,1.740000,0.000000,-0.000000,-0.000016,0.826546
static,1.750000,0.000000,-0.000000,-0.000016,0.826546
static,1.760000,0.000000,-0.000000,-0.000016,0.418852
static,1.770000,0.000000,-0.000000,-0.000016,0.418852
static,1.780000,0.000000,-0.000000,-0.000016,0.087756
static,1.790000,0.000000,-0.000000,-0.000016,0.087756
static,1.800000,0.000000,-0.000000,-0.000016,0.516359
static,1.810000,0.000000,-0.000000,-0.000016,0.516359
static,1.820000,0.000000,-0.000000,-0.000016,0.410148
static,1.830000,0.000000,-0.000000,-0.000016,0.410148
static,1.840000,0.000000,-0.000000,-0.000016,-0.230918
static,1.850000,0.000000,-0.000000,-0.000016,-0.230918
static,1.860000,0.000000,-0.000000,-0.000016,0.263139
static,1.870000,0.000000,-0.000000,-0.000016,0.263139
static,1.880000,0.000000,-0.000000,-0.000016,-0.030520
static,1.890000,0.000000,-0.000000,-0.000016,-0.030520
static,1.900000,0.000000,-0.000000,-0.000016,-0.241802
static,1.910000,0.000000,-0.000000,-0.000016,-0.241802
static,1.920000,0.000000,-0.000000,-0.000016,-0.162916
static,1.930000,0.000000,-0.000000,-0.000016,-0.162916
static,1.940000,0.000000,-0.000000,-0.000016,-0.119781
static,1.950000,0.000000,-0.000000,-0.000016,-0.119781
static,1.960000,0.000000,-0.000000,-0.000016,-0.304821
static,1.970000,0.000000,-0.000000,-0.000016,-0.304821
static,1.980000,0.000000,-0.000000,-0.000016,-0.082921
static,1.990000,0.000000,-0.000000,-0.000016,-0.082921
static,2.000000,0.000000,-0.000000,-0.000016,0.424833
static,2.010000,0.000000,-0.000000,-0.000016,0.424833
static,2.020000,0.000000,-0.000000,-0.000016,-0.045438
static,2.030000,0.000000,-0.000000,-0.000016,-0.045438
static,2.040000,0.000000,-0.000000,-0.000016,0.448184
static,2.050000,0.000000,-0.000000,-0.000016,0.448184
static,2.060000,0.000000,-0.000000,-0.000016,-0.528693
static,2.070000,0.000000,-0.000000,-0.000016,-0.528693
static,2.080000,0.000000,-0.000000,-0.000016,-0.500696
static,2.090000,0.000000,-0.000000,-0.000016,-0.500696
static,2.100000,0.000000,-0.000000,-0.000016,0.293646
static,2.110000,0.000000,-0.000000,-0.000016,0.293646
static,2.120000,0.000000,-0.000000,-0.000016,1.081951
static,2.130000,0.000000,-0.000000,-0.000016,1.081951
static,2.140000,0.000000,-0.000000,-0.000016,0.039528
static,2.150000,0.000000,-0.000000,-0.000016,0.039528
static,2.160000,0.000000,-0.000000,-0.000016,0.287666
static,2.170000,0.000000,-0.000000,-0.000016,0.287666
static,2.180000,0.000000,-0.000000,-0.000016,0.069622
static,2.190000,0.000000,-0.000000,-0.000016,0.069622
static,2.200000,0.000000,-0.000000,-0.000016,-0.195826
static,2.210000,0.000000,-0.000000,-0.000016,-0.195826
static,2.220000,0.000000,-0.000000,-0.000016,-0.337326
static,2.230000,0.000000,-0.000000,-0.000016,-0.337326
static,2.240000,0.000000,-0.000000,-0.000016,0.088809
static,2.250000,0.000000,-0.000000,-0.000016,0.088809
static,2.260000,0.000000,-0.000000,-0.000016,0.517696
static,2.270000,0.000000,-0.000000,-0.000016,0.517696
static,2.280000,0.000000,-0.000000,-0.000016,0.020947
static,2.290000,0.000000,-0.000000,-0.000016,0.020947
static,2.300000,0.000000,-0.000000,-0.000016,-0.322247
static,2.310000,0.000000,-0.000000,-0.000016,-0.322247
static,2.320000,0.000000,-0.000000,-0.000016,-0.383520
static,2.330000,0.000000,-0.000000,-0.000016,-0.383520
static,2.340000,0.000000,-0.000000,-0.000016,-0.802937
static,2.350000,0.000000,-0.000000,-0.000016,-0.802937
static,2.360000,0.000000,-0.000000,-0.000016,-0.295272
static,2.370000,0.000000,-0.000000,-0.000016,-0.295272
static,2.380000,0.000000,-0.000000,-0.000016,-0.158203
static,2.390000,0.000000,-0.000000,-0.000016,-0.158203
static,2.400000,0.000000,-0.000000,-0.000016,-0.057762
static,2.410000,0.000000,-0.000000,-0.000016,-0.057762
static,2.420000,0.000000,-0.000000,-0.000016,-0.261763
static,2.430000,0.000000,-0.000000,-0.000016,-0.261763
static,2.440000,0.000000,-0.000000,-0.000016,-0.407496
static,2.450000,0.000000,-0.000000,-0.000016,-0.407496
static,2.460000,0.000000,-0.000000,-0.000016,0.552137
static,2.470000,0.000000,-0.000000,-0.000016,0.552137
static,2.480000,0.000000,-0.000000,-0.000016,-0.169769
static,2.490000,0.000000,-0.000000,-0.000016,-0.169769
static,2.500000,0.000000,-0.000000,-0.000016,0.003270
static,2.510000,0.000000,-0.000000,-0.000016,0.003270
static,2.520000,0.000000,-0.000000,-0.000016,0.012761
static,2.530000,0.000000,-0.000000,-0.000016,0.012761
static,2.540000,0.000000,-0.000000,-0.000016,-0.308162
static,2.550000,0.000000,-0.000000,-0.000016,-0.308162
static,2.560000,0.000000,-0.000000,-0.000016,0.243325
static,2.570000,0.000000,-0.000000,-0.000016,0.243325
static,2.580000,0.000000,-0.000000,-0.000016,-0.053683
static,2.590000,0.000000,-0.000000,-0.000016,-0.053683
static,2.600000,0.000000,-0.000000,-0.000016,0.638210
static,2.610000,0.000000,-0.000000,-0.000016,0.638210
static,2.620000,0.000000,-0.000000,-0.000016,0.206245
static,2.630000,0.000000,-0.000000,-0.000016,0.206245
static,2.640000,0.000000,-0.000000,-0.000016,0.229269
static,2.650000,0.000000,-0.000000,-0.000016,0.229269
static,2.660000,0.000000,-0.000000,-0.000016,0.077968
static,2.670000,0.000000,-0.000000,-0.000016,0.077968
static,2.680000,0.000000,-0.000000,-0.000016,-0.057649
static,2.690000,0.000000,-0.000000,-0.000016,-0.057649
static,2.700000,0.000000,-0.000000,-0.000016,-0.989373
static,2.710000,0.000000,-0.000000,-0.000016,-0.989373
static,2.720000,0.000000,-0.000000,-0.000016,0.515580
static,2.730000,0.000000,-0.000000,-0.000016,0.515580
static,2.740000,0.000000,-0.000000,-0.000016,0.130975
static,2.750000,0.000000,-0.000000,-0.000016,0.130975
static,2.760000,0.000000,-0.000000,-0.000016,-0.771477
static,2.770000,0.000000,-0.000000,-0.000016,-0.771477
static,2.780000,0.000000,-0.000000,-0.000016,-0.150029
static,2.790000,0.000000,-0.000000,-0.000016,-0.150029
static,2.800000,0.000000,-0.000000,-0.000016,-0.260762
static,2.810000,0.000000,-0.000000,-0.000016,-0.260762
static,2.820000,0.000000,-0.000000,-0.000016,0.021304
static,2.830000,0.000000,-0.000000,-0.000016,0.021304
static,2.840000,0.000000,-0.000000,-0.000016,-0.891551
static,2.850000,0.000000,-0.000000,-0.000016,-0.891551
static,2.860000,0.000000,-0.000000,-0.000016,0.212623
static,2.870000,0.000000,-0.000000,-0.000016,0.212623
static,2.880000,0.000000,-0.000000,-0.000016,-0.167474
static,2.890000,0.000000,-0.000000,-0.000016,-0.167474
static,2.900000,0.000000,-0.000000,-0.000016,0.378449
static,2.910000,0.000000,-0.000000,-0.000016,0.378449
static,2.920000,0.000000,-0.000000,-0.000016,-0.359903
static,2.930000,0.000000,-0.000000,-0.000016,-0.359903
static,2.940000,0.000000,-0.000000,-0.000016,-0.361850
static,2.950000,0.000000,-0.000000,-0.000016,-0.361850
static,2.960000,0.000000,-0.000000,-0.000016,-0.795714
static,2.970000,0.000000,-0.000000,-0.000016,-0.795714
static,2.980000,0.000000,-0.000000,-0.000016,-0.264852
static,2.990000,0.000000,-0.000000,-0.000016,-0.264852
static,3.000000,0.000000,-0.000000,-0.000016,0.389127
static,3.010000,0.000000,-0.000000,-0.000016,0.389127
static,3.020000,0.000000,-0.000000,-0.000016,0.626815
static,3.030000,0.000000,-0.000000,-0.000016,0.626815
static,3.040000,0.000000,-0.000000,-0.000016,0.196713
static,3.050000,0.000000,-0.000000,-0.000016,0.196713
static,3.060000,0.000000,-0.000000,-0.000016,0.588245
static,3.070000,0.000000,-0.000000,-0.000016,0.588245
static,3.080000,0.000000,-0.000000,-0.000016,0.305531
static,3.090000,0.000000,-0.000000,-0.000016,0.305531
static,3.100000,0.000000,-0.000000,-0.000016,-0.168232
static,3.110000,0.000000,-0.000000,-0.000016,-0.168232
static,3.120000,0.000000,-0.000000,-0.000016,0.209275
static,3.130000,0.000000,-0.000000,-0.000016,0.209275
static,3.140000,0.000000,-0.000000,-0.000016,0.226877
static,3.150000,0.000000,-0.000000,-0.000016,0.226877
static,3.160000,0.000000,-0.000000,-0.000016,-0.142495
static,3.170000,0.000000,-0.000000,-0.000016,-0.142495
static,3.180000,0.000000,-0.000000,-0.000016,-0.131296
static,3.190000,0.000000,-0.000000,-0.000016,-0.131296
static,3.200000,0.000000,-0.000000,-0.000016,0.115643
static,3.210000,0.000000,-0.000000,-0.000016,0.115643
static,3.220000,0.000000,-0.000000,-0.000016,-0.041379
static,3.230000,0.000000,-0.000000,-0.000016,-0.041379
static,3.240000,0.000000,-0.000000,-0.000016,0.413565
static,3.250000,0.000000,-0.000000,-0.000016,0.413565
static,3.260000,0.000000,-0.000000,-0.000016,0.784250
static,3.270000,0.000000,-0.000000,-0.000016,0.784250
static,3.280000,0.000000,-0.000000,-0.000016,-0.478473
static,3.290000,0.000000,-0.000000,-0.000016,-0.478473
static,3.300000,0.000000,-0.000000,-0.000016,-0.890537
static,3.310000,0.000000,-0.000000,-0.000016,-0.890537
static,3.320000,0.000000,-0.000000,-0.000016,-0.657843
static,3.330000,0.000000,-0.000000,-0.000016,-0.657843
static,3.340000,0.000000,-0.000000,-0.000016,0.036854
static,3.350000,0.000000,-0.000000,-0.000016,0.036854
static,3.360000,0.000000,-0.000000,-0.000016,0.084224
static,3.370000,0.000000,-0.000000,-0.000016,0.084224
static,3.380000,0.000000,-0.000000,-0.000016,-0.684779
static,3.390000,0.000000,-0.000000,-0.000016,-0.684779
static,3.400000,0.000000,-0.000000,-0.000016,0.165140
static,3.410000,0.000000,-0.000000,-0.000016,0.165140
static,3.420000,0.000000,-0.000000,-0.000016,0.028068
static,3.430000,0.000000,-0.000000,-0.000016,0.028068
static,3.440000,0.000000,-0.000000,-0.000016,-0.603294
static,3.450000,0.000000,-0.000000,-0.000016,-0.603294
static,3.460000,0.000000,-0.000000,-0.000016,-0.384148
static,3.470000,0.000000,-0.000000,-0.000016,-0.384148
static,3.480000,0.000000,-0.000000,-0.000016,1.234721
static,3.490000,0.000000,-0.000000,-0.000016,1.234721
static,3.500000,0.000000,-0.000000,-0.000016,-0.438392
static,3.510000,0.000000,-0.000000,-0.000016,-0.438392
static,3.520000,0.000000,-0.000000,-0.000016,1.142514
static,3.530000,0.000000,-0.000000,-0.000016,1.142514
static,3.540000,0.000000,-0.000000,-0.000016,-0.222806
static,3.550000,0.000000,-0.000000,-0.000016,-0.222806
static,3.560000,0.000000,-0.000000,-0.000016,0.211504
static,3.570000,0.000000,-0.000000,-0.000016,0.211504
static,3.580000,0.000000,-0.000000,-0.000016,-0.663812
static,3.590000,0.000000,-0.000000,-0.000016,-0.663812
static,3.600000,0.000000,-0.000000,-0.000016,0.797973
static,3.610000,0.000000,-0.000000,-0.000016,0.797973
static,3.620000,0.000000,-0.000000,-0.000016,0.501498
static,3.630000,0.000000,-0.000000,-0.000016,0.501498
static,3.640000,0.000000,-0.000000,-0.000016,0.457889
static,3.650000,0.000000,-0.000000,-0.000016,0.457889
static,3.660000,0.000000,-0.000000,-0.000016,0.229544
static,3.670000,0.000000,-0.000000,-0.000016,0.229544
static,3.680000,0.000000,-0.000000,-0.000016,0.307469
static,3.690000,0.000000,-0.000000,-0.000016,0.307469
static,3.700000,0.000000,-0.000000,-0.000016,0.331051
static,3.710000,0.000000,-0.000000,-0.000016,0.331051
static,3.720000,0.000000,-0.000000,-0.000016,-0.562652
static,3.730000,0.000000,-0.000000,-0.000016,-0.562652
static,3.740000,0.000000,-0.000000,-0.000016,-0.351526
static,3.750000,0.000000,-0.000000,-0.000016,-0.351526
static,3.760000,0.000000,-0.000000,-0.000016,-0.288658
static,3.770000,0.000000,-0.000000,-0.000016,-0.288658
static,3.780000,0.000000,-0.000000,-0.000016,-0.385005
static,3.790000,0.000000,-0.000000,-0.000016,-0.385005
static,3.800000,0.000000,-0.000000,-0.000016,0.265908
static,3.810000,0.000000,-0.000000,-0.000016,0.265908
static,3.820000,0.000000,-0.000000,-0.000016,-0.119630
static,3.830000,0.000000,-0.000000,-0.000016,-0.119630
static,3.840000,0.000000,-0.000000,0.000213,0.253971
static,3.850000,0.000000,-0.000000,0.000213,0.253971
static,3.860000,0.000000,-0.000000,0.000213,-0.305835
static,3.870000,0.000000,-0.000000,0.000213,-0.305835
static,3.880000,0.000000,-0.000000,0.000213,0.265104
static,3.890000,0.000000,-0.000000,0.000213,0.265104
static,3.900000,0.000000,-0.000000,0.000213,0.371670
static,3.910000,0.000000,-0.000000,0.000213,0.371670
static,3.920000,0.000000,-0.000000,0.000213,-0.764628
static,3.930000,0.000000,-0.000000,0.000213,-0.764628
static,3.940000,0.000000,-0.000000,0.000213,-0.648324
static,3.950000,0.000000,-0.000000,0.000213,-0.648324
static,3.960000,0.000000,-0.000000,0.000213,0.297895
static,3.970000,0.000000,-0.000000,0.000213,0.297895
static,3.980000,0.000000,-0.000000,0.000213,0.274853
static,3.990000,0.000000,-0.000000,0.000213,0.274853
static,4.000000,0.000000,-0.000000,0.000213,0.326766
static,4.010000,0.000000,-0.000000,0.000213,0.326766
static,4.020000,0.000000,-0.000000,0.000213,-0.701228
static,4.030000,0.000000,-0.000000,0.000213,-0.701228
static,4.040000,0.000000,-0.000000,0.000213,-0.492993
static,4.050000,0.000000,-0.000000,0.000213,-0.492993
static,4.060000,0.000000,-0.000000,0.000213,-0.501286
static,4.070000,0.000000,-0.000000,0.000213,-0.501286
static,4.080000,0.000000,-0.000000,0.000213,-0.483224
static,4.090000,0.000000,-0.000000,0.000213,-0.483224
static,4.100000,0.000000,-0.000000,0.000213,0.260154
static,4.110000,0.000000,-0.000000,0.000213,0.260154
static,4.120000,0.000000,-0.000000,0.000213,-0.506863
static,4.130000,0.000000,-0.000000,0.000213,-0.506863
static,4.140000,0.000000,-0.000000,0.000213,-0.301600
static,4.150000,0.000000,-0.000000,0.000213,-0.301600
static,4.160000,0.000000,-0.000000,0.000213,-0.531335
static,4.170000,0.000000,-0.000000,0.000213,-0.531335
static,4.180000,0.000000,-0.000000,0.000213,-0.336773
static,4.190000,0.000000,-0.000000,0.000213,-0.336773
static,4.200000,0.000000,-0.000000,0.000213,0.507407
static,4.210000,0.000000,-0.000000,0.000213,0.507407
static,4.220000,0.000000,-0.000000,0.000213,-0.123868
static,4.230000,0.000000,-0.000000,0.000213,-0.123868
static,4.240000,0.000000,-0.000000,0.000213,0.783984
static,4.250000,0.000000,-0.000000,0.000213,0.783984
static,4.260000,0.000000,-0.000000,0.000213,-0.079640
static,4.270000,0.000000,-0.000000,0.000213,-0.079640
static,4.280000,0.000000,-0.000000,0.000213,-0.123074
static,4.290000,0.000000,-0.000000,0.000213,-0.123074
static,4.300000,0.000000,-0.000000,0.000213,-0.452109
static,4.310000,0.000000,-0.000000,0.000213,-0.452109
static,4.320000,0.000000,-0.000000,0.000213,-0.511400
static,4.330000,0.000000,-0.000000,0.000213,-0.511400
static,4.340000,0.000000,-0.000000,0.000213,-0.528437
static,4.350000,0.000000,-0.000000,0.000213,-0.528437
static,4.360000,0.000000,-0.000000,0.000213,-0.352067
static,4.370000,0.000000,-0.000000,0.000213,-0.352067
static,4.380000,0.000000,-0.000000,0.000213,0.161972
static,4.390000,0.000000,-0.000000,0.000213,0.161972
static,4.400000,0.000000,-0.000000,0.000213,0.693461
static,4.410000,0.000000,-0.000000,0.000213,0.693461
static,4.420000,0.000000,-0.000000,0.000213,0.102890
static,4.430000,0.000000,-0.000000,0.000213,0.102890
static,4.440000,0.000000,-0.000000,0.000213,-0.538777
static,4.450000,0.000000,-0.000000,0.000213,-0.538777
static,4.460000,0.000000,-0.000000,0.000213,0.622963
static,4.470000,0.000000,-0.000000,0.000213,0.622963
static,4.480000,0.000000,-0.000000,0.000213,-0.119488
static,4.490000,0.000000,-0.000000,0.000213,-0.119488
static,4.500000,0.000000,-0.000000,0.000213,0.155189
static,4.510000,0.000000,-0.000000,0.000213,0.155189
static,4.520000,0.000000,-0.000000,0.000213,-0.574301
static,4.530000,0.000000,-0.000000,0.000213,-0.574301
static,4.540000,0.000000,-0.000000,0.000213,0.011961
static,4.550000,0.000000,-0.000000,0.000213,0.011961
static,4.560000,0.000000,-0.000000,0.000213,0.398428
static,4.570000,0.000000,-0.000000,0.000213,0.398428
static,4.580000,0.000000,-0.000000,0.000213,0.573474
static,4.590000,0.000000,-0.000000,0.000213,0.573474
static,4.600000,0.000000,-0.000000,0.000213,0.571584
static,4.610000,0.000000,-0.000000,0.000213,0.571584
static,4.620000,0.000000,-0.000000,0.000213,-0.011405
static,4.630000,0.000000,-0.000000,0.000213,-0.011405
static,4.640000,0.000000,-0.000000,0.000213,-0.315367
static,4.650000,0.000000,-0.000000,0.000213,-0.315367
static,4.660000,0.000000,-0.000000,0.000213,-0.091490
static,4.670000,0.000000,-0.000000,0.000213,-0.091490
static,4.680000,0.000000,-0.000000,0.000213,-0.170543
static,4.690000,0.000000,-0.000000,0.000213,-0.170543
static,4.700000,0.000000,-0.000000,0.000213,-0.297278
static,4.710000,0.000000,-0.000000,0.000213,-0.297278
static,4.720000,0.000000,-0.000000,0.000213,-0.858565
static,4.730000,0.000000,-0.000000,0.000213,-0.858565
static,4.740000,0.000000,-0.000000,0.000213,-0.512690
static,4.750000,0.000000,-0.000000,0.000213,-0.512690
static,4.760000,0.000000,-0.000000,0.000213,0.015072
static,4.770000,0.000000,-0.000000,0.000213,0.015072
static,4.780000,0.000000,-0.000000,0.000213,0.359049
static,4.790000,0.000000,-0.000000,0.000213,0.359049
static,4.800000,0.000000,-0.000000,0.000213,-0.146419
static,4.810000,0.000000,-0.000000,0.000213,-0.146419
static,4.820000,0.000000,-0.000000,0.000213,-0.128474
static,4.830000,0.000000,-0.000000,0.000213,-0.128474
static,4.840000,0.000000,-0.000000,0.000213,-0.710694
static,4.850000,0.000000,-0.000000,0.000213,-0.710694
static,4.860000,0.000000,-0.000000,0.000213,-0.258794
static,4.870000,0.000000,-0.000000,0.000213,-0.258794
static,4.880000,0.000000,-0.000000,0.000213,0.679653
static,4.890000,0.000000,-0.000000,0.000213,0.679653
static,4.900000,0.000000,-0.000000,0.000213,0.127926
static,4.910000,0.000000,-0.000000,0.000213,0.127926
static,4.920000,0.000000,-0.000000,0.000213,0.131758
static,4.930000,0.000000,-0.000000,0.000213,0.131758
static,4.940000,0.000000,-0.000000,0.000213,0.632806
static,4.950000,0.000000,-0.000000,0.000213,0.632806
static,4.960000,0.000000,-0.000000,0.000213,0.284584
static,4.970000,0.000000,-0.000000,0.000213,0.284584
static,4.980000,0.000000,-0.000000,0.000213,0.127028
static,4.990000,0.000000,-0.000000,0.000213,0.127028
static,5.000000,0.000000,-0.000000,0.000213,0.255671
static,5.010000,0.000000,-0.000000,0.000213,0.255671
static,5.020000,0.000000,-0.000000,0.000213,0.137125
static,5.030000,0.000000,-0.000000,0.000213,0.137125
static,5.040000,0.000000,-0.000000,0.000213,0.674912
static,5.050000,0.000000,-0.000000,0.000213,0.674912
static,5.060000,0.000000,-0.000000,0.000213,-0.743143
static,5.070000,0.000000,-0.000000,0.000213,-0.743143
static,5.080000,0.000000,-0.000000,0.000213,-0.026596
static,5.090000,0.000000,-0.000000,0.000213,-0.026596
static,5.100000,0.000000,-0.000000,0.000213,0.217249
static,5.110000,0.000000,-0.000000,0.000213,0.217249
static,5.120000,0.000000,-0.000000,0.000213,-0.925233
static,5.130000,0.000000,-0.000000,0.000213,-0.925233
static,5.140000,0.000000,-0.000000,0.000213,0.112330
static,5.150000,0.000000,-0.000000,0.000213,0.112330
static,5.160000,0.000000,-0.000000,0.000213,0.125997
static,5.170000,0.000000,-0.000000,0.000213,0.125997
static,5.180000,0.000000,-0.000000,0.000213,-0.355430
static,5.190000,0.000000,-0.000000,0.000213,-0.355430
static,5.200000,0.000000,-0.000000,0.000213,0.110293
static,5.210000,0.000000,-0.000000,0.000213,0.110293
static,5.220000,0.000000,-0.000000,0.000213,-0.347173
static,5.230000,0.000000,-0.000000,0.000213,-0.347173
static,5.240000,0.000000,-0.000000,0.000213,0.218444
static,5.250000,0.000000,-0.000000,0.000213,0.218444
static,5.260000,0.000000,-0.000000,0.000213,-0.431792
static,5.270000,0.000000,-0.000000,0.000213,-0.431792
static,5.280000,0.000000,-0.000000,0.000213,-0.414281
static,5.290000,0.000000,-0.000000,0.000213,-0.414281
static,5.300000,0.000000,-0.000000,0.000213,-0.542054
static,5.310000,0.000000,-0.000000,0.000213,-0.542054
static,5.320000,0.000000,-0.000000,0.000213,0.218681
static,5.330000,0.000000,-0.000000,0.000213,0.218681
static,5.340000,0.000000,-0.000000,0.000213,0.625867
static,5.350000,0.000000,-0.000000,0.000213,0.625867
static,5.360000,0.000000,-0.000000,0.000213,-0.045943
static,5.370000,0.000000,-0.000000,0.000213,-0.045943
static,5.380000,0.000000,-0.000000,0.000213,-0.295498
static,5.390000,0.000000,-0.000000,0.000213,-0.295498
static,5.400000,0.000000,-0.000000,0.000213,0.543355
static,5.410000,0.000000,-0.000000,0.000213,0.543355
static,5.420000,0.000000,-0.000000,0.000213,-0.507825
static,5.430000,0.000000,-0.000000,0.000213,-0.507825
static,5.440000,0.000000,-0.000000,0.000213,0.199195
static,5.450000,0.000000,-0.000000,0.000213,0.199195
static,5.460000,0.000000,-0.000000,0.000213,0.707324
static,5.470000,0.000000,-0.000000,0.000213,0.707324
static,5.480000,0.000000,-0.000000,0.000213,0.239129
static,5.490000,0.000000,-0.000000,0.000213,0.239129
static,5.500000,0.000000,-0.000000,0.000213,-0.201802
static,5.510000,0.000000,-0.000000,0.000213,-0.201802
static,5.520000,0.000000,-0.000000,0.000213,-0.076079
static,5.530000,0.000000,-0.000000,0.000213,-0.076079
static,5.540000,0.000000,-0.000000,0.000213,-0.328445
static,5.550000,0.000000,-0.000000,0.000213,-0.328445
static,5.560000,0.000000,-0.000000,0.000213,0.336704
static,5.570000,0.000000,-0.000000,0.000213,0.336704
static,5.580000,0.000000,-0.000000,0.000213,-0.328932
static,5.590000,0.000000,-0.000000,0.000213,-0.328932
static,5.600000,0.000000,-0.000000,0.000213,-0.230178
static,5.610000,0.000000,-0.000000,0.000213,-0.230178
static,5.620000,0.000000,-0.000000,0.000213,0.103445
static,5.630000,0.000000,-0.000000,0.000213,0.103445
static,5.640000,0.000000,-0.000000,0.000213,0.116017
static,5.650000,0.000000,-0.000000,0.000213,0.116017
static,5.660000,0.000000,-0.000000,0.000213,0.322403
static,5.670000,0.000000,-0.000000,0.000213,0.322403
static,5.680000,0.000000,-0.000000,0.000213,-0.332794
static,5.690000,0.000000,-0.000000,0.000213,-0.332794
static,5.700000,0.000000,-0.000000,0.000213,-0.630140
static,5.710000,0.000000,-0.000000,0.000213,-0.630140
static,5.720000,0.000000,-0.000000,0.000213,-0.168957
static,5.730000,0.000000,-0.000000,0.000213,-0.168957
static,5.740000,0.000000,-0.000000,0.000213,0.213804
static,5.750000,0.000000,-0.000000,0.000213,0.213804
static,5.760000,0.000000,-0.000000,0.000213,-0.512330
static,5.770000,0.000000,-0.000000,0.000213,-0.512330
static,5.780000,0.000000,-0.000000,0.000213,-0.002914
static,5.790000,0.000000,-0.000000,0.000213,-0.002914
static,5.800000,0.000000,-0.000000,0.000213,0.296630
static,5.810000,0.000000,-0.000000,0.000213,0.296630
static,5.820000,0.000000,-0.000000,0.000213,-0.407297
static,5.830000,0.000000,-0.000000,0.000213,-0.407297
static,5.840000,0.000000,-0.000000,0.000213,0.138745
static,5.850000,0.000000,-0.000000,0.000213,0.138745
static,5.860000,0.000000,-0.000000,0.000213,0.572319
static,5.870000,0.000000,-0.000000,0.000213,0.572319
static,5.880000,0.000000,-0.000000,0.000213,0.796225
static,5.890000,0.000000,-0.000000,0.000213,0.796225
static,5.900000,0.000000,-0.000000,0.000213,-0.069404
static,5.910000,0.000000,-0.000000,0.000213,-0.069404
static,5.920000,0.000000,-0.000000,0.000213,0.066642
static,5.930000,0.000000,-0.000000,0.000213,0.066642
static,5.940000,0.000000,-0.000000,0.000213,-0.533067
static,5.950000,0.000000,-0.000000,0.000213,-0.533067
static,5.960000,0.000000,-0.000000,0.000213,0.069909
static,5.970000,0.000000,-0.000000,0.000213,0.069909
static,5.980000,0.000000,-0.000000,0.000213,-0.053317
static,5.990000,0.000000,-0.000000,0.000213,-0.053317
static,6.000000,0.000000,-0.000000,0.000213,-0.148546
static,6.010000,0.000000,-0.000000,0.000213,-0.148546
static,6.020000,0.000000,-0.000000,0.000213,0.142686
static,6.030000,0.000000,-0.000000,0.000213,0.142686
static,6.040000,0.000000,-0.000000,0.000213,0.982310
static,6.050000,0.000000,-0.000000,0.000213,0.982310
static,6.060000,0.000000,-0.000000,0.000213,-0.086667
static,6.070000,0.000000,-0.000000,0.000213,-0.086667
static,6.080000,0.000000,-0.000000,0.000213,0.923109
static,6.090000,0.000000,-0.000000,0.000213,0.923109
static,6.100000,0.000000,-0.000000,0.000213,1.277449
static,6.110000,0.000000,-0.000000,0.000213,1.277449
static,6.120000,0.000000,-0.000000,0.000213,0.262417
static,6.130000,0.000000,-0.000000,0.000213,0.262417
static,6.140000,0.000000,-0.000000,0.000213,-0.351397
static,6.150000,0.000000,-0.000000,0.000213,-0.351397
static,6.160000,0.000000,-0.000000,0.000213,0.067936
static,6.170000,0.000000,-0.000000,0.000213,0.067936
static,6.180000,0.000000,-0.000000,0.000213,-0.175356
static,6.190000,0.000000,-0.000000,0.000213,-0.175356
static,6.200000,0.000000,-0.000000,0.000213,-0.531595
static,6.210000,0.000000,-0.000000,0.000213,-0.531595
static,6.220000,0.000000,-0.000000,0.000213,0.427931
static,6.230000,-0.000000,-0.000000,0.000443,0.427931
static,6.240000,-0.000000,-0.000000,0.000443,-0.155020
static,6.250000,-0.000000,-0.000000,0.000443,-0.155020
static,6.260000,-0.000000,-0.000000,0.000443,-0.552180
static,6.270000,-0.000000,-0.000000,0.000443,-0.552180
static,6.280000,-0.000000,-0.000000,0.000443,-0.407810
static,6.290000,-0.000000,-0.000000,0.000443,-0.407810
static,6.300000,-0.000000,-0.000000,0.000443,0.279568
static,6.310000,-0.000000,-0.000000,0.000443,0.279568
static,6.320000,-0.000000,-0.000000,0.000443,0.050816
static,6.330000,-0.000000,-0.000000,0.000443,0.050816
static,6.340000,-0.000000,-0.000000,0.000443,0.487396
static,6.350000,-0.000000,-0.000000,0.000443,0.487396
static,6.360000,-0.000000,-0.000000,0.000443,0.318308
static,6.370000,-0.000000,-0.000000,0.000443,0.318308
static,6.380000,-0.000000,-0.000000,0.000443,-0.234280
static,6.390000,-0.000000,-0.000000,0.000443,-0.234280
static,6.400000,-0.000000,-0.000000,0.000443,0.363731
static,6.410000,-0.000000,-0.000000,0.000443,0.363731
static,6.420000,-0.000000,-0.000000,0.000443,-0.454275
static,6.430000,-0.000000,-0.000000,0.000443,-0.454275
static,6.440000,-0.000000,-0.000000,0.000443,0.600871
static,6.450000,-0.000000,-0.000000,0.000443,0.600871
static,6.460000,-0.000000,-0.000000,0.000443,0.121526
static,6.470000,-0.000000,-0.000000,0.000443,0.121526
static,6.480000,-0.000000,-0.000000,0.000443,0.857161
static,6.490000,-0.000000,-0.000000,0.000443,0.857161
static,6.500000,-0.000000,-0.000000,0.000443,0.351571
static,6.510000,-0.000000,-0.000000,0.000443,0.351571
static,6.520000,-0.000000,-0.000000,0.000443,-0.027323
static,6.530000,-0.000000,-0.000000,0.000443,-0.027323
static,6.540000,-0.000000,-0.000000,0.000443,-0.071233
static,6.550000,-0.000000,-0.000000,0.000443,-0.071233
static,6.560000,-0.000000,-0.000000,0.000443,0.012099
static,6.570000,-0.000000,-0.000000,0.000443,0.012099
static,6.580000,-0.000000,-0.000000,0.000443,-0.071492
static,6.590000,-0.000000,-0.000000,0.000443,-0.071492
static,6.600000,-0.000000,-0.000000,0.000443,-0.393429
static,6.610000,-0.000000,-0.000000,0.000443,-0.393429
static,6.620000,-0.000000,-0.000000,0.000443,0.144788
static,6.630000,-0.000000,-0.000000,0.000443,0.144788
static,6.640000,-0.000000,-0.000000,0.000443,0.037026
static,6.650000,-0.000000,-0.000000,0.000443,0.037026
static,6.660000,-0.000000,-0.000000,0.000443,0.350989
static,6.670000,-0.000000,-0.000000,0.000443,0.350989
static,6.680000,-0.000000,-0.000000,0.000443,0.335109
static,6.690000,-0.000000,-0.000000,0.000443,0.335109
static,6.700000,-0.000000,-0.000000,0.000443,0.076500
static,6.710000,-0.000000,-0.000000,0.000443,0.076500
static,6.720000,-0.000000,-0.000000,0.000443,0.276750
static,6.730000,-0.000000,-0.000000,0.000443,0.276750
static,6.740000,-0.000000,-0.000000,0.000443,-0.136436
static,6.750000,-0.000000,-0.000000,0.000443,-0.136436
static,6.760000,-0.000000,-0.000000,0.000443,0.005585
static,6.770000,-0.000000,-0.000000,0.000443,0.005585
static,6.780000,-0.000000,-0.000000,0.000443,0.780602
static,6.790000,-0.000000,-0.000000,0.000443,0.780602
static,6.800000,-0.000000,-0.000000,0.000443,0.166234
static,6.810000,-0.000000,-0.000000,0.000443,0.166234
static,6.820000,-0.000000,-0.000000,0.000443,0.585141
static,6.830000,-0.000000,-0.000000,0.000443,0.585141
static,6.840000,-0.000000,-0.000000,0.000443,0.216527
static,6.850000,-0.000000,-0.000000,0.000443,0.216527
static,6.860000,-0.000000,-0.000000,0.000443,0.379999
static,6.870000,-0.000000,-0.000000,0.000443,0.379999
static,6.880000,-0.000000,-0.000000,0.000443,0.442449
static,6.890000,-0.000000,-0.000000,0.000443,0.442449
static,6.900000,-0.000000,-0.000000,0.000443,0.879899
static,6.910000,-0.000000,-0.000000,0.000443,0.879899
static,6.920000,-0.000000,-0.000000,0.000443,-0.346373
static,6.930000,-0.000000,-0.000000,0.000443,-0.346373
static,6.940000,-0.000000,-0.000000,0.000443,0.332199
static,6.950000,-0.000000,-0.000000,0.000443,0.332199
static,6.960000,-0.000000,-0.000000,0.000443,0.391047
static,6.970000,-0.000000,-0.000000,0.000443,0.391047
static,6.980000,-0.000000,-0.000000,0.000443,0.660915
static,6.990000,-0.000000,-0.000000,0.000443,0.660915
static,7.000000,-0.000000,-0.000000,0.000443,-0.048943
static,7.010000,-0.000000,-0.000000,0.000443,-0.048943
static,7.020000,-0.000000,-0.000000,0.000443,-0.550553
static,7.030000,-0.000000,-0.000000,0.000443,-0.550553
static,7.040000,-0.000000,-0.000000,0.000443,0.201625
static,7.050000,-0.000000,-0.000000,0.000443,0.201625
static,7.060000,-0.000000,-0.000000,0.000443,-0.313692
static,7.070000,-0.000000,-0.000000,0.000443,-0.313692
static,7.080000,-0.000000,-0.000000,0.000443,-1.074086
static,7.090000,-0.000000,-0.000000,0.000443,-1.074086
static,7.100000,-0.000000,-0.000000,0.000443,-0.498200
static,7.110000,-0.000000,-0.000000,0.000443,-0.498200
static,7.120000,-0.000000,-0.000000,0.000443,-0.500195
static,7.130000,-0.000000,-0.000000,0.000443,-0.500195
static,7.140000,-0.000000,-0.000000,0.000443,0.129696
static,7.150000,-0.000000,-0.000000,0.000443,0.129696
static,7.160000,-0.000000,-0.000000,0.000443,-0.590125
static,7.170000,-0.000000,-0.000000,0.000443,-0.590125
static,7.180000,-0.000000,-0.000000,0.000443,0.126078
static,7.190000,-0.000000,-0.000000,0.000443,0.126078
static,7.200000,-0.000000,-0.000000,0.000443,0.669769
static,7.210000,-0.000000,-0.000000,0.000443,0.669769
static,7.220000,-0.000000,-0.000000,0.000443,-0.380225
static,7.230000,-0.000000,-0.000000,0.000443,-0.380225
static,7.240000,-0.000000,-0.000000,0.000443,0.240312
static,7.250000,-0.000000,-0.000000,0.000443,0.240312
static,7.260000,-0.000000,-0.000000,0.000443,0.620832
static,7.270000,-0.000000,-0.000000,0.000443,0.620832
static,7.280000,-0.000000,-0.000000,0.000443,0.528710
static,7.290000,-0.000000,-0.000000,0.000443,0.528710
static,7.300000,-0.000000,-0.000000,0.000443,0.543888
static,7.310000,-0.000000,-0.000000,0.000443,0.543888
static,7.320000,-0.000000,-0.000000,0.000443,-0.338225
static,7.330000,-0.000000,-0.000000,0.000443,-0.338225
static,7.340000,-0.000000,-0.000000,0.000443,-0.197428
static,7.350000,-0.000000,-0.000000,0.000443,-0.197428
static,7.360000,-0.000000,-0.000000,0.000443,0.023847
static,7.370000,-0.000000,-0.000000,0.000443,0.023847
static,7.380000,-0.000000,-0.000000,0.000443,0.275211
static,7.390000,-0.000000,-0.000000,0.000443,0.275211
static,7.400000,-0.000000,-0.000000,0.000443,-0.386507
static,7.410000,-0.000000,-0.000000,0.000443,-0.386507
static,7.420000,-0.000000,-0.000000,0.000443,-0.776579
static,7.430000,-0.000000,-0.000000,0.000443,-0.776579
static,7.440000,-0.000000,-0.000000,0.000443,-0.355013
static,7.450000,-0.000000,-0.000000,0.000443,-0.355013
static,7.460000,-0.000000,-0.000000,0.000443,-0.301744
static,7.470000,-0.000000,-0.000000,0.000443,-0.301744
static,7.480000,-0.000000,-0.000000,0.000443,0.220041
static,7.490000,-0.000000,-0.000000,0.000443,0.220041
static,7.500000,-0.000000,-0.000000,0.000443,-0.008953
static,7.510000,-0.000000,-0.000000,0.000443,-0.008953
static,7.520000,-0.000000,-0.000000,0.000443,0.086131
static,7.530000,-0.000000,-0.000000,0.000443,0.086131
static,7.540000,-0.000000,-0.000000,0.000443,-0.328602
static,7.550000,-0.000000,-0.000000,0.000443,-0.328602
static,7.560000,-0.000000,-0.000000,0.000443,-0.244888
static,7.570000,-0.000000,-0.000000,0.000443,-0.244888
static,7.580000,-0.000000,-0.000000,0.000443,-0.028482
static,7.590000,-0.000000,-0.000000,0.000443,-0.028482
static,7.600000,-0.000000,-0.000000,0.000443,-0.051881
static,7.610000,-0.000000,-0.000000,0.000443,-0.051881
static,7.620000,-0.000000,-0.000000,0.000443,-0.050558
static,7.630000,-0.000000,-0.000000,0.000443,-0.050558
static,7.640000,-0.000000,-0.000000,0.000443,0.025878
static,7.650000,-0.000000,-0.000000,0.000443,0.025878
static,7.660000,-0.000000,-0.000000,0.000443,0.031516
static,7.670000,-0.000000,-0.000000,0.000443,0.031516
static,7.680000,-0.000000,-0.000000,0.000443,0.253920
static,7.690000,-0.000000,-0.000000,0.000443,0.253920
static,7.700000,-0.000000,-0.000000,0.000443,-0.532098
static,7.710000,-0.000000,-0.000000,0.000443,-0.532098
static,7.720000,-0.000000,-0.000000,0.000443,-1.005206
static,7.730000,-0.000000,-0.000000,0.000443,-1.005206
static,7.740000,-0.000000,-0.000000,0.000443,0.086008
static,7.750000,-0.000000,-0.000000,0.000443,0.086008
static,7.760000,-0.000000,-0.000000,0.000443,0.647994
static,7.770000,-0.000000,-0.000000,0.000443,0.647994
static,7.780000,-0.000000,-0.000000,0.000443,-0.087704
static,7.790000,-0.000000,-0.000000,0.000443,-0.087704
static,7.800000,-0.000000,-0.000000,0.000443,-0.295366
static,7.810000,-0.000000,-0.000000,0.000443,-0.295366
static,7.820000,-0.000000,-0.000000,0.000443,0.038823
static,7.830000,-0.000000,-0.000000,0.000443,0.038823
static,7.840000,-0.000000,-0.000000,0.000443,0.345074
static,7.850000,-0.000000,-0.000000,0.000443,0.345074
static,7.860000,-0.000000,-0.000000,0.000443,-0.370717
static,7.870000,-0.000000,-0.000000,0.000443,-0.370717
static,7.880000,-0.000000,-0.000000,0.000443,-0.108389
static,7.890000,-0.000000,-0.000000,0.000443,-0.108389
static,7.900000,-0.000000,-0.000000,0.000443,0.255325
static,7.910000,-0.000000,-0.000000,0.000443,0.255325
static,7.920000,-0.000000,-0.000000,0.000443,-0.615570
static,7.930000,-0.000000,-0.000000,0.000443,-0.615570
static,7.940000,-0.000000,-0.000000,0.000443,0.206871
static,7.950000,-0.000000,-0.000000,0.000443,0.206871
static,7.960000,-0.000000,-0.000000,0.000443,1.116966
static,7.970000,-0.000000,-0.000000,0.000443,1.116966
static,7.980000,-0.000000,-0.000000,0.000443,0.164345
static,7.990000,-0.000000,-0.000000,0.000443,0.164345
static,8.000000,-0.000000,-0.000000,0.000443,0.789535
static,8.010000,-0.000000,-0.000000,0.000443,0.789535
static,8.020000,-0.000000,-0.000000,0.000443,-0.368830
static,8.030000,-0.000000,-0.000000,0.000443,-0.368830
static,8.040000,-0.000000,-0.000000,0.000443,0.011695
static,8.050000,-0.000000,-0.000000,0.000443,0.011695
static,8.060000,-0.000000,-0.000000,0.000443,-0.705725
static,8.070000,-0.000000,-0.000000,0.000443,-0.705725
static,8.080000,-0.000000,-0.000000,0.000443,0.257301
static,8.090000,-0.000000,-0.000000,0.000443,0.257301
static,8.100000,-0.000000,-0.000000,0.000443,0.626080
static,8.110000,-0.000000,-0.000000,0.000443,0.626080
static,8.120000,-0.000000,-0.000000,0.000443,-0.541385
static,8.130000,-0.000000,-0.000000,0.000443,-0.541385
static,8.140000,-0.000000,-0.000000,0.000443,0.278888
static,8.150000,-0.000000,-0.000000,0.000443,0.278888
static,8.160000,-0.000000,-0.000000,0.000443,0.847507
static,8.170000,-0.000000,-0.000000,0.000443,0.847507
static,8.180000,-0.000000,-0.000000,0.000443,-0.056453
static,8.190000,-0.000000,-0.000000,0.000443,-0.056453
static,8.200000,-0.000000,-0.000000,0.000443,-0.920340
static,8.210000,-0.000000,-0.000000,0.000443,-0.920340
static,8.220000,-0.000000,-0.000000,0.000443,0.270642
static,8.230000,-0.000000,-0.000000,0.000443,0.270642
static,8.240000,-0.000000,-0.000000,0.000443,-0.159965
static,8.250000,-0.000000,-0.000000,0.000443,-0.159965
static,8.260000,-0.000000,-0.000000,0.000443,0.748533
static,8.270000,-0.000000,-0.000000,0.000443,0.748533
static,8.280000,-0.000000,-0.000000,0.000443,-1.151316
static,8.290000,-0.000000,-0.000000,0.000443,-1.151316
static,8.300000,-0.000000,-0.000000,0.000443,0.075168
static,8.310000,-0.000000,-0.000000,0.000443,0.075168
static,8.320000,-0.000000,-0.000000,0.000443,-0.239736
static,8.330000,-0.000000,-0.000000,0.000443,-0.239736
static,8.340000,-0.000000,-0.000000,0.000443,-0.027065
static,8.350000,-0.000000,-0.000000,0.000443,-0.027065
static,8.360000,-0.000000,-0.000000,0.000443,-0.327653
static,8.370000,-0.000000,-0.000000,0.000443,-0.327653
static,8.380000,-0.000000,-0.000000,0.000443,-0.307330
static,8.390000,-0.000000,-0.000000,0.000443,-0.307330
static,8.400000,-0.000000,-0.000000,0.000443,-0.429421
static,8.410000,-0.000000,-0.000000,0.000443,-0.429421
static,8.420000,-0.000000,-0.000000,0.000443,0.434969
static,8.430000,-0.000000,-0.000000,0.000443,0.434969
static,8.440000,-0.000000,-0.000000,0.000443,0.060252
static,8.450000,-0.000000,-0.000000,0.000443,0.060252
static,8.460000,-0.000000,-0.000000,0.000443,0.395513
static,8.470000,-0.000000,-0.000000,0.000443,0.395513
static,8.480000,-0.000000,-0.000000,0.000443,0.526881
static,8.490000,-0.000000,-0.000000,0.000443,0.526881
static,8.500000,-0.000000,-0.000000,0.000443,-0.949421
static,8.510000,-0.000000,-0.000000,0.000443,-0.949421
static,8.520000,-0.000000,-0.000000,0.000443,-0.101664
static,8.530000,-0.000000,-0.000000,0.000443,-0.101664
static,8.540000,-0.000000,-0.000000,0.000443,-0.464819
static,8.550000,-0.000000,-0.000000,0.000443,-0.464819
static,8.560000,-0.000000,-0.000000,0.000443,0.503492
static,8.570000,-0.000000,-0.000000,0.000443,0.503492
static,8.580000,-0.000000,-0.000000,0.000443,0.690655
static,8.590000,-0.000000,-0.000000,0.000443,0.690655
static,8.600000,-0.000000,-0.000000,0.000443,-0.428966
static,8.610000,-0.000000,-0.000000,0.000672,-0.428966
static,8.620000,-0.000000,-0.000000,0.000672,0.305242
static,8.630000,-0.000000,-0.000000,0.000672,0.305242
static,8.640000,-0.000000,-0.000000,0.000672,0.562731
static,8.650000,-0.000000,-0.000000,0.000672,0.562731
static,8.660000,-0.000000,-0.000000,0.000672,-0.373266
static,8.670000,-0.000000,-0.000000,0.000672,-0.373266
static,8.680000,-0.000000,-0.000000,0.000672,-0.278302
static,8.690000,-0.000000,-0.000000,0.000672,-0.278302
static,8.700000,-0.000000,-0.000000,0.000672,0.096770
static,8.710000,-0.000000,-0.000000,0.000672,0.096770
static,8.720000,-0.000000,-0.000000,0.000672,-0.051920
static,8.730000,-0.000000,-0.000000,0.000672,-0.051920
static,8.740000,-0.000000,-0.000000,0.000672,0.382511
static,8.750000,-0.000000,-0.000000,0.000672,0.382511
static,8.760000,-0.000000,-0.000000,0.000672,0.648841
static,8.770000,-0.000000,-0.000000,0.000672,0.648841
static,8.780000,-0.000000,-0.000000,0.000672,0.691737
static,8.790000,-0.000000,-0.000000,0.000672,0.691737
static,8.800000,-0.000000,-0.000000,0.000672,-0.364535
static,8.810000,-0.000000,-0.000000,0.000672,-0.364535
static,8.820000,-0.000000,-0.000000,0.000672,0.158832
static,8.830000,-0.000000,-0.000000,0.000672,0.158832
static,8.840000,-0.000000,-0.000000,0.000672,0.095296
static,8.850000,-0.000000,-0.000000,0.000672,0.095296
static,8.860000,-0.000000,-0.000000,0.000672,0.274583
static,8.870000,-0.000000,-0.000000,0.000672,0.274583
static,8.880000,-0.000000,-0.000000,0.000672,0.806112
static,8.890000,-0.000000,-0.000000,0.000672,0.806112
static,8.900000,-0.000000,-0.000000,0.000672,0.244253
static,8.910000,-0.000000,-0.000000,0.000672,0.244253
static,8.920000,-0.000000,-0.000000,0.000672,-0.249505
static,8.930000,-0.000000,-0.000000,0.000672,-0.249505
static,8.940000,-0.000000,-0.000000,0.000672,0.311777
static,8.950000,-0.000000,-0.000000,0.000672,0.311777
static,8.960000,-0.000000,-0.000000,0.000672,-0.286544
static,8.970000,-0.000000,-0.000000,0.000672,-0.286544
static,8.980000,-0.000000,-0.000000,0.000672,-0.342748
static,8.990000,-0.000000,-0.000000,0.000672,-0.342748
static,9.000000,-0.000000,-0.000000,0.000672,0.140549
static,9.010000,-0.000000,-0.000000,0.000672,0.140549
static,9.020000,-0.000000,-0.000000,0.000672,0.309197
static,9.030000,-0.000000,-0.000000,0.000672,0.309197
static,9.040000,-0.000000,-0.000000,0.000672,0.329325
static,9.050000,-0.000000,-0.000000,0.000672,0.329325
static,9.060000,-0.000000,-0.000000,0.000672,0.159304
static,9.070000,-0.000000,-0.000000,0.000672,0.159304
static,9.080000,-0.000000,-0.000000,0.000672,-0.876129
static,9.090000,-0.000000,-0.000000,0.000672,-0.876129
static,9.100000,-0.000000,-0.000000,0.000672,-0.077592
static,9.110000,-0.000000,-0.000000,0.000672,-0.077592
static,9.120000,-0.000000,-0.000000,0.000672,0.201447
static,9.130000,-0.000000,-0.000000,0.000672,0.201447
static,9.140000,-0.000000,-0.000000,0.000672,0.283758
static,9.150000,-0.000000,-0.000000,0.000672,0.283758
static,9.160000,-0.000000,-0.000000,0.000672,0.209487
static,9.170000,-0.000000,-0.000000,0.000672,0.209487
static,9.180000,-0.000000,-0.000000,0.000672,-0.246163
static,9.190000,-0.000000,-0.000000,0.000672,-0.246163
static,9.200000,-0.000000,-0.000000,0.000672,0.051752
static,9.210000,-0.000000,-0.000000,0.000672,0.051752
static,9.220000,-0.000000,-0.000000,0.000672,-0.390756
static,9.230000,-0.000000,-0.000000,0.000672,-0.390756
static,9.240000,-0.000000,-0.000000,0.000672,-0.341742
static,9.250000,-0.000000,-0.000000,0.000672,-0.341742
static,9.260000,-0.000000,-0.000000,0.000672,-0.467357
static,9.270000,-0.000000,-0.000000,0.000672,-0.467357
static,9.280000,-0.000000,-0.000000,0.000672,-0.325262
static,9.290000,-0.000000,-0.000000,0.000672,-0.325262
static,9.300000,-0.000000,-0.000000,0.000672,0.459834
static,9.310000,-0.000000,-0.000000,0.000672,0.459834
static,9.320000,-0.000000,-0.000000,0.000672,0.583468
static,9.330000,-0.000000,-0.000000,0.000672,0.583468
static,9.340000,-0.000000,-0.000000,0.000672,-0.433836
static,9.350000,-0.000000,-0.000000,0.000672,-0.433836
static,9.360000,-0.000000,-0.000000,0.000672,0.483796
static,9.370000,-0.000000,-0.000000,0.000672,0.483796
static,9.380000,-0.000000,-0.000000,0.000672,-0.615749
static,9.390000,-0.000000,-0.000000,0.000672,-0.615749
static,9.400000,-0.000000,-0.000000,0.000672,0.234166
static,9.410000,-0.000000,-0.000000,0.000672,0.234166
static,9.420000,-0.000000,-0.000000,0.000672,0.317482
static,9.430000,-0.000000,-0.000000,0.000672,0.317482
static,9.440000,-0.000000,-0.000000,0.000672,0.325632
static,9.450000,-0.000000,-0.000000,0.000672,0.325632
static,9.460000,-0.000000,-0.000000,0.000672,-0.471555
static,9.470000,-0.000000,-0.000000,0.000672,-0.471555
static,9.480000,-0.000000,-0.000000,0.000672,-0.184867
static,9.490000,-0.000000,-0.000000,0.000672,-0.184867
static,9.500000,-0.000000,-0.000000,0.000672,-0.469125
static,9.510000,-0.000000,-0.000000,0.000672,-0.469125
static,9.520000,-0.000000,-0.000000,0.000672,-0.633218
static,9.530000,-0.000000,-0.000000,0.000672,-0.633218
static,9.540000,-0.000000,-0.000000,0.000672,0.662768
static,9.550000,-0.000000,-0.000000,0.000672,0.662768
static,9.560000,-0.000000,-0.000000,0.000672,-0.370442
static,9.570000,-0.000000,-0.000000,0.000672,-0.370442
static,9.580000,-0.000000,-0.000000,0.000672,0.019811
static,9.590000,-0.000000,-0.000000,0.000672,0.019811
static,9.600000,-0.000000,-0.000000,0.000672,0.626881
static,9.610000,-0.000000,-0.000000,0.000672,0.626881
static,9.620000,-0.000000,-0.000000,0.000672,-0.375214
static,9.630000,-0.000000,-0.000000,0.000672,-0.375214
static,9.640000,-0.000000,-0.000000,0.000672,0.040833
static,9.650000,-0.000000,-0.000000,0.000672,0.040833
static,9.660000,-0.000000,-0.000000,0.000672,0.690805
static,9.670000,-0.000000,-0.000000,0.000672,0.690805
static,9.680000,-0.000000,-0.000000,0.000672,0.040692
static,9.690000,-0.000000,-0.000000,0.000672,0.040692
static,9.700000,-0.000000,-0.000000,0.000672,0.372045
static,9.710000,-0.000000,-0.000000,0.000672,0.372045
static,9.720000,-0.000000,-0.000000,0.000672,-0.453015
static,9.730000,-0.000000,-0.000000,0.000672,-0.453015
static,9.740000,-0.000000,-0.000000,0.000672,-1.165783
static,9.750000,-0.000000,-0.000000,0.000672,-1.165783
static,9.760000,-0.000000,-0.000000,0.000672,-0.148489
static,9.770000,-0.000000,-0.000000,0.000672,-0.148489
static,9.780000,-0.000000,-0.000000,0.000672,-0.423622
static,9.790000,-0.000000,-0.000000,0.000672,-0.423622
static,9.800000,-0.000000,-0.000000,0.000672,0.060483
static,9.810000,-0.000000,-0.000000,0.000672,0.060483
static,9.820000,-0.000000,-0.000000,0.000672,0.027022
static,9.830000,-0.000000,-0.000000,0.000672,0.027022
static,9.840000,-0.000000,-0.000000,0.000672,0.068951
static,9.850000,-0.000000,-0.000000,0.000672,0.068951
static,9.860000,-0.000000,-0.000000,0.000672,0.192157
static,9.870000,-0.000000,-0.000000,0.000672,0.192157
static,9.880000,-0.000000,-0.000000,0.000672,0.161520
static,9.890000,-0.000000,-0.000000,0.000672,0.161520
static,9.900000,-0.000000,-0.000000,0.000672,-0.221568
static,9.910000,-0.000000,-0.000000,0.000672,-0.221568
static,9.920000,-0.000000,-0.000000,0.000672,0.038845
static,9.930000,-0.000000,-0.000000,0.000672,0.038845
static,9.940000,-0.000000,-0.000000,0.000672,-0.278446
static,9.950000,-0.000000,-0.000000,0.000672,-0.278446
static,9.960000,-0.000000,-0.000000,0.000672,-0.403939
static,9.970000,-0.000000,-0.000000,0.000672,-0.403939
static,9.980000,-0.000000,-0.000000,0.000672,0.389001
static,9.990000,-0.000000,-0.000000,0.000672,0.389001
static,10.000000,-0.000000,-0.000000,0.000672,0.574162
static,10.010000,-0.000000,-0.000000,0.000672,0.574162
static,10.020000,-0.000000,-0.000000,0.000672,-0.339911
static,10.030000,-0.000000,-0.000000,0.000672,-0.339911
static,10.040000,-0.000000,-0.000000,0.000672,0.427953
static,10.050000,-0.000000,-0.000000,0.000672,0.427953
static,10.060000,-0.000000,-0.000000,0.000672,0.392522
static,10.070000,-0.000000,-0.000000,0.000672,0.392522
static,10.080000,-0.000000,-0.000000,0.000672,-0.581002
static,10.090000,-0.000000,-0.000000,0.000672,-0.581002
static,10.100000,-0.000000,-0.000000,0.000672,0.184088
static,10.110000,-0.000000,-0.000000,0.000672,0.184088
static,10.120000,-0.000000,-0.000000,0.000672,-0.223067
static,10.130000,-0.000000,-0.000000,0.000672,-0.223067
static,10.140000,-0.000000,-0.000000,0.000672,-0.615199
static,10.150000,-0.000000,-0.000000,0.000672,-0.615199
static,10.160000,-0.000000,-0.000000,0.000672,0.104376
static,10.170000,-0.000000,-0.000000,0.000672,0.104376
static,10.180000,-0.000000,-0.000000,0.000672,-0.974877
static,10.190000,-0.000000,-0.000000,0.000672,-0.974877
static,10.200000,-0.000000,-0.000000,0.000672,0.842042
static,10.210000,-0.000000,-0.000000,0.000672,0.842042
static,10.220000,-0.000000,-0.000000,0.000672,-0.347667
static,10.230000,-0.000000,-0.000000,0.000672,-0.347667
static,10.240000,-0.000000,-0.000000,0.000672,0.899149
static,10.250000,-0.000000,-0.000000,0.000672,0.899149
static,10.260000,-0.000000,-0.000000,0.000672,0.012349
static,10.270000,-0.000000,-0.000000,0.000672,0.012349
static,10.280000,-0.000000,-0.000000,0.000672,0.396470
static,10.290000,-0.000000,-0.000000,0.000672,0.396470
static,10.300000,-0.000000,-0.000000,0.000672,-0.391353
static,10.310000,-0.000000,-0.000000,0.000672,-0.391353
static,10.320000,-0.000000,-0.000000,0.000672,0.050343
static,10.330000,-0.000000,-0.000000,0.000672,0.050343
static,10.340000,-0.000000,-0.000000,0.000672,-0.045942
static,10.350000,-0.000000,-0.000000,0.000672,-0.045942
static,10.360000,-0.000000,-0.000000,0.000672,-0.018433
static,10.370000,-0.000000,-0.000000,0.000672,-0.018433
static,10.380000,-0.000000,-0.000000,0.000672,0.557327
static,10.390000,-0.000000,-0.000000,0.000672,0.557327
static,10.400000,-0.000000,-0.000000,0.000672,-0.370588
static,10.410000,-0.000000,-0.000000,0.000672,-0.370588
static,10.420000,-0.000000,-0.000000,0.000672,-0.168828
static,10.430000,-0.000000,-0.000000,0.000672,-0.168828
static,10.440000,-0.000000,-0.000000,0.000672,-0.181518
static,10.450000,-0.000000,-0.000000,0.000672,-0.181518
static,10.460000,-0.000000,-0.000000,0.000672,-0.457207
static,10.470000,-0.000000,-0.000000,0.000672,-0.457207
static,10.480000,-0.000000,-0.000000,0.000672,-0.210028
static,10.490000,-0.000000,-0.000000,0.000672,-0.210028
static,10.500000,-0.000000,-0.000000,0.000672,0.415528
static,10.510000,-0.000000,-0.000000,0.000672,0.415528
static,10.520000,-0.000000,-0.000000,0.000672,-0.710244
static,10.530000,-0.000000,-0.000000,0.000672,-0.710244
static,10.540000,-0.000000,-0.000000,0.000672,-1.113119
static,10.550000,-0.000000,-0.000000,0.000672,-1.113119
static,10.560000,-0.000000,-0.000000,0.000672,0.334197
static,10.570000,-0.000000,-0.000000,0.000672,0.334197
static,10.580000,-0.000000,-0.000000,0.000672,-0.035353
static,10.590000,-0.000000,-0.000000,0.000672,-0.035353
static,10.600000,-0.000000,-0.000000,0.000672,-0.625676
static,10.610000,-0.000000,-0.000000,0.000672,-0.625676
static,10.620000,-0.000000,-0.000000,0.000672,0.178616
static,10.630000,-0.000000,-0.000000,0.000672,0.178616
static,10.640000,-0.000000,-0.000000,0.000672,-0.174412
static,10.650000,-0.000000,-0.000000,0.000672,-0.174412
static,10.660000,-0.000000,-0.000000,0.000672,0.611879
static,10.670000,-0.000000,-0.000000,0.000672,0.611879
static,10.680000,-0.000000,-0.000000,0.000672,0.430283
static,10.690000,-0.000000,-0.000000,0.000672,0.430283
static,10.700000,-0.000000,-0.000000,0.000672,0.313472
static,10.710000,-0.000000,-0.000000,0.000672,0.313472
static,10.720000,-0.000000,-0.000000,0.000672,0.397210
static,10.730000,-0.000000,-0.000000,0.000672,0.397210
static,10.740000,-0.000000,-0.000000,0.000672,0.071936
static,10.750000,-0.000000,-0.000000,0.000672,0.071936
static,10.760000,-0.000000,-0.000000,0.000672,-0.776369
static,10.770000,-0.000000,-0.000000,0.000672,-0.776369
static,10.780000,-0.000000,-0.000000,0.000672,0.478037
static,10.790000,-0.000000,-0.000000,0.000672,0.478037
static,10.800000,-0.000000,-0.000000,0.000672,0.070544
static,10.810000,-0.000000,-0.000000,0.000672,0.070544
static,10.820000,-0.000000,-0.000000,0.000672,0.124326
static,10.830000,-0.000000,-0.000000,0.000672,0.124326
static,10.840000,-0.000000,-0.000000,0.000672,0.086279
static,10.850000,-0.000000,-0.000000,0.000672,0.086279
static,10.860000,-0.000000,-0.000000,0.000672,-1.196486
static,10.870000,-0.000000,-0.000000,0.000672,-1.196486
static,10.880000,-0.000000,-0.000000,0.000672,-1.147485
static,10.890000,-0.000000,-0.000000,0.000672,-1.147485
static,10.900000,-0.000000,-0.000000,0.000672,-0.123528
static,10.910000,-0.000000,-0.000000,0.000672,-0.123528
static,10.920000,-0.000000,-0.000000,0.000672,-0.255029
static,10.930000,-0.000000,-0.000000,0.000672,-0.255029
static,10.940000,-0.000000,-0.000000,0.000672,-0.117186
static,10.950000,-0.000000,-0.000000,0.000672,-0.117186
static,10.960000,-0.000000,-0.000000,0.000672,0.388806
static,10.970000,-0.000000,-0.000000,0.000672,0.388806
static,10.980000,-0.000000,-0.000000,0.000672,-0.394483
static,10.990000,-0.000000,-0.000000,0.000672,-0.394483
static,11.000000,-0.000000,-0.000000,0.000901,0.205474
static,11.010000,-0.000000,-0.000000,0.000901,0.205474
static,11.020000,-0.000000,-0.000000,0.000901,0.004547
static,11.030000,-0.000000,-0.000000,0.000901,0.004547
static,11.040000,-0.000000,-0.000000,0.000901,-0.168623
static,11.050000,-0.000000,-0.000000,0.000901,-0.168623
static,11.060000,-0.000000,-0.000000,0.000901,-0.027182
static,11.070000,-0.000000,-0.000000,0.000901,-0.027182
static,11.080000,-0.000000,-0.000000,0.000901,0.382511
static,11.090000,-0.000000,-0.000000,0.000901,0.382511
static,11.100000,-0.000000,-0.000000,0.000901,0.182600
static,11.110000,-0.000000,-0.000000,0.000901,0.182600
static,11.120000,-0.000000,-0.000000,0.000901,0.501441
static,11.130000,-0.000000,-0.000000,0.000901,0.501441
static,11.140000,-0.000000,-0.000000,0.000901,0.215362
static,11.150000,-0.000000,-0.000000,0.000901,0.215362
static,11.160000,-0.000000,-0.000000,0.000901,0.237983
static,11.170000,-0.000000,-0.000000,0.000901,0.237983
static,11.180000,-0.000000,-0.000000,0.000901,-0.148335
static,11.190000,-0.000000,-0.000000,0.000901,-0.148335
static,11.200000,-0.000000,-0.000000,0.000901,0.439892
static,11.210000,-0.000000,-0.000000,0.000901,0.439892
static,11.220000,-0.000000,-0.000000,0.000901,-0.467175
static,11.230000,-0.000000,-0.000000,0.000901,-0.467175
static,11.240000,-0.000000,-0.000000,0.000901,0.024406
static,11.250000,-0.000000,-0.000000,0.000901,0.024406
static,11.260000,-0.000000,-0.000000,0.000901,-0.273148
static,11.270000,-0.000000,-0.000000,0.000901,-0.273148
static,11.280000,-0.000000,-0.000000,0.000901,-0.492144
static,11.290000,-0.000000,-0.000000,0.000901,-0.492144
static,11.300000,-0.000000,-0.000000,0.000901,-0.354917
static,11.310000,-0.000000,-0.000000,0.000901,-0.354917
static,11.320000,-0.000000,-0.000000,0.000901,-0.141231
static,11.330000,-0.000000,-0.000000,0.000901,-0.141231
static,11.340000,-0.000000,-0.000000,0.000901,0.265600
static,11.350000,-0.000000,-0.000000,0.000901,0.265600
static,11.360000,-0.000000,-0.000000,0.000901,0.871639
static,11.370000,-0.000000,-0.000000,0.000901,0.871639
static,11.380000,-0.000000,-0.000000,0.000901,-0.364802
static,11.390000,-0.000000,-0.000000,0.000901,-0.364802
static,11.400000,-0.000000,-0.000000,0.000901,0.681029
static,11.410000,-0.000000,-0.000000,0.000901,0.681029
static,11.420000,-0.000000,-0.000000,0.000901,0.441083
static,11.430000,-0.000000,-0.000000,0.000901,0.441083
static,11.440000,-0.000000,-0.000000,0.000901,-0.084483
static,11.450000,-0.000000,-0.000000,0.000901,-0.084483
static,11.460000,-0.000000,-0.000000,0.000901,-0.322746
static,11.470000,-0.000000,-0.000000,0.000901,-0.322746
static,11.480000,-0.000000,-0.000000,0.000901,0.101066
static,11.490000,-0.000000,-0.000000,0.000901,0.101066
static,11.500000,-0.000000,-0.000000,0.000901,-0.087646
static,11.510000,-0.000000,-0.000000,0.000901,-0.087646
static,11.520000,-0.000000,-0.000000,0.000901,0.598193
static,11.530000,-0.000000,-0.000000,0.000901,0.598193
static,11.540000,-0.000000,-0.000000,0.000901,0.678105
static,11.550000,-0.000000,-0.000000,0.000901,0.678105
static,11.560000,-0.000000,-0.000000,0.000901,0.376386
static,11.570000,-0.000000,-0.000000,0.000901,0.376386
static,11.580000,-0.000000,-0.000000,0.000901,0.096009
static,11.590000,-0.000000,-0.000000,0.000901,0.096009
static,11.600000,-0.000000,-0.000000,0.000901,-0.612713
static,11.610000,-0.000000,-0.000000,0.000901,-0.612713
static,11.620000,-0.000000,-0.000000,0.000901,0.561001
static,11.630000,-0.000000,-0.000000,0.000901,0.561001
static,11.640000,-0.000000,-0.000000,0.000901,0.042577
static,11.650000,-0.000000,-0.000000,0.000901,0.042577
static,11.660000,-0.000000,-0.000000,0.000901,0.750301
static,11.670000,-0.000000,-0.000000,0.000901,0.750301
static,11.680000,-0.000000,-0.000000,0.000901,0.236875
static,11.690000,-0.000000,-0.000000,0.000901,0.236875
static,11.700000,-0.000000,-0.000000,0.000901,0.322591
static,11.710000,-0.000000,-0.000000,0.000901,0.322591
static,11.720000,-0.000000,-0.000000,0.000901,0.503872
static,11.730000,-0.000000,-0.000000,0.000901,0.503872
static,11.740000,-0.000000,-0.000000,0.000901,0.381780
static,11.750000,-0.000000,-0.000000,0.000901,0.381780
static,11.760000,-0.000000,-0.000000,0.000901,-0.230229
static,11.770000,-0.000000,-0.000000,0.000901,-0.230229
static,11.780000,-0.000000,-0.000000,0.000901,-0.088996
static,11.790000,-0.000000,-0.000000,0.000901,-0.088996
static,11.800000,-0.000000,-0.000000,0.000901,0.098673
static,11.810000,-0.000000,-0.000000,0.000901,0.098673
static,11.820000,-0.000000,-0.000000,0.000901,-1.164794
static,11.830000,-0.000000,-0.000000,0.000901,-1.164794
static,11.840000,-0.000000,-0.000000,0.000901,0.599256
static,11.850000,-0.000000,-0.000000,0.000901,0.599256
static,11.860000,-0.000000,-0.000000,0.000901,0.010390
static,11.870000,-0.000000,-0.000000,0.000901,0.010390
static,11.880000,-0.000000,-0.000000,0.000901,-0.285233
static,11.890000,-0.000000,-0.000000,0.000901,-0.285233
static,11.900000,-0.000000,-0.000000,0.000901,0.458200
static,11.910000,-0.000000,-0.000000,0.000901,0.458200
static,11.920000,-0.000000,-0.000000,0.000901,0.390240
static,11.930000,-0.000000,-0.000000,0.000901,0.390240
static,11.940000,-0.000000,-0.000000,0.000901,-0.090642
static,11.950000,-0.000000,-0.000000,0.000901,-0.090642
static,11.960000,-0.000000,-0.000000,0.000901,0.017068
static,11.970000,-0.000000,-0.000000,0.000901,0.017068
static,11.980000,-0.000000,-0.000000,0.000901,0.575634
static,11.990000,-0.000000,-0.000000,0.000901,0.575634
static,12.000000,-0.000000,-0.000000,0.000901,0.090767
static,12.010000,-0.000000,-0.000000,0.000901,0.090767
static,12.020000,-0.000000,-0.000000,0.000901,-0.281385
static,12.030000,-0.000000,-0.000000,0.000901,-0.281385
static,12.040000,-0.000000,-0.000000,0.000901,-0.239093
static,12.050000,-0.000000,-0.000000,0.000901,-0.239093
static,12.060000,-0.000000,-0.000000,0.000901,0.460489
static,12.070000,-0.000000,-0.000000,0.000901,0.460489
static,12.080000,-0.000000,-0.000000,0.000901,0.380307
static,12.090000,-0.000000,-0.000000,0.000901,0.380307
static,12.100000,-0.000000,-0.000000,0.000901,0.612843
static,12.110000,-0.000000,-0.000000,0.000901,0.612843
static,12.120000,-0.000000,-0.000000,0.000901,-0.264553
static,12.130000,-0.000000,-0.000000,0.000901,-0.264553
static,12.140000,-0.000000,-0.000000,0.000901,0.886275
static,12.150000,-0.000000,-0.000000,0.000901,0.886275
static,12.160000,-0.000000,-0.000000,0.000901,-0.042106
static,12.170000,-0.000000,-0.000000,0.000901,-0.042106
static,12.180000,-0.000000,-0.000000,0.000901,-0.401967
static,12.190000,-0.000000,-0.000000,0.000901,-0.401967
static,12.200000,-0.000000,-0.000000,0.000901,-0.296812
static,12.210000,-0.000000,-0.000000,0.000901,-0.296812
static,12.220000,-0.000000,-0.000000,0.000901,0.995846
static,12.230000,-0.000000,-0.000000,0.000901,0.995846
static,12.240000,-0.000000,-0.000000,0.000901,0.307115
static,12.250000,-0.000000,-0.000000,0.000901,0.307115
static,12.260000,-0.000000,-0.000000,0.000901,0.657148
static,12.270000,-0.000000,-0.000000,0.000901,0.657148
static,12.280000,-0.000000,-0.000000,0.000901,0.995306
static,12.290000,-0.000000,-0.000000,0.000901,0.995306
static,12.300000,-0.000000,-0.000000,0.000901,-0.702867
static,12.310000,-0.000000,-0.000000,0.000901,-0.702867
static,12.320000,-0.000000,-0.000000,0.000901,-1.110520
static,12.330000,-0.000000,-0.000000,0.000901,-1.110520
static,12.340000,-0.000000,-0.000000,0.000901,-0.319960
static,12.350000,-0.000000,-0.000000,0.000901,-0.319960
static,12.360000,-0.000000,-0.000000,0.000901,-0.567836
static,12.370000,-0.000000,-0.000000,0.000901,-0.567836
static,12.380000,-0.000000,-0.000000,0.000901,-0.828002
static,12.390000,-0.000000,-0.000000,0.000901,-0.828002
static,12.400000,-0.000000,-0.000000,0.000901,0.169999
static,12.410000,-0.000000,-0.000000,0.000901,0.169999
static,12.420000,-0.000000,-0.000000,0.000901,0.339101
static,12.430000,-0.000000,-0.000000,0.000901,0.339101
static,12.440000,-0.000000,-0.000000,0.000901,-0.104241
static,12.450000,-0.000000,-0.000000,0.000901,-0.104241
static,12.460000,-0.000000,-0.000000,0.000901,-0.470739
static,12.470000,-0.000000,-0.000000,0.000901,-0.470739
static,12.480000,-0.000000,-0.000000,0.000901,-0.043127
static,12.490000,-0.000000,-0.000000,0.000901,-0.043127
static,12.500000,-0.000000,-0.000000,0.000901,-0.786844
static,12.510000,-0.000000,-0.000000,0.000901,-0.786844
static,12.520000,-0.000000,-0.000000,0.000901,-0.520577
static,12.530000,-0.000000,-0.000000,0.000901,-0.520577
static,12.540000,-0.000000,-0.000000,0.000901,0.057523
static,12.550000,-0.000000,-0.000000,0.000901,0.057523
static,12.560000,-0.000000,-0.000000,0.000901,-0.207180
static,12.570000,-0.000000,-0.000000,0.000901,-0.207180
static,12.580000,-0.000000,-0.000000,0.000901,0.304555
static,12.590000,-0.000000,-0.000000,0.000901,0.304555
static,12.600000,-0.000000,-0.000000,0.000901,-0.011371
static,12.610000,-0.000000,-0.000000,0.000901,-0.011371
static,12.620000,-0.000000,-0.000000,0.000901,-0.549713
static,12.630000,-0.000000,-0.000000,0.000901,-0.549713
static,12.640000,-0.000000,-0.000000,0.000901,-0.357177
static,12.650000,-0.000000,-0.000000,0.000901,-0.357177
static,12.660000,-0.000000,-0.000000,0.000901,0.100023
static,12.670000,-0.000000,-0.000000,0.000901,0.100023
static,12.680000,-0.000000,-0.000000,0.000901,0.405324
static,12.690000,-0.000000,-0.000000,0.000901,0.405324
static,12.700000,-0.000000,-0.000000,0.000901,-0.444578
static,12.710000,-0.000000,-0.000000,0.000901,-0.444578
static,12.720000,-0.000000,-0.000000,0.000901,0.303034
static,12.730000,-0.000000,-0.000000,0.000901,0.303034
static,12.740000,-0.000000,-0.000000,0.000901,0.033601
static,12.750000,-0.000000,-0.000000,0.000901,0.033601
static,12.760000,-0.000000,-0.000000,0.000901,0.395408
static,12.770000,-0.000000,-0.000000,0.000901,0.395408
static,12.780000,-0.000000,-0.000000,0.000901,-0.173383
static,12.790000,-0.000000,-0.000000,0.000901,-0.173383
static,12.800000,-0.000000,-0.000000,0.000901,0.148773
static,12.810000,-0.000000,-0.000000,0.000901,0.148773
static,12.820000,-0.000000,-0.000000,0.000901,-0.331156
static,12.830000,-0.000000,-0.000000,0.000901,-0.331156
static,12.840000,-0.000000,-0.000000,0.000901,-0.363127
static,12.850000,-0.000000,-0.000000,0.000901,-0.363127
static,12.860000,-0.000000,-0.000000,0.000901,0.310760
static,12.870000,-0.000000,-0.000000,0.000901,0.310760
static,12.880000,-0.000000,-0.000000,0.000901,0.380966
static,12.890000,-0.000000,-0.000000,0.000901,0.380966
static,12.900000,-0.000000,-0.000000,0.000901,-0.102615
static,12.910000,-0.000000,-0.000000,0.000901,-0.102615
static,12.920000,-0.000000,-0.000000,0.000901,-0.193248
static,12.930000,-0.000000,-0.000000,0.000901,-0.193248
static,12.940000,-0.000000,-0.000000,0.000901,-0.334537
static,12.950000,-0.000000,-0.000000,0.000901,-0.334537
static,12.960000,-0.000000,-0.000000,0.000901,-0.146374
static,12.970000,-0.000000,-0.000000,0.000901,-0.146374
static,12.980000,-0.000000,-0.000000,0.000901,-0.299986
static,12.990000,-0.000000,-0.000000,0.000901,-0.299986
static,13.000000,-0.000000,-0.000000,0.000901,0.541327
static,13.010000,-0.000000,-0.000000,0.000901,0.541327
static,13.020000,-0.000000,-0.000000,0.000901,-0.235194
static,13.030000,-0.000000,-0.000000,0.000901,-0.235194
static,13.040000,-0.000000,-0.000000,0.000901,0.368325
static,13.050000,-0.000000,-0.000000,0.000901,0.368325
static,13.060000,-0.000000,-0.000000,0.000901,0.451691
static,13.070000,-0.000000,-0.000000,0.000901,0.451691
static,13.080000,-0.000000,-0.000000,0.000901,-0.213421
static,13.090000,-0.000000,-0.000000,0.000901,-0.213421
static,13.100000,-0.000000,-0.000000,0.000901,0.784170
static,13.110000,-0.000000,-0.000000,0.000901,0.784170
static,13.120000,-0.000000,-0.000000,0.000901,0.577638
static,13.130000,-0.000000,-0.000000,0.000901,0.577638
static,13.140000,-0.000000,-0.000000,0.000901,-0.011393
static,13.150000,-0.000000,-0.000000,0.000901,-0.011393
static,13.160000,-0.000000,-0.000000,0.000901,-0.263628
static,13.170000,-0.000000,-0.000000,0.000901,-0.263628
static,13.180000,-0.000000,-0.000000,0.000901,0.458351
static,13.190000,-0.000000,-0.000000,0.000901,0.458351
static,13.200000,-0.000000,-0.000000,0.000901,0.192152
static,13.210000,-0.000000,-0.000000,0.000901,0.192152
static,13.220000,-0.000000,-0.000000,0.000901,-0.770194
static,13.230000,-0.000000,-0.000000,0.000901,-0.770194
static,13.240000,-0.000000,-0.000000,0.000901,0.277992
static,13.250000,-0.000000,-0.000000,0.000901,0.277992
static,13.260000,-0.000000,-0.000000,0.000901,-0.441851
static,13.270000,-0.000000,-0.000000,0.000901,-0.441851
static,13.280000,-0.000000,-0.000000,0.000901,-0.630257
static,13.290000,-0.000000,-0.000000,0.000901,-0.630257
static,13.300000,-0.000000,-0.000000,0.000901,0.271390
static,13.310000,-0.000000,-0.000000,0.000901,0.271390
static,13.320000,-0.000000,-0.000000,0.000901,-0.311865
static,13.330000,-0.000000,-0.000000,0.000901,-0.311865
static,13.340000,-0.000000,-0.000000,0.000901,-0.137645
static,13.350000,-0.000000,-0.000000,0.000901,-0.137645
static,13.360000,-0.000000,-0.000000,0.000901,0.101592
static,13.370000,-0.000000,-0.000000,0.000901,0.101592
static,13.380000,-0.000000,-0.000000,0.000901,-0.562167
static,13.390000,-0.000000,-0.000001,0.001130,-0.562167
static,13.400000,-0.000000,-0.000001,0.001130,0.082728
static,13.410000,-0.000000,-0.000001,0.001130,0.082728
static,13.420000,-0.000000,-0.000001,0.001130,-0.042426
static,13.430000,-0.000000,-0.000001,0.001130,-0.042426
static,13.440000,-0.000000,-0.000001,0.001130,0.238422
static,13.450000,-0.000000,-0.000001,0.001130,0.238422
static,13.460000,-0.000000,-0.000001,0.001130,0.476588
static,13.470000,-0.000000,-0.000001,0.001130,0.476588
static,13.480000,-0.000000,-0.000001,0.001130,-0.547738
static,13.490000,-0.000000,-0.000001,0.001130,-0.547738
static,13.500000,-0.000000,-0.000001,0.001130,0.072395
static,13.510000,-0.000000,-0.000001,0.001130,0.072395
static,13.520000,-0.000000,-0.000001,0.001130,0.537827
static,13.530000,-0.000000,-0.000001,0.001130,0.537827
static,13.540000,-0.000000,-0.000001,0.001130,0.062402
static,13.550000,-0.000000,-0.000001,0.001130,0.062402
static,13.560000,-0.000000,-0.000001,0.001130,-0.413798
static,13.570000,-0.000000,-0.000001,0.001130,-0.413798
static,13.580000,-0.000000,-0.000001,0.001130,0.389166
static,13.590000,-0.000000,-0.000001,0.001130,0.389166
static,13.600000,-0.000000,-0.000001,0.001130,1.194315
static,13.610000,-0.000000,-0.000001,0.001130,1.194315
static,13.620000,-0.000000,-0.000001,0.001130,0.368085
static,13.630000,-0.000000,-0.000001,0.001130,0.368085
static,13.640000,-0.000000,-0.000001,0.001130,-0.381572
static,13.650000,-0.000000,-0.000001,0.001130,-0.381572
static,13.660000,-0.000000,-0.000001,0.001130,0.403969
static,13.670000,-0.000000,-0.000001,0.001130,0.403969
static,13.680000,-0.000000,-0.000001,0.001130,0.252712
static,13.690000,-0.000000,-0.000001,0.001130,0.252712
static,13.700000,-0.000000,-0.000001,0.001130,-0.034046
static,13.710000,-0.000000,-0.000001,0.001130,-0.034046
static,13.720000,-0.000000,-0.000001,0.001130,0.029820
static,13.730000,-0.000000,-0.000001,0.001130,0.029820
static,13.740000,-0.000000,-0.000001,0.001130,-0.195144
static,13.750000,-0.000000,-0.000001,0.001130,-0.195144
static,13.760000,-0.000000,-0.000001,0.001130,0.309422
static,13.770000,-0.000000,-0.000001,0.001130,0.309422
static,13.780000,-0.000000,-0.000001,0.001130,0.226856
static,13.790000,-0.000000,-0.000001,0.001130,0.226856
static,13.800000,-0.000000,-0.000001,0.001130,-0.321421
static,13.810000,-0.000000,-0.000001,0.001130,-0.321421
static,13.820000,-0.000000,-0.000001,0.001130,-0.007800
static,13.830000,-0.000000,-0.000001,0.001130,-0.007800
static,13.840000,-0.000000,-0.000001,0.001130,-0.212725
static,13.850000,-0.000000,-0.000001,0.001130,-0.212725
static,13.860000,-0.000000,-0.000001,0.001130,0.437218
static,13.870000,-0.000000,-0.000001,0.001130,0.437218
static,13.880000,-0.000000,-0.000001,0.001130,0.154406
static,13.890000,-0.000000,-0.000001,0.001130,0.154406
static,13.900000,-0.000000,-0.000001,0.001130,0.159741
static,13.910000,-0.000000,-0.000001,0.001130,0.159741
static,13.920000,-0.000000,-0.000001,0.001130,-0.203448
static,13.930000,-0.000000,-0.000001,0.001130,-0.203448
static,13.940000,-0.000000,-0.000001,0.001130,-0.595484
static,13.950000,-0.000000,-0.000001,0.001130,-0.595484
static,13.960000,-0.000000,-0.000001,0.001130,-0.135428
static,13.970000,-0.000000,-0.000001,0.001130,-0.135428
static,13.980000,-0.000000,-0.000001,0.001130,-0.578469
static,13.990000,-0.000000,-0.000001,0.001130,-0.578469
static,14.000000,-0.000000,-0.000001,0.001130,0.427362
static,14.010000,-0.000000,-0.000001,0.001130,0.427362
static,14.020000,-0.000000,-0.000001,0.001130,0.591256
static,14.030000,-0.000000,-0.000001,0.001130,0.591256
static,14.040000,-0.000000,-0.000001,0.001130,0.435995
static,14.050000,-0.000000,-0.000001,0.001130,0.435995
static,14.060000,-0.000000,-0.000001,0.001130,-0.234423
static,14.070000,-0.000000,-0.000001,0.001130,-0.234423
static,14.080000,-0.000000,-0.000001,0.001130,0.365171
static,14.090000,-0.000000,-0.000001,0.001130,0.365171
static,14.100000,-0.000000,-0.000001,0.001130,0.660395
static,14.110000,-0.000000,-0.000001,0.001130,0.660395
static,14.120000,-0.000000,-0.000001,0.001130,-0.075500
static,14.130000,-0.000000,-0.000001,0.001130,-0.075500
static,14.140000,-0.000000,-0.000001,0.001130,0.188405
static,14.150000,-0.000000,-0.000001,0.001130,0.188405
static,14.160000,-0.000000,-0.000001,0.001130,0.095850
static,14.170000,-0.000000,-0.000001,0.001130,0.095850
static,14.180000,-0.000000,-0.000001,0.001130,0.451585
static,14.190000,-0.000000,-0.000001,0.001130,0.451585
static,14.200000,-0.000000,-0.000001,0.001130,-0.064817
static,14.210000,-0.000000,-0.000001,0.001130,-0.064817
static,14.220000,-0.000000,-0.000001,0.001130,0.208440
static,14.230000,-0.000000,-0.000001,0.001130,0.208440
static,14.240000,-0.000000,-0.000001,0.001130,1.275399
static,14.250000,-0.000000,-0.000001,0.001130,1.275399
static,14.260000,-0.000000,-0.000001,0.001130,0.453665
static,14.270000,-0.000000,-0.000001,0.001130,0.453665
static,14.280000,-0.000000,-0.000001,0.001130,-0.969512
static,14.290000,-0.000000,-0.000001,0.001130,-0.969512
static,14.300000,-0.000000,-0.000001,0.001130,-0.248487
static,14.310000,-0.000000,-0.000001,0.001130,-0.248487
static,14.320000,-0.000000,-0.000001,0.001130,0.289230
static,14.330000,-0.000000,-0.000001,0.001130,0.289230
static,14.340000,-0.000000,-0.000001,0.001130,-0.668980
static,14.350000,-0.000000,-0.000001,0.001130,-0.668980
static,14.360000,-0.000000,-0.000001,0.001130,-0.031291
static,14.370000,-0.000000,-0.000001,0.001130,-0.031291
static,14.380000,-0.000000,-0.000001,0.001130,-0.251349
static,14.390000,-0.000000,-0.000001,0.001130,-0.251349
static,14.400000,-0.000000,-0.000001,0.001130,0.257292
static,14.410000,-0.000000,-0.000001,0.001130,0.257292
static,14.420000,-0.000000,-0.000001,0.001130,-0.058810
static,14.430000,-0.000000,-0.000001,0.001130,-0.058810
static,14.440000,-0.000000,-0.000001,0.001130,-0.716369
static,14.450000,-0.000000,-0.000001,0.001130,-0.716369
static,14.460000,-0.000000,-0.000001,0.001130,-0.012771
static,14.470000,-0.000000,-0.000001,0.001130,-0.012771
static,14.480000,-0.000000,-0.000001,0.001130,-0.433322
static,14.490000,-0.000000,-0.000001,0.001130,-0.433322
static,14.500000,-0.000000,-0.000001,0.001130,-0.178448
static,14.510000,-0.000000,-0.000001,0.001130,-0.178448
static,14.520000,-0.000000,-0.000001,0.001130,0.653499
static,14.530000,-0.000000,-0.000001,0.001130,0.653499
static,14.540000,-0.000000,-0.000001,0.001130,-0.016320
static,14.550000,-0.000000,-0.000001,0.001130,-0.016320
static,14.560000,-0.000000,-0.000001,0.001130,0.368125
static,14.570000,-0.000000,-0.000001,0.001130,0.368125
static,14.580000,-0.000000,-0.000001,0.001130,-0.121600
static,14.590000,-0.000000,-0.000001,0.001130,-0.121600
static,14.600000,-0.000000,-0.000001,0.001130,0.429054
static,14.610000,-0.000000,-0.000001,0.001130,0.429054
static,14.620000,-0.000000,-0.000001,0.001130,0.224282
static,14.630000,-0.000000,-0.000001,0.001130,0.224282
static,14.640000,-0.000000,-0.000001,0.001130,-0.402533
static,14.650000,-0.000000,-0.000001,0.001130,-0.402533
static,14.660000,-0.000000,-0.000001,0.001130,-0.977127
static,14.670000,-0.000000,-0.000001,0.001130,-0.977127
static,14.680000,-0.000000,-0.000001,0.001130,0.367938
static,14.690000,-0.000000,-0.000001,0.001130,0.367938
static,14.700000,-0.000000,-0.000001,0.001130,0.446065
static,14.710000,-0.000000,-0.000001,0.001130,0.446065
static,14.720000,-0.000000,-0.000001,0.001130,-0.806552
static,14.730000,-0.000000,-0.000001,0.001130,-0.806552
static,14.740000,-0.000000,-0.000001,0.001130,-0.327029
static,14.750000,-0.000000,-0.000001,0.001130,-0.327029
static,14.760000,-0.000000,-0.000001,0.001130,-0.089655
static,14.770000,-0.000000,-0.000001,0.001130,-0.089655
static,14.780000,-0.000000,-0.000001,0.001130,0.371466
static,14.790000,-0.000000,-0.000001,0.001130,0.371466
static,14.800000,-0.000000,-0.000001,0.001130,0.385326
static,14.810000,-0.000000,-0.000001,0.001130,0.385326
static,14.820000,-0.000000,-0.000001,0.001130,-0.441067
static,14.830000,-0.000000,-0.000001,0.001130,-0.441067
static,14.840000,-0.000000,-0.000001,0.001130,0.091725
static,14.850000,-0.000000,-0.000001,0.001130,0.091725
static,14.860000,-0.000000,-0.000001,0.001130,0.110873
static,14.870000,-0.000000,-0.000001,0.001130,0.110873
static,14.880000,-0.000000,-0.000001,0.001130,0.140205
static,14.890000,-0.000000,-0.000001,0.001130,0.140205
static,14.900000,-0.000000,-0.000001,0.001130,-1.047635
static,14.910000,-0.000000,-0.000001,0.001130,-1.047635
static,14.920000,-0.000000,-0.000001,0.001130,-0.009459
static,14.930000,-0.000000,-0.000001,0.001130,-0.009459
static,14.940000,-0.000000,-0.000001,0.001130,0.531343
static,14.950000,-0.000000,-0.000001,0.001130,0.531343
static,14.960000,-0.000000,-0.000001,0.001130,0.061631
static,14.970000,-0.000000,-0.000001,0.001130,0.061631
static,14.980000,-0.000000,-0.000001,0.001130,-0.163048
static,14.990000,-0.000000,-0.000001,0.001130,-0.163048
static,15.000000,-0.000000,-0.000001,0.001130,0.174550
static,15.010000,-0.000000,-0.000001,0.001130,0.174550
static,15.020000,-0.000000,-0.000001,0.001130,0.791696
static,15.030000,-0.000000,-0.000001,0.001130,0.791696
static,15.040000,-0.000000,-0.000001,0.001130,-0.603843
static,15.050000,-0.000000,-0.000001,0.001130,-0.603843
static,15.060000,-0.000000,-0.000001,0.001130,0.742733
static,15.070000,-0.000000,-0.000001,0.001130,0.742733
static,15.080000,-0.000000,-0.000001,0.001130,0.673300
static,15.090000,-0.000000,-0.000001,0.001130,0.673300
static,15.100000,-0.000000,-0.000001,0.001130,-0.010915
static,15.110000,-0.000000,-0.000001,0.001130,-0.010915
static,15.120000,-0.000000,-0.000001,0.001130,0.157710
static,15.130000,-0.000000,-0.000001,0.001130,0.157710
static,15.140000,-0.000000,-0.000001,0.001130,-0.255756
static,15.150000,-0.000000,-0.000001,0.001130,-0.255756
static,15.160000,-0.000000,-0.000001,0.001130,-0.211428
static,15.170000,-0.000000,-0.000001,0.001130,-0.211428
static,15.180000,-0.000000,-0.000001,0.001130,-0.145942
static,15.190000,-0.000000,-0.000001,0.001130,-0.145942
static,15.200000,-0.000000,-0.000001,0.001130,0.315079
static,15.210000,-0.000000,-0.000001,0.001130,0.315079
static,15.220000,-0.000000,-0.000001,0.001130,-0.206614
static,15.230000,-0.000000,-0.000001,0.001130,-0.206614
static,15.240000,-0.000000,-0.000001,0.001130,-0.099572
static,15.250000,-0.000000,-0.000001,0.001130,-0.099572
static,15.260000,-0.000000,-0.000001,0.001130,0.002959
static,15.270000,-0.000000,-0.000001,0.001130,0.002959
static,15.280000,-0.000000,-0.000001,0.001130,0.035597
static,15.290000,-0.000000,-0.000001,0.001130,0.035597
static,15.300000,-0.000000,-0.000001,0.001130,0.016026
static,15.310000,-0.000000,-0.000001,0.001130,0.016026
static,15.320000,-0.000000,-0.000001,0.001130,0.378275
static,15.330000,-0.000000,-0.000001,0.001130,0.378275
static,15.340000,-0.000000,-0.000001,0.001130,-0.450994
static,15.350000,-0.000000,-0.000001,0.001130,-0.450994
static,15.360000,-0.000000,-0.000001,0.001130,-0.068183
static,15.370000,-0.000000,-0.000001,0.001130,-0.068183
static,15.380000,-0.000000,-0.000001,0.001130,-0.670803
static,15.390000,-0.000000,-0.000001,0.001130,-0.670803
static,15.400000,-0.000000,-0.000001,0.001130,-0.423770
static,15.410000,-0.000000,-0.000001,0.001130,-0.423770
static,15.420000,-0.000000,-0.000001,0.001130,0.293484
static,15.430000,-0.000000,-0.000001,0.001130,0.293484
static,15.440000,-0.000000,-0.000001,0.001130,0.130856
static,15.450000,-0.000000,-0.000001,0.001130,0.130856
static,15.460000,-0.000000,-0.000001,0.001130,-0.511482
static,15.470000,-0.000000,-0.000001,0.001130,-0.511482
static,15.480000,-0.000000,-0.000001,0.001130,0.399964
static,15.490000,-0.000000,-0.000001,0.001130,0.399964
static,15.500000,-0.000000,-0.000001,0.001130,0.093199
static,15.510000,-0.000000,-0.000001,0.001130,0.093199
static,15.520000,-0.000000,-0.000001,0.001130,0.314423
static,15.530000,-0.000000,-0.000001,0.001130,0.314423
static,15.540000,-0.000000,-0.000001,0.001130,-0.088802
static,15.550000,-0.000000,-0.000001,0.001130,-0.088802
static,15.560000,-0.000000,-0.000001,0.001130,-0.526876
static,15.570000,-0.000000,-0.000001,0.001130,-0.526876
static,15.580000,-0.000000,-0.000001,0.001130,-0.054366
static,15.590000,-0.000000,-0.000001,0.001130,-0.054366
static,15.600000,-0.000000,-0.000001,0.001130,-0.137430
static,15.610000,-0.000000,-0.000001,0.001130,-0.137430
static,15.620000,-0.000000,-0.000001,0.001130,-0.025983
static,15.630000,-0.000000,-0.000001,0.001130,-0.025983
static,15.640000,-0.000000,-0.000001,0.001130,-0.570073
static,15.650000,-0.000000,-0.000001,0.001130,-0.570073
static,15.660000,-0.000000,-0.000001,0.001130,0.079967
static,15.670000,-0.000000,-0.000001,0.001130,0.079967
static,15.680000,-0.000000,-0.000001,0.001130,-0.320055
static,15.690000,-0.000000,-0.000001,0.001130,-0.320055
static,15.700000,-0.000000,-0.000001,0.001130,0.796788
static,15.710000,-0.000000,-0.000001,0.001130,0.796788
static,15.720000,-0.000000,-0.000001,0.001130,0.116506
static,15.730000,-0.000000,-0.000001,0.001130,0.116506
static,15.740000,-0.000000,-0.000001,0.001130,-0.493262
static,15.750000,-0.000000,-0.000001,0.001130,-0.493262
static,15.760000,-0.000000,-0.000001,0.001130,-0.372516
static,15.770000,-0.000000,-0.000001,0.001130,-0.372516
static,15.780000,-0.000000,-0.000001,0.001359,-0.552433
static,15.790000,-0.000000,-0.000001,0.001359,-0.552433
static,15.800000,-0.000000,-0.000001,0.001359,0.036925
static,15.810000,-0.000000,-0.000001,0.001359,0.036925
static,15.820000,-0.000000,-0.000001,0.001359,-0.267193
static,15.830000,-0.000000,-0.000001,0.001359,-0.267193
static,15.840000,-0.000000,-0.000001,0.001359,-0.040864
static,15.850000,-0.000000,-0.000001,0.001359,-0.040864
static,15.860000,-0.000000,-0.000001,0.001359,-0.030601
static,15.870000,-0.000000,-0.000001,0.001359,-0.030601
static,15.880000,-0.000000,-0.000001,0.001359,-0.370567
static,15.890000,-0.000000,-0.000001,0.001359,-0.370567
static,15.900000,-0.000000,-0.000001,0.001359,0.257707
static,15.910000,-0.000000,-0.000001,0.001359,0.257707
static,15.920000,-0.000000,-0.000001,0.001359,0.185068
static,15.930000,-0.000000,-0.000001,0.001359,0.185068
static,15.940000,-0.000000,-0.000001,0.001359,0.179004
static,15.950000,-0.000000,-0.000001,0.001359,0.179004
static,15.960000,-0.000000,-0.000001,0.001359,0.184131
static,15.970000,-0.000000,-0.000001,0.001359,0.184131
static,15.980000,-0.000000,-0.000001,0.001359,0.417226
static,15.990000,-0.000000,-0.000001,0.001359,0.417226
static,16.000000,-0.000000,-0.000001,0.001359,-0.351874
static,16.010000,-0.000000,-0.000001,0.001359,-0.351874
static,16.020000,-0.000000,-0.000001,0.001359,0.286728
static,16.030000,-0.000000,-0.000001,0.001359,0.286728
static,16.040000,-0.000000,-0.000001,0.001359,-0.107630
static,16.050000,-0.000000,-0.000001,0.001359,-0.107630
static,16.060000,-0.000000,-0.000001,0.001359,0.434149
static,16.070000,-0.000000,-0.000001,0.001359,0.434149
static,16.080000,-0.000000,-0.000001,0.001359,-0.475503
static,16.090000,-0.000000,-0.000001,0.001359,-0.475503
static,16.100000,-0.000000,-0.000001,0.001359,-0.381704
static,16.110000,-0.000000,-0.000001,0.001359,-0.381704
static,16.120000,-0.000000,-0.000001,0.001359,-0.025656
static,16.130000,-0.000000,-0.000001,0.001359,-0.025656
static,16.140000,-0.000000,-0.000001,0.001359,-0.400663
static,16.150000,-0.000000,-0.000001,0.001359,-0.400663
static,16.160000,-0.000000,-0.000001,0.001359,0.269950
static,16.170000,-0.000000,-0.000001,0.001359,0.269950
static,16.180000,-0.000000,-0.000001,0.001359,0.519013
static,16.190000,-0.000000,-0.000001,0.001359,0.519013
static,16.200000,-0.000000,-0.000001,0.001359,-0.017486
static,16.210000,-0.000000,-0.000001,0.001359,-0.017486
static,16.220000,-0.000000,-0.000001,0.001359,-0.228504
static,16.230000,-0.000000,-0.000001,0.001359,-0.228504
static,16.240000,-0.000000,-0.000001,0.001359,-0.199638
static,16.250000,-0.000000,-0.000001,0.001359,-0.199638
static,16.260000,-0.000000,-0.000001,0.001359,0.164472
static,16.270000,-0.000000,-0.000001,0.001359,0.164472
static,16.280000,-0.000000,-0.000001,0.001359,0.459001
static,16.290000,-0.000000,-0.000001,0.001359,0.459001
static,16.300000,-0.000000,-0.000001,0.001359,0.047240
static,16.310000,-0.000000,-0.000001,0.001359,0.047240
static,16.320000,-0.000000,-0.000001,0.001359,0.198951
static,16.330000,-0.000000,-0.000001,0.001359,0.198951
static,16.340000,-0.000000,-0.000001,0.001359,0.084907
static,16.350000,-0.000000,-0.000001,0.001359,0.084907
static,16.360000,-0.000000,-0.000001,0.001359,0.143497
static,16.370000,-0.000000,-0.000001,0.001359,0.143497
static,16.380000,-0.000000,-0.000001,0.001359,0.432026
static,16.390000,-0.000000,-0.000001,0.001359,0.432026
static,16.400000,-0.000000,-0.000001,0.001359,-0.456582
static,16.410000,-0.000000,-0.000001,0.001359,-0.456582
static,16.420000,-0.000000,-0.000001,0.001359,-0.966148
static,16.430000,-0.000000,-0.000001,0.001359,-0.966148
static,16.440000,-0.000000,-0.000001,0.001359,0.655570
static,16.450000,-0.000000,-0.000001,0.001359,0.655570
static,16.460000,-0.000000,-0.000001,0.001359,-0.515504
static,16.470000,-0.000000,-0.000001,0.001359,-0.515504
static,16.480000,-0.000000,-0.000001,0.001359,-0.645177
static,16.490000,-0.000000,-0.000001,0.001359,-0.645177
static,16.500000,-0.000000,-0.000001,0.001359,0.560359
static,16.510000,-0.000000,-0.000001,0.001359,0.560359
static,16.520000,-0.000000,-0.000001,0.001359,-0.111797
static,16.530000,-0.000000,-0.000001,0.001359,-0.111797
static,16.540000,-0.000000,-0.000001,0.001359,0.205986
static,16.550000,-0.000000,-0.000001,0.001359,0.205986
static,16.560000,-0.000000,-0.000001,0.001359,-0.029864
static,16.570000,-0.000000,-0.000001,0.001359,-0.029864
static,16.580000,-0.000000,-0.000001,0.001359,1.398364
static,16.590000,-0.000000,-0.000001,0.001359,1.398364
static,16.600000,-0.000000,-0.000001,0.001359,0.057382
static,16.610000,-0.000000,-0.000001,0.001359,0.057382
static,16.620000,-0.000000,-0.000001,0.001359,-0.170397
static,16.630000,-0.000000,-0.000001,0.001359,-0.170397
static,16.640000,-0.000000,-0.000001,0.001359,0.125801
static,16.650000,-0.000000,-0.000001,0.001359,0.125801
static,16.660000,-0.000000,-0.000001,0.001359,0.093150
static,16.670000,-0.000000,-0.000001,0.001359,0.093150
static,16.680000,-0.000000,-0.000001,0.001359,-0.881624
static,16.690000,-0.000000,-0.000001,0.001359,-0.881624
static,16.700000,-0.000000,-0.000001,0.001359,-0.858503
static,16.710000,-0.000000,-0.000001,0.001359,-0.858503
static,16.720000,-0.000000,-0.000001,0.001359,-0.276053
static,16.730000,-0.000000,-0.000001,0.001359,-0.276053
static,16.740000,-0.000000,-0.000001,0.001359,-0.458322
static,16.750000,-0.000000,-0.000001,0.001359,-0.458322
static,16.760000,-0.000000,-0.000001,0.001359,0.453236
static,16.770000,-0.000000,-0.000001,0.001359,0.453236
static,16.780000,-0.000000,-0.000001,0.001359,-0.314785
static,16.790000,-0.000000,-0.000001,0.001359,-0.314785
static,16.800000,-0.000000,-0.000001,0.001359,0.262306
static,16.810000,-0.000000,-0.000001,0.001359,0.262306
static,16.820000,-0.000000,-0.000001,0.001359,0.395236
static,16.830000,-0.000000,-0.000001,0.001359,0.395236
static,16.840000,-0.000000,-0.000001,0.001359,-0.162414
static,16.850000,-0.000000,-0.000001,0.001359,-0.162414
static,16.860000,-0.000000,-0.000001,0.001359,1.213732
static,16.870000,-0.000000,-0.000001,0.001359,1.213732
static,16.880000,-0.000000,-0.000001,0.001359,-0.057217
static,16.890000,-0.000000,-0.000001,0.001359,-0.057217
static,16.900000,-0.000000,-0.000001,0.001359,0.306137
static,16.910000,-0.000000,-0.000001,0.001359,0.306137
static,16.920000,-0.000000,-0.000001,0.001359,0.176592
static,16.930000,-0.000000,-0.000001,0.001359,0.176592
static,16.940000,-0.000000,-0.000001,0.001359,0.100374
static,16.950000,-0.000000,-0.000001,0.001359,0.100374
static,16.960000,-0.000000,-0.000001,0.001359,-0.462956
static,16.970000,-0.000000,-0.000001,0.001359,-0.462956
static,16.980000,-0.000000,-0.000001,0.001359,0.099832
static,16.990000,-0.000000,-0.000001,0.001359,0.099832
static,17.000000,-0.000000,-0.000001,0.001359,0.568027
static,17.010000,-0.000000,-0.000001,0.001359,0.568027
static,17.020000,-0.000000,-0.000001,0.001359,-0.195498
static,17.030000,-0.000000,-0.000001,0.001359,-0.195498
static,17.040000,-0.000000,-0.000001,0.001359,-0.009772
static,17.050000,-0.000000,-0.000001,0.001359,-0.009772
static,17.060000,-0.000000,-0.000001,0.001359,0.070473
static,17.070000,-0.000000,-0.000001,0.001359,0.070473
static,17.080000,-0.000000,-0.000001,0.001359,-0.285132
static,17.090000,-0.000000,-0.000001,0.001359,-0.285132
static,17.100000,-0.000000,-0.000001,0.001359,-0.677605
static,17.110000,-0.000000,-0.000001,0.001359,-0.677605
static,17.120000,-0.000000,-0.000001,0.001359,0.619709
static,17.130000,-0.000000,-0.000001,0.001359,0.619709
static,17.140000,-0.000000,-0.000001,0.001359,-0.295070
static,17.150000,-0.000000,-0.000001,0.001359,-0.295070
static,17.160000,-0.000000,-0.000001,0.001359,0.454212
static,17.170000,-0.000000,-0.000001,0.001359,0.454212
static,17.180000,-0.000000,-0.000001,0.001359,0.226780
static,17.190000,-0.000000,-0.000001,0.001359,0.226780
static,17.200000,-0.000000,-0.000001,0.001359,0.532675
static,17.210000,-0.000000,-0.000001,0.001359,0.532675
static,17.220000,-0.000000,-0.000001,0.001359,0.368782
static,17.230000,-0.000000,-0.000001,0.001359,0.368782
static,17.240000,-0.000000,-0.000001,0.001359,0.581029
static,17.250000,-0.000000,-0.000001,0.001359,0.581029
static,17.260000,-0.000000,-0.000001,0.001359,0.068990
static,17.270000,-0.000000,-0.000001,0.001359,0.068990
static,17.280000,-0.000000,-0.000001,0.001359,0.130797
static,17.290000,-0.000000,-0.000001,0.001359,0.130797
static,17.300000,-0.000000,-0.000001,0.001359,0.234880
static,17.310000,-0.000000,-0.000001,0.001359,0.234880
static,17.320000,-0.000000,-0.000001,0.001359,0.542188
static,17.330000,-0.000000,-0.000001,0.001359,0.542188
static,17.340000,-0.000000,-0.000001,0.001359,0.452049
static,17.350000,-0.000000,-0.000001,0.001359,0.452049
static,17.360000,-0.000000,-0.000001,0.001359,0.166012
static,17.370000,-0.000000,-0.000001,0.001359,0.166012
static,17.380000,-0.000000,-0.000001,0.001359,0.123268
static,17.390000,-0.000000,-0.000001,0.001359,0.123268
static,17.400000,-0.000000,-0.000001,0.001359,0.313691
static,17.410000,-0.000000,-0.000001,0.001359,0.313691
static,17.420000,-0.000000,-0.000001,0.001359,0.248126
static,17.430000,-0.000000,-0.000001,0.001359,0.248126
static,17.440000,-0.000000,-0.000001,0.001359,-0.058927
static,17.450000,-0.000000,-0.000001,0.001359,-0.058927
static,17.460000,-0.000000,-0.000001,0.001359,0.930663
static,17.470000,-0.000000,-0.000001,0.001359,0.930663
static,17.480000,-0.000000,-0.000001,0.001359,-0.006191
static,17.490000,-0.000000,-0.000001,0.001359,-0.006191
static,17.500000,-0.000000,-0.000001,0.001359,-0.738588
static,17.510000,-0.000000,-0.000001,0.001359,-0.738588
static,17.520000,-0.000000,-0.000001,0.001359,-0.534068
static,17.530000,-0.000000,-0.000001,0.001359,-0.534068
static,17.540000,-0.000000,-0.000001,0.001359,-0.057066
static,17.550000,-0.000000,-0.000001,0.001359,-0.057066
static,17.560000,-0.000000,-0.000001,0.001359,-0.076336
static,17.570000,-0.000000,-0.000001,0.001359,-0.076336
static,17.580000,-0.000000,-0.000001,0.001359,0.425283
static,17.590000,-0.000000,-0.000001,0.001359,0.425283
static,17.600000,-0.000000,-0.000001,0.001359,-0.694610
static,17.610000,-0.000000,-0.000001,0.001359,-0.694610
static,17.620000,-0.000000,-0.000001,0.001359,0.711331
static,17.630000,-0.000000,-0.000001,0.001359,0.711331
static,17.640000,-0.000000,-0.000001,0.001359,0.011030
static,17.650000,-0.000000,-0.000001,0.001359,0.011030
static,17.660000,-0.000000,-0.000001,0.001359,-0.019196
static,17.670000,-0.000000,-0.000001,0.001359,-0.019196
static,17.680000,-0.000000,-0.000001,0.001359,0.259140
static,17.690000,-0.000000,-0.000001,0.001359,0.259140
static,17.700000,-0.000000,-0.000001,0.001359,-0.190022
static,17.710000,-0.000000,-0.000001,0.001359,-0.190022
static,17.720000,-0.000000,-0.000001,0.001359,-0.144733
static,17.730000,-0.000000,-0.000001,0.001359,-0.144733
static,17.740000,-0.000000,-0.000001,0.001359,-0.320159
static,17.750000,-0.000000,-0.000001,0.001359,-0.320159
static,17.760000,-0.000000,-0.000001,0.001359,-0.038645
static,17.770000,-0.000000,-0.000001,0.001359,-0.038645
static,17.780000,-0.000000,-0.000001,0.001359,-0.648884
static,17.790000,-0.000000,-0.000001,0.001359,-0.648884
static,17.800000,-0.000000,-0.000001,0.001359,0.214329
static,17.810000,-0.000000,-0.000001,0.001359,0.214329
static,17.820000,-0.000000,-0.000001,0.001359,1.083935
static,17.830000,-0.000000,-0.000001,0.001359,1.083935
static,17.840000,-0.000000,-0.000001,0.001359,-0.241835
static,17.850000,-0.000000,-0.000001,0.001359,-0.241835
static,17.860000,-0.000000,-0.000001,0.001359,0.073354
static,17.870000,-0.000000,-0.000001,0.001359,0.073354
static,17.880000,-0.000000,-0.000001,0.001359,-0.731839
static,17.890000,-0.000000,-0.000001,0.001359,-0.731839
static,17.900000,-0.000000,-0.000001,0.001359,-1.232468
static,17.910000,-0.000000,-0.000001,0.001359,-1.232468
static,17.920000,-0.000000,-0.000001,0.001359,0.128873
static,17.930000,-0.000000,-0.000001,0.001359,0.128873
static,17.940000,-0.000000,-0.000001,0.001359,0.064905
static,17.950000,-0.000000,-0.000001,0.001359,0.064905
static,17.960000,-0.000000,-0.000001,0.001359,-0.561409
static,17.970000,-0.000000,-0.000001,0.001359,-0.561409
static,17.980000,-0.000000,-0.000001,0.001359,-0.232902
static,17.990000,-0.000000,-0.000001,0.001359,-0.232902
static,18.000000,-0.000000,-0.000001,0.001359,-0.047798
static,18.010000,-0.000000,-0.000001,0.001359,-0.047798
static,18.020000,-0.000000,-0.000001,0.001359,0.904314
static,18.030000,-0.000000,-0.000001,0.001359,0.904314
static,18.040000,-0.000000,-0.000001,0.001359,0.571762
static,18.050000,-0.000000,-0.000001,0.001359,0.571762
static,18.060000,-0.000000,-0.000001,0.001359,0.263296
static,18.070000,-0.000000,-0.000001,0.001359,0.263296
static,18.080000,-0.000000,-0.000001,0.001359,0.607475
static,18.090000,-0.000000,-0.000001,0.001359,0.607475
static,18.100000,-0.000000,-0.000001,0.001359,-0.200331
static,18.110000,-0.000000,-0.000001,0.001359,-0.200331
static,18.120000,-0.000000,-0.000001,0.001359,0.288466
static,18.130000,-0.000000,-0.000001,0.001359,0.288466
static,18.140000,-0.000000,-0.000001,0.001359,-0.173618
static,18.150000,-0.000000,-0.000001,0.001359,-0.173618
static,18.160000,-0.000000,-0.000001,0.001359,0.277016
static,18.170000,-0.000000,-0.000001,0.001589,0.277016
static,18.180000,-0.000000,-0.000001,0.001589,0.300287
static,18.190000,-0.000000,-0.000001,0.001589,0.300287
static,18.200000,-0.000000,-0.000001,0.001589,0.239907
static,18.210000,-0.000000,-0.000001,0.001589,0.239907
static,18.220000,-0.000000,-0.000001,0.001589,-0.534905
static,18.230000,-0.000000,-0.000001,0.001589,-0.534905
static,18.240000,-0.000000,-0.000001,0.001589,-0.220851
static,18.250000,-0.000000,-0.000001,0.001589,-0.220851
static,18.260000,-0.000000,-0.000001,0.001589,0.026556
static,18.270000,-0.000000,-0.000001,0.001589,0.026556
static,18.280000,-0.000000,-0.000001,0.001589,0.573675
static,18.290000,-0.000000,-0.000001,0.001589,0.573675
static,18.300000,-0.000000,-0.000001,0.001589,0.192471
static,18.310000,-0.000000,-0.000001,0.001589,0.192471
static,18.320000,-0.000000,-0.000001,0.001589,0.088227
static,18.330000,-0.000000,-0.000001,0.001589,0.088227
static,18.340000,-0.000000,-0.000001,0.001589,-0.400463
static,18.350000,-0.000000,-0.000001,0.001589,-0.400463
static,18.360000,-0.000000,-0.000001,0.001589,0.514829
static,18.370000,-0.000000,-0.000001,0.001589,0.514829
static,18.380000,-0.000000,-0.000001,0.001589,-0.144307
static,18.390000,-0.000000,-0.000001,0.001589,-0.144307
static,18.400000,-0.000000,-0.000001,0.001589,0.578212
static,18.410000,-0.000000,-0.000001,0.001589,0.578212
static,18.420000,-0.000000,-0.000001,0.001589,-0.420993
static,18.430000,-0.000000,-0.000001,0.001589,-0.420993
static,18.440000,-0.000000,-0.000001,0.001589,-0.162563
static,18.450000,-0.000000,-0.000001,0.001589,-0.162563
static,18.460000,-0.000000,-0.000001,0.001589,0.277401
static,18.470000,-0.000000,-0.000001,0.001589,0.277401
static,18.480000,-0.000000,-0.000001,0.001589,0.660811
static,18.490000,-0.000000,-0.000001,0.001589,0.660811
static,18.500000,-0.000000,-0.000001,0.001589,-0.534097
static,18.510000,-0.000000,-0.000001,0.001589,-0.534097
static,18.520000,-0.000000,-0.000001,0.001589,0.490340
static,18.530000,-0.000000,-0.000001,0.001589,0.490340
static,18.540000,-0.000000,-0.000001,0.001589,0.235930
static,18.550000,-0.000000,-0.000001,0.001589,0.235930
static,18.560000,-0.000000,-0.000001,0.001589,-0.461536
static,18.570000,-0.000000,-0.000001,0.001589,-0.461536
static,18.580000,-0.000000,-0.000001,0.001589,-0.475759
static,18.590000,-0.000000,-0.000001,0.001589,-0.475759
static,18.600000,-0.000000,-0.000001,0.001589,0.770291
static,18.610000,-0.000000,-0.000001,0.001589,0.770291
static,18.620000,-0.000000,-0.000001,0.001589,-0.428446
static,18.630000,-0.000000,-0.000001,0.001589,-0.428446
static,18.640000,-0.000000,-0.000001,0.001589,-0.342319
static,18.650000,-0.000000,-0.000001,0.001589,-0.342319
static,18.660000,-0.000000,-0.000001,0.001589,-0.779902
static,18.670000,-0.000000,-0.000001,0.001589,-0.779902
static,18.680000,-0.000000,-0.000001,0.001589,-0.201854
static,18.690000,-0.000000,-0.000001,0.001589,-0.201854
static,18.700000,-0.000000,-0.000001,0.001589,-0.332001
static,18.710000,-0.000000,-0.000001,0.001589,-0.332001
static,18.720000,-0.000000,-0.000001,0.001589,-0.808345
static,18.730000,-0.000000,-0.000001,0.001589,-0.808345
static,18.740000,-0.000000,-0.000001,0.001589,0.177974
static,18.750000,-0.000000,-0.000001,0.001589,0.177974
static,18.760000,-0.000000,-0.000001,0.001589,0.024276
static,18.770000,-0.000000,-0.000001,0.001589,0.024276
static,18.780000,-0.000000,-0.000001,0.001589,0.003292
static,18.790000,-0.000000,-0.000001,0.001589,0.003292
static,18.800000,-0.000000,-0.000001,0.001589,-0.074176
static,18.810000,-0.000000,-0.000001,0.001589,-0.074176
static,18.820000,-0.000000,-0.000001,0.001589,-0.257281
static,18.830000,-0.000000,-0.000001,0.001589,-0.257281
static,18.840000,-0.000000,-0.000001,0.001589,0.556166
static,18.850000,-0.000000,-0.000001,0.001589,0.556166
static,18.860000,-0.000000,-0.000001,0.001589,-0.050861
static,18.870000,-0.000000,-0.000001,0.001589,-0.050861
static,18.880000,-0.000000,-0.000001,0.001589,0.234490
static,18.890000,-0.000000,-0.000001,0.001589,0.234490
static,18.900000,-0.000000,-0.000001,0.001589,0.153797
static,18.910000,-0.000000,-0.000001,0.001589,0.153797
static,18.920000,-0.000000,-0.000001,0.001589,-0.450122
static,18.930000,-0.000000,-0.000001,0.001589,-0.450122
static,18.940000,-0.000000,-0.000001,0.001589,0.229905
static,18.950000,-0.000000,-0.000001,0.001589,0.229905
static,18.960000,-0.000000,-0.000001,0.001589,-0.216836
static,18.970000,-0.000000,-0.000001,0.001589,-0.216836
static,18.980000,-0.000000,-0.000001,0.001589,0.163911
static,18.990000,-0.000000,-0.000001,0.001589,0.163911
static,19.000000,-0.000000,-0.000001,0.001589,0.136873
static,19.010000,-0.000000,-0.000001,0.001589,0.136873
static,19.020000,-0.000000,-0.000001,0.001589,-0.314672
static,19.030000,-0.000000,-0.000001,0.001589,-0.314672
static,19.040000,-0.000000,-0.000001,0.001589,-0.140588
static,19.050000,-0.000000,-0.000001,0.001589,-0.140588
static,19.060000,-0.000000,-0.000001,0.001589,-0.875208
static,19.070000,-0.000000,-0.000001,0.001589,-0.875208
static,19.080000,-0.000000,-0.000001,0.001589,-0.572276
static,19.090000,-0.000000,-0.000001,0.001589,-0.572276
static,19.100000,-0.000000,-0.000001,0.001589,0.091235
static,19.110000,-0.000000,-0.000001,0.001589,0.091235
static,19.120000,-0.000000,-0.000001,0.001589,-0.437936
static,19.130000,-0.000000,-0.000001,0.001589,-0.437936
static,19.140000,-0.000000,-0.000001,0.001589,-0.368192
static,19.150000,-0.000000,-0.000001,0.001589,-0.368192
static,19.160000,-0.000000,-0.000001,0.001589,0.008251
static,19.170000,-0.000000,-0.000001,0.001589,0.008251
static,19.180000,-0.000000,-0.000001,0.001589,0.231832
static,19.190000,-0.000000,-0.000001,0.001589,0.231832
static,19.200000,-0.000000,-0.000001,0.001589,-0.015901
static,19.210000,-0.000000,-0.000001,0.001589,-0.015901
static,19.220000,-0.000000,-0.000001,0.001589,-0.823135
static,19.230000,-0.000000,-0.000001,0.001589,-0.823135
static,19.240000,-0.000000,-0.000001,0.001589,0.057737
static,19.250000,-0.000000,-0.000001,0.001589,0.057737
static,19.260000,-0.000000,-0.000001,0.001589,0.364548
static,19.270000,-0.000000,-0.000001,0.001589,0.364548
static,19.280000,-0.000000,-0.000001,0.001589,0.286671
static,19.290000,-0.000000,-0.000001,0.001589,0.286671
static,19.300000,-0.000000,-0.000001,0.001589,-0.143344
static,19.310000,-0.000000,-0.000001,0.001589,-0.143344
static,19.320000,-0.000000,-0.000001,0.001589,0.028888
static,19.330000,-0.000000,-0.000001,0.001589,0.028888
static,19.340000,-0.000000,-0.000001,0.001589,0.055543
static,19.350000,-0.000000,-0.000001,0.001589,0.055543
static,19.360000,-0.000000,-0.000001,0.001589,-0.302488
static,19.370000,-0.000000,-0.000001,0.001589,-0.302488
static,19.380000,-0.000000,-0.000001,0.001589,-0.187286
static,19.390000,-0.000000,-0.000001,0.001589,-0.187286
static,19.400000,-0.000000,-0.000001,0.001589,-0.178088
static,19.410000,-0.000000,-0.000001,0.001589,-0.178088
static,19.420000,-0.000000,-0.000001,0.001589,0.991649
static,19.430000,-0.000000,-0.000001,0.001589,0.991649
static,19.440000,-0.000000,-0.000001,0.001589,-0.078257
static,19.450000,-0.000000,-0.000001,0.001589,-0.078257
static,19.460000,-0.000000,-0.000001,0.001589,-0.793360
static,19.470000,-0.000000,-0.000001,0.001589,-0.793360
static,19.480000,-0.000000,-0.000001,0.001589,0.813793
static,19.490000,-0.000000,-0.000001,0.001589,0.813793
static,19.500000,-0.000000,-0.000001,0.001589,-1.024267
static,19.510000,-0.000000,-0.000001,0.001589,-1.024267
static,19.520000,-0.000000,-0.000001,0.001589,-0.919611
static,19.530000,-0.000000,-0.000001,0.001589,-0.919611
static,19.540000,-0.000000,-0.000001,0.001589,-0.321522
static,19.550000,-0.000000,-0.000001,0.001589,-0.321522
static,19.560000,-0.000000,-0.000001,0.001589,-0.333902
static,19.570000,-0.000000,-0.000001,0.001589,-0.333902
static,19.580000,-0.000000,-0.000001,0.001589,-0.424499
static,19.590000,-0.000000,-0.000001,0.001589,-0.424499
static,19.600000,-0.000000,-0.000001,0.001589,-0.299653
static,19.610000,-0.000000,-0.000001,0.001589,-0.299653
static,19.620000,-0.000000,-0.000001,0.001589,0.095499
static,19.630000,-0.000000,-0.000001,0.001589,0.095499
static,19.640000,-0.000000,-0.000001,0.001589,0.184620
static,19.650000,-0.000000,-0.000001,0.001589,0.184620
static,19.660000,-0.000000,-0.000001,0.001589,0.259468
static,19.670000,-0.000000,-0.000001,0.001589,0.259468
static,19.680000,-0.000000,-0.000001,0.001589,-0.506134
static,19.690000,-0.000000,-0.000001,0.001589,-0.506134
static,19.700000,-0.000000,-0.000001,0.001589,0.367923
static,19.710000,-0.000000,-0.000001,0.001589,0.367923
static,19.720000,-0.000000,-0.000001,0.001589,-0.018045
static,19.730000,-0.000000,-0.000001,0.001589,-0.018045
static,19.740000,-0.000000,-0.000001,0.001589,-0.109730
static,19.750000,-0.000000,-0.000001,0.001589,-0.109730
static,19.760000,-0.000000,-0.000001,0.001589,0.134628
static,19.770000,-0.000000,-0.000001,0.001589,0.134628
static,19.780000,-0.000000,-0.000001,0.001589,0.084483
static,19.790000,-0.000000,-0.000001,0.001589,0.084483
static,19.800000,-0.000000,-0.000001,0.001589,0.027770
static,19.810000,-0.000000,-0.000001,0.001589,0.027770
static,19.820000,-0.000000,-0.000001,0.001589,-0.403432
static,19.830000,-0.000000,-0.000001,0.001589,-0.403432
static,19.840000,-0.000000,-0.000001,0.001589,0.460786
static,19.850000,-0.000000,-0.000001,0.001589,0.460786
static,19.860000,-0.000000,-0.000001,0.001589,-0.370152
static,19.870000,-0.000000,-0.000001,0.001589,-0.370152
static,19.880000,-0.000000,-0.000001,0.001589,0.041359
static,19.890000,-0.000000,-0.000001,0.001589,0.041359
static,19.900000,-0.000000,-0.000001,0.001589,-0.818937
static,19.910000,-0.000000,-0.000001,0.001589,-0.818937
static,19.920000,-0.000000,-0.000001,0.001589,-0.087210
static,19.930000,-0.000000,-0.000001,0.001589,-0.087210
static,19.940000,-0.000000,-0.000001,0.001589,-0.014825
static,19.950000,-0.000000,-0.000001,0.001589,-0.014825
static,19.960000,-0.000000,-0.000001,0.001589,0.474701
static,19.970000,-0.000000,-0.000001,0.001589,0.474701
static,19.980000,-0.000000,-0.000001,0.001589,0.639027
static,19.990000,-0.000000,-0.000001,0.001589,0.639027
static,20.000000,-0.000000,-0.000001,0.001589,-0.634742
static,20.010000,-0.000000,-0.000001,0.001589,-0.634742
static,20.020000,-0.000000,-0.000001,0.001589,-0.161598
static,20.030000,-0.000000,-0.000001,0.001589,-0.161598
static,20.040000,-0.000000,-0.000001,0.001589,0.188617
static,20.050000,-0.000000,-0.000001,0.001589,0.188617
static,20.060000,-0.000000,-0.000001,0.001589,0.363447
static,20.070000,-0.000000,-0.000001,0.001589,0.363447
static,20.080000,-0.000000,-0.000001,0.001589,0.258738
static,20.090000,-0.000000,-0.000001,0.001589,0.258738
static,20.100000,-0.000000,-0.000001,0.001589,0.650118
static,20.110000,-0.000000,-0.000001,0.001589,0.650118
static,20.120000,-0.000000,-0.000001,0.001589,0.201177
static,20.130000,-0.000000,-0.000001,0.001589,0.201177
static,20.140000,-0.000000,-0.000001,0.001589,0.100831
static,20.150000,-0.000000,-0.000001,0.001589,0.100831
static,20.160000,-0.000000,-0.000001,0.001589,0.354169
static,20.170000,-0.000000,-0.000001,0.001589,0.354169
static,20.180000,-0.000000,-0.000001,0.001589,-0.166811
static,20.190000,-0.000000,-0.000001,0.001589,-0.166811
static,20.200000,-0.000000,-0.000001,0.001589,0.181720
static,20.210000,-0.000000,-0.000001,0.001589,0.181720
static,20.220000,-0.000000,-0.000001,0.001589,-0.241262
static,20.230000,-0.000000,-0.000001,0.001589,-0.241262
static,20.240000,-0.000000,-0.000001,0.001589,-0.253957
static,20.250000,-0.000000,-0.000001,0.001589,-0.253957
static,20.260000,-0.000000,-0.000001,0.001589,0.751938
static,20.270000,-0.000000,-0.000001,0.001589,0.751938
static,20.280000,-0.000000,-0.000001,0.001589,0.233475
static,20.290000,-0.000000,-0.000001,0.001589,0.233475
static,20.300000,-0.000000,-0.000001,0.001589,-0.058301
static,20.310000,-0.000000,-0.000001,0.001589,-0.058301
static,20.320000,-0.000000,-0.000001,0.001589,-0.024823
static,20.330000,-0.000000,-0.000001,0.001589,-0.024823
static,20.340000,-0.000000,-0.000001,0.001589,-0.202462
static,20.350000,-0.000000,-0.000001,0.001589,-0.202462
static,20.360000,-0.000000,-0.000001,0.001589,0.262091
static,20.370000,-0.000000,-0.000001,0.001589,0.262091
static,20.380000,-0.000000,-0.000001,0.001589,0.281481
static,20.390000,-0.000000,-0.000001,0.001589,0.281481
static,20.400000,-0.000000,-0.000001,0.001589,0.351384
static,20.410000,-0.000000,-0.000001,0.001589,0.351384
static,20.420000,-0.000000,-0.000001,0.001589,0.031569
static,20.430000,-0.000000,-0.000001,0.001589,0.031569
static,20.440000,-0.000000,-0.000001,0.001589,-0.358853
static,20.450000,-0.000000,-0.000001,0.001589,-0.358853
static,20.460000,-0.000000,-0.000001,0.001589,0.358828
static,20.470000,-0.000000,-0.000001,0.001589,0.358828
static,20.480000,-0.000000,-0.000001,0.001589,-0.006181
static,20.490000,-0.000000,-0.000001,0.001589,-0.006181
static,20.500000,-0.000000,-0.000001,0.001589,-0.053062
static,20.510000,-0.000000,-0.000001,0.001589,-0.053062
static,20.520000,-0.000000,-0.000001,0.001589,0.649291
static,20.530000,-0.000000,-0.000001,0.001589,0.649291
static,20.540000,-0.000000,-0.000001,0.001589,-0.362654
static,20.550000,-0.000000,-0.000001,0.001818,-0.362654
static,20.560000,-0.000000,-0.000001,0.001818,-0.404846
static,20.570000,-0.000000,-0.000001,0.001818,-0.404846
static,20.580000,-0.000000,-0.000001,0.001818,-0.594441
static,20.590000,-0.000000,-0.000001,0.001818,-0.594441
static,20.600000,-0.000000,-0.000001,0.001818,-0.218555
static,20.610000,-0.000000,-0.000001,0.001818,-0.218555
static,20.620000,-0.000000,-0.000001,0.001818,0.984281
static,20.630000,-0.000000,-0.000001,0.001818,0.984281
static,20.640000,-0.000000,-0.000001,0.001818,-0.076067
static,20.650000,-0.000000,-0.000001,0.001818,-0.076067
static,20.660000,-0.000000,-0.000001,0.001818,-0.015499
static,20.670000,-0.000000,-0.000001,0.001818,-0.015499
static,20.680000,-0.000000,-0.000001,0.001818,0.271479
static,20.690000,-0.000000,-0.000001,0.001818,0.271479
static,20.700000,-0.000000,-0.000001,0.001818,0.578776
static,20.710000,-0.000000,-0.000001,0.001818,0.578776
static,20.720000,-0.000000,-0.000001,0.001818,-0.398652
static,20.730000,-0.000000,-0.000001,0.001818,-0.398652
static,20.740000,-0.000000,-0.000001,0.001818,0.334229
static,20.750000,-0.000000,-0.000001,0.001818,0.334229
static,20.760000,-0.000000,-0.000001,0.001818,-0.121985
static,20.770000,-0.000000,-0.000001,0.001818,-0.121985
static,20.780000,-0.000000,-0.000001,0.001818,1.453471
static,20.790000,-0.000000,-0.000001,0.001818,1.453471
static,20.800000,-0.000000,-0.000001,0.001818,0.342773
static,20.810000,-0.000000,-0.000001,0.001818,0.342773
static,20.820000,-0.000000,-0.000001,0.001818,0.183629
static,20.830000,-0.000000,-0.000001,0.001818,0.183629
static,20.840000,-0.000000,-0.000001,0.001818,-0.617995
static,20.850000,-0.000000,-0.000001,0.001818,-0.617995
static,20.860000,-0.000000,-0.000001,0.001818,-0.081577
static,20.870000,-0.000000,-0.000001,0.001818,-0.081577
static,20.880000,-0.000000,-0.000001,0.001818,0.340626
static,20.890000,-0.000000,-0.000001,0.001818,0.340626
static,20.900000,-0.000000,-0.000001,0.001818,0.054877
static,20.910000,-0.000000,-0.000001,0.001818,0.054877
static,20.920000,-0.000000,-0.000001,0.001818,0.177843
static,20.930000,-0.000000,-0.000001,0.001818,0.177843
static,20.940000,-0.000000,-0.000001,0.001818,-0.088825
static,20.950000,-0.000000,-0.000001,0.001818,-0.088825
static,20.960000,-0.000000,-0.000001,0.001818,-0.115372
static,20.970000,-0.000000,-0.000001,0.001818,-0.115372
static,20.980000,-0.000000,-0.000001,0.001818,-0.404418
static,20.990000,-0.000000,-0.000001,0.001818,-0.404418
static,21.000000,-0.000000,-0.000001,0.001818,0.504365
static,21.010000,-0.000000,-0.000001,0.001818,0.504365
static,21.020000,-0.000000,-0.000001,0.001818,-0.474845
static,21.030000,-0.000000,-0.000001,0.001818,-0.474845
static,21.040000,-0.000000,-0.000001,0.001818,-0.146860
static,21.050000,-0.000000,-0.000001,0.001818,-0.146860
static,21.060000,-0.000000,-0.000001,0.001818,-0.038870
static,21.070000,-0.000000,-0.000001,0.001818,-0.038870
static,21.080000,-0.000000,-0.000001,0.001818,0.034046
static,21.090000,-0.000000,-0.000001,0.001818,0.034046
static,21.100000,-0.000000,-0.000001,0.001818,-0.093689
static,21.110000,-0.000000,-0.000001,0.001818,-0.093689
static,21.120000,-0.000000,-0.000001,0.001818,-0.264356
static,21.130000,-0.000000,-0.000001,0.001818,-0.264356
static,21.140000,-0.000000,-0.000001,0.001818,-0.947935
static,21.150000,-0.000000,-0.000001,0.001818,-0.947935
static,21.160000,-0.000000,-0.000001,0.001818,0.407007
static,21.170000,-0.000000,-0.000001,0.001818,0.407007
static,21.180000,-0.000000,-0.000001,0.001818,-0.560551
static,21.190000,-0.000000,-0.000001,0.001818,-0.560551
static,21.200000,-0.000000,-0.000001,0.001818,0.349786
static,21.210000,-0.000000,-0.000001,0.001818,0.349786
static,21.220000,-0.000000,-0.000001,0.001818,-0.795771
static,21.230000,-0.000000,-0.000001,0.001818,-0.795771
static,21.240000,-0.000000,-0.000001,0.001818,-0.358961
static,21.250000,-0.000000,-0.000001,0.001818,-0.358961
static,21.260000,-0.000000,-0.000001,0.001818,0.472172
static,21.270000,-0.000000,-0.000001,0.001818,0.472172
static,21.280000,-0.000000,-0.000001,0.001818,-0.052932
static,21.290000,-0.000000,-0.000001,0.001818,-0.052932
static,21.300000,-0.000000,-0.000001,0.001818,0.182669
static,21.310000,-0.000000,-0.000001,0.001818,0.182669
static,21.320000,-0.000000,-0.000001,0.001818,-0.751486
static,21.330000,-0.000000,-0.000001,0.001818,-0.751486
static,21.340000,-0.000000,-0.000001,0.001818,-0.414959
static,21.350000,-0.000000,-0.000001,0.001818,-0.414959
static,21.360000,-0.000000,-0.000001,0.001818,-0.029829
static,21.370000,-0.000000,-0.000001,0.001818,-0.029829
static,21.380000,-0.000000,-0.000001,0.001818,0.615816
static,21.390000,-0.000000,-0.000001,0.001818,0.615816
static,21.400000,-0.000000,-0.000001,0.001818,0.228331
static,21.410000,-0.000000,-0.000001,0.001818,0.228331
static,21.420000,-0.000000,-0.000001,0.001818,0.314443
static,21.430000,-0.000000,-0.000001,0.001818,0.314443
static,21.440000,-0.000000,-0.000001,0.001818,0.660349
static,21.450000,-0.000000,-0.000001,0.001818,0.660349
static,21.460000,-0.000000,-0.000001,0.001818,0.403656
static,21.470000,-0.000000,-0.000001,0.001818,0.403656
static,21.480000,-0.000000,-0.000001,0.001818,0.312115
static,21.490000,-0.000000,-0.000001,0.001818,0.312115
static,21.500000,-0.000000,-0.000001,0.001818,0.114840
static,21.510000,-0.000000,-0.000001,0.001818,0.114840
static,21.520000,-0.000000,-0.000001,0.001818,-0.503106
static,21.530000,-0.000000,-0.000001,0.001818,-0.503106
static,21.540000,-0.000000,-0.000001,0.001818,0.262809
static,21.550000,-0.000000,-0.000001,0.001818,0.262809
static,21.560000,-0.000000,-0.000001,0.001818,0.719782
static,21.570000,-0.000000,-0.000001,0.001818,0.719782
static,21.580000,-0.000000,-0.000001,0.001818,0.053634
static,21.590000,-0.000000,-0.000001,0.001818,0.053634
static,21.600000,-0.000000,-0.000001,0.001818,-0.067072
static,21.610000,-0.000000,-0.000001,0.001818,-0.067072
static,21.620000,-0.000000,-0.000001,0.001818,0.602766
static,21.630000,-0.000000,-0.000001,0.001818,0.602766
static,21.640000,-0.000000,-0.000001,0.001818,0.207542
static,21.650000,-0.000000,-0.000001,0.001818,0.207542
static,21.660000,-0.000000,-0.000001,0.001818,-0.371647
static,21.670000,-0.000000,-0.000001,0.001818,-0.371647
static,21.680000,-0.000000,-0.000001,0.001818,-0.297803
static,21.690000,-0.000000,-0.000001,0.001818,-0.297803
static,21.700000,-0.000000,-0.000001,0.001818,-0.250727
static,21.710000,-0.000000,-0.000001,0.001818,-0.250727
static,21.720000,-0.000000,-0.000001,0.001818,0.550458
static,21.730000,-0.000000,-0.000001,0.001818,0.550458
static,21.740000,-0.000000,-0.000001,0.001818,-0.426832
static,21.750000,-0.000000,-0.000001,0.001818,-0.426832
static,21.760000,-0.000000,-0.000001,0.001818,-0.412533
static,21.770000,-0.000000,-0.000001,0.001818,-0.412533
static,21.780000,-0.000000,-0.000001,0.001818,0.372482
static,21.790000,-0.000000,-0.000001,0.001818,0.372482
static,21.800000,-0.000000,-0.000001,0.001818,-0.320845
static,21.810000,-0.000000,-0.000001,0.001818,-0.320845
static,21.820000,-0.000000,-0.000001,0.001818,-0.290435
static,21.830000,-0.000000,-0.000001,0.001818,-0.290435
static,21.840000,-0.000000,-0.000001,0.001818,-0.829439
static,21.850000,-0.000000,-0.000001,0.001818,-0.829439
static,21.860000,-0.000000,-0.000001,0.001818,0.194414
static,21.870000,-0.000000,-0.000001,0.001818,0.194414
static,21.880000,-0.000000,-0.000001,0.001818,-0.172802
static,21.890000,-0.000000,-0.000001,0.001818,-0.172802
static,21.900000,-0.000000,-0.000001,0.001818,-0.032636
static,21.910000,-0.000000,-0.000001,0.001818,-0.032636
static,21.920000,-0.000000,-0.000001,0.001818,0.471843
static,21.930000,-0.000000,-0.000001,0.001818,0.471843
static,21.940000,-0.000000,-0.000001,0.001818,0.228400
static,21.950000,-0.000000,-0.000001,0.001818,0.228400
static,21.960000,-0.000000,-0.000001,0.001818,-1.018529
static,21.970000,-0.000000,-0.000001,0.001818,-1.018529
static,21.980000,-0.000000,-0.000001,0.001818,-0.011715
static,21.990000,-0.000000,-0.000001,0.001818,-0.011715
static,22.000000,-0.000000,-0.000001,0.001818,-0.002142
static,22.010000,-0.000000,-0.000001,0.001818,-0.002142
static,22.020000,-0.000000,-0.000001,0.001818,-0.992142
static,22.030000,-0.000000,-0.000001,0.001818,-0.992142
static,22.040000,-0.000000,-0.000001,0.001818,0.024593
static,22.050000,-0.000000,-0.000001,0.001818,0.024593
static,22.060000,-0.000000,-0.000001,0.001818,-0.438527
static,22.070000,-0.000000,-0.000001,0.001818,-0.438527
static,22.080000,-0.000000,-0.000001,0.001818,0.243677
static,22.090000,-0.000000,-0.000001,0.001818,0.243677
static,22.100000,-0.000000,-0.000001,0.001818,0.311011
static,22.110000,-0.000000,-0.000001,0.001818,0.311011
static,22.120000,-0.000000,-0.000001,0.001818,-0.117206
static,22.130000,-0.000000,-0.000001,0.001818,-0.117206
static,22.140000,-0.000000,-0.000001,0.001818,-1.004671
static,22.150000,-0.000000,-0.000001,0.001818,-1.004671
static,22.160000,-0.000000,-0.000001,0.001818,-0.335159
static,22.170000,-0.000000,-0.000001,0.001818,-0.335159
static,22.180000,-0.000000,-0.000001,0.001818,0.057561
static,22.190000,-0.000000,-0.000001,0.001818,0.057561
static,22.200000,-0.000000,-0.000001,0.001818,-0.343988
static,22.210000,-0.000000,-0.000001,0.001818,-0.343988
static,22.220000,-0.000000,-0.000001,0.001818,0.774055
static,22.230000,-0.000000,-0.000001,0.001818,0.774055
static,22.240000,-0.000000,-0.000001,0.001818,0.465351
static,22.250000,-0.000000,-0.000001,0.001818,0.465351
static,22.260000,-0.000000,-0.000001,0.001818,0.887050
static,22.270000,-0.000000,-0.000001,0.001818,0.887050
static,22.280000,-0.000000,-0.000001,0.001818,-0.141007
static,22.290000,-0.000000,-0.000001,0.001818,-0.141007
static,22.300000,-0.000000,-0.000001,0.001818,-1.084234
static,22.310000,-0.000000,-0.000001,0.001818,-1.084234
static,22.320000,-0.000000,-0.000001,0.001818,-0.396823
static,22.330000,-0.000000,-0.000001,0.001818,-0.396823
static,22.340000,-0.000000,-0.000001,0.001818,-0.709880
static,22.350000,-0.000000,-0.000001,0.001818,-0.709880
static,22.360000,-0.000000,-0.000001,0.001818,-0.205950
static,22.370000,-0.000000,-0.000001,0.001818,-0.205950
static,22.380000,-0.000000,-0.000001,0.001818,-0.403821
static,22.390000,-0.000000,-0.000001,0.001818,-0.403821
static,22.400000,-0.000000,-0.000001,0.001818,-0.107674
static,22.410000,-0.000000,-0.000001,0.001818,-0.107674
static,22.420000,-0.000000,-0.000001,0.001818,0.188150
static,22.430000,-0.000000,-0.000001,0.001818,0.188150
static,22.440000,-0.000000,-0.000001,0.001818,0.273561
static,22.450000,-0.000000,-0.000001,0.001818,0.273561
static,22.460000,-0.000000,-0.000001,0.001818,0.708915
static,22.470000,-0.000000,-0.000001,0.001818,0.708915
static,22.480000,-0.000000,-0.000001,0.001818,0.222439
static,22.490000,-0.000000,-0.000001,0.001818,0.222439
static,22.500000,-0.000000,-0.000001,0.001818,0.439165
static,22.510000,-0.000000,-0.000001,0.001818,0.439165
static,22.520000,-0.000000,-0.000001,0.001818,0.114423
static,22.530000,-0.000000,-0.000001,0.001818,0.114423
static,22.540000,-0.000000,-0.000001,0.001818,-0.107034
static,22.550000,-0.000000,-0.000001,0.001818,-0.107034
static,22.560000,-0.000000,-0.000001,0.001818,0.974923
static,22.570000,-0.000000,-0.000001,0.001818,0.974923
static,22.580000,-0.000000,-0.000001,0.001818,-0.035723
static,22.590000,-0.000000,-0.000001,0.001818,-0.035723
static,22.600000,-0.000000,-0.000001,0.001818,0.135258
static,22.610000,-0.000000,-0.000001,0.001818,0.135258
static,22.620000,-0.000000,-0.000001,0.001818,0.571981
static,22.630000,-0.000000,-0.000001,0.001818,0.571981
static,22.640000,-0.000000,-0.000001,0.001818,0.171581
static,22.650000,-0.000000,-0.000001,0.001818,0.171581
static,22.660000,-0.000000,-0.000001,0.001818,0.779772
static,22.670000,-0.000000,-0.000001,0.001818,0.779772
static,22.680000,-0.000000,-0.000001,0.001818,0.496110
static,22.690000,-0.000000,-0.000001,0.001818,0.496110
static,22.700000,-0.000000,-0.000001,0.001818,0.001491
static,22.710000,-0.000000,-0.000001,0.001818,0.001491
static,22.720000,-0.000000,-0.000001,0.001818,-0.676809
static,22.730000,-0.000000,-0.000001,0.001818,-0.676809
static,22.740000,-0.000000,-0.000001,0.001818,0.113338
static,22.750000,-0.000000,-0.000001,0.001818,0.113338
static,22.760000,-0.000000,-0.000001,0.001818,-0.033912
static,22.770000,-0.000000,-0.000001,0.001818,-0.033912
static,22.780000,-0.000000,-0.000001,0.001818,-0.126376
static,22.790000,-0.000000,-0.000001,0.001818,-0.126376
static,22.800000,-0.000000,-0.000001,0.001818,-0.068194
static,22.810000,-0.000000,-0.000001,0.001818,-0.068194
static,22.820000,-0.000000,-0.000001,0.001818,0.035441
static,22.830000,-0.000000,-0.000001,0.001818,0.035441
static,22.840000,-0.000000,-0.000001,0.001818,-0.284154
static,22.850000,-0.000000,-0.000001,0.001818,-0.284154
static,22.860000,-0.000000,-0.000001,0.001818,0.036352
static,22.870000,-0.000000,-0.000001,0.001818,0.036352
static,22.880000,-0.000000,-0.000001,0.001818,-0.110508
static,22.890000,-0.000000,-0.000001,0.001818,-0.110508
static,22.900000,-0.000000,-0.000001,0.001818,-0.840005
static,22.910000,-0.000000,-0.000001,0.001818,-0.840005
static,22.920000,-0.000000,-0.000001,0.001818,0.404100
static,22.930000,-0.000000,-0.000001,0.001818,0.404100
static,22.940000,-0.000000,-0.000001,0.002047,0.770929
static,22.950000,-0.000000,-0.000001,0.002047,0.770929
static,22.960000,-0.000000,-0.000001,0.002047,-1.047867
static,22.970000,-0.000000,-0.000001,0.002047,-1.047867
static,22.980000,-0.000000,-0.000001,0.002047,-0.352146
static,22.990000,-0.000000,-0.000001,0.002047,-0.352146
static,23.000000,-0.000000,-0.000001,0.002047,0.301226
static,23.010000,-0.000000,-0.000001,0.002047,0.301226
static,23.020000,-0.000000,-0.000001,0.002047,0.750795
static,23.030000,-0.000000,-0.000001,0.002047,0.750795
static,23.040000,-0.000000,-0.000001,0.002047,0.176046
static,23.050000,-0.000000,-0.000001,0.002047,0.176046
static,23.060000,-0.000000,-0.000001,0.002047,-0.566361
static,23.070000,-0.000000,-0.000001,0.002047,-0.566361
static,23.080000,-0.000000,-0.000001,0.002047,0.246470
static,23.090000,-0.000000,-0.000001,0.002047,0.246470
static,23.100000,-0.000000,-0.000001,0.002047,0.615663
static,23.110000,-0.000000,-0.000001,0.002047,0.615663
static,23.120000,-0.000000,-0.000001,0.002047,0.117416
static,23.130000,-0.000000,-0.000001,0.002047,0.117416
static,23.140000,-0.000000,-0.000001,0.002047,-0.351474
static,23.150000,-0.000000,-0.000001,0.002047,-0.351474
static,23.160000,-0.000000,-0.000001,0.002047,-0.088398
static,23.170000,-0.000000,-0.000001,0.002047,-0.088398
static,23.180000,-0.000000,-0.000001,0.002047,0.173785
static,23.190000,-0.000000,-0.000001,0.002047,0.173785
static,23.200000,-0.000000,-0.000001,0.002047,-0.450491
static,23.210000,-0.000000,-0.000001,0.002047,-0.450491
static,23.220000,-0.000000,-0.000001,0.002047,-0.622028
static,23.230000,-0.000000,-0.000001,0.002047,-0.622028
static,23.240000,-0.000000,-0.000001,0.002047,0.382227
static,23.250000,-0.000000,-0.000001,0.002047,0.382227
static,23.260000,-0.000000,-0.000001,0.002047,0.880165
static,23.270000,-0.000000,-0.000001,0.002047,0.880165
static,23.280000,-0.000000,-0.000001,0.002047,-0.601271
static,23.290000,-0.000000,-0.000001,0.002047,-0.601271
static,23.300000,-0.000000,-0.000001,0.002047,0.618493
static,23.310000,-0.000000,-0.000001,0.002047,0.618493
static,23.320000,-0.000000,-0.000001,0.002047,-0.172416
static,23.330000,-0.000000,-0.000001,0.002047,-0.172416
static,23.340000,-0.000000,-0.000001,0.002047,0.281574
static,23.350000,-0.000000,-0.000001,0.002047,0.281574
static,23.360000,-0.000000,-0.000001,0.002047,0.081619
static,23.370000,-0.000000,-0.000001,0.002047,0.081619
static,23.380000,-0.000000,-0.000001,0.002047,0.859271
static,23.390000,-0.000000,-0.000001,0.002047,0.859271
static,23.400000,-0.000000,-0.000001,0.002047,0.090991
static,23.410000,-0.000000,-0.000001,0.002047,0.090991
static,23.420000,-0.000000,-0.000001,0.002047,0.026016
static,23.430000,-0.000000,-0.000001,0.002047,0.026016
static,23.440000,-0.000000,-0.000001,0.002047,0.831845
static,23.450000,-0.000000,-0.000001,0.002047,0.831845
static,23.460000,-0.000000,-0.000001,0.002047,0.151901
static,23.470000,-0.000000,-0.000001,0.002047,0.151901
static,23.480000,-0.000000,-0.000001,0.002047,0.058139
static,23.490000,-0.000000,-0.000001,0.002047,0.058139
static,23.500000,-0.000000,-0.000001,0.002047,0.151958
static,23.510000,-0.000000,-0.000001,0.002047,0.151958
static,23.520000,-0.000000,-0.000001,0.002047,0.002220
static,23.530000,-0.000000,-0.000001,0.002047,0.002220
static,23.540000,-0.000000,-0.000001,0.002047,-0.554270
static,23.550000,-0.000000,-0.000001,0.002047,-0.554270
static,23.560000,-0.000000,-0.000001,0.002047,0.168770
static,23.570000,-0.000000,-0.000001,0.002047,0.168770
static,23.580000,-0.000000,-0.000001,0.002047,0.745567
static,23.590000,-0.000000,-0.000001,0.002047,0.745567
static,23.600000,-0.000000,-0.000001,0.002047,0.542022
static,23.610000,-0.000000,-0.000001,0.002047,0.542022
static,23.620000,-0.000000,-0.000001,0.002047,0.722241
static,23.630000,-0.000000,-0.000001,0.002047,0.722241
static,23.640000,-0.000000,-0.000001,0.002047,0.749881
static,23.650000,-0.000000,-0.000001,0.002047,0.749881
static,23.660000,-0.000000,-0.000001,0.002047,0.618146
static,23.670000,-0.000000,-0.000001,0.002047,0.618146
static,23.680000,-0.000000,-0.000001,0.002047,0.527513
static,23.690000,-0.000000,-0.000001,0.002047,0.527513
static,23.700000,-0.000000,-0.000001,0.002047,0.079941
static,23.710000,-0.000000,-0.000001,0.002047,0.079941
static,23.720000,-0.000000,-0.000001,0.002047,0.048730
static,23.730000,-0.000000,-0.000001,0.002047,0.048730
static,23.740000,-0.000000,-0.000001,0.002047,0.223331
static,23.750000,-0.000000,-0.000001,0.002047,0.223331
static,23.760000,-0.000000,-0.000001,0.002047,0.343318
static,23.770000,-0.000000,-0.000001,0.002047,0.343318
static,23.780000,-0.000000,-0.000001,0.002047,-0.159333
static,23.790000,-0.000000,-0.000001,0.002047,-0.159333
static,23.800000,-0.000000,-0.000001,0.002047,0.387230
static,23.810000,-0.000000,-0.000001,0.002047,0.387230
static,23.820000,-0.000000,-0.000001,0.002047,0.289159
static,23.830000,-0.000000,-0.000001,0.002047,0.289159
static,23.840000,-0.000000,-0.000001,0.002047,0.084867
static,23.850000,-0.000000,-0.000001,0.002047,0.084867
static,23.860000,-0.000000,-0.000001,0.002047,1.279799
static,23.870000,-0.000000,-0.000001,0.002047,1.279799
static,23.880000,-0.000000,-0.000001,0.002047,-0.469073
static,23.890000,-0.000000,-0.000001,0.002047,-0.469073
static,23.900000,-0.000000,-0.000001,0.002047,0.711280
static,23.910000,-0.000000,-0.000001,0.002047,0.711280
static,23.920000,-0.000000,-0.000001,0.002047,0.035790
static,23.930000,-0.000000,-0.000001,0.002047,0.035790
static,23.940000,-0.000000,-0.000001,0.002047,0.328476
static,23.950000,-0.000000,-0.000001,0.002047,0.328476
static,23.960000,-0.000000,-0.000001,0.002047,0.186983
static,23.970000,-0.000000,-0.000001,0.002047,0.186983
static,23.980000,-0.000000,-0.000001,0.002047,-0.276436
static,23.990000,-0.000000,-0.000001,0.002047,-0.276436
static,24.000000,-0.000000,-0.000001,0.002047,0.113974
static,24.010000,-0.000000,-0.000001,0.002047,0.113974
static,24.020000,-0.000000,-0.000001,0.002047,-0.502319
static,24.030000,-0.000000,-0.000001,0.002047,-0.502319
static,24.040000,-0.000000,-0.000001,0.002047,0.778371
static,24.050000,-0.000000,-0.000001,0.002047,0.778371
static,24.060000,-0.000000,-0.000001,0.002047,-0.038313
static,24.070000,-0.000000,-0.000001,0.002047,-0.038313
static,24.080000,-0.000000,-0.000001,0.002047,0.344140
static,24.090000,-0.000000,-0.000001,0.002047,0.344140
static,24.100000,-0.000000,-0.000001,0.002047,0.239373
static,24.110000,-0.000000,-0.000001,0.002047,0.239373
static,24.120000,-0.000000,-0.000001,0.002047,0.095192
static,24.130000,-0.000000,-0.000001,0.002047,0.095192
static,24.140000,-0.000000,-0.000001,0.002047,0.175489
static,24.150000,-0.000000,-0.000001,0.002047,0.175489
static,24.160000,-0.000000,-0.000001,0.002047,0.327860
static,24.170000,-0.000000,-0.000001,0.002047,0.327860
static,24.180000,-0.000000,-0.000001,0.002047,-0.213545
static,24.190000,-0.000000,-0.000001,0.002047,-0.213545
static,24.200000,-0.000000,-0.000001,0.002047,0.021342
static,24.210000,-0.000000,-0.000001,0.002047,0.021342
static,24.220000,-0.000000,-0.000001,0.002047,-0.081780
static,24.230000,-0.000000,-0.000001,0.002047,-0.081780
static,24.240000,-0.000000,-0.000001,0.002047,-0.276602
static,24.250000,-0.000000,-0.000001,0.002047,-0.276602
static,24.260000,-0.000000,-0.000001,0.002047,-0.025729
static,24.270000,-0.000000,-0.000001,0.002047,-0.025729
static,24.280000,-0.000000,-0.000001,0.002047,0.420634
static,24.290000,-0.000000,-0.000001,0.002047,0.420634
static,24.300000,-0.000000,-0.000001,0.002047,0.677313
static,24.310000,-0.000000,-0.000001,0.002047,0.677313
static,24.320000,-0.000000,-0.000001,0.002047,0.507878
static,24.330000,-0.000000,-0.000001,0.002047,0.507878
static,24.340000,-0.000000,-0.000001,0.002047,0.089557
static,24.350000,-0.000000,-0.000001,0.002047,0.089557
static,24.360000,-0.000000,-0.000001,0.002047,0.225235
static,24.370000,-0.000000,-0.000001,0.002047,0.225235
static,24.380000,-0.000000,-0.000001,0.002047,-0.497771
static,24.390000,-0.000000,-0.000001,0.002047,-0.497771
static,24.400000,-0.000000,-0.000001,0.002047,-0.063465
static,24.410000,-0.000000,-0.000001,0.002047,-0.063465
static,24.420000,-0.000000,-0.000001,0.002047,0.115212
static,24.430000,-0.000000,-0.000001,0.002047,0.115212
static,24.440000,-0.000000,-0.000001,0.002047,0.236184
static,24.450000,-0.000000,-0.000001,0.002047,0.236184
static,24.460000,-0.000000,-0.000001,0.002047,0.019475
static,24.470000,-0.000000,-0.000001,0.002047,0.019475
static,24.480000,-0.000000,-0.000001,0.002047,0.193062
static,24.490000,-0.000000,-0.000001,0.002047,0.193062
static,24.500000,-0.000000,-0.000001,0.002047,0.256457
static,24.510000,-0.000000,-0.000001,0.002047,0.256457
static,24.520000,-0.000000,-0.000001,0.002047,-0.576786
static,24.530000,-0.000000,-0.000001,0.002047,-0.576786
static,24.540000,-0.000000,-0.000001,0.002047,0.317616
static,24.550000,-0.000000,-0.000001,0.002047,0.317616
static,24.560000,-0.000000,-0.000001,0.002047,-0.955016
static,24.570000,-0.000000,-0.000001,0.002047,-0.955016
static,24.580000,-0.000000,-0.000001,0.002047,1.019915
static,24.590000,-0.000000,-0.000001,0.002047,1.019915
static,24.600000,-0.000000,-0.000001,0.002047,-0.078814
static,24.610000,-0.000000,-0.000001,0.002047,-0.078814
static,24.620000,-0.000000,-0.000001,0.002047,0.284655
static,24.630000,-0.000000,-0.000001,0.002047,0.284655
static,24.640000,-0.000000,-0.000001,0.002047,0.323343
static,24.650000,-0.000000,-0.000001,0.002047,0.323343
static,24.660000,-0.000000,-0.000001,0.002047,0.548658
static,24.670000,-0.000000,-0.000001,0.002047,0.548658
static,24.680000,-0.000000,-0.000001,0.002047,-0.089363
static,24.690000,-0.000000,-0.000001,0.002047,-0.089363
static,24.700000,-0.000000,-0.000001,0.002047,0.358108
static,24.710000,-0.000000,-0.000001,0.002047,0.358108
static,24.720000,-0.000000,-0.000001,0.002047,0.923823
static,24.730000,-0.000000,-0.000001,0.002047,0.923823
static,24.740000,-0.000000,-0.000001,0.002047,0.417139
static,24.750000,-0.000000,-0.000001,0.002047,0.417139
static,24.760000,-0.000000,-0.000001,0.002047,-0.114742
static,24.770000,-0.000000,-0.000001,0.002047,-0.114742
static,24.780000,-0.000000,-0.000001,0.002047,0.358252
static,24.790000,-0.000000,-0.000001,0.002047,0.358252
static,24.800000,-0.000000,-0.000001,0.002047,0.783067
static,24.810000,-0.000000,-0.000001,0.002047,0.783067
static,24.820000,-0.000000,-0.000001,0.002047,0.002767
static,24.830000,-0.000000,-0.000001,0.002047,0.002767
static,24.840000,-0.000000,-0.000001,0.002047,-0.218535
static,24.850000,-0.000000,-0.000001,0.002047,-0.218535
static,24.860000,-0.000000,-0.000001,0.002047,-0.032004
static,24.870000,-0.000000,-0.000001,0.002047,-0.032004
static,24.880000,-0.000000,-0.000001,0.002047,0.476636
static,24.890000,-0.000000,-0.000001,0.002047,0.476636
static,24.900000,-0.000000,-0.000001,0.002047,0.784939
static,24.910000,-0.000000,-0.000001,0.002047,0.784939
static,24.920000,-0.000000,-0.000001,0.002047,-0.865473
static,24.930000,-0.000000,-0.000001,0.002047,-0.865473
static,24.940000,-0.000000,-0.000001,0.002047,-0.299269
static,24.950000,-0.000000,-0.000001,0.002047,-0.299269
static,24.960000,-0.000000,-0.000001,0.002047,-0.673434
static,24.970000,-0.000000,-0.000001,0.002047,-0.673434
static,24.980000,-0.000000,-0.000001,0.002047,-0.397419
static,24.990000,-0.000000,-0.000001,0.002047,-0.397419
static,25.000000,-0.000000,-0.000001,0.002047,0.964181
static,25.010000,-0.000000,-0.000001,0.002047,0.964181
static,25.020000,-0.000000,-0.000001,0.002047,0.275676
static,25.030000,-0.000000,-0.000001,0.002047,0.275676
static,25.040000,-0.000000,-0.000001,0.002047,0.133145
static,25.050000,-0.000000,-0.000001,0.002047,0.133145
static,25.060000,-0.000000,-0.000001,0.002047,-0.080560
static,25.070000,-0.000000,-0.000001,0.002047,-0.080560
static,25.080000,-0.000000,-0.000001,0.002047,-0.788588
static,25.090000,-0.000000,-0.000001,0.002047,-0.788588
static,25.100000,-0.000000,-0.000001,0.002047,0.474015
static,25.110000,-0.000000,-0.000001,0.002047,0.474015
static,25.120000,-0.000000,-0.000001,0.002047,-0.371209
static,25.130000,-0.000000,-0.000001,0.002047,-0.371209
static,25.140000,-0.000000,-0.000001,0.002047,0.322374
static,25.150000,-0.000000,-0.000001,0.002047,0.322374
static,25.160000,-0.000000,-0.000001,0.002047,0.481274
static,25.170000,-0.000000,-0.000001,0.002047,0.481274
static,25.180000,-0.000000,-0.000001,0.002047,0.245858
static,25.190000,-0.000000,-0.000001,0.002047,0.245858
static,25.200000,-0.000000,-0.000001,0.002047,-0.379037
static,25.210000,-0.000000,-0.000001,0.002047,-0.379037
static,25.220000,-0.000000,-0.000001,0.002047,0.344759
static,25.230000,-0.000000,-0.000001,0.002047,0.344759
static,25.240000,-0.000000,-0.000001,0.002047,0.386819
static,25.250000,-0.000000,-0.000001,0.002047,0.386819
static,25.260000,-0.000000,-0.000001,0.002047,0.368010
static,25.270000,-0.000000,-0.000001,0.002047,0.368010
static,25.280000,-0.000000,-0.000001,0.002047,-0.615584
static,25.290000,-0.000000,-0.000001,0.002047,-0.615584
static,25.300000,-0.000000,-0.000001,0.002047,0.515734
static,25.310000,-0.000000,-0.000001,0.002047,0.515734
static,25.320000,-0.000000,-0.000001,0.002047,-1.272263
static,25.330000,-0.000000,-0.000001,0.002276,-1.272263
static,25.340000,-0.000000,-0.000001,0.002276,0.571840
static,25.350000,-0.000000,-0.000001,0.002276,0.571840
static,25.360000,-0.000000,-0.000001,0.002276,-0.032399
static,25.370000,-0.000000,-0.000001,0.002276,-0.032399
static,25.380000,-0.000000,-0.000001,0.002276,0.691492
static,25.390000,-0.000000,-0.000001,0.002276,0.691492
static,25.400000,-0.000000,-0.000001,0.002276,-0.270695
static,25.410000,-0.000000,-0.000001,0.002276,-0.270695
static,25.420000,-0.000000,-0.000001,0.002276,-0.083389
static,25.430000,-0.000000,-0.000001,0.002276,-0.083389
static,25.440000,-0.000000,-0.000001,0.002276,0.150584
static,25.450000,-0.000000,-0.000001,0.002276,0.150584
static,25.460000,-0.000000,-0.000001,0.002276,0.859497
static,25.470000,-0.000000,-0.000001,0.002276,0.859497
static,25.480000,-0.000000,-0.000001,0.002276,-1.363373
static,25.490000,-0.000000,-0.000001,0.002276,-1.363373
static,25.500000,-0.000000,-0.000001,0.002276,0.626338
static,25.510000,-0.000000,-0.000001,0.002276,0.626338
static,25.520000,-0.000000,-0.000001,0.002276,0.222923
static,25.530000,-0.000000,-0.000001,0.002276,0.222923
static,25.540000,-0.000000,-0.000001,0.002276,-0.045274
static,25.550000,-0.000000,-0.000001,0.002276,-0.045274
static,25.560000,-0.000000,-0.000001,0.002276,0.257092
static,25.570000,-0.000000,-0.000001,0.002276,0.257092
static,25.580000,-0.000000,-0.000001,0.002276,0.663490
static,25.590000,-0.000000,-0.000001,0.002276,0.663490
static,25.600000,-0.000000,-0.000001,0.002276,0.608394
static,25.610000,-0.000000,-0.000001,0.002276,0.608394
static,25.620000,-0.000000,-0.000001,0.002276,-0.703024
static,25.630000,-0.000000,-0.000001,0.002276,-0.703024
static,25.640000,-0.000000,-0.000001,0.002276,-0.397680
static,25.650000,-0.000000,-0.000001,0.002276,-0.397680
static,25.660000,-0.000000,-0.000001,0.002276,0.321097
static,25.670000,-0.000000,-0.000001,0.002276,0.321097
static,25.680000,-0.000000,-0.000001,0.002276,-0.161390
static,25.690000,-0.000000,-0.000001,0.002276,-0.161390
static,25.700000,-0.000000,-0.000001,0.002276,0.333826
static,25.710000,-0.000000,-0.000001,0.002276,0.333826
static,25.720000,-0.000000,-0.000001,0.002276,-1.248517
static,25.730000,-0.000000,-0.000001,0.002276,-1.248517
static,25.740000,-0.000000,-0.000001,0.002276,-0.012932
static,25.750000,-0.000000,-0.000001,0.002276,-0.012932
static,25.760000,-0.000000,-0.000001,0.002276,-0.017732
static,25.770000,-0.000000,-0.000001,0.002276,-0.017732
static,25.780000,-0.000000,-0.000001,0.002276,0.678057
static,25.790000,-0.000000,-0.000001,0.002276,0.678057
static,25.800000,-0.000000,-0.000001,0.002276,-0.219259
static,25.810000,-0.000000,-0.000001,0.002276,-0.219259
static,25.820000,-0.000000,-0.000001,0.002276,0.114247
static,25.830000,-0.000000,-0.000001,0.002276,0.114247
static,25.840000,-0.000000,-0.000001,0.002276,-0.227291
static,25.850000,-0.000000,-0.000001,0.002276,-0.227291
static,25.860000,-0.000000,-0.000001,0.002276,-0.587251
static,25.870000,-0.000000,-0.000001,0.002276,-0.587251
static,25.880000,-0.000000,-0.000001,0.002276,1.015648
static,25.890000,-0.000000,-0.000001,0.002276,1.015648
static,25.900000,-0.000000,-0.000001,0.002276,0.575013
static,25.910000,-0.000000,-0.000001,0.002276,0.575013
static,25.920000,-0.000000,-0.000001,0.002276,-0.974592
static,25.930000,-0.000000,-0.000001,0.002276,-0.974592
static,25.940000,-0.000000,-0.000001,0.002276,0.310336
static,25.950000,-0.000000,-0.000001,0.002276,0.310336
static,25.960000,-0.000000,-0.000001,0.002276,-0.713549
static,25.970000,-0.000000,-0.000001,0.002276,-0.713549
static,25.980000,-0.000000,-0.000001,0.002276,0.111898
static,25.990000,-0.000000,-0.000001,0.002276,0.111898
static,26.000000,-0.000000,-0.000001,0.002276,-0.519150
static,26.010000,-0.000000,-0.000001,0.002276,-0.519150
static,26.020000,-0.000000,-0.000001,0.002276,-0.441996
static,26.030000,-0.000000,-0.000001,0.002276,-0.441996
static,26.040000,-0.000000,-0.000001,0.002276,0.034534
static,26.050000,-0.000000,-0.000001,0.002276,0.034534
static,26.060000,-0.000000,-0.000001,0.002276,0.251595
static,26.070000,-0.000000,-0.000001,0.002276,0.251595
static,26.080000,-0.000000,-0.000001,0.002276,-0.306858
static,26.090000,-0.000000,-0.000001,0.002276,-0.306858
static,26.100000,-0.000000,-0.000001,0.002276,0.125295
static,26.110000,-0.000000,-0.000001,0.002276,0.125295
static,26.120000,-0.000000,-0.000001,0.002276,0.288001
static,26.130000,-0.000000,-0.000001,0.002276,0.288001
static,26.140000,-0.000000,-0.000001,0.002276,-0.469554
static,26.150000,-0.000000,-0.000001,0.002276,-0.469554
static,26.160000,-0.000000,-0.000001,0.002276,0.273644
static,26.170000,-0.000000,-0.000001,0.002276,0.273644
static,26.180000,-0.000000,-0.000001,0.002276,0.863503
static,26.190000,-0.000000,-0.000001,0.002276,0.863503
static,26.200000,-0.000000,-0.000001,0.002276,0.519073
static,26.210000,-0.000000,-0.000001,0.002276,0.519073
static,26.220000,-0.000000,-0.000001,0.002276,0.821677
static,26.230000,-0.000000,-0.000001,0.002276,0.821677
static,26.240000,-0.000000,-0.000001,0.002276,-0.025506
static,26.250000,-0.000000,-0.000001,0.002276,-0.025506
static,26.260000,-0.000000,-0.000001,0.002276,0.299541
static,26.270000,-0.000000,-0.000001,0.002276,0.299541
static,26.280000,-0.000000,-0.000001,0.002276,-0.392876
static,26.290000,-0.000000,-0.000001,0.002276,-0.392876
static,26.300000,-0.000000,-0.000001,0.002276,-0.068538
static,26.310000,-0.000000,-0.000001,0.002276,-0.068538
static,26.320000,-0.000000,-0.000001,0.002276,0.040452
static,26.330000,-0.000000,-0.000001,0.002276,0.040452
static,26.340000,-0.000000,-0.000001,0.002276,-0.805109
static,26.350000,-0.000000,-0.000001,0.002276,-0.805109
static,26.360000,-0.000000,-0.000001,0.002276,0.140182
static,26.370000,-0.000000,-0.000001,0.002276,0.140182
static,26.380000,-0.000000,-0.000001,0.002276,0.030763
static,26.390000,-0.000000,-0.000001,0.002276,0.030763
static,26.400000,-0.000000,-0.000001,0.002276,0.010665
static,26.410000,-0.000000,-0.000001,0.002276,0.010665
static,26.420000,-0.000000,-0.000001,0.002276,0.026662
static,26.430000,-0.000000,-0.000001,0.002276,0.026662
static,26.440000,-0.000000,-0.000001,0.002276,-0.027531
static,26.450000,-0.000000,-0.000001,0.002276,-0.027531
static,26.460000,-0.000000,-0.000001,0.002276,-0.598518
static,26.470000,-0.000000,-0.000001,0.002276,-0.598518
static,26.480000,-0.000000,-0.000001,0.002276,0.106111
static,26.490000,-0.000000,-0.000001,0.002276,0.106111
static,26.500000,-0.000000,-0.000001,0.002276,0.159673
static,26.510000,-0.000000,-0.000001,0.002276,0.159673
static,26.520000,-0.000000,-0.000001,0.002276,-0.827035
static,26.530000,-0.000000,-0.000001,0.002276,-0.827035
static,26.540000,-0.000000,-0.000001,0.002276,-0.321864
static,26.550000,-0.000000,-0.000001,0.002276,-0.321864
static,26.560000,-0.000000,-0.000001,0.002276,-0.117998
static,26.570000,-0.000000,-0.000001,0.002276,-0.117998
static,26.580000,-0.000000,-0.000001,0.002276,0.110601
static,26.590000,-0.000000,-0.000001,0.002276,0.110601
static,26.600000,-0.000000,-0.000001,0.002276,-0.986307
static,26.610000,-0.000000,-0.000001,0.002276,-0.986307
static,26.620000,-0.000000,-0.000001,0.002276,0.067817
static,26.630000,-0.000000,-0.000001,0.002276,0.067817
static,26.640000,-0.000000,-0.000001,0.002276,0.525136
static,26.650000,-0.000000,-0.000001,0.002276,0.525136
static,26.660000,-0.000000,-0.000001,0.002276,1.402574
static,26.670000,-0.000000,-0.000001,0.002276,1.402574
static,26.680000,-0.000000,-0.000001,0.002276,-0.182924
static,26.690000,-0.000000,-0.000001,0.002276,-0.182924
static,26.700000,-0.000000,-0.000001,0.002276,-0.336084
static,26.710000,-0.000000,-0.000001,0.002276,-0.336084
static,26.720000,-0.000000,-0.000001,0.002276,0.051451
static,26.730000,-0.000000,-0.000001,0.002276,0.051451
static,26.740000,-0.000000,-0.000001,0.002276,-0.403909
static,26.750000,-0.000000,-0.000001,0.002276,-0.403909
static,26.760000,-0.000000,-0.000001,0.002276,-0.240230
static,26.770000,-0.000000,-0.000001,0.002276,-0.240230
static,26.780000,-0.000000,-0.000001,0.002276,-0.075917
static,26.790000,-0.000000,-0.000001,0.002276,-0.075917
static,26.800000,-0.000000,-0.000001,0.002276,-0.098376
static,26.810000,-0.000000,-0.000001,0.002276,-0.098376
static,26.820000,-0.000000,-0.000001,0.002276,0.025589
static,26.830000,-0.000000,-0.000001,0.002276,0.025589
static,26.840000,-0.000000,-0.000001,0.002276,-0.870275
static,26.850000,-0.000000,-0.000001,0.002276,-0.870275
static,26.860000,-0.000000,-0.000001,0.002276,-0.013047
static,26.870000,-0.000000,-0.000001,0.002276,-0.013047
static,26.880000,-0.000000,-0.000001,0.002276,0.330349
static,26.890000,-0.000000,-0.000001,0.002276,0.330349
static,26.900000,-0.000000,-0.000001,0.002276,-0.128416
static,26.910000,-0.000000,-0.000001,0.002276,-0.128416
static,26.920000,-0.000000,-0.000001,0.002276,0.029039
static,26.930000,-0.000000,-0.000001,0.002276,0.029039
static,26.940000,-0.000000,-0.000001,0.002276,-0.123548
static,26.950000,-0.000000,-0.000001,0.002276,-0.123548
static,26.960000,-0.000000,-0.000001,0.002276,0.107116
static,26.970000,-0.000000,-0.000001,0.002276,0.107116
static,26.980000,-0.000000,-0.000001,0.002276,0.996246
static,26.990000,-0.000000,-0.000001,0.002276,0.996246
static,27.000000,-0.000000,-0.000001,0.002276,0.016512
static,27.010000,-0.000000,-0.000001,0.002276,0.016512
static,27.020000,-0.000000,-0.000001,0.002276,-0.112397
static,27.030000,-0.000000,-0.000001,0.002276,-0.112397
static,27.040000,-0.000000,-0.000001,0.002276,-0.784110
static,27.050000,-0.000000,-0.000001,0.002276,-0.784110
static,27.060000,-0.000000,-0.000001,0.002276,-0.315604
static,27.070000,-0.000000,-0.000001,0.002276,-0.315604
static,27.080000,-0.000000,-0.000001,0.002276,-0.227931
static,27.090000,-0.000000,-0.000001,0.002276,-0.227931
static,27.100000,-0.000000,-0.000001,0.002276,0.613941
static,27.110000,-0.000000,-0.000001,0.002276,0.613941
static,27.120000,-0.000000,-0.000001,0.002276,0.481877
static,27.130000,-0.000000,-0.000001,0.002276,0.481877
static,27.140000,-0.000000,-0.000001,0.002276,0.109133
static,27.150000,-0.000000,-0.000001,0.002276,0.109133
static,27.160000,-0.000000,-0.000001,0.002276,-0.495615
static,27.170000,-0.000000,-0.000001,0.002276,-0.495615
static,27.180000,-0.000000,-0.000001,0.002276,0.503650
static,27.190000,-0.000000,-0.000001,0.002276,0.503650
static,27.200000,-0.000000,-0.000001,0.002276,0.351716
static,27.210000,-0.000000,-0.000001,0.002276,0.351716
static,27.220000,-0.000000,-0.000001,0.002276,0.505260
static,27.230000,-0.000000,-0.000001,0.002276,0.505260
static,27.240000,-0.000000,-0.000001,0.002276,-0.121214
static,27.250000,-0.000000,-0.000001,0.002276,-0.121214
static,27.260000,-0.000000,-0.000001,0.002276,-0.183137
static,27.270000,-0.000000,-0.000001,0.002276,-0.183137
static,27.280000,-0.000000,-0.000001,0.002276,0.448583
static,27.290000,-0.000000,-0.000001,0.002276,0.448583
static,27.300000,-0.000000,-0.000001,0.002276,0.593489
static,27.310000,-0.000000,-0.000001,0.002276,0.593489
static,27.320000,-0.000000,-0.000001,0.002276,-0.328450
static,27.330000,-0.000000,-0.000001,0.002276,-0.328450
static,27.340000,-0.000000,-0.000001,0.002276,0.047003
static,27.350000,-0.000000,-0.000001,0.002276,0.047003
static,27.360000,-0.000000,-0.000001,0.002276,0.169667
static,27.370000,-0.000000,-0.000001,0.002276,0.169667
static,27.380000,-0.000000,-0.000001,0.002276,0.555617
static,27.390000,-0.000000,-0.000001,0.002276,0.555617
static,27.400000,-0.000000,-0.000001,0.002276,0.639544
static,27.410000,-0.000000,-0.000001,0.002276,0.639544
static,27.420000,-0.000000,-0.000001,0.002276,1.003060
static,27.430000,-0.000000,-0.000001,0.002276,1.003060
static,27.440000,-0.000000,-0.000001,0.002276,0.053829
static,27.450000,-0.000000,-0.000001,0.002276,0.053829
static,27.460000,-0.000000,-0.000001,0.002276,-0.609561
static,27.470000,-0.000000,-0.000001,0.002276,-0.609561
static,27.480000,-0.000000,-0.000001,0.002276,-0.314307
static,27.490000,-0.000000,-0.000001,0.002276,-0.314307
static,27.500000,-0.000000,-0.000001,0.002276,-0.170214
static,27.510000,-0.000000,-0.000001,0.002276,-0.170214
static,27.520000,-0.000000,-0.000001,0.002276,-0.325746
static,27.530000,-0.000000,-0.000001,0.002276,-0.325746
static,27.540000,-0.000000,-0.000001,0.002276,0.591507
static,27.550000,-0.000000,-0.000001,0.002276,0.591507
static,27.560000,-0.000000,-0.000001,0.002276,-0.778754
static,27.570000,-0.000000,-0.000001,0.002276,-0.778754
static,27.580000,-0.000000,-0.000001,0.002276,-0.316748
static,27.590000,-0.000000,-0.000001,0.002276,-0.316748
static,27.600000,-0.000000,-0.000001,0.002276,-0.552142
static,27.610000,-0.000000,-0.000001,0.002276,-0.552142
static,27.620000,-0.000000,-0.000001,0.002276,0.508426
static,27.630000,-0.000000,-0.000001,0.002276,0.508426
static,27.640000,-0.000000,-0.000001,0.002276,0.491144
static,27.650000,-0.000000,-0.000001,0.002276,0.491144
static,27.660000,-0.000000,-0.000001,0.002276,-0.620554
static,27.670000,-0.000000,-0.000001,0.002276,-0.620554
static,27.680000,-0.000000,-0.000001,0.002276,0.122104
static,27.690000,-0.000000,-0.000001,0.002276,0.122104
static,27.700000,-0.000000,-0.000001,0.002276,0.421297
static,27.710000,-0.000000,-0.000001,0.002276,0.421297
static,27.720000,-0.000000,-0.000001,0.002505,-0.344182
static,27.730000,-0.000000,-0.000001,0.002505,-0.344182
static,27.740000,-0.000000,-0.000001,0.002505,-0.237647
static,27.750000,-0.000000,-0.000001,0.002505,-0.237647
static,27.760000,-0.000000,-0.000001,0.002505,0.016803
static,27.770000,-0.000000,-0.000001,0.002505,0.016803
static,27.780000,-0.000000,-0.000001,0.002505,-0.426968
static,27.790000,-0.000000,-0.000001,0.002505,-0.426968
static,27.800000,-0.000000,-0.000001,0.002505,0.400813
static,27.810000,-0.000000,-0.000001,0.002505,0.400813
static,27.820000,-0.000000,-0.000001,0.002505,-0.178885
static,27.830000,-0.000000,-0.000001,0.002505,-0.178885
static,27.840000,-0.000000,-0.000001,0.002505,0.353425
static,27.850000,-0.000000,-0.000001,0.002505,0.353425
static,27.860000,-0.000000,-0.000001,0.002505,-0.000969
static,27.870000,-0.000000,-0.000001,0.002505,-0.000969
static,27.880000,-0.000000,-0.000001,0.002505,-0.056159
static,27.890000,-0.000000,-0.000001,0.002505,-0.056159
static,27.900000,-0.000000,-0.000001,0.002505,1.028227
static,27.910000,-0.000000,-0.000001,0.002505,1.028227
static,27.920000,-0.000000,-0.000001,0.002505,0.549653
static,27.930000,-0.000000,-0.000001,0.002505,0.549653
static,27.940000,-0.000000,-0.000001,0.002505,-0.068562
static,27.950000,-0.000000,-0.000001,0.002505,-0.068562
static,27.960000,-0.000000,-0.000001,0.002505,-0.462827
static,27.970000,-0.000000,-0.000001,0.002505,-0.462827
static,27.980000,-0.000000,-0.000001,0.002505,0.642113
static,27.990000,-0.000000,-0.000001,0.002505,0.642113
static,28.000000,-0.000000,-0.000001,0.002505,-0.498442
static,28.010000,-0.000000,-0.000001,0.002505,-0.498442
static,28.020000,-0.000000,-0.000001,0.002505,0.353438
static,28.030000,-0.000000,-0.000001,0.002505,0.353438
static,28.040000,-0.000000,-0.000001,0.002505,-0.519085
static,28.050000,-0.000000,-0.000001,0.002505,-0.519085
static,28.060000,-0.000000,-0.000001,0.002505,-0.126233
static,28.070000,-0.000000,-0.000001,0.002505,-0.126233
static,28.080000,-0.000000,-0.000001,0.002505,0.070130
static,28.090000,-0.000000,-0.000001,0.002505,0.070130
static,28.100000,-0.000000,-0.000001,0.002505,-0.407221
static,28.110000,-0.000000,-0.000001,0.002505,-0.407221
static,28.120000,-0.000000,-0.000001,0.002505,-0.408516
static,28.130000,-0.000000,-0.000001,0.002505,-0.408516
static,28.140000,-0.000000,-0.000001,0.002505,0.193168
static,28.150000,-0.000000,-0.000001,0.002505,0.193168
static,28.160000,-0.000000,-0.000001,0.002505,-0.249227
static,28.170000,-0.000000,-0.000001,0.002505,-0.249227
static,28.180000,-0.000000,-0.000001,0.002505,-0.178413
static,28.190000,-0.000000,-0.000001,0.002505,-0.178413
static,28.200000,-0.000000,-0.000001,0.002505,0.596631
static,28.210000,-0.000000,-0.000001,0.002505,0.596631
static,28.220000,-0.000000,-0.000001,0.002505,0.363622
static,28.230000,-0.000000,-0.000001,0.002505,0.363622
static,28.240000,-0.000000,-0.000001,0.002505,1.010867
static,28.250000,-0.000000,-0.000001,0.002505,1.010867
static,28.260000,-0.000000,-0.000001,0.002505,-0.398396
static,28.270000,-0.000000,-0.000001,0.002505,-0.398396
static,28.280000,-0.000000,-0.000001,0.002505,-0.614029
static,28.290000,-0.000000,-0.000001,0.002505,-0.614029
static,28.300000,-0.000000,-0.000001,0.002505,0.104010
static,28.310000,-0.000000,-0.000001,0.002505,0.104010
static,28.320000,-0.000000,-0.000001,0.002505,-0.385339
static,28.330000,-0.000000,-0.000001,0.002505,-0.385339
static,28.340000,-0.000000,-0.000001,0.002505,0.318383
static,28.350000,-0.000000,-0.000001,0.002505,0.318383
static,28.360000,-0.000000,-0.000001,0.002505,0.551586
static,28.370000,-0.000000,-0.000001,0.002505,0.551586
static,28.380000,-0.000000,-0.000001,0.002505,-0.492688
static,28.390000,-0.000000,-0.000001,0.002505,-0.492688
static,28.400000,-0.000000,-0.000001,0.002505,-0.112001
static,28.410000,-0.000000,-0.000001,0.002505,-0.112001
static,28.420000,-0.000000,-0.000001,0.002505,-0.208104
static,28.430000,-0.000000,-0.000001,0.002505,-0.208104
static,28.440000,-0.000000,-0.000001,0.002505,-0.044648
static,28.450000,-0.000000,-0.000001,0.002505,-0.044648
static,28.460000,-0.000000,-0.000001,0.002505,0.057083
static,28.470000,-0.000000,-0.000001,0.002505,0.057083
static,28.480000,-0.000000,-0.000001,0.002505,-0.389563
static,28.490000,-0.000000,-0.000001,0.002505,-0.389563
static,28.500000,-0.000000,-0.000001,0.002505,0.923822
static,28.510000,-0.000000,-0.000001,0.002505,0.923822
static,28.520000,-0.000000,-0.000001,0.002505,0.056788
static,28.530000,-0.000000,-0.000001,0.002505,0.056788
static,28.540000,-0.000000,-0.000001,0.002505,-0.640192
static,28.550000,-0.000000,-0.000001,0.002505,-0.640192
static,28.560000,-0.000000,-0.000001,0.002505,0.086598
static,28.570000,-0.000000,-0.000001,0.002505,0.086598
static,28.580000,-0.000000,-0.000001,0.002505,-0.330658
static,28.590000,-0.000000,-0.000001,0.002505,-0.330658
static,28.600000,-0.000000,-0.000001,0.002505,-0.240683
static,28.610000,-0.000000,-0.000001,0.002505,-0.240683
static,28.620000,-0.000000,-0.000001,0.002505,0.664024
static,28.630000,-0.000000,-0.000001,0.002505,0.664024
static,28.640000,-0.000000,-0.000001,0.002505,0.715253
static,28.650000,-0.000000,-0.000001,0.002505,0.715253
static,28.660000,-0.000000,-0.000001,0.002505,-0.220775
static,28.670000,-0.000000,-0.000001,0.002505,-0.220775
static,28.680000,-0.000000,-0.000001,0.002505,-0.085297
static,28.690000,-0.000000,-0.000001,0.002505,-0.085297
static,28.700000,-0.000000,-0.000001,0.002505,-0.257287
static,28.710000,-0.000000,-0.000001,0.002505,-0.257287
static,28.720000,-0.000000,-0.000001,0.002505,-0.680546
static,28.730000,-0.000000,-0.000001,0.002505,-0.680546
static,28.740000,-0.000000,-0.000001,0.002505,1.007018
static,28.750000,-0.000000,-0.000001,0.002505,1.007018
static,28.760000,-0.000000,-0.000001,0.002505,0.463607
static,28.770000,-0.000000,-0.000001,0.002505,0.463607
static,28.780000,-0.000000,-0.000001,0.002505,-0.391900
static,28.790000,-0.000000,-0.000001,0.002505,-0.391900
static,28.800000,-0.000000,-0.000001,0.002505,0.121188
static,28.810000,-0.000000,-0.000001,0.002505,0.121188
static,28.820000,-0.000000,-0.000001,0.002505,-0.362582
static,28.830000,-0.000000,-0.000001,0.002505,-0.362582
static,28.840000,-0.000000,-0.000001,0.002505,0.164368
static,28.850000,-0.000000,-0.000001,0.002505,0.164368
static,28.860000,-0.000000,-0.000001,0.002505,0.138254
static,28.870000,-0.000000,-0.000001,0.002505,0.138254
static,28.880000,-0.000000,-0.000001,0.002505,0.295213
static,28.890000,-0.000000,-0.000001,0.002505,0.295213
static,28.900000,-0.000000,-0.000001,0.002505,0.413986
static,28.910000,-0.000000,-0.000001,0.002505,0.413986
static,28.920000,-0.000000,-0.000001,0.002505,-0.674673
static,28.930000,-0.000000,-0.000001,0.002505,-0.674673
static,28.940000,-0.000000,-0.000001,0.002505,0.179509
static,28.950000,-0.000000,-0.000001,0.002505,0.179509
static,28.960000,-0.000000,-0.000001,0.002505,0.346646
static,28.970000,-0.000000,-0.000001,0.002505,0.346646
static,28.980000,-0.000000,-0.000001,0.002505,0.159354
static,28.990000,-0.000000,-0.000001,0.002505,0.159354
static,29.000000,-0.000000,-0.000001,0.002505,0.058663
static,29.010000,-0.000000,-0.000001,0.002505,0.058663
static,29.020000,-0.000000,-0.000001,0.002505,0.220221
static,29.030000,-0.000000,-0.000001,0.002505,0.220221
static,29.040000,-0.000000,-0.000001,0.002505,-0.344122
static,29.050000,-0.000000,-0.000001,0.002505,-0.344122
static,29.060000,-0.000000,-0.000001,0.002505,0.987874
static,29.070000,-0.000000,-0.000001,0.002505,0.987874
static,29.080000,-0.000000,-0.000001,0.002505,-0.417726
static,29.090000,-0.000000,-0.000001,0.002505,-0.417726
static,29.100000,-0.000000,-0.000001,0.002505,1.402338
static,29.110000,-0.000000,-0.000001,0.002505,1.402338
static,29.120000,-0.000000,-0.000001,0.002505,0.027706
static,29.130000,-0.000000,-0.000001,0.002505,0.027706
static,29.140000,-0.000000,-0.000001,0.002505,0.524633
static,29.150000,-0.000000,-0.000001,0.002505,0.524633
static,29.160000,-0.000000,-0.000001,0.002505,0.095166
static,29.170000,-0.000000,-0.000001,0.002505,0.095166
static,29.180000,-0.000000,-0.000001,0.002505,-0.654962
static,29.190000,-0.000000,-0.000001,0.002505,-0.654962
static,29.200000,-0.000000,-0.000001,0.002505,-1.287346
static,29.210000,-0.000000,-0.000001,0.002505,-1.287346
static,29.220000,-0.000000,-0.000001,0.002505,0.198603
static,29.230000,-0.000000,-0.000001,0.002505,0.198603
static,29.240000,-0.000000,-0.000001,0.002505,-0.267489
static,29.250000,-0.000000,-0.000001,0.002505,-0.267489
static,29.260000,-0.000000,-0.000001,0.002505,0.330454
static,29.270000,-0.000000,-0.000001,0.002505,0.330454
static,29.280000,-0.000000,-0.000001,0.002505,0.266965
static,29.290000,-0.000000,-0.000001,0.002505,0.266965
static,29.300000,-0.000000,-0.000001,0.002505,0.376376
static,29.310000,-0.000000,-0.000001,0.002505,0.376376
static,29.320000,-0.000000,-0.000001,0.002505,-0.819089
static,29.330000,-0.000000,-0.000001,0.002505,-0.819089
static,29.340000,-0.000000,-0.000001,0.002505,-0.106357
static,29.350000,-0.000000,-0.000001,0.002505,-0.106357
static,29.360000,-0.000000,-0.000001,0.002505,0.040884
static,29.370000,-0.000000,-0.000001,0.002505,0.040884
static,29.380000,-0.000000,-0.000001,0.002505,-0.098682
static,29.390000,-0.000000,-0.000001,0.002505,-0.098682
static,29.400000,-0.000000,-0.000001,0.002505,-0.155701
static,29.410000,-0.000000,-0.000001,0.002505,-0.155701
static,29.420000,-0.000000,-0.000001,0.002505,-0.177019
static,29.430000,-0.000000,-0.000001,0.002505,-0.177019
static,29.440000,-0.000000,-0.000001,0.002505,-0.101870
static,29.450000,-0.000000,-0.000001,0.002505,-0.101870
static,29.460000,-0.000000,-0.000001,0.002505,-0.096297
static,29.470000,-0.000000,-0.000001,0.002505,-0.096297
static,29.480000,-0.000000,-0.000001,0.002505,-0.092647
static,29.490000,-0.000000,-0.000001,0.002505,-0.092647
static,29.500000,-0.000000,-0.000001,0.002505,-0.216804
static,29.510000,-0.000000,-0.000001,0.002505,-0.216804
static,29.520000,-0.000000,-0.000001,0.002505,-0.669163
static,29.530000,-0.000000,-0.000001,0.002505,-0.669163
static,29.540000,-0.000000,-0.000001,0.002505,-0.217629
static,29.550000,-0.000000,-0.000001,0.002505,-0.217629
static,29.560000,-0.000000,-0.000001,0.002505,0.075056
static,29.570000,-0.000000,-0.000001,0.002505,0.075056
static,29.580000,-0.000000,-0.000001,0.002505,-0.097185
static,29.590000,-0.000000,-0.000001,0.002505,-0.097185
static,29.600000,-0.000000,-0.000001,0.002505,0.192597
static,29.610000,-0.000000,-0.000001,0.002505,0.192597
static,29.620000,-0.000000,-0.000001,0.002505,0.298889
static,29.630000,-0.000000,-0.000001,0.002505,0.298889
static,29.640000,-0.000000,-0.000001,0.002505,0.355713
static,29.650000,-0.000000,-0.000001,0.002505,0.355713
static,29.660000,-0.000000,-0.000001,0.002505,0.099493
static,29.670000,-0.000000,-0.000001,0.002505,0.099493
static,29.680000,-0.000000,-0.000001,0.002505,-0.172476
static,29.690000,-0.000000,-0.000001,0.002505,-0.172476
static,29.700000,-0.000000,-0.000001,0.002505,0.059032
static,29.710000,-0.000000,-0.000001,0.002505,0.059032
static,29.720000,-0.000000,-0.000001,0.002505,0.796555
static,29.730000,-0.000000,-0.000001,0.002505,0.796555
static,29.740000,-0.000000,-0.000001,0.002505,-0.186253
static,29.750000,-0.000000,-0.000001,0.002505,-0.186253
static,29.760000,-0.000000,-0.000001,0.002505,0.155196
static,29.770000,-0.000000,-0.000001,0.002505,0.155196
static,29.780000,-0.000000,-0.000001,0.002505,0.333724
static,29.790000,-0.000000,-0.000001,0.002505,0.333724
static,29.800000,-0.000000,-0.000001,0.002505,0.177367
static,29.810000,-0.000000,-0.000001,0.002505,0.177367
static,29.820000,-0.000000,-0.000001,0.002505,-0.007895
static,29.830000,-0.000000,-0.000001,0.002505,-0.007895
static,29.840000,-0.000000,-0.000001,0.002505,0.265918
static,29.850000,-0.000000,-0.000001,0.002505,0.265918
static,29.860000,-0.000000,-0.000001,0.002505,0.089177
static,29.870000,-0.000000,-0.000001,0.002505,0.089177
static,29.880000,-0.000000,-0.000001,0.002505,0.750938
static,29.890000,-0.000000,-0.000001,0.002505,0.750938
static,29.900000,-0.000000,-0.000001,0.002505,-0.031463
static,29.910000,-0.000000,-0.000001,0.002505,-0.031463
static,29.920000,-0.000000,-0.000001,0.002505,-0.195102
static,29.930000,-0.000000,-0.000001,0.002505,-0.195102
static,29.940000,-0.000000,-0.000001,0.002505,0.278752
static,29.950000,-0.000000,-0.000001,0.002505,0.278752
static,29.960000,-0.000000,-0.000001,0.002505,-0.506556
static,29.970000,-0.000000,-0.000001,0.002505,-0.506556
static,29.980000,-0.000000,-0.000001,0.002505,-0.127153
static,29.990000,-0.000000,-0.000001,0.002505,-0.127153
static,30.000000,-0.000000,-0.000001,0.002505,-0.158808
horizontal_1,0.000000,0.000000,0.000000,0.002505,-0.158808
horizontal_1,0.010000,0.000000,0.000000,0.002505,-0.158808
horizontal_1,0.020000,0.000022,-0.000003,0.007765,-0.567076
horizontal_1,0.030000,0.000083,-0.000012,0.017132,-0.567076
horizontal_1,0.040000,0.000185,-0.000024,0.023901,0.011224
horizontal_1,0.050000,0.000327,-0.000039,0.024665,0.011224
horizontal_1,0.060000,0.000509,-0.000059,0.022989,0.839610
horizontal_1,0.070000,0.000730,-0.000084,0.013672,0.839610
horizontal_1,0.080000,0.000990,-0.000113,0.004738,-0.152924
horizontal_1,0.090000,0.001292,-0.000146,0.004177,-0.152924
horizontal_1,0.100000,0.001633,-0.000183,0.008168,-0.169932
horizontal_1,0.110000,0.002015,-0.000225,0.012429,-0.169932
horizontal_1,0.120000,0.002437,-0.000271,0.018731,-0.411506
horizontal_1,0.130000,0.002898,-0.000323,0.026939,-0.411506
horizontal_1,0.140000,0.003400,-0.000378,0.033436,-0.157773
horizontal_1,0.150000,0.003941,-0.000438,0.038256,-0.157773
horizontal_1,0.160000,0.004523,-0.000501,0.044911,-0.363581
horizontal_1,0.170000,0.005144,-0.000570,0.053146,-0.363581
horizontal_1,0.180000,0.005805,-0.000643,0.059347,0.038730
horizontal_1,0.190000,0.006506,-0.000720,0.062007,0.038730
horizontal_1,0.200000,0.007247,-0.000802,0.064319,0.091006
horizontal_1,0.210000,0.008028,-0.000887,0.066558,0.091006
horizontal_1,0.220000,0.008849,-0.000976,0.069111,0.077887
horizontal_1,0.230000,0.009709,-0.001070,0.071913,0.077887
horizontal_1,0.240000,0.010610,-0.001167,0.077065,-0.340081
horizontal_1,0.250000,0.011551,-0.001270,0.086394,-0.340081
horizontal_1,0.260000,0.012532,-0.001378,0.093789,0.940814
horizontal_1,0.270000,0.013552,-0.001493,0.093282,0.940814
horizontal_1,0.280000,0.014612,-0.001610,0.088756,0.186529
horizontal_1,0.290000,0.015712,-0.001728,0.090417,0.186529
horizontal_1,0.300000,0.016853,-0.001853,0.092350,0.243365
horizontal_1,0.310000,0.018033,-0.001981,0.094176,0.243365
horizontal_1,0.320000,0.019253,-0.002116,0.094080,0.852680
horizontal_1,0.330000,0.020512,-0.002256,0.087867,0.852680
horizontal_1,0.340000,0.021811,-0.002398,0.083310,0.355714
horizontal_1,0.350000,0.023151,-0.002543,0.084028,0.355714
horizontal_1,0.360000,0.024531,-0.002692,0.087182,-0.061350
horizontal_1,0.370000,0.025951,-0.002846,0.094566,-0.061350
horizontal_1,0.380000,0.027411,-0.003007,0.100133,0.823696
horizontal_1,0.390000,0.028905,-0.003175,0.097989,0.823696
horizontal_1,0.400000,0.030405,-0.003340,0.094811,-0.641004
horizontal_1,0.410000,0.031905,-0.003501,0.099633,-0.641004
horizontal_1,0.420000,0.033405,-0.003665,0.108837,0.129582
horizontal_1,0.430000,0.034905,-0.003832,0.113978,0.129582
horizontal_1,0.440000,0.036405,-0.003998,0.117425,0.344904
horizontal_1,0.450000,0.037905,-0.004163,0.119283,0.344904
horizontal_1,0.460000,0.039405,-0.004326,0.123182,-0.317058
horizontal_1,0.470000,0.040906,-0.004488,0.133845,-0.317058
horizontal_1,0.480000,0.042406,-0.004653,0.143443,0.394436
horizontal_1,0.490000,0.043906,-0.004821,0.145928,0.394436
horizontal_1,0.500000,0.045406,-0.004984,0.148859,0.126125
horizontal_1,0.510000,0.046906,-0.005147,0.153930,0.126125
horizontal_1,0.520000,0.048406,-0.005313,0.156959,0.687010
horizontal_1,0.530000,0.049906,-0.005479,0.154157,0.687010
horizontal_1,0.540000,0.051406,-0.005642,0.152523,0.471609
horizontal_1,0.550000,0.052905,-0.005805,0.152476,0.471609
horizontal_1,0.560000,0.054405,-0.005967,0.154493,-0.920112
horizontal_1,0.570000,0.055906,-0.006127,0.164532,-0.920112
horizontal_1,0.580000,0.057407,-0.006290,0.178961,-0.007799
horizontal_1,0.590000,0.058907,-0.006456,0.187065,-0.007799
horizontal_1,0.600000,0.060407,-0.006622,0.192097,0.714265
horizontal_1,0.610000,0.061907,-0.006788,0.189925,0.714265
horizontal_1,0.620000,0.063407,-0.006950,0.188251,0.393151
horizontal_1,0.630000,0.064907,-0.007112,0.189352,0.393151
horizontal_1,0.640000,0.066407,-0.007274,0.192031,0.185975
horizontal_1,0.650000,0.067907,-0.007436,0.196220,0.185975
horizontal_1,0.660000,0.069407,-0.007596,0.202476,-0.218164
horizontal_1,0.670000,0.070908,-0.007757,0.212612,-0.218164
horizontal_1,0.680000,0.072409,-0.007920,0.221661,-0.081309
horizontal_1,0.690000,0.073909,-0.008082,0.229836,-0.081309
horizontal_1,0.700000,0.075410,-0.008246,0.236080,0.227106
horizontal_1,0.710000,0.076910,-0.008408,0.239701,0.227106
horizontal_1,0.720000,0.078410,-0.008569,0.244086,0.138663
horizontal_1,0.730000,0.079910,-0.008730,0.248986,0.138663
horizontal_1,0.740000,0.081411,-0.008889,0.255806,-0.167511
horizontal_1,0.750000,0.082911,-0.009049,0.265225,-0.167511
horizontal_1,0.760000,0.084412,-0.009208,0.276592,-0.477477
horizontal_1,0.770000,0.085913,-0.009368,0.290611,-0.477477
horizontal_1,0.780000,0.087414,-0.009530,0.302598,0.191995
horizontal_1,0.790000,0.088915,-0.009694,0.307764,0.191995
horizontal_1,0.800000,0.090415,-0.009855,0.310054,0.467773
horizontal_1,0.810000,0.091915,-0.010016,0.310099,0.467773
horizontal_1,0.820000,0.093415,-0.010176,0.309558,0.527760
horizontal_1,0.830000,0.094915,-0.010335,0.308690,0.527760
horizontal_1,0.840000,0.096415,-0.010497,0.305764,1.096139
horizontal_1,0.850000,0.097915,-0.010660,0.296917,1.096139
horizontal_1,0.860000,0.099414,-0.010819,0.289672,0.267044
horizontal_1,0.870000,0.100914,-0.010976,0.290161,0.267044
horizontal_1,0.880000,0.102415,-0.011134,0.295194,-0.368187
horizontal_1,0.890000,0.103916,-0.011291,0.306796,-0.368187
horizontal_1,0.900000,0.105416,-0.011452,0.317154,0.078763
horizontal_1,0.910000,0.106917,-0.011613,0.323051,0.078763
horizontal_1,0.920000,0.108417,-0.011775,0.326790,1.173216
horizontal_1,0.930000,0.109917,-0.011939,0.322503,1.173216
horizontal_1,0.940000,0.111417,-0.012102,0.310744,1.388598
horizontal_1,0.950000,0.112916,-0.012264,0.297116,1.388598
horizontal_1,0.960000,0.114415,-0.012424,0.285528,0.825168
horizontal_1,0.970000,0.115915,-0.012583,0.279811,0.825168
horizontal_1,0.980000,0.117415,-0.012743,0.275763,0.674034
horizontal_1,0.990000,0.118914,-0.012904,0.272717,0.674034
horizontal_1,1.000000,0.120414,-0.013063,0.271731,0.125271
horizontal_1,1.010000,0.121915,-0.013221,0.276455,0.125271
horizontal_1,1.020000,0.123415,-0.013383,0.279493,1.098105
horizontal_1,1.030000,0.124915,-0.013548,0.274516,1.098105
horizontal_1,1.040000,0.126414,-0.013709,0.267301,-0.044469
horizontal_1,1.050000,0.127914,-0.013867,0.268054,-0.044469
horizontal_1,1.060000,0.129415,-0.014023,0.277215,-0.398199
horizontal_1,1.070000,0.130916,-0.014183,0.290041,-0.398199
horizontal_1,1.080000,0.132417,-0.014344,0.301189,-0.154260
horizontal_1,1.090000,0.133917,-0.014505,0.310457,-0.154260
horizontal_1,1.100000,0.135418,-0.014666,0.317650,0.523962
horizontal_1,1.110000,0.136918,-0.014829,0.317951,0.523962
horizontal_1,1.120000,0.138419,-0.014987,0.319206,-0.125144
horizontal_1,1.130000,0.139919,-0.015144,0.327112,-0.125144
horizontal_1,1.140000,0.141420,-0.015304,0.333862,0.447818
horizontal_1,1.150000,0.142920,-0.015466,0.334656,0.447818
horizontal_1,1.160000,0.144420,-0.015627,0.332924,1.263166
horizontal_1,1.170000,0.145920,-0.015791,0.323503,1.263166
horizontal_1,1.180000,0.147419,-0.015950,0.313794,0.166970
horizontal_1,1.190000,0.148919,-0.016107,0.312097,0.166970
horizontal_1,1.200000,0.150419,-0.016264,0.316753,0.118924
horizontal_1,1.210000,0.151920,-0.016423,0.321943,0.118924
horizontal_1,1.220000,0.153421,-0.016581,0.328026,0.018586
horizontal_1,1.230000,0.154921,-0.016740,0.334706,0.018586
horizontal_1,1.240000,0.156422,-0.016901,0.339332,0.584727
horizontal_1,1.250000,0.157922,-0.017062,0.338070,0.584727
horizontal_1,1.260000,0.159422,-0.017220,0.338416,-0.260276
horizontal_1,1.270000,0.160923,-0.017375,0.346545,-0.260276
horizontal_1,1.280000,0.162423,-0.017535,0.355285,0.166457
horizontal_1,1.290000,0.163924,-0.017695,0.359861,0.166457
horizontal_1,1.300000,0.165424,-0.017855,0.362299,1.385233
horizontal_1,1.310000,0.166924,-0.018018,0.356710,1.385233
horizontal_1,1.320000,0.168424,-0.018178,0.346734,0.289764
horizontal_1,1.330000,0.169924,-0.018334,0.344310,0.289764
horizontal_1,1.340000,0.171424,-0.018490,0.348921,-0.337735
horizontal_1,1.350000,0.172925,-0.018645,0.360119,-0.337735
horizontal_1,1.360000,0.174426,-0.018805,0.370025,0.156025
horizontal_1,1.370000,0.175927,-0.018965,0.374873,0.156025
horizontal_1,1.380000,0.177427,-0.019122,0.381449,-0.153373
horizontal_1,1.390000,0.178928,-0.019278,0.390658,-0.153373
horizontal_1,1.400000,0.180429,-0.019434,0.401497,-0.371050
horizontal_1,1.410000,0.181930,-0.019591,0.413951,-0.371050
horizontal_1,1.420000,0.183431,-0.019750,0.424358,0.316651
horizontal_1,1.430000,0.184932,-0.019910,0.427799,0.316651
horizontal_1,1.440000,0.186432,-0.020069,0.428019,0.722826
horizontal_1,1.450000,0.187932,-0.020227,0.424323,0.722826
horizontal_1,1.460000,0.189432,-0.020385,0.419973,0.785901
horizontal_1,1.470000,0.190932,-0.020542,0.415276,0.785901
horizontal_1,1.480000,0.192432,-0.020698,0.412631,-0.110041
horizontal_1,1.490000,0.193933,-0.020851,0.417912,-0.110041
horizontal_1,1.500000,0.195434,-0.021008,0.424413,0.508211
horizontal_1,1.510000,0.196934,-0.021168,0.424554,0.508211
horizontal_1,1.520000,0.198434,-0.021327,0.421927,1.170674
horizontal_1,1.530000,0.199934,-0.021487,0.412523,1.170674
horizontal_1,1.540000,0.201434,-0.021644,0.404177,0.162060
horizontal_1,1.550000,0.202934,-0.021798,0.403852,0.162060
horizontal_1,1.560000,0.204435,-0.021953,0.408900,0.099567
horizontal_1,1.570000,0.205935,-0.022109,0.414377,0.099567
horizontal_1,1.580000,0.207436,-0.022267,0.418600,0.253941
horizontal_1,1.590000,0.208936,-0.022424,0.421802,0.253941
horizontal_1,1.600000,0.210437,-0.022582,0.423532,0.443521
horizontal_1,1.610000,0.211937,-0.022739,0.423925,0.443521
horizontal_1,1.620000,0.213438,-0.022894,0.426354,0.049585
horizontal_1,1.630000,0.214938,-0.023049,0.432524,0.049585
horizontal_1,1.640000,0.216439,-0.023207,0.436688,0.541778
horizontal_1,1.650000,0.217939,-0.023366,0.435809,0.541778
horizontal_1,1.660000,0.219440,-0.023521,0.436791,-0.755716
horizontal_1,1.670000,0.220941,-0.023673,0.445790,-0.755716
horizontal_1,1.680000,0.222442,-0.023825,0.463278,-1.031761
horizontal_1,1.690000,0.223944,-0.023980,0.485455,-1.031761
horizontal_1,1.700000,0.225446,-0.024138,0.505669,0.360091
horizontal_1,1.710000,0.226947,-0.024297,0.517858,0.360091
horizontal_1,1.720000,0.228448,-0.024456,0.521554,0.600470
horizontal_1,1.730000,0.229948,-0.024613,0.519800,0.600470
horizontal_1,1.740000,0.231449,-0.024769,0.515801,1.004054
horizontal_1,1.750000,0.232948,-0.024925,0.507926,1.004054
horizontal_1,1.760000,0.234449,-0.025079,0.502047,0.519075
horizontal_1,1.770000,0.235949,-0.025232,0.501133,0.519075
horizontal_1,1.780000,0.237449,-0.025389,0.498335,0.981016
horizontal_1,1.790000,0.238949,-0.025546,0.490862,0.981016
horizontal_1,1.800000,0.240449,-0.025700,0.485284,0.623293
horizontal_1,1.810000,0.241949,-0.025854,0.482961,0.623293
horizontal_1,1.820000,0.243450,-0.026008,0.482727,-0.036672
horizontal_1,1.830000,0.244951,-0.026160,0.489248,-0.036672
horizontal_1,1.840000,0.246452,-0.026316,0.495114,0.185120
horizontal_1,1.850000,0.247952,-0.026471,0.499343,0.185120
horizontal_1,1.860000,0.249453,-0.026626,0.502741,0.276910
horizontal_1,1.870000,0.250954,-0.026781,0.505598,0.276910
horizontal_1,1.880000,0.252454,-0.026937,0.506394,0.887947
horizontal_1,1.890000,0.253954,-0.027095,0.500863,0.887947
horizontal_1,1.900000,0.255454,-0.027249,0.496187,0.684936
horizontal_1,1.910000,0.256955,-0.027404,0.492977,0.684936
horizontal_1,1.920000,0.258455,-0.027560,0.489230,0.742778
horizontal_1,1.930000,0.259955,-0.027715,0.485173,0.742778
horizontal_1,1.940000,0.261455,-0.027872,0.479075,1.129159
horizontal_1,1.950000,0.262955,-0.028029,0.469333,1.129159
horizontal_1,1.960000,0.264455,-0.028184,0.461447,0.828219
horizontal_1,1.970000,0.265955,-0.028340,0.456098,0.828219
horizontal_1,1.980000,0.267455,-0.028495,0.452825,0.352466
horizontal_1,1.990000,0.268955,-0.028649,0.454406,0.352466
horizontal_1,2.000000,0.270456,-0.028803,0.458189,-0.573536
horizontal_1,2.010000,0.271957,-0.028955,0.469947,-0.573536
horizontal_1,2.020000,0.273458,-0.029111,0.483318,0.983603
horizontal_1,2.030000,0.274959,-0.029271,0.488705,0.983603
horizontal_1,2.040000,0.276460,-0.029427,0.489717,-0.063888
horizontal_1,2.050000,0.277961,-0.029580,0.496809,-0.063888
horizontal_1,2.060000,0.279461,-0.029736,0.502650,1.154851
horizontal_1,2.070000,0.280962,-0.029895,0.500479,1.154851
horizontal_1,2.080000,0.282462,-0.030052,0.493358,0.887434
horizontal_1,2.090000,0.283962,-0.030207,0.487149,0.887434
horizontal_1,2.100000,0.285462,-0.030362,0.482052,0.756289
horizontal_1,2.110000,0.286962,-0.030518,0.477788,0.756289
horizontal_1,2.120000,0.288462,-0.030672,0.475513,0.419009
horizontal_1,2.130000,0.289963,-0.030826,0.476229,0.419009
horizontal_1,2.140000,0.291463,-0.030980,0.478665,0.181770
horizontal_1,2.150000,0.292964,-0.031135,0.482914,0.181770
horizontal_1,2.160000,0.294465,-0.031291,0.485189,0.518605
horizontal_1,2.170000,0.295965,-0.031447,0.484493,0.518605
horizontal_1,2.180000,0.297465,-0.031604,0.481704,0.939409
horizontal_1,2.190000,0.298965,-0.031761,0.474805,0.939409
horizontal_1,2.200000,0.300465,-0.031916,0.469727,0.641841
horizontal_1,2.210000,0.301966,-0.032071,0.467144,0.641841
horizontal_1,2.220000,0.303466,-0.032229,0.462527,1.117434
horizontal_1,2.230000,0.304965,-0.032387,0.453062,1.117434
horizontal_1,2.240000,0.306465,-0.032542,0.445501,0.366814
horizontal_1,2.250000,0.307966,-0.032696,0.445315,0.366814
horizontal_1,2.260000,0.309466,-0.032849,0.448877,-0.085966
horizontal_1,2.270000,0.310967,-0.033004,0.457004,-0.085966
horizontal_1,2.280000,0.312468,-0.033159,0.464754,-0.034996
horizontal_1,2.290000,0.313969,-0.033315,0.472236,-0.034996
horizontal_1,2.300000,0.315470,-0.033472,0.478028,0.200397
horizontal_1,2.310000,0.316970,-0.033627,0.482033,0.200397
horizontal_1,2.320000,0.318471,-0.033784,0.483965,1.098430
horizontal_1,2.330000,0.319971,-0.033944,0.477970,1.098430
horizontal_1,2.340000,0.321471,-0.034100,0.470723,0.503559
horizontal_1,2.350000,0.322971,-0.034253,0.469626,0.503559
horizontal_1,2.360000,0.324472,-0.034408,0.469543,0.457945
horizontal_1,2.370000,0.325972,-0.034563,0.469709,0.457945
horizontal_1,2.380000,0.327473,-0.034717,0.471929,0.044247
horizontal_1,2.390000,0.328973,-0.034871,0.478164,0.044247
horizontal_1,2.400000,0.330474,-0.035028,0.482407,0.810629
horizontal_1,2.410000,0.331974,-0.035187,0.479205,0.810629
horizontal_1,2.420000,0.333475,-0.035341,0.476210,0.349561
horizontal_1,2.430000,0.334975,-0.035495,0.477870,0.349561
horizontal_1,2.440000,0.336476,-0.035649,0.480607,0.239391
horizontal_1,2.450000,0.337976,-0.035804,0.484011,0.239391
horizontal_1,2.460000,0.339477,-0.035957,0.489475,-0.188799
horizontal_1,2.470000,0.340978,-0.036111,0.499151,-0.188799
horizontal_1,2.480000,0.342479,-0.036267,0.506852,0.336378
horizontal_1,2.490000,0.343980,-0.036424,0.509114,0.336378
horizontal_1,2.500000,0.345480,-0.036578,0.511171,0.327986
horizontal_1,2.510000,0.346981,-0.036733,0.513266,0.327986
horizontal_1,2.520000,0.348482,-0.036885,0.517161,0.061566
horizontal_1,2.530000,0.349983,-0.037039,0.523188,0.061566
horizontal_1,2.540000,0.351483,-0.037194,0.527176,1.305233
horizontal_1,2.550000,0.352984,-0.037353,0.523145,1.305233
horizontal_1,2.560000,0.354484,-0.037509,0.514727,0.795704
horizontal_1,2.570000,0.355984,-0.037663,0.509823,0.795704
horizontal_1,2.580000,0.357484,-0.037816,0.506751,0.536165
horizontal_1,2.590000,0.358984,-0.037971,0.505742,0.536165
horizontal_1,2.600000,0.360485,-0.038127,0.502692,1.196547
horizontal_1,2.610000,0.361985,-0.038285,0.492890,1.196547
horizontal_1,2.620000,0.363484,-0.038440,0.484160,0.768865
horizontal_1,2.630000,0.364985,-0.038594,0.479634,0.768865
horizontal_1,2.640000,0.366485,-0.038751,0.473403,1.031264
horizontal_1,2.650000,0.367984,-0.038908,0.465080,1.031264
horizontal_1,2.660000,0.369484,-0.039063,0.458796,0.190478
horizontal_1,2.670000,0.370985,-0.039215,0.460290,0.190478
horizontal_1,2.680000,0.372485,-0.039372,0.462344,0.925683
horizontal_1,2.690000,0.373985,-0.039531,0.457143,0.925683
horizontal_1,2.700000,0.375485,-0.039689,0.449693,1.001512
horizontal_1,2.710000,0.376985,-0.039846,0.441799,1.001512
horizontal_1,2.720000,0.378485,-0.040001,0.435955,0.284073
horizontal_1,2.730000,0.379985,-0.040155,0.437281,0.284073
horizontal_1,2.740000,0.381486,-0.040311,0.438828,0.427465
horizontal_1,2.750000,0.382986,-0.040468,0.439455,0.427465
horizontal_1,2.760000,0.384487,-0.040622,0.442092,0.064864
horizontal_1,2.770000,0.385988,-0.040777,0.448048,0.064864
horizontal_1,2.780000,0.387488,-0.040935,0.452069,0.396120
horizontal_1,2.790000,0.388989,-0.041092,0.453188,0.396120
horizontal_1,2.800000,0.390489,-0.041246,0.456329,-0.185896
horizontal_1,2.810000,0.391990,-0.041399,0.465523,-0.185896
horizontal_1,2.820000,0.393491,-0.041556,0.473176,1.120462
horizontal_1,2.830000,0.394992,-0.041716,0.472815,1.120462
horizontal_1,2.840000,0.396492,-0.041874,0.467521,0.762409
horizontal_1,2.850000,0.397992,-0.042029,0.463167,0.762409
horizontal_1,2.860000,0.399492,-0.042187,0.456763,1.197491
horizontal_1,2.870000,0.400991,-0.042345,0.446045,1.197491
horizontal_1,2.880000,0.402491,-0.042501,0.437295,0.457782
horizontal_1,2.890000,0.403991,-0.042655,0.435859,0.457782
horizontal_1,2.900000,0.405492,-0.042810,0.437226,0.311326
horizontal_1,2.910000,0.406992,-0.042966,0.439561,0.311326
horizontal_1,2.920000,0.408493,-0.043121,0.443284,0.138024
horizontal_1,2.930000,0.409994,-0.043276,0.448187,0.138024
horizontal_1,2.940000,0.411494,-0.043434,0.451041,0.940282
horizontal_1,2.950000,0.412994,-0.043594,0.446266,0.940282
horizontal_1,2.960000,0.414494,-0.043752,0.439223,0.948032
horizontal_1,2.970000,0.415994,-0.043909,0.432120,0.948032
horizontal_1,2.980000,0.417494,-0.044065,0.426778,0.691398
horizontal_1,2.990000,0.418994,-0.044221,0.423467,0.691398
horizontal_1,3.000000,0.420494,-0.044377,0.422223,-0.307686
horizontal_1,3.010000,0.421995,-0.044529,0.429006,-0.307686
horizontal_1,3.020000,0.423496,-0.044686,0.438387,0.364151
horizontal_1,3.030000,0.424997,-0.044846,0.441012,0.364151
horizontal_1,3.040000,0.426497,-0.045004,0.440526,1.072894
horizontal_1,3.050000,0.427997,-0.045164,0.432922,1.072894
horizontal_1,3.060000,0.429497,-0.045320,0.426029,-0.146064
horizontal_1,3.070000,0.430997,-0.045473,0.427156,-0.146064
horizontal_1,3.080000,0.432498,-0.045629,0.432664,0.650986
horizontal_1,3.090000,0.433998,-0.045789,0.431440,0.650986
horizontal_1,3.100000,0.435498,-0.045945,0.430811,-0.203272
horizontal_1,3.110000,0.436999,-0.046097,0.437992,-0.203272
horizontal_1,3.120000,0.438500,-0.046255,0.445885,0.856127
horizontal_1,3.130000,0.440000,-0.046415,0.445780,0.856127
horizontal_1,3.140000,0.441500,-0.046573,0.441287,0.732731
horizontal_1,3.150000,0.443000,-0.046730,0.437376,0.732731
horizontal_1,3.160000,0.444501,-0.046886,0.434270,0.642580
horizontal_1,3.170000,0.446001,-0.047043,0.431695,0.642580
horizontal_1,3.180000,0.447501,-0.047201,0.427554,0.852867
horizontal_1,3.190000,0.449001,-0.047358,0.421872,0.852867
horizontal_1,3.200000,0.450501,-0.047517,0.414479,1.092561
horizontal_1,3.210000,0.452000,-0.047675,0.405243,1.092561
horizontal_1,3.220000,0.453500,-0.047831,0.398049,-0.101751
horizontal_1,3.230000,0.455000,-0.047985,0.398883,-0.101751
horizontal_1,3.240000,0.456501,-0.048140,0.405374,0.034156
horizontal_1,3.250000,0.458002,-0.048297,0.411825,0.034156
horizontal_1,3.260000,0.459502,-0.048456,0.416221,0.524827
horizontal_1,3.270000,0.461003,-0.048615,0.415590,0.524827
horizontal_1,3.280000,0.462503,-0.048771,0.416310,0.319961
horizontal_1,3.290000,0.464004,-0.048927,0.418513,0.319961
horizontal_1,3.300000,0.465504,-0.049082,0.422623,0.022755
horizontal_1,3.310000,0.467005,-0.049238,0.429221,0.022755
horizontal_1,3.320000,0.468506,-0.049396,0.433894,0.342301
horizontal_1,3.330000,0.470006,-0.049553,0.435809,0.342301
horizontal_1,3.340000,0.471506,-0.049711,0.435816,0.629962
horizontal_1,3.350000,0.473007,-0.049869,0.433455,0.629962
horizontal_1,3.360000,0.474507,-0.050024,0.433019,0.308688
horizontal_1,3.370000,0.476007,-0.050179,0.435373,0.308688
horizontal_1,3.380000,0.477508,-0.050334,0.438856,0.178467
horizontal_1,3.390000,0.479009,-0.050490,0.443162,0.178467
horizontal_1,3.400000,0.480509,-0.050647,0.447075,0.220701
horizontal_1,3.410000,0.482010,-0.050803,0.450763,0.220701
horizontal_1,3.420000,0.483510,-0.050959,0.453083,0.391358
horizontal_1,3.430000,0.485011,-0.051116,0.454248,0.391358
horizontal_1,3.440000,0.486511,-0.051273,0.453369,0.768790
horizontal_1,3.450000,0.488011,-0.051431,0.448973,0.768790
horizontal_1,3.460000,0.489511,-0.051585,0.446583,0.074262
horizontal_1,3.470000,0.491012,-0.051738,0.451213,0.074262
horizontal_1,3.480000,0.492513,-0.051894,0.456410,0.145016
horizontal_1,3.490000,0.494013,-0.052050,0.461222,0.145016
horizontal_1,3.500000,0.495514,-0.052207,0.464450,0.357526
horizontal_1,3.510000,0.497015,-0.052363,0.466122,0.357526
horizontal_1,3.520000,0.498515,-0.052520,0.465722,0.849512
horizontal_1,3.530000,0.500015,-0.052678,0.460275,0.849512
horizontal_1,3.540000,0.501515,-0.052833,0.456689,0.425203
horizontal_1,3.550000,0.503016,-0.052988,0.457265,0.425203
horizontal_1,3.560000,0.504516,-0.053143,0.458640,0.345189
horizontal_1,3.570000,0.506017,-0.053298,0.460476,0.345189
horizontal_1,3.580000,0.507517,-0.053455,0.460318,0.686678
horizontal_1,3.590000,0.509017,-0.053612,0.457126,0.686678
horizontal_1,3.600000,0.510517,-0.053767,0.455876,0.353880
horizontal_1,3.610000,0.512018,-0.053922,0.457557,0.353880
horizontal_1,3.620000,0.513519,-0.054076,0.460550,0.195848
horizontal_1,3.630000,0.515019,-0.054231,0.464597,0.195848
horizontal_1,3.640000,0.516520,-0.054386,0.470158,-0.001946
horizontal_1,3.650000,0.518021,-0.054540,0.477135,-0.001946
horizontal_1,3.660000,0.519522,-0.054697,0.482066,0.728508
horizontal_1,3.670000,0.521022,-0.054857,0.479753,0.728508
horizontal_1,3.680000,0.522522,-0.055011,0.477974,0.148952
horizontal_1,3.690000,0.524023,-0.055164,0.482218,0.148952
horizontal_1,3.700000,0.525524,-0.055317,0.488240,-0.008035
horizontal_1,3.710000,0.527025,-0.055472,0.495311,-0.008035
horizontal_1,3.720000,0.528525,-0.055628,0.500405,0.327555
horizontal_1,3.730000,0.530026,-0.055784,0.502543,0.327555
horizontal_1,3.740000,0.531527,-0.055939,0.503377,0.483351
horizontal_1,3.750000,0.533027,-0.056094,0.503176,0.483351
horizontal_1,3.760000,0.534527,-0.056248,0.503410,0.436497
horizontal_1,3.770000,0.536028,-0.056403,0.503894,0.436497
horizontal_1,3.780000,0.537528,-0.056558,0.502924,0.624122
horizontal_1,3.790000,0.539029,-0.056713,0.500636,0.624122
horizontal_1,3.800000,0.540529,-0.056868,0.498241,0.634422
horizontal_1,3.810000,0.542029,-0.057023,0.495790,0.634422
horizontal_1,3.820000,0.543530,-0.057177,0.494519,0.492225
horizontal_1,3.830000,0.545030,-0.057332,0.494172,0.492225
horizontal_1,3.840000,0.546530,-0.057487,0.493777,0.497888
horizontal_1,3.850000,0.548031,-0.057642,0.493351,0.497888
horizontal_1,3.860000,0.549531,-0.057795,0.494979,-0.347575
horizontal_1,3.870000,0.551032,-0.057946,0.504396,-0.347575
horizontal_1,3.880000,0.552534,-0.058101,0.514432,0.798961
horizontal_1,3.890000,0.554034,-0.058260,0.516468,0.798961
horizontal_1,3.900000,0.555535,-0.058416,0.514122,0.399820
horizontal_1,3.910000,0.557035,-0.058569,0.515103,0.399820
horizontal_1,3.920000,0.558536,-0.058725,0.514073,0.843283
horizontal_1,3.930000,0.560036,-0.058882,0.508623,0.843283
horizontal_1,3.940000,0.561536,-0.059038,0.501022,1.561430
horizontal_1,3.950000,0.563035,-0.059197,0.486245,1.561430
horizontal_1,3.960000,0.564535,-0.059353,0.472104,0.145015
horizontal_1,3.970000,0.566035,-0.059505,0.465983,0.145015
horizontal_1,3.980000,0.567535,-0.059658,0.468029,0.169288
horizontal_1,3.990000,0.569036,-0.059812,0.472458,0.169288
horizontal_1,4.000000,0.570537,-0.059966,0.478908,-0.176198
horizontal_1,4.010000,0.572038,-0.060120,0.488447,-0.176198
horizontal_1,4.020000,0.573539,-0.060276,0.495962,0.422090
horizontal_1,4.030000,0.575039,-0.060434,0.497275,0.422090
horizontal_1,4.040000,0.576540,-0.060591,0.495925,1.496403
horizontal_1,4.050000,0.578039,-0.060751,0.486546,1.496403
horizontal_1,4.060000,0.579539,-0.060907,0.473579,0.911170
horizontal_1,4.070000,0.581039,-0.061061,0.466487,0.911170
horizontal_1,4.080000,0.582539,-0.061219,0.457926,1.256630
horizontal_1,4.090000,0.584038,-0.061377,0.446275,1.256630
horizontal_1,4.100000,0.585538,-0.061533,0.436647,0.636809
horizontal_1,4.110000,0.587038,-0.061687,0.433437,0.636809
horizontal_1,4.120000,0.588538,-0.061842,0.432999,0.115821
horizontal_1,4.130000,0.590039,-0.061996,0.437971,0.115821
horizontal_1,4.140000,0.591540,-0.062154,0.441151,0.656812
horizontal_1,4.150000,0.593040,-0.062313,0.438720,0.656812
horizontal_1,4.160000,0.594540,-0.062471,0.434507,0.840731
horizontal_1,4.170000,0.596040,-0.062628,0.429003,0.840731
horizontal_1,4.180000,0.597540,-0.062783,0.425545,0.159099
horizontal_1,4.190000,0.599040,-0.062937,0.429014,0.159099
horizontal_1,4.200000,0.600541,-0.063095,0.431546,1.053791
horizontal_1,4.210000,0.602041,-0.063256,0.426171,1.053791
horizontal_1,4.220000,0.603541,-0.063413,0.419585,-0.274769
horizontal_1,4.230000,0.605041,-0.063566,0.420996,-0.274769
horizontal_1,4.240000,0.606542,-0.063722,0.426787,0.719361
horizontal_1,4.250000,0.608042,-0.063883,0.425386,0.719361
horizontal_1,4.260000,0.609542,-0.064039,0.423226,0.516694
horizontal_1,4.270000,0.611043,-0.064195,0.422513,0.516694
horizontal_1,4.280000,0.612543,-0.064353,0.421190,0.583491
horizontal_1,4.290000,0.614043,-0.064509,0.419496,0.583491
horizontal_1,4.300000,0.615543,-0.064666,0.417652,0.599152
horizontal_1,4.310000,0.617044,-0.064823,0.415724,0.599152
horizontal_1,4.320000,0.618544,-0.064980,0.414662,0.501307
horizontal_1,4.330000,0.620044,-0.065137,0.414182,0.501307
horizontal_1,4.340000,0.621544,-0.065292,0.415608,0.200923
horizontal_1,4.350000,0.623045,-0.065448,0.419564,0.200923
horizontal_1,4.360000,0.624546,-0.065603,0.424791,0.048296
horizontal_1,4.370000,0.626046,-0.065760,0.431027,0.048296
horizontal_1,4.380000,0.627547,-0.065918,0.435445,0.321456
horizontal_1,4.390000,0.629048,-0.066075,0.437659,0.321456
horizontal_1,4.400000,0.630548,-0.066229,0.441731,0.032739
horizontal_1,4.410000,0.632049,-0.066384,0.448182,0.032739
horizontal_1,4.420000,0.633550,-0.066538,0.456710,-1.109381
horizontal_1,4.430000,0.635051,-0.066690,0.473254,-1.109381
horizontal_1,4.440000,0.636553,-0.066846,0.494153,0.133265
horizontal_1,4.450000,0.638054,-0.067005,0.507488,0.133265
horizontal_1,4.460000,0.639555,-0.067165,0.512335,0.638240
horizontal_1,4.470000,0.641056,-0.067323,0.510470,0.638240
horizontal_1,4.480000,0.642556,-0.067476,0.510024,0.190434
horizontal_1,4.490000,0.644057,-0.067629,0.514059,0.190434
horizontal_1,4.500000,0.645558,-0.067785,0.516134,1.092942
horizontal_1,4.510000,0.647058,-0.067944,0.510277,1.092942
horizontal_1,4.520000,0.648558,-0.068099,0.502142,0.965548
horizontal_1,4.530000,0.650057,-0.068254,0.494775,0.965548
horizontal_1,4.540000,0.651558,-0.068408,0.489465,-0.579277
horizontal_1,4.550000,0.653058,-0.068560,0.492184,-0.579277
horizontal_1,4.560000,0.654559,-0.068714,0.499283,1.567649
horizontal_1,4.570000,0.656060,-0.068873,0.498833,1.567649
horizontal_1,4.580000,0.657560,-0.069029,0.494007,-0.242995
horizontal_1,4.590000,0.659060,-0.069180,0.496730,-0.242995
horizontal_1,4.600000,0.660561,-0.069334,0.503830,0.254279
horizontal_1,4.610000,0.662062,-0.069490,0.507105,0.254279
horizontal_1,4.620000,0.663562,-0.069647,0.508347,0.574781
horizontal_1,4.630000,0.665063,-0.069802,0.506813,0.574781
horizontal_1,4.640000,0.666563,-0.069956,0.506713,0.384808
horizontal_1,4.650000,0.668064,-0.070110,0.507956,0.384808
horizontal_1,4.660000,0.669564,-0.070264,0.509713,0.331444
horizontal_1,4.670000,0.671065,-0.070418,0.511754,0.331444
horizontal_1,4.680000,0.672566,-0.070572,0.513253,0.388964
horizontal_1,4.690000,0.674066,-0.070727,0.514446,0.388964
horizontal_1,4.700000,0.675567,-0.070881,0.515719,0.380364
horizontal_1,4.710000,0.677067,-0.071035,0.517036,0.380364
horizontal_1,4.720000,0.678568,-0.071187,0.520408,-0.208200
horizontal_1,4.730000,0.680069,-0.071338,0.529898,-0.208200
horizontal_1,4.740000,0.681570,-0.071494,0.537882,0.431339
horizontal_1,4.750000,0.683071,-0.071651,0.539293,0.431339
horizontal_1,4.760000,0.684571,-0.071806,0.538979,0.531711
horizontal_1,4.770000,0.686072,-0.071959,0.538057,0.531711
horizontal_1,4.780000,0.687572,-0.072112,0.539017,0.238237
horizontal_1,4.790000,0.689073,-0.072264,0.542422,0.238237
horizontal_1,4.800000,0.690574,-0.072416,0.547579,-0.009230
horizontal_1,4.810000,0.692075,-0.072569,0.554658,-0.009230
horizontal_1,4.820000,0.693576,-0.072722,0.561343,0.034208
horizontal_1,4.830000,0.695077,-0.072875,0.567798,0.034208
horizontal_1,4.840000,0.696578,-0.073030,0.572194,0.756676
horizontal_1,4.850000,0.698078,-0.073186,0.569397,0.756676
horizontal_1,4.860000,0.699579,-0.073339,0.566609,0.567168
horizontal_1,4.870000,0.701079,-0.073492,0.565148,0.567168
horizontal_1,4.880000,0.702580,-0.073645,0.563788,0.557285
horizontal_1,4.890000,0.704080,-0.073798,0.562482,0.557285
horizontal_1,4.900000,0.705581,-0.073951,0.560946,0.581459
horizontal_1,4.910000,0.707081,-0.074104,0.559282,0.581459
horizontal_1,4.920000,0.708582,-0.074256,0.559541,0.271209
horizontal_1,4.930000,0.710082,-0.074408,0.562454,0.271209
horizontal_1,4.940000,0.711583,-0.074563,0.563332,0.896001
horizontal_1,4.950000,0.713083,-0.074719,0.557755,0.896001
horizontal_1,4.960000,0.714583,-0.074871,0.553484,0.354302
horizontal_1,4.970000,0.716084,-0.075023,0.554840,0.354302
horizontal_1,4.980000,0.717585,-0.075174,0.558445,0.053510
horizontal_1,4.990000,0.719086,-0.075326,0.564586,0.053510
horizontal_1,5.000000,0.720587,-0.075481,0.568695,0.452100
horizontal_1,5.010000,0.722087,-0.075635,0.569010,0.452100
horizontal_1,5.020000,0.723588,-0.075786,0.571321,0.007512
horizontal_1,5.030000,0.725089,-0.075937,0.578071,0.007512
horizontal_1,5.040000,0.726590,-0.076092,0.582859,0.957159
horizontal_1,5.050000,0.728090,-0.076249,0.579652,0.957159
horizontal_1,5.060000,0.729591,-0.076403,0.573585,0.824689
horizontal_1,5.070000,0.731091,-0.076556,0.568309,0.824689
horizontal_1,5.080000,0.732591,-0.076708,0.565071,0.442781
horizontal_1,5.090000,0.734092,-0.076860,0.565416,0.442781
horizontal_1,5.100000,0.735592,-0.077014,0.563750,1.500873
horizontal_1,5.110000,0.737092,-0.077172,0.554063,1.500873
horizontal_1,5.120000,0.738592,-0.077327,0.540991,0.395333
horizontal_1,5.130000,0.740092,-0.077478,0.535770,0.395333
horizontal_1,5.140000,0.741592,-0.077630,0.536162,0.436325
horizontal_1,5.150000,0.743093,-0.077783,0.536648,0.436325
horizontal_1,5.160000,0.744594,-0.077936,0.538628,0.240871
horizontal_1,5.170000,0.746094,-0.078089,0.542004,0.240871
horizontal_1,5.180000,0.747595,-0.078244,0.543333,0.826633
horizontal_1,5.190000,0.749095,-0.078401,0.538577,0.826633
horizontal_1,5.200000,0.750596,-0.078553,0.535333,0.401399
horizontal_1,5.210000,0.752096,-0.078706,0.536262,0.401399
horizontal_1,5.220000,0.753597,-0.078861,0.535208,0.910863
horizontal_1,5.230000,0.755097,-0.079017,0.528893,0.910863
horizontal_1,5.240000,0.756597,-0.079171,0.524310,0.581746
horizontal_1,5.250000,0.758097,-0.079324,0.522613,0.581746
horizontal_1,5.260000,0.759598,-0.079480,0.518887,1.639342
horizontal_1,5.270000,0.761097,-0.079639,0.507137,1.639342
horizontal_1,5.280000,0.762597,-0.079795,0.492009,0.570504
horizontal_1,5.290000,0.764097,-0.079948,0.484734,0.570504
horizontal_1,5.300000,0.765597,-0.080103,0.480972,1.000053
horizontal_1,5.310000,0.767097,-0.080260,0.473177,1.000053
horizontal_1,5.320000,0.768597,-0.080415,0.466603,0.839360
horizontal_1,5.330000,0.770097,-0.080571,0.461105,0.839360
horizontal_1,5.340000,0.771597,-0.080726,0.457409,0.573801
horizontal_1,5.350000,0.773097,-0.080882,0.455841,0.573801
horizontal_1,5.360000,0.774597,-0.081038,0.454046,0.599408
horizontal_1,5.370000,0.776098,-0.081194,0.452115,0.599408
horizontal_1,5.380000,0.777598,-0.081350,0.450640,0.551082
horizontal_1,5.390000,0.779098,-0.081506,0.449424,0.551082
horizontal_1,5.400000,0.780599,-0.081660,0.450263,-0.557735
horizontal_1,5.410000,0.782099,-0.081812,0.459125,-0.557735
horizontal_1,5.420000,0.783601,-0.081967,0.471967,0.028233
horizontal_1,5.430000,0.785102,-0.082125,0.479051,0.028233
horizontal_1,5.440000,0.786602,-0.082283,0.483544,0.975099
horizontal_1,5.450000,0.788103,-0.082443,0.480034,0.975099
horizontal_1,5.460000,0.789603,-0.082598,0.474636,0.258702
horizontal_1,5.470000,0.791103,-0.082751,0.476349,0.258702
horizontal_1,5.480000,0.792604,-0.082904,0.480937,0.066726
horizontal_1,5.490000,0.794105,-0.083059,0.486895,0.066726
horizontal_1,5.500000,0.795605,-0.083215,0.490859,0.414285
horizontal_1,5.510000,0.797106,-0.083371,0.491713,0.414285
horizontal_1,5.520000,0.798606,-0.083528,0.490472,1.046827
horizontal_1,5.530000,0.800106,-0.083686,0.482702,1.046827
horizontal_1,5.540000,0.801606,-0.083843,0.474078,1.053252
horizontal_1,5.550000,0.803106,-0.083999,0.465414,1.053252
horizontal_1,5.560000,0.804606,-0.084154,0.458802,0.100677
horizontal_1,5.570000,0.806106,-0.084306,0.460200,0.100677
horizontal_1,5.580000,0.807607,-0.084462,0.463557,1.456748
horizontal_1,5.590000,0.809107,-0.084623,0.458941,1.456748
horizontal_1,5.600000,0.810607,-0.084780,0.449942,0.287010
horizontal_1,5.610000,0.812107,-0.084933,0.448482,0.287010
horizontal_1,5.620000,0.813608,-0.085087,0.451890,0.202631
horizontal_1,5.630000,0.815108,-0.085243,0.455839,0.202631
horizontal_1,5.640000,0.816609,-0.085397,0.461848,-0.323156
horizontal_1,5.650000,0.818110,-0.085550,0.473309,-0.323156
horizontal_1,5.660000,0.819611,-0.085707,0.483002,0.543911
horizontal_1,5.670000,0.821112,-0.085867,0.484843,0.543911
horizontal_1,5.680000,0.822612,-0.086024,0.482323,0.730004
horizontal_1,5.690000,0.824112,-0.086180,0.478465,0.730004
horizontal_1,5.700000,0.825613,-0.086334,0.476626,0.353336
horizontal_1,5.710000,0.827113,-0.086488,0.478300,0.353336
horizontal_1,5.720000,0.828614,-0.086645,0.477959,0.950126
horizontal_1,5.730000,0.830114,-0.086803,0.471428,0.950126
horizontal_1,5.740000,0.831614,-0.086958,0.466352,0.058339
horizontal_1,5.750000,0.833114,-0.087110,0.469190,0.058339
horizontal_1,5.760000,0.834615,-0.087266,0.473242,0.410175
horizontal_1,5.770000,0.836115,-0.087422,0.474156,0.410175
horizontal_1,5.780000,0.837616,-0.087580,0.472977,1.230201
horizontal_1,5.790000,0.839115,-0.087739,0.464099,1.230201
horizontal_1,5.800000,0.840615,-0.087895,0.454742,0.924245
horizontal_1,5.810000,0.842115,-0.088051,0.447969,0.924245
horizontal_1,5.820000,0.843615,-0.088206,0.443270,0.454050
horizontal_1,5.830000,0.845116,-0.088361,0.443358,0.454050
horizontal_1,5.840000,0.846616,-0.088518,0.442765,0.545455
horizontal_1,5.850000,0.848116,-0.088674,0.441637,0.545455
horizontal_1,5.860000,0.849616,-0.088832,0.438449,1.022498
horizontal_1,5.870000,0.851116,-0.088991,0.430397,1.022498
horizontal_1,5.880000,0.852616,-0.089147,0.424244,0.472344
horizontal_1,5.890000,0.854116,-0.089302,0.423815,0.472344
horizontal_1,5.900000,0.855617,-0.089459,0.422087,0.705117
horizontal_1,5.910000,0.857117,-0.089617,0.418600,0.705117
horizontal_1,5.920000,0.858617,-0.089774,0.415153,0.699494
horizontal_1,5.930000,0.860117,-0.089931,0.411736,0.699494
horizontal_1,5.940000,0.861617,-0.090087,0.410371,0.300284
horizontal_1,5.950000,0.863117,-0.090243,0.412823,0.300284
horizontal_1,5.960000,0.864618,-0.090401,0.413318,0.649429
horizontal_1,5.970000,0.866118,-0.090559,0.410682,0.649429
horizontal_1,5.980000,0.867618,-0.090716,0.408173,0.632106
horizontal_1,5.990000,0.869118,-0.090874,0.405756,0.632106
horizontal_1,6.000000,0.870618,-0.091032,0.402585,0.715855
horizontal_1,6.010000,0.872118,-0.091189,0.398928,0.715855
horizontal_1,6.020000,0.873618,-0.091348,0.393758,0.914679
horizontal_1,6.030000,0.875118,-0.091506,0.387158,0.914679
horizontal_1,6.040000,0.876618,-0.091663,0.382602,0.434416
horizontal_1,6.050000,0.878118,-0.091819,0.382956,0.434416
horizontal_1,6.060000,0.879619,-0.091975,0.385340,0.148181
horizontal_1,6.070000,0.881119,-0.092132,0.390081,0.148181
horizontal_1,6.080000,0.882620,-0.092291,0.392784,0.809993
horizontal_1,6.090000,0.884120,-0.092452,0.388729,0.809993
horizontal_1,6.100000,0.885620,-0.092609,0.385735,0.230475
horizontal_1,6.110000,0.887120,-0.092764,0.388770,0.230475
horizontal_1,6.120000,0.888621,-0.092924,0.390247,0.714320
horizontal_1,6.130000,0.890121,-0.093083,0.386786,0.714320
horizontal_1,6.140000,0.891620,-0.093243,0.381098,1.422892
horizontal_1,6.150000,0.893120,-0.093405,0.368296,1.422892
horizontal_1,6.160000,0.894619,-0.093563,0.356209,-0.176630
horizontal_1,6.170000,0.896119,-0.093719,0.352142,-0.176630
horizontal_1,6.180000,0.897619,-0.093877,0.352559,0.601776
horizontal_1,6.190000,0.899119,-0.094036,0.350617,0.601776
horizontal_1,6.200000,0.900620,-0.094194,0.350012,0.431620
horizontal_1,6.210000,0.902120,-0.094352,0.350563,0.431620
horizontal_1,6.220000,0.903620,-0.094512,0.349246,0.717902
horizontal_1,6.230000,0.905120,-0.094671,0.345577,0.717902
horizontal_1,6.240000,0.906620,-0.094832,0.340545,0.885094
horizontal_1,6.250000,0.908119,-0.094991,0.334380,0.885094
horizontal_1,6.260000,0.909619,-0.095149,0.330035,0.611140
horizontal_1,6.270000,0.911119,-0.095308,0.327911,0.611140
horizontal_1,6.280000,0.912619,-0.095467,0.326920,0.478736
horizontal_1,6.290000,0.914120,-0.095626,0.326774,0.478736
horizontal_1,6.300000,0.915620,-0.095787,0.324574,1.030805
horizontal_1,6.310000,0.917119,-0.095949,0.316634,1.030805
horizontal_1,6.320000,0.918619,-0.096108,0.310358,0.256477
horizontal_1,6.330000,0.920119,-0.096264,0.311577,0.256477
horizontal_1,6.340000,0.921619,-0.096422,0.316773,-0.317215
horizontal_1,6.350000,0.923120,-0.096578,0.327958,-0.317215
horizontal_1,6.360000,0.924621,-0.096739,0.337561,0.871348
horizontal_1,6.370000,0.926122,-0.096903,0.339148,0.871348
horizontal_1,6.380000,0.927621,-0.097067,0.332332,1.157155
horizontal_1,6.390000,0.929121,-0.097228,0.322159,1.157155
horizontal_1,6.400000,0.930620,-0.097387,0.314006,-0.133435
horizontal_1,6.410000,0.932120,-0.097543,0.313882,-0.133435
horizontal_1,6.420000,0.933621,-0.097702,0.318141,0.572676
horizontal_1,6.430000,0.935121,-0.097864,0.317032,0.572676
horizontal_1,6.440000,0.936621,-0.098025,0.313445,1.018220
horizontal_1,6.450000,0.938120,-0.098187,0.305398,1.018220
horizontal_1,6.460000,0.939620,-0.098346,0.299307,-0.492191
horizontal_1,6.470000,0.941120,-0.098502,0.301244,-0.492191
horizontal_1,6.480000,0.942621,-0.098661,0.308212,0.050820
horizontal_1,6.490000,0.944121,-0.098820,0.314423,0.050820
horizontal_1,6.500000,0.945622,-0.098981,0.319407,0.199529
horizontal_1,6.510000,0.947122,-0.099140,0.323416,0.199529
horizontal_1,6.520000,0.948623,-0.099301,0.325755,0.427920
horizontal_1,6.530000,0.950123,-0.099461,0.326384,0.427920
horizontal_1,6.540000,0.951623,-0.099618,0.328985,0.089113
horizontal_1,6.550000,0.953124,-0.099776,0.334591,0.089113
horizontal_1,6.560000,0.954624,-0.099937,0.338169,0.891490
horizontal_1,6.570000,0.956124,-0.100100,0.334119,0.891490
horizontal_1,6.580000,0.957624,-0.100258,0.329926,0.359806
horizontal_1,6.590000,0.959124,-0.100416,0.331239,0.359806
horizontal_1,6.600000,0.960624,-0.100576,0.331437,0.540708
horizontal_1,6.610000,0.962124,-0.100735,0.330386,0.540708
horizontal_1,6.620000,0.963624,-0.100893,0.331378,0.025904
horizontal_1,6.630000,0.965125,-0.101049,0.337707,0.025904
horizontal_1,6.640000,0.966626,-0.101210,0.342220,0.446083
horizontal_1,6.650000,0.968126,-0.101370,0.342642,0.446083
horizontal_1,6.660000,0.969626,-0.101531,0.340931,1.371824
horizontal_1,6.670000,0.971125,-0.101695,0.331240,1.371824
horizontal_1,6.680000,0.972625,-0.101854,0.319940,0.392718
horizontal_1,6.690000,0.974125,-0.102011,0.316632,0.392718
horizontal_1,6.700000,0.975625,-0.102170,0.316629,0.518495
horizontal_1,6.710000,0.977125,-0.102329,0.315901,0.518495
horizontal_1,6.720000,0.978625,-0.102487,0.317021,0.237399
horizontal_1,6.730000,0.980125,-0.102646,0.320440,0.237399
horizontal_1,6.740000,0.981626,-0.102803,0.325932,-0.631419
horizontal_1,6.750000,0.983127,-0.102959,0.339280,-0.631419
horizontal_1,6.760000,0.984628,-0.103119,0.353526,1.047850
horizontal_1,6.770000,0.986129,-0.103282,0.359774,1.047850
horizontal_1,6.780000,0.987629,-0.103442,0.361644,0.043593
horizontal_1,6.790000,0.989130,-0.103598,0.367823,0.043593
horizontal_1,6.800000,0.990630,-0.103758,0.372075,0.875843
horizontal_1,6.810000,0.992130,-0.103921,0.368591,0.875843
horizontal_1,6.820000,0.993630,-0.104081,0.360643,1.192412
horizontal_1,6.830000,0.995129,-0.104242,0.349939,1.192412
horizontal_1,6.840000,0.996629,-0.104400,0.341263,-0.069488
horizontal_1,6.850000,0.998129,-0.104555,0.340615,-0.069488
horizontal_1,6.860000,0.999630,-0.104713,0.344352,0.524654
horizontal_1,6.870000,1.001130,-0.104874,0.343686,0.524654
horizontal_1,6.880000,1.002630,-0.105032,0.344290,0.342744
horizontal_1,6.890000,1.004130,-0.105190,0.346157,0.342744
horizontal_1,6.900000,1.005631,-0.105347,0.350043,-0.011493
horizontal_1,6.910000,1.007131,-0.105504,0.357135,-0.011493
horizontal_1,6.920000,1.008632,-0.105664,0.362206,0.448125
horizontal_1,6.930000,1.010132,-0.105824,0.362637,0.448125
horizontal_1,6.940000,1.011632,-0.105984,0.361224,0.695044
horizontal_1,6.950000,1.013132,-0.106143,0.357889,0.695044
horizontal_1,6.960000,1.014632,-0.106300,0.356592,-0.184419
horizontal_1,6.970000,1.016133,-0.106455,0.363183,-0.184419
horizontal_1,6.980000,1.017634,-0.106614,0.370824,0.183495
horizontal_1,6.990000,1.019134,-0.106773,0.375108,0.183495
horizontal_1,7.000000,1.020635,-0.106933,0.377291,0.607581
horizontal_1,7.010000,1.022135,-0.107093,0.375322,0.607581
horizontal_1,7.020000,1.023635,-0.107250,0.374497,0.458230
horizontal_1,7.030000,1.025135,-0.107408,0.374654,0.458230
horizontal_1,7.040000,1.026635,-0.107565,0.375911,0.329049
horizontal_1,7.050000,1.028136,-0.107722,0.377984,0.329049
horizontal_1,7.060000,1.029636,-0.107879,0.381524,0.140116
horizontal_1,7.070000,1.031137,-0.108036,0.386394,0.140116
horizontal_1,7.080000,1.032637,-0.108194,0.390127,0.277293
horizontal_1,7.090000,1.034138,-0.108352,0.392982,0.277293
horizontal_1,7.100000,1.035638,-0.108507,0.397885,-0.342588
horizontal_1,7.110000,1.037139,-0.108662,0.409197,-0.342588
horizontal_1,7.120000,1.038640,-0.108820,0.419176,0.689393
horizontal_1,7.130000,1.040141,-0.108982,0.421139,0.689393
horizontal_1,7.140000,1.041641,-0.109139,0.420051,0.025285
horizontal_1,7.150000,1.043142,-0.109293,0.425628,0.025285
horizontal_1,7.160000,1.044643,-0.109448,0.433223,-0.092268
horizontal_1,7.170000,1.046144,-0.109604,0.441546,-0.092268
horizontal_1,7.180000,1.047644,-0.109761,0.449392,-0.041201
horizontal_1,7.190000,1.049145,-0.109917,0.456967,-0.041201
horizontal_1,7.200000,1.050646,-0.110073,0.463418,0.091773
horizontal_1,7.210000,1.052147,-0.110229,0.469025,0.091773
horizontal_1,7.220000,1.053648,-0.110386,0.472571,0.488661
horizontal_1,7.230000,1.055148,-0.110543,0.472343,0.488661
horizontal_1,7.240000,1.056648,-0.110700,0.470832,0.637745
horizontal_1,7.250000,1.058149,-0.110855,0.468338,0.637745
horizontal_1,7.260000,1.059649,-0.111011,0.465507,0.672670
horizontal_1,7.270000,1.061149,-0.111167,0.462490,0.672670
horizontal_1,7.280000,1.062649,-0.111324,0.458524,0.780693
horizontal_1,7.290000,1.064149,-0.111480,0.453906,0.780693
horizontal_1,7.300000,1.065649,-0.111637,0.448527,0.864954
horizontal_1,7.310000,1.067149,-0.111794,0.442658,0.864954
horizontal_1,7.320000,1.068649,-0.111949,0.438841,-0.543087
horizontal_1,7.330000,1.070150,-0.112101,0.443050,-0.543087
horizontal_1,7.340000,1.071651,-0.112257,0.451642,0.144949
horizontal_1,7.350000,1.073152,-0.112414,0.456531,0.144949
horizontal_1,7.360000,1.074652,-0.112572,0.459287,1.061769
horizontal_1,7.370000,1.076152,-0.112732,0.454073,1.061769
horizontal_1,7.380000,1.077652,-0.112888,0.447375,0.427909
horizontal_1,7.390000,1.079152,-0.113042,0.447185,0.427909
horizontal_1,7.400000,1.080653,-0.113200,0.445734,0.960581
horizontal_1,7.410000,1.082153,-0.113359,0.438761,0.960581
horizontal_1,7.420000,1.083653,-0.113514,0.433528,0.483825
horizontal_1,7.430000,1.085153,-0.113669,0.433158,0.483825
horizontal_1,7.440000,1.086653,-0.113827,0.430881,1.073372
horizontal_1,7.450000,1.088153,-0.113987,0.422481,1.073372
horizontal_1,7.460000,1.089653,-0.114143,0.415576,-0.333893
horizontal_1,7.470000,1.091153,-0.114296,0.416695,-0.333893
horizontal_1,7.480000,1.092654,-0.114452,0.422196,0.998292
horizontal_1,7.490000,1.094154,-0.114614,0.420146,0.998292
horizontal_1,7.500000,1.095654,-0.114772,0.414565,0.129232
horizontal_1,7.510000,1.097154,-0.114925,0.416640,0.129232
horizontal_1,7.520000,1.098655,-0.115083,0.419824,0.404150
horizontal_1,7.530000,1.100155,-0.115240,0.420810,0.404150
horizontal_1,7.540000,1.101656,-0.115395,0.423787,0.049722
horizontal_1,7.550000,1.103156,-0.115550,0.429971,0.049722
horizontal_1,7.560000,1.104657,-0.115708,0.434133,0.852629
horizontal_1,7.570000,1.106157,-0.115869,0.430666,0.852629
horizontal_1,7.580000,1.107657,-0.116025,0.427051,0.028851
horizontal_1,7.590000,1.109158,-0.116178,0.431134,0.028851
horizontal_1,7.600000,1.110659,-0.116336,0.435587,0.444694
horizontal_1,7.610000,1.112159,-0.116493,0.436025,0.444694
horizontal_1,7.620000,1.113659,-0.116650,0.436306,0.453802
horizontal_1,7.630000,1.115160,-0.116806,0.436534,0.453802
horizontal_1,7.640000,1.116660,-0.116963,0.435864,0.555703
horizontal_1,7.650000,1.118160,-0.117119,0.434584,0.555703
horizontal_1,7.660000,1.119661,-0.117275,0.434154,0.459401
horizontal_1,7.670000,1.121161,-0.117432,0.434297,0.459401
horizontal_1,7.680000,1.122661,-0.117587,0.435964,0.258058
horizontal_1,7.690000,1.124162,-0.117742,0.439085,0.258058
horizontal_1,7.700000,1.125662,-0.117900,0.440159,0.759165
horizontal_1,7.710000,1.127162,-0.118059,0.436075,0.759165
horizontal_1,7.720000,1.128663,-0.118214,0.433800,0.389857
horizontal_1,7.730000,1.130163,-0.118370,0.434935,0.389857
horizontal_1,7.740000,1.131663,-0.118527,0.434438,0.621044
horizontal_1,7.750000,1.133164,-0.118684,0.432199,0.621044
horizontal_1,7.760000,1.134664,-0.118839,0.432001,-0.018814
horizontal_1,7.770000,1.136165,-0.118993,0.438394,-0.018814
horizontal_1,7.780000,1.137665,-0.119148,0.445936,-0.051697
horizontal_1,7.790000,1.139166,-0.119304,0.453661,-0.051697
horizontal_1,7.800000,1.140667,-0.119458,0.462892,-0.248938
horizontal_1,7.810000,1.142168,-0.119613,0.473534,-0.248938
horizontal_1,7.820000,1.143669,-0.119771,0.482129,1.568557
horizontal_1,7.830000,1.145170,-0.119931,0.482703,1.568557
horizontal_1,7.840000,1.146670,-0.120091,0.474787,2.167199
horizontal_1,7.850000,1.148169,-0.120251,0.458365,2.167199
horizontal_1,7.860000,1.149668,-0.120410,0.437549,0.473924
horizontal_1,7.870000,1.151168,-0.120564,0.424287,0.473924
horizontal_1,7.880000,1.152667,-0.120721,0.416184,1.054659
horizontal_1,7.890000,1.154167,-0.120879,0.407501,1.054659
horizontal_1,7.900000,1.155667,-0.121038,0.397190,1.276092
horizontal_1,7.910000,1.157166,-0.121197,0.385230,1.276092
horizontal_1,7.920000,1.158666,-0.121355,0.374282,1.157825
horizontal_1,7.930000,1.160165,-0.121514,0.364061,1.157825
horizontal_1,7.940000,1.161665,-0.121672,0.355897,0.261210
horizontal_1,7.950000,1.163165,-0.121827,0.355663,0.261210
horizontal_1,7.960000,1.164665,-0.121985,0.358102,0.327579
horizontal_1,7.970000,1.166166,-0.122143,0.360204,0.327579
horizontal_1,7.980000,1.167666,-0.122300,0.364200,0.031300
horizontal_1,7.990000,1.169167,-0.122457,0.370671,0.031300
horizontal_1,8.000000,1.170667,-0.122617,0.375108,0.816286
up_1,0.000000,0.000000,0.000000,88.696590,89.029134
up_1,0.010000,0.000000,0.000001,88.711515,89.029134
up_1,0.020000,0.000001,0.000039,88.725773,89.029134
up_1,0.030000,0.000003,0.000117,88.740241,88.999577
up_1,0.040000,0.000006,0.000233,88.754895,88.999577
up_1,0.050000,0.000009,0.000387,88.771413,88.766268
up_1,0.060000,0.000014,0.000579,88.789556,88.766268
up_1,0.070000,0.000019,0.000809,88.809978,88.162810
up_1,0.080000,0.000025,0.001075,88.836523,88.162810
up_1,0.090000,0.000032,0.001381,88.861380,89.368710
up_1,0.100000,0.000040,0.001728,88.878341,89.368710
up_1,0.110000,0.000049,0.002116,88.889629,89.268591
up_1,0.120000,0.000058,0.002542,88.900829,89.268591
up_1,0.130000,0.000068,0.003007,88.911577,89.317256
up_1,0.140000,0.000078,0.003510,88.922099,89.317256
up_1,0.150000,0.000089,0.004051,88.934633,89.019019
up_1,0.160000,0.000101,0.004631,88.949657,89.019019
up_1,0.170000,0.000113,0.005248,88.966785,88.595760
up_1,0.180000,0.000126,0.005902,88.987999,88.595760
up_1,0.190000,0.000140,0.006595,89.007940,88.772951
up_1,0.200000,0.000154,0.007327,89.026747,88.772951
up_1,0.210000,0.000169,0.008098,89.043457,89.483368
up_1,0.220000,0.000185,0.008908,89.052935,89.483368
up_1,0.230000,0.000200,0.009758,89.063013,89.193423
up_1,0.240000,0.000216,0.010645,89.075543,89.193423
up_1,0.250000,0.000232,0.011570,89.090178,88.276404
up_1,0.260000,0.000247,0.012533,89.112824,88.276404
up_1,0.270000,0.000265,0.013533,89.137121,89.876309
up_1,0.280000,0.000284,0.014572,89.153385,89.876309
up_1,0.290000,0.000304,0.015651,89.161057,90.143791
up_1,0.300000,0.000323,0.016770,89.160825,90.143791
up_1,0.310000,0.000341,0.017928,89.160676,88.977024
up_1,0.320000,0.000358,0.019123,89.168882,88.977024
up_1,0.330000,0.000378,0.020356,89.181942,89.440289
up_1,0.340000,0.000399,0.021628,89.191063,89.440289
up_1,0.350000,0.000420,0.022938,89.199308,89.525247
up_1,0.360000,0.000441,0.024287,89.207027,89.525247
up_1,0.370000,0.000463,0.025675,89.214014,89.611764
up_1,0.380000,0.000484,0.027101,89.220448,89.611764
up_1,0.390000,0.000505,0.028544,89.228506,89.115264
up_1,0.400000,0.000526,0.029986,89.241765,89.115264
up_1,0.410000,0.000548,0.031427,89.253445,89.508693
up_1,0.420000,0.000570,0.032869,89.261221,89.508693
up_1,0.430000,0.000591,0.034312,89.266975,89.883379
up_1,0.440000,0.000613,0.035755,89.269072,89.883379
up_1,0.450000,0.000632,0.037199,89.272906,89.530558
up_1,0.460000,0.000652,0.038642,89.280127,89.530558
up_1,0.470000,0.000671,0.040085,89.289357,88.395499
up_1,0.480000,0.000688,0.041527,89.306588,88.395499
up_1,0.490000,0.000707,0.042966,89.328517,88.947788
up_1,0.500000,0.000727,0.044407,89.345187,88.947788
up_1,0.510000,0.000746,0.045848,89.359809,89.160397
up_1,0.520000,0.000764,0.047289,89.372728,89.160397
up_1,0.530000,0.000781,0.048731,89.386433,89.063878
up_1,0.540000,0.000798,0.050173,89.400771,89.063878
up_1,0.550000,0.000816,0.051614,89.413738,89.251358
up_1,0.560000,0.000832,0.053056,89.425265,89.251358
up_1,0.570000,0.000849,0.054498,89.434851,89.772003
up_1,0.580000,0.000866,0.055940,89.438911,89.772003
up_1,0.590000,0.000881,0.057384,89.444466,89.026647
up_1,0.600000,0.000894,0.058827,89.457398,89.026647
up_1,0.610000,0.000910,0.060268,89.471522,89.113727
up_1,0.620000,0.000924,0.061710,89.485103,89.113727
up_1,0.630000,0.000939,0.063151,89.498648,89.116670
up_1,0.640000,0.000953,0.064593,89.512173,89.116670
up_1,0.650000,0.000968,0.066034,89.523776,89.776975
up_1,0.660000,0.000983,0.067477,89.528557,89.776975
up_1,0.670000,0.000997,0.068920,89.530197,90.177245
up_1,0.680000,0.001011,0.070364,89.527716,90.177245
up_1,0.690000,0.001023,0.071808,89.526978,89.006060
up_1,0.700000,0.001034,0.073251,89.534321,89.006060
up_1,0.710000,0.001047,0.074693,89.546538,89.539308
up_1,0.720000,0.001060,0.076136,89.554036,89.539308
up_1,0.730000,0.001072,0.077579,89.563085,89.106216
up_1,0.740000,0.001083,0.079021,89.576571,89.106216
up_1,0.750000,0.001095,0.080462,89.588885,89.288252
up_1,0.760000,0.001107,0.081904,89.599819,89.288252
up_1,0.770000,0.001119,0.083346,89.608812,89.909905
up_1,0.780000,0.001132,0.084789,89.611290,89.909905
up_1,0.790000,0.001144,0.086233,89.610902,90.309139
up_1,0.800000,0.001156,0.087677,89.606385,90.309139
up_1,0.810000,0.001166,0.089120,89.603638,89.239880
up_1,0.820000,0.001174,0.090564,89.608934,89.239880
up_1,0.830000,0.001183,0.092006,89.621362,89.094857
up_1,0.840000,0.001194,0.093448,89.635173,89.094857
up_1,0.850000,0.001205,0.094889,89.647080,90.423989
up_1,0.860000,0.001218,0.096332,89.650995,90.423989
up_1,0.870000,0.001230,0.097775,89.646233,90.897093
up_1,0.880000,0.001242,0.099218,89.633891,90.897093
up_1,0.890000,0.001251,0.100660,89.622266,89.231604
up_1,0.900000,0.001259,0.102102,89.618621,89.231604
up_1,0.910000,0.001268,0.103546,89.621784,89.752788
up_1,0.920000,0.001279,0.104989,89.625662,89.752788
up_1,0.930000,0.001288,0.106433,89.631463,88.894163
up_1,0.940000,0.001296,0.107876,89.645100,88.894163
up_1,0.950000,0.001305,0.109317,89.661832,88.901930
up_1,0.960000,0.001315,0.110758,89.678570,88.901930
up_1,0.970000,0.001325,0.112199,89.693385,89.343281
up_1,0.980000,0.001334,0.113641,89.703643,89.343281
up_1,0.990000,0.001344,0.115083,89.711787,90.498055
up_1,1.000000,0.001355,0.116526,89.711938,90.498055
up_1,1.010000,0.001363,0.117969,89.707171,89.499896
up_1,1.020000,0.001369,0.119413,89.709690,89.499896
up_1,1.030000,0.001377,0.120856,89.715289,90.003865
up_1,1.040000,0.001386,0.122300,89.715720,90.003865
up_1,1.050000,0.001393,0.123744,89.717610,89.316804
up_1,1.060000,0.001399,0.125187,89.726606,89.316804
up_1,1.070000,0.001407,0.126629,89.735385,89.572900
up_1,1.080000,0.001415,0.128072,89.742007,89.572900
up_1,1.090000,0.001423,0.129515,89.746671,90.313722
up_1,1.100000,0.001433,0.130958,89.743940,90.313722
up_1,1.110000,0.001439,0.132402,89.741120,89.755765
up_1,1.120000,0.001445,0.133845,89.744280,89.755765
up_1,1.130000,0.001452,0.135289,89.748816,89.670729
up_1,1.140000,0.001459,0.136732,89.753910,89.670729
up_1,1.150000,0.001466,0.138175,89.757346,89.928874
up_1,1.160000,0.001473,0.139619,89.758587,89.928874
up_1,1.170000,0.001480,0.141063,89.760855,89.789113
up_1,1.180000,0.001486,0.142507,89.764150,89.789113
up_1,1.190000,0.001494,0.143951,89.766224,89.950212
up_1,1.200000,0.001500,0.145395,89.767115,89.950212
up_1,1.210000,0.001506,0.146839,89.769824,89.548575
up_1,1.220000,0.001511,0.148282,89.776622,89.548575
up_1,1.230000,0.001518,0.149725,89.782469,89.686151
up_1,1.240000,0.001524,0.151168,89.787343,89.686151
up_1,1.250000,0.001531,0.152611,89.790287,90.222083
up_1,1.260000,0.001539,0.154055,89.787459,90.222083
up_1,1.270000,0.001543,0.155499,89.785995,89.383538
up_1,1.280000,0.001547,0.156942,89.792359,89.383538
up_1,1.290000,0.001552,0.158385,89.801486,89.411352
up_1,1.300000,0.001558,0.159828,89.810497,89.411352
up_1,1.310000,0.001562,0.161270,89.821424,88.965896
up_1,1.320000,0.001566,0.162712,89.836961,88.965896
up_1,1.330000,0.001572,0.164153,89.850819,89.312966
up_1,1.340000,0.001576,0.165595,89.861391,89.312966
up_1,1.350000,0.001580,0.167038,89.871624,89.340984
up_1,1.360000,0.001584,0.168480,89.881685,89.340984
up_1,1.370000,0.001588,0.169922,89.889915,89.662635
up_1,1.380000,0.001591,0.171366,89.895181,89.662635
up_1,1.390000,0.001596,0.172809,89.898459,90.272227
up_1,1.400000,0.001600,0.174252,89.895256,90.272227
up_1,1.410000,0.001604,0.175696,89.889206,90.651424
up_1,1.420000,0.001608,0.177139,89.879425,90.651424
up_1,1.430000,0.001610,0.178581,89.871451,89.443010
up_1,1.440000,0.001611,0.180024,89.871464,89.443010
up_1,1.450000,0.001614,0.181468,89.876794,89.725813
up_1,1.460000,0.001618,0.182911,89.881057,89.725813
up_1,1.470000,0.001621,0.184355,89.885578,89.694936
up_1,1.480000,0.001624,0.185798,89.890283,89.694936
up_1,1.490000,0.001628,0.187241,89.893073,90.255363
up_1,1.500000,0.001633,0.188685,89.889832,90.255363
up_1,1.510000,0.001635,0.190128,89.887706,89.958318
up_1,1.520000,0.001638,0.191572,89.888315,89.958318
up_1,1.530000,0.001640,0.193016,89.890836,89.592784
up_1,1.540000,0.001642,0.194460,89.896977,89.592784
up_1,1.550000,0.001646,0.195903,89.902143,89.728580
up_1,1.560000,0.001648,0.197346,89.906351,89.728580
up_1,1.570000,0.001652,0.198790,89.909123,89.926832
up_1,1.580000,0.001654,0.200234,89.910346,89.926832
up_1,1.590000,0.001656,0.201678,89.913062,89.695690
up_1,1.600000,0.001658,0.203121,89.917718,89.695690
up_1,1.610000,0.001662,0.204565,89.920586,90.015228
up_1,1.620000,0.001664,0.206009,89.920472,90.015228
up_1,1.630000,0.001668,0.207453,89.918524,90.305213
up_1,1.640000,0.001670,0.208896,89.913911,90.305213
up_1,1.650000,0.001672,0.210339,89.911160,89.556203
up_1,1.660000,0.001672,0.211783,89.915855,89.556203
up_1,1.670000,0.001675,0.213226,89.920707,90.071888
up_1,1.680000,0.001679,0.214670,89.920068,90.071888
up_1,1.690000,0.001680,0.216114,89.920818,89.719352
up_1,1.700000,0.001681,0.217557,89.925051,89.719352
up_1,1.710000,0.001682,0.219001,89.931297,89.075608
up_1,1.720000,0.001682,0.220444,89.944243,89.075608
up_1,1.730000,0.001685,0.221885,89.956367,90.184577
up_1,1.740000,0.001689,0.223327,89.960509,90.184577
up_1,1.750000,0.001690,0.224771,89.960125,89.679122
up_1,1.760000,0.001690,0.226215,89.964649,89.679122
up_1,1.770000,0.001692,0.227658,89.967766,89.992322
up_1,1.780000,0.001693,0.229102,89.967998,89.992322
up_1,1.790000,0.001695,0.230546,89.966730,90.188687
up_1,1.800000,0.001696,0.231990,89.963838,90.188687
up_1,1.810000,0.001696,0.233433,89.962615,89.921600
up_1,1.820000,0.001697,0.234877,89.963808,89.921600
up_1,1.830000,0.001699,0.236321,89.963158,90.368940
up_1,1.840000,0.001701,0.237765,89.957749,90.368940
up_1,1.850000,0.001703,0.239208,89.951801,90.403335
up_1,1.860000,0.001704,0.240651,89.945644,90.403335
up_1,1.870000,0.001704,0.242094,89.941403,89.792846
up_1,1.880000,0.001704,0.243538,89.943646,89.792846
up_1,1.890000,0.001707,0.244982,89.945318,90.014316
up_1,1.900000,0.001708,0.246426,89.945156,90.014316
up_1,1.910000,0.001709,0.247870,89.946531,89.774360
up_1,1.920000,0.001710,0.249313,89.949988,89.774360
up_1,1.930000,0.001713,0.250757,89.951566,90.210503
up_1,1.940000,0.001715,0.252201,89.948546,90.210503
up_1,1.950000,0.001716,0.253644,89.947029,89.934148
up_1,1.960000,0.001717,0.255088,89.948022,89.934148
up_1,1.970000,0.001719,0.256532,89.947185,90.601455
up_1,1.980000,0.001723,0.257976,89.939367,90.601455
up_1,1.990000,0.001723,0.259418,89.932150,90.106939
up_1,2.000000,0.001724,0.260862,89.930135,90.106939
up_1,2.010000,0.001725,0.262305,89.930369,89.673572
up_1,2.020000,0.001726,0.263749,89.935182,89.673572
up_1,2.030000,0.001729,0.265192,89.938282,90.274142
up_1,2.040000,0.001732,0.266636,89.934985,90.274142
up_1,2.050000,0.001734,0.268079,89.932022,90.113736
up_1,2.060000,0.001736,0.269523,89.930226,90.113736
up_1,2.070000,0.001736,0.270967,89.930136,89.850890
up_1,2.080000,0.001738,0.272411,89.932428,89.850890
up_1,2.090000,0.001740,0.273855,89.934459,89.885079
up_1,2.100000,0.001742,0.275299,89.936286,89.885079
up_1,2.110000,0.001744,0.276743,89.937358,89.972963
up_1,2.120000,0.001746,0.278187,89.937827,89.972963
up_1,2.130000,0.001749,0.279631,89.936839,90.175284
up_1,2.140000,0.001750,0.281075,89.934157,90.175284
up_1,2.150000,0.001754,0.282519,89.929572,90.795348
up_1,2.160000,0.001757,0.283962,89.918445,90.795348
up_1,2.170000,0.001759,0.285404,89.908057,90.532883
up_1,2.180000,0.001761,0.286846,89.899906,90.532883
up_1,2.190000,0.001763,0.288289,89.893716,89.910979
up_1,2.200000,0.001764,0.289733,89.894084,89.910979
up_1,2.210000,0.001766,0.291177,89.897297,89.572680
up_1,2.220000,0.001768,0.292620,89.903764,89.572680
up_1,2.230000,0.001772,0.294063,89.908397,90.192912
up_1,2.240000,0.001776,0.295506,89.906465,90.192912
up_1,2.250000,0.001778,0.296950,89.905379,89.846779
up_1,2.260000,0.001780,0.298394,89.907684,89.846779
up_1,2.270000,0.001781,0.299838,89.911964,89.251170
up_1,2.280000,0.001782,0.301281,89.922569,89.251170
up_1,2.290000,0.001784,0.302723,89.935190,89.092157
up_1,2.300000,0.001785,0.304165,89.948982,89.092157
up_1,2.310000,0.001788,0.305606,89.960867,90.139850
up_1,2.320000,0.001791,0.307049,89.964760,90.139850
up_1,2.330000,0.001795,0.308493,89.961077,90.724710
up_1,2.340000,0.001798,0.309936,89.950805,90.724710
up_1,2.350000,0.001798,0.311378,89.941716,90.152709
up_1,2.360000,0.001798,0.312821,89.938683,90.152709
up_1,2.370000,0.001799,0.314265,89.937405,90.014462
up_1,2.380000,0.001801,0.315709,89.937165,90.014462
up_1,2.390000,0.001804,0.317153,89.935115,90.372392
up_1,2.400000,0.001806,0.318596,89.929530,90.372392
up_1,2.410000,0.001808,0.320040,89.925051,90.215938
up_1,2.420000,0.001810,0.321483,89.921713,90.215938
up_1,2.430000,0.001811,0.322927,89.919036,90.141818
up_1,2.440000,0.001814,0.324371,89.916830,90.141818
up_1,2.450000,0.001815,0.325815,89.916544,89.394393
up_1,2.460000,0.001815,0.327258,89.923739,89.394393
up_1,2.470000,0.001818,0.328701,89.931035,90.398171
up_1,2.480000,0.001823,0.330144,89.930370,90.398171
up_1,2.490000,0.001824,0.331587,89.926418,89.952614
up_1,2.500000,0.001826,0.333031,89.926929,89.952614
up_1,2.510000,0.001828,0.334475,89.926092,90.194609
up_1,2.520000,0.001831,0.335919,89.923131,90.194609
up_1,2.530000,0.001832,0.337362,89.922048,88.604109
up_1,2.540000,0.001831,0.338806,89.929033,88.604109
up_1,2.550000,0.001833,0.340248,89.940909,89.890552
up_1,2.560000,0.001837,0.341691,89.945671,89.890552
up_1,2.570000,0.001840,0.343134,89.945550,90.852639
up_1,2.580000,0.001844,0.344578,89.937295,90.852639
up_1,2.590000,0.001846,0.346020,89.926398,89.547231
up_1,2.600000,0.001845,0.347462,89.923365,89.547231
up_1,2.610000,0.001844,0.348906,89.929032,89.180975
up_1,2.620000,0.001845,0.350349,89.941041,89.180975
up_1,2.630000,0.001848,0.351791,89.951581,90.440003
up_1,2.640000,0.001852,0.353233,89.954134,90.440003
up_1,2.650000,0.001856,0.354677,89.947978,90.806422
up_1,2.660000,0.001858,0.356120,89.936027,90.806422
up_1,2.670000,0.001859,0.357561,89.925701,89.930170
up_1,2.680000,0.001859,0.359004,89.923236,89.930170
up_1,2.690000,0.001861,0.360448,89.922588,90.192368
up_1,2.700000,0.001864,0.361892,89.919669,90.192368
up_1,2.710000,0.001865,0.363335,89.918620,89.788311
up_1,2.720000,0.001866,0.364779,89.921748,89.788311
up_1,2.730000,0.001870,0.366223,89.923119,90.434115
up_1,2.740000,0.001874,0.367666,89.917702,90.434115
up_1,2.750000,0.001877,0.369110,89.909390,90.705797
up_1,2.760000,0.001880,0.370552,89.898714,90.705797
up_1,2.770000,0.001882,0.371994,89.889912,90.176782
up_1,2.780000,0.001884,0.373437,89.886724,90.176782
up_1,2.790000,0.001888,0.374881,89.882145,90.547999
up_1,2.800000,0.001892,0.376324,89.873923,90.547999
up_1,2.810000,0.001894,0.377767,89.867512,89.182449
up_1,2.820000,0.001896,0.379210,89.869091,89.182449
up_1,2.830000,0.001899,0.380653,89.875626,89.793325
up_1,2.840000,0.001903,0.382097,89.878968,89.793325
up_1,2.850000,0.001905,0.383541,89.884091,88.850059
up_1,2.860000,0.001906,0.384984,89.897201,88.850059
up_1,2.870000,0.001909,0.386425,89.912644,90.185375
up_1,2.880000,0.001914,0.387867,89.920200,90.185375
up_1,2.890000,0.001917,0.389310,89.922727,89.706492
up_1,2.900000,0.001918,0.390754,89.927203,89.706492
up_1,2.910000,0.001919,0.392197,89.933636,89.314793
up_1,2.920000,0.001920,0.393640,89.943953,89.314793
up_1,2.930000,0.001923,0.395082,89.952473,90.346299
up_1,2.940000,0.001927,0.396525,89.953006,90.346299
up_1,2.950000,0.001928,0.397969,89.949692,90.070320
up_1,2.960000,0.001930,0.399413,89.948522,90.070320
up_1,2.970000,0.001930,0.400856,89.949311,89.376768
up_1,2.980000,0.001929,0.402300,89.957274,89.376768
up_1,2.990000,0.001931,0.403742,89.964838,89.857013
up_1,3.000000,0.001933,0.405186,89.967375,89.857013
up_1,3.010000,0.001936,0.406629,89.967706,90.407223
up_1,3.020000,0.001938,0.408073,89.962096,90.407223
up_1,3.030000,0.001938,0.409516,89.957792,90.015412
up_1,3.040000,0.001938,0.410960,89.957389,90.015412
up_1,3.050000,0.001938,0.412404,89.959025,89.241117
up_1,3.060000,0.001937,0.413847,89.968281,89.241117
up_1,3.070000,0.001939,0.415289,89.978137,89.498151
up_1,3.080000,0.001940,0.416732,89.985840,89.498151
up_1,3.090000,0.001941,0.418175,89.991584,89.942599
up_1,3.100000,0.001942,0.419619,89.992733,89.942599
up_1,3.110000,0.001944,0.421062,89.991761,90.439873
up_1,3.120000,0.001945,0.422506,89.985418,90.439873
up_1,3.130000,0.001946,0.423949,89.977460,90.602566
up_1,3.140000,0.001947,0.425392,89.968301,90.602566
up_1,3.150000,0.001947,0.426834,89.961043,90.203939
up_1,3.160000,0.001947,0.428278,89.957761,90.203939
up_1,3.170000,0.001947,0.429721,89.956527,89.522286
up_1,3.180000,0.001946,0.431165,89.962352,89.522286
up_1,3.190000,0.001949,0.432608,89.967718,90.366802
up_1,3.200000,0.001952,0.434051,89.965297,90.366802
up_1,3.210000,0.001952,0.435494,89.961660,89.753719
up_1,3.220000,0.001952,0.436938,89.964479,89.753719
up_1,3.230000,0.001954,0.438381,89.966355,90.524891
up_1,3.240000,0.001957,0.439825,89.960683,90.524891
up_1,3.250000,0.001957,0.441268,89.954617,90.145899
up_1,3.260000,0.001958,0.442711,89.952232,90.145899
up_1,3.270000,0.001958,0.444155,89.951875,89.057843
up_1,3.280000,0.001957,0.445599,89.959603,89.057843
up_1,3.290000,0.001957,0.447041,89.972070,89.260720
up_1,3.300000,0.001958,0.448483,89.983341,89.260720
up_1,3.310000,0.001960,0.449925,89.992674,89.855445
up_1,3.320000,0.001961,0.451368,89.995733,89.855445
up_1,3.330000,0.001960,0.452812,89.999824,89.506457
up_1,3.340000,0.001960,0.454255,90.007266,89.506457
up_1,3.350000,0.001961,0.455698,90.012878,90.221217
up_1,3.360000,0.001962,0.457141,90.011257,90.221217
up_1,3.370000,0.001961,0.458585,90.009273,90.025401
up_1,3.380000,0.001961,0.460029,90.008821,90.025401
up_1,3.390000,0.001960,0.461473,90.010292,89.427571
up_1,3.400000,0.001958,0.462917,90.018168,89.427571
up_1,3.410000,0.001956,0.464359,90.028761,89.072140
up_1,3.420000,0.001954,0.465801,90.042760,89.072140
up_1,3.430000,0.001954,0.467243,90.054928,90.237638
up_1,3.440000,0.001955,0.468685,90.059103,90.237638
up_1,3.450000,0.001954,0.470129,90.058362,89.730155
up_1,3.460000,0.001951,0.471572,90.062150,89.730155
up_1,3.470000,0.001951,0.473016,90.064368,90.300802
up_1,3.480000,0.001950,0.474459,90.060450,90.300802
up_1,3.490000,0.001950,0.475903,90.053909,91.052815
up_1,3.500000,0.001951,0.477346,90.039945,91.052815
up_1,3.510000,0.001949,0.478787,90.025898,89.857040
up_1,3.520000,0.001945,0.480229,90.019820,89.857040
up_1,3.530000,0.001944,0.481673,90.018770,90.209551
up_1,3.540000,0.001944,0.483116,90.015584,90.209551
up_1,3.550000,0.001943,0.484560,90.014023,89.945758
up_1,3.560000,0.001942,0.486004,90.014816,89.945758
up_1,3.570000,0.001943,0.487448,90.013894,90.250812
up_1,3.580000,0.001943,0.488892,90.010094,90.250812
up_1,3.590000,0.001941,0.490335,90.008145,89.422224
up_1,3.600000,0.001939,0.491779,90.013982,89.422224
up_1,3.610000,0.001939,0.493221,90.020818,90.134878
up_1,3.620000,0.001941,0.494665,90.020493,90.134878
up_1,3.630000,0.001941,0.496109,90.016543,90.610310
up_1,3.640000,0.001942,0.497552,90.007524,90.610310
up_1,3.650000,0.001941,0.498994,90.000148,89.933038
up_1,3.660000,0.001939,0.500437,89.999733,89.933038
up_1,3.670000,0.001938,0.501881,90.002475,89.644579
up_1,3.680000,0.001937,0.503325,90.007863,89.644579
up_1,3.690000,0.001937,0.504768,90.013068,89.670841
up_1,3.700000,0.001937,0.506212,90.018115,89.670841
up_1,3.710000,0.001937,0.507655,90.021287,90.018741
up_1,3.720000,0.001937,0.509099,90.021110,90.018741
up_1,3.730000,0.001935,0.510543,90.022687,89.371520
up_1,3.740000,0.001933,0.511986,90.031085,89.371520
up_1,3.750000,0.001933,0.513429,90.038738,89.748695
up_1,3.760000,0.001932,0.514872,90.042716,89.748695
up_1,3.770000,0.001932,0.516315,90.044711,90.094468
up_1,3.780000,0.001932,0.517759,90.043322,90.094468
up_1,3.790000,0.001929,0.519203,90.043593,89.800183
up_1,3.800000,0.001928,0.520647,90.046616,89.800183
up_1,3.810000,0.001928,0.522091,90.047783,90.327457
up_1,3.820000,0.001928,0.523534,90.043254,90.327457
up_1,3.830000,0.001926,0.524978,90.038881,90.252432
up_1,3.840000,0.001925,0.526421,90.034979,90.252432
up_1,3.850000,0.001923,0.527865,90.032999,89.066175
up_1,3.860000,0.001919,0.529308,90.039068,89.066175
up_1,3.870000,0.001918,0.530751,90.050046,90.091545
up_1,3.880000,0.001919,0.532193,90.053695,90.091545
up_1,3.890000,0.001919,0.533637,90.050602,90.532584
up_1,3.900000,0.001919,0.535080,90.042677,90.532584
up_1,3.910000,0.001917,0.536523,90.036462,90.138086
up_1,3.920000,0.001915,0.537966,90.034163,90.138086
up_1,3.930000,0.001913,0.539410,90.033908,89.634120
up_1,3.940000,0.001911,0.540854,90.039098,89.634120
up_1,3.950000,0.001911,0.542297,90.042771,90.142050
up_1,3.960000,0.001911,0.543741,90.040986,90.142050
up_1,3.970000,0.001909,0.545184,90.039678,90.032261
up_1,3.980000,0.001908,0.546629,90.039129,90.032261
up_1,3.990000,0.001908,0.548073,90.036745,90.466624
up_1,4.000000,0.001908,0.549516,90.029810,90.466624
up_1,4.010000,0.001907,0.550959,90.022368,90.501367
up_1,4.020000,0.001907,0.552402,90.014715,90.501367
up_1,4.030000,0.001905,0.553844,90.008978,89.508884
up_1,4.040000,0.001902,0.555288,90.011236,89.508884
up_1,4.050000,0.001902,0.556731,90.016631,90.377137
up_1,4.060000,0.001904,0.558174,90.014338,90.377137
up_1,4.070000,0.001903,0.559618,90.010423,90.071607
up_1,4.080000,0.001903,0.561062,90.009203,90.071607
up_1,4.090000,0.001901,0.562505,90.009958,89.608575
up_1,4.100000,0.001900,0.563949,90.015679,89.608575
up_1,4.110000,0.001901,0.565392,90.019744,90.425735
up_1,4.120000,0.001902,0.566836,90.016086,90.425735
up_1,4.130000,0.001901,0.568279,90.011538,89.162884
up_1,4.140000,0.001898,0.569722,90.014951,89.162884
up_1,4.150000,0.001897,0.571165,90.023510,89.554237
up_1,4.160000,0.001897,0.572608,90.030355,89.554237
up_1,4.170000,0.001897,0.574051,90.035540,89.798882
up_1,4.180000,0.001896,0.575495,90.038684,89.798882
up_1,4.190000,0.001896,0.576938,90.039891,90.180164
up_1,4.200000,0.001896,0.578382,90.037226,90.180164
up_1,4.210000,0.001894,0.579826,90.034586,90.162201
up_1,4.220000,0.001893,0.581270,90.032053,90.162201
up_1,4.230000,0.001893,0.582714,90.028344,90.317661
up_1,4.240000,0.001893,0.584157,90.023480,90.317661
up_1,4.250000,0.001891,0.585600,90.020518,89.547573
up_1,4.260000,0.001888,0.587044,90.025097,89.547573
up_1,4.270000,0.001888,0.588487,90.030052,90.808848
up_1,4.280000,0.001890,0.589930,90.027039,90.808848
up_1,4.290000,0.001890,0.591373,90.019076,89.503828
up_1,4.300000,0.001886,0.592816,90.018433,89.503828
up_1,4.310000,0.001885,0.594260,90.023343,89.714591
up_1,4.320000,0.001884,0.595703,90.027734,89.714591
up_1,4.330000,0.001884,0.597147,90.030812,89.887254
up_1,4.340000,0.001884,0.598590,90.032602,89.887254
up_1,4.350000,0.001882,0.600035,90.036111,89.578134
up_1,4.360000,0.001880,0.601478,90.042486,89.578134
up_1,4.370000,0.001879,0.602921,90.048910,89.579721
up_1,4.380000,0.001877,0.604364,90.055325,89.579721
up_1,4.390000,0.001876,0.605807,90.061903,89.561646
up_1,4.400000,0.001874,0.607250,90.068587,89.561646
up_1,4.410000,0.001873,0.608693,90.073386,89.925041
up_1,4.420000,0.001872,0.610137,90.074680,89.925041
up_1,4.430000,0.001871,0.611581,90.073958,90.705560
up_1,4.440000,0.001871,0.613025,90.065581,90.705560
up_1,4.450000,0.001868,0.614467,90.056784,89.676391
up_1,4.460000,0.001864,0.615910,90.055943,89.676391
up_1,4.470000,0.001863,0.617353,90.058720,90.703894
up_1,4.480000,0.001864,0.618797,90.053720,90.703894
up_1,4.490000,0.001862,0.620239,90.045145,90.057373
up_1,4.500000,0.001859,0.621683,90.043060,90.057373
up_1,4.510000,0.001858,0.623127,90.042064,90.061551
up_1,4.520000,0.001857,0.624571,90.041058,90.061551
up_1,4.530000,0.001854,0.626015,90.041962,89.610384
up_1,4.540000,0.001852,0.627458,90.047677,89.610384
up_1,4.550000,0.001852,0.628901,90.051710,90.009621
up_1,4.560000,0.001851,0.630345,90.051724,90.009621
up_1,4.570000,0.001851,0.631789,90.050013,90.239521
up_1,4.580000,0.001849,0.633233,90.046344,90.239521
up_1,4.590000,0.001849,0.634677,90.040830,90.558280
up_1,4.600000,0.001849,0.636119,90.032381,90.558280
up_1,4.610000,0.001846,0.637562,90.025782,90.157875
up_1,4.620000,0.001845,0.639006,90.023181,90.157875
up_1,4.630000,0.001843,0.640449,90.022452,89.878201
up_1,4.640000,0.001842,0.641893,90.024297,89.878201
up_1,4.650000,0.001843,0.643337,90.024635,90.105966
up_1,4.660000,0.001842,0.644781,90.022995,90.105966
up_1,4.670000,0.001842,0.646225,90.021204,90.118404
up_1,4.680000,0.001841,0.647669,90.019337,90.118404
up_1,4.690000,0.001839,0.649113,90.019201,89.841907
up_1,4.700000,0.001839,0.650557,90.021605,89.841907
up_1,4.710000,0.001839,0.652000,90.022425,90.090569
up_1,4.720000,0.001839,0.653445,90.021035,90.090569
up_1,4.730000,0.001837,0.654888,90.021504,89.455352
up_1,4.740000,0.001834,0.656332,90.028704,89.455352
up_1,4.750000,0.001832,0.657775,90.038566,89.224286
up_1,4.760000,0.001831,0.659217,90.050323,89.224286
up_1,4.770000,0.001831,0.660659,90.060191,90.101392
up_1,4.780000,0.001832,0.662102,90.062192,90.101392
up_1,4.790000,0.001829,0.663546,90.062584,89.390886
up_1,4.800000,0.001825,0.664989,90.070146,89.390886
up_1,4.810000,0.001824,0.666432,90.077546,89.721237
up_1,4.820000,0.001822,0.667875,90.081892,89.721237
up_1,4.830000,0.001821,0.669318,90.084248,90.799832
up_1,4.840000,0.001822,0.670762,90.078557,90.799832
up_1,4.850000,0.001820,0.672205,90.068229,90.591894
up_1,4.860000,0.001818,0.673647,90.059176,90.591894
up_1,4.870000,0.001815,0.675090,90.052062,89.711350
up_1,4.880000,0.001811,0.676533,90.052831,89.711350
up_1,4.890000,0.001810,0.677976,90.055265,90.118819
up_1,4.900000,0.001810,0.679420,90.053573,90.118819
up_1,4.910000,0.001807,0.680864,90.053610,89.554057
up_1,4.920000,0.001804,0.682307,90.059735,89.554057
up_1,4.930000,0.001803,0.683750,90.064611,90.134204
up_1,4.940000,0.001803,0.685194,90.063291,90.134204
up_1,4.950000,0.001801,0.686638,90.062284,89.996294
up_1,4.960000,0.001799,0.688082,90.062299,89.996294
up_1,4.970000,0.001796,0.689526,90.064120,89.680889
up_1,4.980000,0.001794,0.690969,90.068932,89.680889
up_1,4.990000,0.001793,0.692413,90.071896,90.217150
up_1,5.000000,0.001792,0.693856,90.069084,90.217150
up_1,5.010000,0.001789,0.695300,90.067637,89.139902
up_1,5.020000,0.001785,0.696744,90.074242,89.139902
up_1,5.030000,0.001782,0.698186,90.085006,90.272044
up_1,5.040000,0.001783,0.699628,90.088147,90.272044
up_1,5.050000,0.001781,0.701072,90.086525,89.435384
up_1,5.060000,0.001776,0.702516,90.092053,89.435384
up_1,5.070000,0.001774,0.703958,90.098671,90.665891
up_1,5.080000,0.001774,0.705402,90.097351,90.665891
up_1,5.090000,0.001773,0.706845,90.088263,90.689675
up_1,5.100000,0.001771,0.708287,90.077766,90.689675
up_1,5.110000,0.001768,0.709730,90.069172,90.069606
up_1,5.120000,0.001764,0.711173,90.067078,90.069606
up_1,5.130000,0.001763,0.712617,90.064092,90.579445
up_1,5.140000,0.001763,0.714060,90.055642,90.579445
up_1,5.150000,0.001760,0.715502,90.048723,90.047341
up_1,5.160000,0.001757,0.716946,90.047443,90.047341
up_1,5.170000,0.001756,0.718390,90.046947,90.015238
up_1,5.180000,0.001754,0.719834,90.046681,90.015238
up_1,5.190000,0.001753,0.721278,90.047250,89.917060
up_1,5.200000,0.001751,0.722722,90.048554,89.917060
up_1,5.210000,0.001751,0.724166,90.047957,90.670783
up_1,5.220000,0.001752,0.725610,90.039835,90.670783
up_1,5.230000,0.001750,0.727052,90.031274,90.423092
up_1,5.240000,0.001749,0.728495,90.024763,90.423092
up_1,5.250000,0.001747,0.729938,90.020206,89.661166
up_1,5.260000,0.001745,0.731382,90.023148,89.661166
up_1,5.270000,0.001745,0.732825,90.026389,90.317490
up_1,5.280000,0.001746,0.734268,90.022804,90.317490
up_1,5.290000,0.001744,0.735712,90.019859,89.625835
up_1,5.300000,0.001742,0.737155,90.024011,89.625835
up_1,5.310000,0.001742,0.738598,90.027799,90.223885
up_1,5.320000,0.001743,0.740042,90.025230,90.223885
up_1,5.330000,0.001741,0.741486,90.023409,89.975737
up_1,5.340000,0.001740,0.742930,90.023728,89.975737
up_1,5.350000,0.001739,0.744374,90.025968,89.160526
up_1,5.360000,0.001735,0.745817,90.035991,89.160526
up_1,5.370000,0.001735,0.747259,90.046783,90.090477
up_1,5.380000,0.001736,0.748701,90.049661,90.090477
up_1,5.390000,0.001736,0.750146,90.048247,90.103253
up_1,5.400000,0.001734,0.751590,90.046606,90.103253
up_1,5.410000,0.001734,0.753034,90.043525,90.314971
up_1,5.420000,0.001733,0.754477,90.038712,90.314971
up_1,5.430000,0.001733,0.755921,90.032074,90.621907
up_1,5.440000,0.001733,0.757363,90.022658,90.621907
up_1,5.450000,0.001731,0.758806,90.015100,90.026190
up_1,5.460000,0.001729,0.760249,90.013824,90.026190
up_1,5.470000,0.001728,0.761693,90.013117,90.055675
up_1,5.480000,0.001728,0.763137,90.012220,90.055675
up_1,5.490000,0.001727,0.764581,90.013032,89.783441
up_1,5.500000,0.001726,0.766025,90.016326,89.783441
up_1,5.510000,0.001724,0.767469,90.021565,89.274202
up_1,5.520000,0.001722,0.768912,90.032221,89.274202
up_1,5.530000,0.001723,0.770354,90.041336,89.672696
up_1,5.540000,0.001722,0.771797,90.046481,89.672696
up_1,5.550000,0.001722,0.773240,90.049578,90.455662
up_1,5.560000,0.001723,0.774684,90.045073,90.455662
up_1,5.570000,0.001722,0.776127,90.038840,90.374354
up_1,5.580000,0.001721,0.777570,90.033096,90.374354
up_1,5.590000,0.001719,0.779013,90.028659,90.202337
up_1,5.600000,0.001718,0.780457,90.025503,90.202337
up_1,5.610000,0.001717,0.781900,90.023848,89.991716
up_1,5.620000,0.001716,0.783345,90.023926,89.991716
up_1,5.630000,0.001714,0.784789,90.025918,89.580841
up_1,5.640000,0.001712,0.786232,90.032159,89.580841
up_1,5.650000,0.001710,0.787675,90.040476,88.775687
up_1,5.660000,0.001706,0.789118,90.056457,88.775687
up_1,5.670000,0.001706,0.790558,90.073066,90.416476
up_1,5.680000,0.001706,0.792000,90.081713,90.416476
up_1,5.690000,0.001705,0.793443,90.083636,89.921088
up_1,5.700000,0.001703,0.794887,90.084894,89.921088
up_1,5.710000,0.001702,0.796331,90.084228,90.565256
up_1,5.720000,0.001701,0.797775,90.076756,90.565256
up_1,5.730000,0.001699,0.799218,90.068381,90.538333
up_1,5.740000,0.001697,0.800660,90.060157,90.538333
up_1,5.750000,0.001695,0.802103,90.053837,90.156433
up_1,5.760000,0.001693,0.803546,90.051269,90.156433
up_1,5.770000,0.001691,0.804990,90.049080,90.127404
up_1,5.780000,0.001690,0.806434,90.047069,90.127404
up_1,5.790000,0.001689,0.807878,90.043610,90.340354
up_1,5.800000,0.001688,0.809322,90.038414,90.340354
up_1,5.810000,0.001687,0.810765,90.032474,90.423779
up_1,5.820000,0.001687,0.812208,90.025996,90.423779
up_1,5.830000,0.001685,0.813651,90.021400,90.058578
up_1,5.840000,0.001684,0.815095,90.020333,90.058578
up_1,5.850000,0.001683,0.816539,90.018793,90.127289
up_1,5.860000,0.001683,0.817983,90.016797,90.127289
up_1,5.870000,0.001682,0.819427,90.014962,90.108851
up_1,5.880000,0.001682,0.820871,90.013239,90.108851
up_1,5.890000,0.001680,0.822315,90.013432,89.147534
up_1,5.900000,0.001677,0.823758,90.021706,89.147534
up_1,5.910000,0.001677,0.825200,90.032610,90.579562
up_1,5.920000,0.001679,0.826643,90.035649,90.579562
up_1,5.930000,0.001678,0.828086,90.033776,89.507339
up_1,5.940000,0.001675,0.829530,90.038804,89.507339
up_1,5.950000,0.001675,0.830973,90.044361,90.495267
up_1,5.960000,0.001676,0.832416,90.041959,90.495267
up_1,5.970000,0.001676,0.833860,90.035039,90.442960
up_1,5.980000,0.001675,0.835303,90.028264,90.442960
up_1,5.990000,0.001673,0.836745,90.023407,89.118487
up_1,6.000000,0.001669,0.838189,90.026553,89.118487
up_1,6.010000,0.001668,0.839632,90.034648,90.037155
up_1,6.020000,0.001669,0.841075,90.036061,90.037155
up_1,6.030000,0.001667,0.842519,90.037388,89.557802
up_1,6.040000,0.001665,0.843962,90.043823,89.557802
up_1,6.050000,0.001665,0.845405,90.048649,90.255750
up_1,6.060000,0.001666,0.846849,90.046337,90.255750
up_1,6.070000,0.001665,0.848293,90.041036,90.444344
up_1,6.080000,0.001664,0.849736,90.034261,90.444344
up_1,6.090000,0.001665,0.851179,90.025548,90.981425
up_1,6.100000,0.001665,0.852621,90.011134,90.981425
up_1,6.110000,0.001666,0.854063,89.995001,91.141069
up_1,6.120000,0.001666,0.855504,89.977697,91.141069
up_1,6.130000,0.001666,0.856945,89.962301,90.384967
up_1,6.140000,0.001665,0.858387,89.954339,90.384967
up_1,6.150000,0.001665,0.859830,89.950217,90.081445
up_1,6.160000,0.001666,0.861274,89.948859,90.081445
up_1,6.170000,0.001666,0.862717,89.949423,89.745017
up_1,6.180000,0.001667,0.864161,89.953275,89.745017
up_1,6.190000,0.001667,0.865605,89.958991,89.443851
up_1,6.200000,0.001668,0.867048,89.967418,89.443851
up_1,6.210000,0.001669,0.868490,89.974975,89.555191
up_1,6.220000,0.001670,0.869934,89.981786,89.555191
up_1,6.230000,0.001671,0.871376,89.987390,89.709756
up_1,6.240000,0.001671,0.872820,89.991869,89.709756
up_1,6.250000,0.001673,0.874263,89.994622,89.982190
up_1,6.260000,0.001673,0.875707,89.994983,89.982190
up_1,6.270000,0.001674,0.877151,89.993641,90.235430
up_1,6.280000,0.001675,0.878595,89.990054,90.235430
up_1,6.290000,0.001674,0.880038,89.988253,89.912027
up_1,6.300000,0.001674,0.881483,89.989550,89.912027
up_1,6.310000,0.001675,0.882926,89.989043,90.307704
up_1,6.320000,0.001676,0.884370,89.984465,90.307704
up_1,6.330000,0.001676,0.885813,89.981607,89.968306
up_1,6.340000,0.001676,0.887257,89.981997,89.968306
up_1,6.350000,0.001675,0.888701,89.984355,89.576436
up_1,6.360000,0.001675,0.890145,89.990697,89.576436
up_1,6.370000,0.001676,0.891588,89.995255,90.618573
up_1,6.380000,0.001679,0.893031,89.991808,90.618573
up_1,6.390000,0.001679,0.894474,89.984577,90.142066
up_1,6.400000,0.001679,0.895917,89.982080,90.142066
up_1,6.410000,0.001678,0.897361,89.981201,89.962675
up_1,6.420000,0.001679,0.898805,89.981770,89.962675
up_1,6.430000,0.001679,0.900249,89.983162,89.867637
up_1,6.440000,0.001679,0.901693,89.985231,89.867637
up_1,6.450000,0.001678,0.903137,89.989047,89.563054
up_1,6.460000,0.001678,0.904581,89.995662,89.563054
up_1,6.470000,0.001679,0.906024,90.000939,89.756005
up_1,6.480000,0.001679,0.907467,90.004724,89.756005
up_1,6.490000,0.001678,0.908911,90.010373,89.378007
up_1,6.500000,0.001677,0.910354,90.019731,89.378007
up_1,6.510000,0.001677,0.911796,90.028702,89.432889
up_1,6.520000,0.001676,0.913239,90.037344,89.432889
up_1,6.530000,0.001676,0.914682,90.044064,90.230221
up_1,6.540000,0.001677,0.916125,90.043136,90.230221
up_1,6.550000,0.001675,0.917568,90.041530,89.765925
up_1,6.560000,0.001673,0.919012,90.044852,89.765925
up_1,6.570000,0.001672,0.920456,90.047817,89.838454
up_1,6.580000,0.001670,0.921900,90.050328,89.838454
up_1,6.590000,0.001669,0.923343,90.051987,89.939202
up_1,6.600000,0.001668,0.924788,90.052966,89.939202
up_1,6.610000,0.001666,0.926232,90.054035,89.927527
up_1,6.620000,0.001665,0.927676,90.055186,89.927527
up_1,6.630000,0.001662,0.929120,90.058174,89.508123
up_1,6.640000,0.001660,0.930563,90.065497,89.508123
up_1,6.650000,0.001659,0.932006,90.071071,90.435552
up_1,6.660000,0.001659,0.933449,90.068686,90.435552
up_1,6.670000,0.001659,0.934893,90.061042,90.571317
up_1,6.680000,0.001657,0.936335,90.052336,90.571317
up_1,6.690000,0.001655,0.937778,90.045536,89.729596
up_1,6.700000,0.001651,0.939221,90.046524,89.729596
up_1,6.710000,0.001650,0.940665,90.048702,90.542485
up_1,6.720000,0.001651,0.942108,90.043203,90.542485
up_1,6.730000,0.001650,0.943551,90.036130,90.393212
up_1,6.740000,0.001649,0.944994,90.030092,90.393212
up_1,6.750000,0.001648,0.946437,90.023478,90.460317
up_1,6.760000,0.001648,0.947880,90.016448,90.460317
up_1,6.770000,0.001646,0.949323,90.011331,89.930814
up_1,6.780000,0.001645,0.950767,90.011877,89.930814
up_1,6.790000,0.001643,0.952211,90.014798,89.551381
up_1,6.800000,0.001642,0.953654,90.021526,89.551381
up_1,6.810000,0.001642,0.955097,90.026484,89.919096
up_1,6.820000,0.001642,0.956541,90.027882,89.919096
up_1,6.830000,0.001641,0.957985,90.030161,89.792973
up_1,6.840000,0.001640,0.959429,90.033345,89.792973
up_1,6.850000,0.001639,0.960873,90.036341,89.815124
up_1,6.860000,0.001638,0.962316,90.039203,89.815124
up_1,6.870000,0.001638,0.963760,90.040147,90.559349
up_1,6.880000,0.001639,0.965204,90.033641,90.559349
up_1,6.890000,0.001639,0.966646,90.025178,90.554513
up_1,6.900000,0.001638,0.968089,90.016719,90.554513
up_1,6.910000,0.001637,0.969532,90.008371,90.542502
up_1,6.920000,0.001637,0.970975,90.000096,90.542502
up_1,6.930000,0.001636,0.972417,89.993741,89.938414
up_1,6.940000,0.001635,0.973861,89.993771,89.938414
up_1,6.950000,0.001635,0.975305,89.994344,89.982136
up_1,6.960000,0.001635,0.976749,89.994640,89.982136
up_1,6.970000,0.001636,0.978193,89.994245,90.061519
up_1,6.980000,0.001636,0.979637,89.993268,90.061519
up_1,6.990000,0.001637,0.981081,89.990442,90.459617
up_1,7.000000,0.001638,0.982525,89.983565,90.459617
up_1,7.010000,0.001638,0.983967,89.978000,90.256000
up_1,7.020000,0.001638,0.985411,89.974036,90.256000
up_1,7.030000,0.001638,0.986854,89.972013,89.137903
up_1,7.040000,0.001636,0.988298,89.978042,89.137903
up_1,7.050000,0.001636,0.989740,89.988685,90.242067
up_1,7.060000,0.001639,0.991183,89.991874,90.242067
up_1,7.070000,0.001641,0.992627,89.988749,90.234547
up_1,7.080000,0.001641,0.994070,89.985139,90.234547
up_1,7.090000,0.001641,0.995514,89.983439,89.302843
up_1,7.100000,0.001638,0.996958,89.989760,89.302843
up_1,7.110000,0.001639,0.998400,89.998349,89.962960
up_1,7.120000,0.001641,0.999843,90.000222,89.962960
up_1,7.130000,0.001640,1.001287,90.002692,89.520767
up_1,7.140000,0.001639,1.002730,90.009796,89.520767
up_1,7.150000,0.001640,1.004173,90.015190,90.083468
up_1,7.160000,0.001641,1.005617,90.014572,90.083468
up_1,7.170000,0.001639,1.007061,90.015159,89.583752
up_1,7.180000,0.001637,1.008504,90.021132,89.583752
up_1,7.190000,0.001636,1.009948,90.029405,88.941725
up_1,7.200000,0.001633,1.011390,90.044369,88.941725
up_1,7.210000,0.001632,1.012831,90.058753,89.199151
up_1,7.220000,0.001631,1.014273,90.070959,89.199151
up_1,7.230000,0.001630,1.015715,90.081204,90.175797
up_1,7.240000,0.001630,1.017158,90.083457,90.175797
up_1,7.250000,0.001630,1.018602,90.079018,91.509138
up_1,7.260000,0.001631,1.020045,90.066361,91.509138
up_1,7.270000,0.001629,1.021486,90.048885,90.234081
up_1,7.280000,0.001625,1.022927,90.038748,90.234081
up_1,7.290000,0.001623,1.024370,90.034064,90.309748
up_1,7.300000,0.001622,1.025814,90.029302,90.309748
up_1,7.310000,0.001621,1.027257,90.025163,90.238781
up_1,7.320000,0.001621,1.028701,90.021470,90.238781
up_1,7.330000,0.001621,1.030145,90.015876,90.671625
up_1,7.340000,0.001622,1.031587,90.005834,90.671625
up_1,7.350000,0.001620,1.033030,89.997530,89.632507
up_1,7.360000,0.001618,1.034473,89.997212,89.632507
up_1,7.370000,0.001618,1.035916,90.000831,89.908727
up_1,7.380000,0.001618,1.037360,90.002329,89.908727
up_1,7.390000,0.001619,1.038804,90.001889,90.281919
up_1,7.400000,0.001620,1.040247,89.997676,90.281919
up_1,7.410000,0.001619,1.041691,89.995260,89.837549
up_1,7.420000,0.001618,1.043135,89.997542,89.837549
up_1,7.430000,0.001617,1.044578,90.001264,89.678650
up_1,7.440000,0.001617,1.046022,90.006176,89.678650
up_1,7.450000,0.001617,1.047465,90.010769,89.715772
up_1,7.460000,0.001617,1.048909,90.015139,89.715772
up_1,7.470000,0.001617,1.050352,90.018140,89.901360
up_1,7.480000,0.001617,1.051796,90.019723,89.901360
up_1,7.490000,0.001616,1.053240,90.021200,89.910747
up_1,7.500000,0.001616,1.054684,90.022619,89.910747
up_1,7.510000,0.001615,1.056128,90.024559,89.850771
up_1,7.520000,0.001614,1.057572,90.026879,89.850771
up_1,7.530000,0.001614,1.059016,90.027287,90.634633
up_1,7.540000,0.001616,1.060460,90.020051,90.634633
up_1,7.550000,0.001615,1.061902,90.012065,90.381695
up_1,7.560000,0.001614,1.063345,90.006181,90.381695
up_1,7.570000,0.001613,1.064788,90.002243,89.993419
up_1,7.580000,0.001612,1.066232,90.002177,89.993419
up_1,7.590000,0.001613,1.067676,90.000405,90.951766
up_1,7.600000,0.001616,1.069120,89.990555,90.951766
up_1,7.610000,0.001616,1.070561,89.978145,89.541564
up_1,7.620000,0.001614,1.072004,89.973604,89.541564
up_1,7.630000,0.001614,1.073447,89.974525,89.991448
up_1,7.640000,0.001615,1.074891,89.974696,89.991448
up_1,7.650000,0.001616,1.076335,89.973063,90.303086
up_1,7.660000,0.001618,1.077779,89.968484,90.303086
up_1,7.670000,0.001617,1.079222,89.965575,90.022205
up_1,7.680000,0.001618,1.080666,89.965151,90.022205
up_1,7.690000,0.001619,1.082110,89.965694,89.915561
up_1,7.700000,0.001619,1.083555,89.967039,89.915561
up_1,7.710000,0.001622,1.084998,89.966481,90.375070
up_1,7.720000,0.001624,1.086442,89.961002,90.375070
up_1,7.730000,0.001625,1.087885,89.955446,90.355826
up_1,7.740000,0.001626,1.089329,89.950002,90.355826
up_1,7.750000,0.001626,1.090772,89.946478,89.338897
up_1,7.760000,0.001625,1.092215,89.950978,89.338897
up_1,7.770000,0.001625,1.093658,89.960648,89.360146
up_1,7.780000,0.001626,1.095101,89.970397,89.360146
up_1,7.790000,0.001628,1.096543,89.978229,90.076468
up_1,7.800000,0.001631,1.097986,89.978846,90.076468
up_1,7.810000,0.001633,1.099430,89.975857,90.434998
up_1,7.820000,0.001634,1.100874,89.969317,90.434998
up_1,7.830000,0.001634,1.102316,89.964593,90.035646
up_1,7.840000,0.001634,1.103760,89.963863,90.035646
up_1,7.850000,0.001634,1.105204,89.965184,89.234921
up_1,7.860000,0.001633,1.106648,89.974250,89.234921
up_1,7.870000,0.001634,1.108090,89.983935,90.349294
up_1,7.880000,0.001637,1.109533,89.985666,90.349294
up_1,7.890000,0.001639,1.110976,89.980787,90.361325
up_1,7.900000,0.001640,1.112420,89.975264,90.361325
up_1,7.910000,0.001639,1.113863,89.971652,89.631802
up_1,7.920000,0.001638,1.115306,89.975373,89.631802
up_1,7.930000,0.001638,1.116750,89.981239,89.604309
up_1,7.940000,0.001639,1.118193,89.987294,89.604309
up_1,7.950000,0.001640,1.119636,89.991499,89.938842
up_1,7.960000,0.001641,1.121080,89.992577,89.938842
up_1,7.970000,0.001642,1.122524,89.991661,90.813454
up_1,7.980000,0.001645,1.123967,89.982771,90.813454
up_1,7.990000,0.001646,1.125409,89.971891,90.617109
up_1,8.000000,0.001646,1.126852,89.962474,90.617109
down_1,0.000000,0.000000,0.000000,-88.149575,-89.095747
down_1,0.010000,0.000000,-0.000019,-88.171239,-89.095747
down_1,0.020000,0.000002,-0.000073,-88.186061,-89.095747
down_1,0.030000,0.000005,-0.000168,-88.202485,-88.157775
down_1,0.040000,0.000009,-0.000307,-88.227409,-88.157775
down_1,0.050000,0.000014,-0.000488,-88.253595,-88.721692
down_1,0.060000,0.000020,-0.000708,-88.273767,-88.721692
down_1,0.070000,0.000027,-0.000970,-88.296003,-88.022460
down_1,0.080000,0.000035,-0.001276,-88.325625,-88.022460
down_1,0.090000,0.000045,-0.001623,-88.354184,-88.362131
down_1,0.100000,0.000055,-0.002009,-88.379743,-88.362131
down_1,0.110000,0.000066,-0.002437,-88.405860,-88.310394
down_1,0.120000,0.000077,-0.002907,-88.432280,-88.310394
down_1,0.130000,0.000090,-0.003416,-88.456523,-88.876477
down_1,0.140000,0.000104,-0.003965,-88.474666,-88.876477
down_1,0.150000,0.000118,-0.004553,-88.490423,-89.171497
down_1,0.160000,0.000133,-0.005182,-88.503614,-89.171497
down_1,0.170000,0.000148,-0.005853,-88.518985,-88.795175
down_1,0.180000,0.000164,-0.006566,-88.538091,-88.795175
down_1,0.190000,0.000182,-0.007320,-88.555041,-89.868841
down_1,0.200000,0.000202,-0.008115,-88.563221,-89.868841
down_1,0.210000,0.000220,-0.008949,-88.567560,-88.724047
down_1,0.220000,0.000238,-0.009825,-88.580355,-88.724047
down_1,0.230000,0.000258,-0.010744,-88.599235,-88.821122
down_1,0.240000,0.000279,-0.011705,-88.617987,-88.821122
down_1,0.250000,0.000300,-0.012708,-88.637832,-88.701047
down_1,0.260000,0.000322,-0.013751,-88.658501,-88.701047
down_1,0.270000,0.000345,-0.014837,-88.678206,-88.803498
down_1,0.280000,0.000368,-0.015963,-88.697199,-88.803498
down_1,0.290000,0.000393,-0.017131,-88.714053,-89.311194
down_1,0.300000,0.000418,-0.018340,-88.725120,-89.311194
down_1,0.310000,0.000441,-0.019589,-88.737946,-88.522676
down_1,0.320000,0.000465,-0.020880,-88.758927,-88.522676
down_1,0.330000,0.000491,-0.022214,-88.780311,-88.949156
down_1,0.340000,0.000518,-0.023589,-88.797036,-88.949156
down_1,0.350000,0.000545,-0.025005,-88.813070,-89.002518
down_1,0.360000,0.000572,-0.026462,-88.828746,-89.002518
down_1,0.370000,0.000598,-0.027960,-88.846434,-88.305194
down_1,0.380000,0.000623,-0.029500,-88.871709,-88.305194
down_1,0.390000,0.000649,-0.031059,-88.900869,-88.007860
down_1,0.400000,0.000675,-0.032620,-88.933024,-88.007860
down_1,0.410000,0.000702,-0.034182,-88.963248,-89.363412
down_1,0.420000,0.000730,-0.035742,-88.984930,-89.363412
down_1,0.430000,0.000755,-0.037301,-89.001342,-88.155623
down_1,0.440000,0.000777,-0.038859,-89.025551,-88.155623
down_1,0.450000,0.000800,-0.040419,-89.053176,-89.757682
down_1,0.460000,0.000826,-0.041980,-89.072471,-89.757682
down_1,0.470000,0.000849,-0.043538,-89.086374,-88.994902
down_1,0.480000,0.000871,-0.045096,-89.102543,-88.994902
down_1,0.490000,0.000892,-0.046654,-89.120396,-88.773440
down_1,0.500000,0.000913,-0.048213,-89.140200,-88.773440
down_1,0.510000,0.000935,-0.049772,-89.158027,-89.338295
down_1,0.520000,0.000957,-0.051330,-89.169406,-89.338295
down_1,0.530000,0.000978,-0.052888,-89.178064,-89.840439
down_1,0.540000,0.000999,-0.054444,-89.180980,-89.840439
down_1,0.550000,0.001018,-0.056000,-89.185435,-89.246040
down_1,0.560000,0.001036,-0.057556,-89.196705,-89.246040
down_1,0.570000,0.001054,-0.059114,-89.210845,-88.890983
down_1,0.580000,0.001072,-0.060672,-89.228681,-88.890983
down_1,0.590000,0.001092,-0.062231,-89.244615,-89.462904
down_1,0.600000,0.001112,-0.063789,-89.254020,-89.462904
down_1,0.610000,0.001130,-0.065346,-89.262583,-89.473958
down_1,0.620000,0.001148,-0.066903,-89.271065,-89.473958
down_1,0.630000,0.001165,-0.068459,-89.281565,-88.690493
down_1,0.640000,0.001179,-0.070017,-89.300173,-88.690493
down_1,0.650000,0.001197,-0.071577,-89.319340,-89.264928
down_1,0.660000,0.001215,-0.073135,-89.331996,-89.264928
down_1,0.670000,0.001233,-0.074693,-89.342190,-89.509337
down_1,0.680000,0.001249,-0.076250,-89.350155,-89.509337
down_1,0.690000,0.001265,-0.077807,-89.357345,-89.589783
down_1,0.700000,0.001281,-0.079363,-89.363969,-89.589783
down_1,0.710000,0.001295,-0.080920,-89.372605,-89.155722
down_1,0.720000,0.001309,-0.082477,-89.386064,-89.155722
down_1,0.730000,0.001325,-0.084036,-89.397748,-89.526428
down_1,0.740000,0.001340,-0.085593,-89.405530,-89.526428
down_1,0.750000,0.001355,-0.087150,-89.412905,-89.556058
down_1,0.760000,0.001369,-0.088706,-89.420084,-89.556058
down_1,0.770000,0.001384,-0.090263,-89.425367,-89.861911
down_1,0.780000,0.001398,-0.091819,-89.427643,-89.861911
down_1,0.790000,0.001411,-0.093375,-89.431794,-89.217571
down_1,0.800000,0.001423,-0.094932,-89.443222,-89.217571
down_1,0.810000,0.001437,-0.096490,-89.453875,-90.049235
down_1,0.820000,0.001453,-0.098047,-89.456232,-90.049235
down_1,0.830000,0.001466,-0.099603,-89.457345,-89.158736
down_1,0.840000,0.001476,-0.101160,-89.466952,-89.158736
down_1,0.850000,0.001489,-0.102717,-89.479589,-89.262436
down_1,0.860000,0.001501,-0.104275,-89.491563,-89.262436
down_1,0.870000,0.001514,-0.105833,-89.502191,-89.428560
down_1,0.880000,0.001526,-0.107390,-89.511480,-89.428560
down_1,0.890000,0.001537,-0.108947,-89.522769,-88.962990
down_1,0.900000,0.001547,-0.110505,-89.539320,-88.962990
down_1,0.910000,0.001560,-0.112064,-89.554145,-90.182488
down_1,0.920000,0.001573,-0.113622,-89.560410,-90.182488
down_1,0.930000,0.001584,-0.115179,-89.561305,-89.342361
down_1,0.940000,0.001593,-0.116735,-89.569527,-89.342361
down_1,0.950000,0.001604,-0.118293,-89.578298,-89.638840
down_1,0.960000,0.001614,-0.119849,-89.584228,-89.638840
down_1,0.970000,0.001625,-0.121406,-89.590095,-89.638840
down_1,0.980000,0.001634,-0.122963,-89.595962,-89.638840
down_1,0.990000,0.001645,-0.124519,-89.599809,-90.751872
down_1,1.000000,0.001658,-0.126076,-89.595039,-90.751872
down_1,1.010000,0.001668,-0.127633,-89.585267,-89.352977
down_1,1.020000,0.001676,-0.129191,-89.583476,-89.352977
down_1,1.030000,0.001685,-0.130747,-89.587048,-90.030858
down_1,1.040000,0.001696,-0.132303,-89.586651,-90.030858
down_1,1.050000,0.001705,-0.133859,-89.588019,-89.381742
down_1,1.060000,0.001713,-0.135416,-89.596741,-89.381742
down_1,1.070000,0.001724,-0.136973,-89.604755,-89.830937
down_1,1.080000,0.001734,-0.138530,-89.607744,-89.830937
down_1,1.090000,0.001745,-0.140086,-89.608510,-90.182994
down_1,1.100000,0.001755,-0.141642,-89.605493,-90.182994
down_1,1.110000,0.001764,-0.143199,-89.604201,-89.902561
down_1,1.120000,0.001773,-0.144755,-89.605677,-89.902561
down_1,1.130000,0.001782,-0.146311,-89.608458,-89.750452
down_1,1.140000,0.001791,-0.147867,-89.612494,-89.750452
down_1,1.150000,0.001799,-0.149423,-89.618553,-89.217057
down_1,1.160000,0.001807,-0.150980,-89.630732,-89.217057
down_1,1.170000,0.001815,-0.152538,-89.644343,-89.117858
down_1,1.180000,0.001824,-0.154096,-89.658683,-89.117858
down_1,1.190000,0.001833,-0.155655,-89.671019,-89.769379
down_1,1.200000,0.001843,-0.157212,-89.676087,-89.769379
down_1,1.210000,0.001850,-0.158768,-89.681865,-89.214793
down_1,1.220000,0.001856,-0.160325,-89.693986,-89.214793
down_1,1.230000,0.001865,-0.161884,-89.704743,-89.791853
down_1,1.240000,0.001873,-0.163441,-89.708923,-89.791853
down_1,1.250000,0.001879,-0.164997,-89.714325,-89.211412
down_1,1.260000,0.001884,-0.166554,-89.726364,-89.211412
down_1,1.270000,0.001892,-0.168112,-89.737182,-90.192091
down_1,1.280000,0.001901,-0.169669,-89.739440,-90.192091
down_1,1.290000,0.001907,-0.171226,-89.738409,-89.619259
down_1,1.300000,0.001912,-0.172782,-89.743828,-89.619259
down_1,1.310000,0.001917,-0.174339,-89.752053,-88.629588
down_1,1.320000,0.001920,-0.175896,-89.768849,-88.629588
down_1,1.330000,0.001926,-0.177455,-89.788946,-90.204390
down_1,1.340000,0.001934,-0.179015,-89.800682,-90.204390
down_1,1.350000,0.001940,-0.180572,-89.804964,-89.792737
down_1,1.360000,0.001945,-0.182128,-89.808382,-89.792737
down_1,1.370000,0.001949,-0.183684,-89.813238,-89.602964
down_1,1.380000,0.001953,-0.185241,-89.819707,-89.602964
down_1,1.390000,0.001959,-0.186798,-89.824184,-90.462721
down_1,1.400000,0.001966,-0.188354,-89.820218,-90.462721
down_1,1.410000,0.001972,-0.189911,-89.810633,-90.981970
down_1,1.420000,0.001978,-0.191469,-89.795032,-90.981970
down_1,1.430000,0.001982,-0.193028,-89.780967,-90.135064
down_1,1.440000,0.001984,-0.194586,-89.775255,-90.135064
down_1,1.450000,0.001988,-0.196143,-89.774895,-88.847314
down_1,1.460000,0.001991,-0.197699,-89.783255,-88.847314
down_1,1.470000,0.001996,-0.199257,-89.796944,-90.390193
down_1,1.480000,0.002003,-0.200815,-89.802824,-90.390193
down_1,1.490000,0.002008,-0.202371,-89.803342,-89.346146
down_1,1.500000,0.002011,-0.203928,-89.811295,-89.346146
down_1,1.510000,0.002016,-0.205485,-89.819906,-89.942386
down_1,1.520000,0.002022,-0.207042,-89.821785,-89.942386
down_1,1.530000,0.002028,-0.208598,-89.820792,-90.282144
down_1,1.540000,0.002033,-0.210155,-89.816189,-90.282144
down_1,1.550000,0.002036,-0.211712,-89.813509,-88.521136
down_1,1.560000,0.002038,-0.213268,-89.819451,-88.521136
down_1,1.570000,0.002042,-0.214825,-89.830757,-90.112099
down_1,1.580000,0.002048,-0.216383,-89.834249,-90.112099
down_1,1.590000,0.002052,-0.217939,-89.834545,-89.455352
down_1,1.600000,0.002054,-0.219496,-89.842046,-89.455352
down_1,1.610000,0.002059,-0.221053,-89.848960,-89.798607
down_1,1.620000,0.002063,-0.222610,-89.852376,-89.798607
down_1,1.630000,0.002068,-0.224166,-89.853900,-90.067478
down_1,1.640000,0.002072,-0.225722,-89.852777,-90.067478
down_1,1.650000,0.002074,-0.227278,-89.853598,-89.464751
down_1,1.660000,0.002076,-0.228835,-89.861361,-89.464751
down_1,1.670000,0.002080,-0.230392,-89.868083,-90.487580
down_1,1.680000,0.002086,-0.231949,-89.866239,-90.487580
down_1,1.690000,0.002089,-0.233506,-89.860492,-89.612135
down_1,1.700000,0.002090,-0.235062,-89.862944,-89.612135
down_1,1.710000,0.002093,-0.236619,-89.868246,-89.722358
down_1,1.720000,0.002097,-0.238176,-89.872820,-89.722358
down_1,1.730000,0.002098,-0.239732,-89.879404,-88.469248
down_1,1.740000,0.002098,-0.241289,-89.894551,-88.469248
down_1,1.750000,0.002100,-0.242848,-89.914970,-89.450006
down_1,1.760000,0.002105,-0.244408,-89.927726,-89.450006
down_1,1.770000,0.002108,-0.245965,-89.934793,-90.167012
down_1,1.780000,0.002112,-0.247522,-89.933993,-90.167012
down_1,1.790000,0.002113,-0.249078,-89.933235,-89.767169
down_1,1.800000,0.002114,-0.250635,-89.936913,-89.767169
down_1,1.810000,0.002115,-0.252191,-89.940241,-89.821190
down_1,1.820000,0.002117,-0.253747,-89.943217,-89.821190
down_1,1.830000,0.002118,-0.255303,-89.945601,-89.883255
down_1,1.840000,0.002120,-0.256859,-89.947569,-89.883255
down_1,1.850000,0.002120,-0.258415,-89.951486,-89.302801
down_1,1.860000,0.002119,-0.259972,-89.962085,-89.302801
down_1,1.870000,0.002121,-0.261530,-89.971464,-90.008315
down_1,1.880000,0.002124,-0.263087,-89.973175,-90.008315
down_1,1.890000,0.002126,-0.264643,-89.971115,-90.373102
down_1,1.900000,0.002128,-0.266200,-89.965089,-90.373102
down_1,1.910000,0.002127,-0.267757,-89.960960,-89.811987
down_1,1.920000,0.002127,-0.269313,-89.963330,-89.811987
down_1,1.930000,0.002129,-0.270870,-89.964425,-90.247278
down_1,1.940000,0.002131,-0.272426,-89.960566,-90.247278
down_1,1.950000,0.002130,-0.273983,-89.958485,-89.747980
down_1,1.960000,0.002130,-0.275539,-89.962207,-89.747980
down_1,1.970000,0.002130,-0.277095,-89.967848,-89.554409
down_1,1.980000,0.002130,-0.278652,-89.975138,-89.554409
down_1,1.990000,0.002131,-0.280209,-89.982230,-89.577962
down_1,2.000000,0.002132,-0.281766,-89.989169,-89.577962
down_1,2.010000,0.002133,-0.283324,-89.994088,-90.137837
down_1,2.020000,0.002135,-0.284880,-89.992531,-90.137837
down_1,2.030000,0.002135,-0.286436,-89.990866,-90.068836
down_1,2.040000,0.002135,-0.287992,-89.989664,-90.068836
down_1,2.050000,0.002136,-0.289548,-89.986545,-90.442912
down_1,2.060000,0.002137,-0.291105,-89.979395,-90.442912
down_1,2.070000,0.002137,-0.292662,-89.974133,-89.915225
down_1,2.080000,0.002136,-0.294218,-89.974969,-89.915225
down_1,2.090000,0.002136,-0.295774,-89.977926,-89.704859
down_1,2.100000,0.002136,-0.297331,-89.982765,-89.704859
down_1,2.110000,0.002137,-0.298887,-89.986502,-89.838861
down_1,2.120000,0.002137,-0.300443,-89.989211,-89.838861
down_1,2.130000,0.002139,-0.302000,-89.989884,-90.627072
down_1,2.140000,0.002142,-0.303556,-89.982328,-90.627072
down_1,2.150000,0.002141,-0.305114,-89.974111,-90.055463
down_1,2.160000,0.002140,-0.306671,-89.972387,-90.055463
down_1,2.170000,0.002141,-0.308227,-89.971143,-90.082949
down_1,2.180000,0.002142,-0.309782,-89.969715,-90.082949
down_1,2.190000,0.002144,-0.311338,-89.966340,-90.542790
down_1,2.200000,0.002146,-0.312895,-89.957702,-90.542790
down_1,2.210000,0.002145,-0.314453,-89.950812,-89.875005
down_1,2.220000,0.002145,-0.316009,-89.951358,-89.875005
down_1,2.230000,0.002144,-0.317565,-89.955392,-89.464513
down_1,2.240000,0.002145,-0.319122,-89.963990,-89.464513
down_1,2.250000,0.002147,-0.320680,-89.970746,-90.039857
down_1,2.260000,0.002149,-0.322236,-89.970904,-90.039857
down_1,2.270000,0.002148,-0.323792,-89.972225,-89.629586
down_1,2.280000,0.002148,-0.325349,-89.978137,-89.629586
down_1,2.290000,0.002150,-0.326906,-89.982210,-90.415709
down_1,2.300000,0.002153,-0.328462,-89.978108,-90.415709
down_1,2.310000,0.002155,-0.330019,-89.969590,-90.662573
down_1,2.320000,0.002156,-0.331577,-89.958776,-90.662573
down_1,2.330000,0.002156,-0.333135,-89.949934,-89.549235
down_1,2.340000,0.002154,-0.334692,-89.949663,-89.549235
down_1,2.350000,0.002155,-0.336248,-89.954411,-90.373356
down_1,2.360000,0.002159,-0.337805,-89.951460,-90.373356
down_1,2.370000,0.002159,-0.339362,-89.947377,-89.406188
down_1,2.380000,0.002157,-0.340918,-89.951840,-89.406188
down_1,2.390000,0.002159,-0.342476,-89.959644,-89.664610
down_1,2.400000,0.002160,-0.344032,-89.965213,-89.664610
down_1,2.410000,0.002162,-0.345589,-89.968717,-90.622328
down_1,2.420000,0.002166,-0.347145,-89.963618,-90.622328
down_1,2.430000,0.002166,-0.348703,-89.955583,-90.080152
down_1,2.440000,0.002166,-0.350260,-89.953604,-90.080152
down_1,2.450000,0.002168,-0.351816,-89.950634,-90.302773
down_1,2.460000,0.002169,-0.353372,-89.945659,-90.302773
down_1,2.470000,0.002170,-0.354929,-89.940892,-90.277364
down_1,2.480000,0.002172,-0.356485,-89.936291,-90.277364
down_1,2.490000,0.002172,-0.358042,-89.933711,-89.615476
down_1,2.500000,0.002172,-0.359599,-89.938562,-89.615476
down_1,2.510000,0.002172,-0.361155,-89.946880,-88.504632
down_1,2.520000,0.002170,-0.362712,-89.963777,-88.504632
down_1,2.530000,0.002171,-0.364272,-89.985556,-89.499405
down_1,2.540000,0.002174,-0.365832,-89.999362,-89.499405
down_1,2.550000,0.002176,-0.367390,-90.005766,-89.904026
down_1,2.560000,0.002176,-0.368946,-90.007570,-89.904026
down_1,2.570000,0.002175,-0.370502,-90.011158,-89.094391
down_1,2.580000,0.002172,-0.372058,-90.023042,-89.094391
down_1,2.590000,0.002172,-0.373617,-90.035784,-90.262233
down_1,2.600000,0.002174,-0.375175,-90.040008,-90.262233
down_1,2.610000,0.002175,-0.376731,-90.036525,-90.275178
down_1,2.620000,0.002175,-0.378288,-90.031993,-90.275178
down_1,2.630000,0.002173,-0.379845,-90.029210,-90.016413
down_1,2.640000,0.002172,-0.381400,-90.028860,-90.016413
down_1,2.650000,0.002170,-0.382956,-90.030549,-89.643318
down_1,2.660000,0.002168,-0.384513,-90.036299,-89.643318
down_1,2.670000,0.002167,-0.386070,-90.042932,-89.561026
down_1,2.680000,0.002166,-0.387627,-90.050150,-89.561026
down_1,2.690000,0.002166,-0.389184,-90.055356,-90.018284
down_1,2.700000,0.002166,-0.390740,-90.055374,-90.018284
down_1,2.710000,0.002165,-0.392296,-90.053525,-90.230913
down_1,2.720000,0.002164,-0.393853,-90.049738,-90.230913
down_1,2.730000,0.002162,-0.395409,-90.047532,-90.011112
down_1,2.740000,0.002161,-0.396965,-90.047298,-90.011112
down_1,2.750000,0.002161,-0.398521,-90.045318,-90.289623
down_1,2.760000,0.002160,-0.400077,-90.040599,-90.289623
down_1,2.770000,0.002159,-0.401634,-90.035108,-90.367328
down_1,2.780000,0.002159,-0.403191,-90.029072,-90.367328
down_1,2.790000,0.002157,-0.404748,-90.025047,-89.907627
down_1,2.800000,0.002155,-0.406304,-90.026297,-89.907627
down_1,2.810000,0.002155,-0.407860,-90.026397,-90.096335
down_1,2.820000,0.002155,-0.409416,-90.024794,-90.096335
down_1,2.830000,0.002153,-0.410972,-90.024365,-89.953341
down_1,2.840000,0.002153,-0.412528,-90.025152,-89.953341
down_1,2.850000,0.002152,-0.414084,-90.025633,-89.988063
down_1,2.860000,0.002152,-0.415640,-90.025855,-89.988063
down_1,2.870000,0.002152,-0.417196,-90.024216,-90.282628
down_1,2.880000,0.002152,-0.418752,-90.019615,-90.282628
down_1,2.890000,0.002151,-0.420309,-90.015950,-90.168770
down_1,2.900000,0.002151,-0.421865,-90.013122,-90.168770
down_1,2.910000,0.002149,-0.423422,-90.012325,-89.596324
down_1,2.920000,0.002147,-0.424978,-90.018172,-89.596324
down_1,2.930000,0.002145,-0.426534,-90.026778,-89.253050
down_1,2.940000,0.002144,-0.428092,-90.038911,-89.253050
down_1,2.950000,0.002144,-0.429650,-90.049897,-89.404451
down_1,2.960000,0.002142,-0.431208,-90.059689,-89.404451
down_1,2.970000,0.002142,-0.432766,-90.067445,-90.210746
down_1,2.980000,0.002143,-0.434322,-90.066954,-90.210746
down_1,2.990000,0.002141,-0.435879,-90.065303,-89.944320
down_1,3.000000,0.002139,-0.437435,-90.066204,-89.944320
down_1,3.010000,0.002137,-0.438991,-90.068266,-89.813848
down_1,3.020000,0.002135,-0.440547,-90.071369,-89.813848
down_1,3.030000,0.002133,-0.442103,-90.075295,-89.723660
down_1,3.040000,0.002131,-0.443660,-90.079873,-89.723660
down_1,3.050000,0.002129,-0.445216,-90.083607,-89.818793
down_1,3.060000,0.002127,-0.446773,-90.086656,-89.818793
down_1,3.070000,0.002126,-0.448329,-90.087700,-90.190274
down_1,3.080000,0.002125,-0.449885,-90.084691,-90.190274
down_1,3.090000,0.002124,-0.451441,-90.079550,-91.243655
down_1,3.100000,0.002125,-0.452998,-90.065815,-91.243655
down_1,3.110000,0.002124,-0.454557,-90.047897,-90.101728
down_1,3.120000,0.002120,-0.456116,-90.038191,-90.101728
down_1,3.130000,0.002117,-0.457673,-90.035471,-90.128682
down_1,3.140000,0.002116,-0.459229,-90.033302,-90.128682
down_1,3.150000,0.002116,-0.460785,-90.029704,-90.320279
down_1,3.160000,0.002116,-0.462341,-90.024452,-90.320279
down_1,3.170000,0.002114,-0.463898,-90.021012,-90.038486
down_1,3.180000,0.002113,-0.465454,-90.020272,-90.038486
down_1,3.190000,0.002114,-0.467010,-90.017652,-90.494327
down_1,3.200000,0.002115,-0.468567,-90.009809,-90.494327
down_1,3.210000,0.002116,-0.470124,-89.999681,-91.157004
down_1,3.220000,0.002118,-0.471682,-89.982195,-91.157004
down_1,3.230000,0.002118,-0.473241,-89.965334,-89.977747
down_1,3.240000,0.002116,-0.474800,-89.957017,-89.977747
down_1,3.250000,0.002114,-0.476357,-89.957612,-89.795955
down_1,3.260000,0.002115,-0.477913,-89.960955,-89.795955
down_1,3.270000,0.002117,-0.479469,-89.962557,-90.060287
down_1,3.280000,0.002118,-0.481025,-89.961585,-90.060287
down_1,3.290000,0.002120,-0.482581,-89.958586,-90.572147
down_1,3.300000,0.002123,-0.484138,-89.949652,-90.572147
down_1,3.310000,0.002123,-0.485696,-89.942285,-89.895774
down_1,3.320000,0.002122,-0.487252,-89.942412,-89.895774
down_1,3.330000,0.002124,-0.488808,-89.943371,-89.980323
down_1,3.340000,0.002125,-0.490364,-89.943710,-89.980323
down_1,3.350000,0.002125,-0.491920,-89.946004,-89.410859
down_1,3.360000,0.002125,-0.493477,-89.954901,-89.410859
down_1,3.370000,0.002127,-0.495035,-89.962736,-89.682561
down_1,3.380000,0.002128,-0.496591,-89.968022,-89.682561
down_1,3.390000,0.002130,-0.498148,-89.971236,-90.389244
down_1,3.400000,0.002133,-0.499705,-89.966699,-90.389244
down_1,3.410000,0.002133,-0.501262,-89.961951,-90.163764
down_1,3.420000,0.002134,-0.502818,-89.959169,-90.163764
down_1,3.430000,0.002134,-0.504374,-89.958207,-89.898977
down_1,3.440000,0.002134,-0.505930,-89.959848,-89.898977
down_1,3.450000,0.002137,-0.507486,-89.959535,-91.066243
down_1,3.460000,0.002141,-0.509043,-89.950552,-91.066243
down_1,3.470000,0.002142,-0.510601,-89.936254,-89.435046
down_1,3.480000,0.002141,-0.512159,-89.929765,-89.435046
down_1,3.490000,0.002140,-0.513716,-89.932594,-88.865875
down_1,3.500000,0.002138,-0.515272,-89.944867,-88.865875
down_1,3.510000,0.002140,-0.516831,-89.961076,-90.153393
down_1,3.520000,0.002144,-0.518390,-89.969002,-90.153393
down_1,3.530000,0.002146,-0.519946,-89.969874,-89.986122
down_1,3.540000,0.002147,-0.521502,-89.970120,-89.986122
down_1,3.550000,0.002147,-0.523058,-89.971389,-89.866103
down_1,3.560000,0.002147,-0.524614,-89.973623,-89.866103
down_1,3.570000,0.002149,-0.526170,-89.973849,-90.286682
down_1,3.580000,0.002151,-0.527727,-89.969314,-90.286682
down_1,3.590000,0.002150,-0.529283,-89.966593,-89.067014
down_1,3.600000,0.002148,-0.530840,-89.972495,-89.067014
down_1,3.610000,0.002148,-0.532397,-89.983758,-89.673945
down_1,3.620000,0.002150,-0.533955,-89.989675,-89.673945
down_1,3.630000,0.002152,-0.535512,-89.993039,-90.442581
down_1,3.640000,0.002154,-0.537068,-89.988293,-90.442581
down_1,3.650000,0.002154,-0.538625,-89.983074,-89.745158
down_1,3.660000,0.002152,-0.540182,-89.985499,-89.745158
down_1,3.670000,0.002153,-0.541738,-89.987673,-90.292105
down_1,3.680000,0.002155,-0.543295,-89.983512,-90.292105
down_1,3.690000,0.002154,-0.544851,-89.980711,-89.138567
down_1,3.700000,0.002152,-0.546408,-89.986526,-89.138567
down_1,3.710000,0.002152,-0.547965,-89.997704,-89.576711
down_1,3.720000,0.002153,-0.549523,-90.004867,-89.576711
down_1,3.730000,0.002153,-0.551080,-90.010872,-89.685271
down_1,3.740000,0.002153,-0.552636,-90.016081,-89.685271
down_1,3.750000,0.002154,-0.554193,-90.019259,-90.256123
down_1,3.760000,0.002155,-0.555750,-90.015817,-90.256123
down_1,3.770000,0.002156,-0.557306,-90.009572,-90.749049
down_1,3.780000,0.002157,-0.558863,-89.997699,-90.749049
down_1,3.790000,0.002156,-0.560421,-89.987463,-89.506584
down_1,3.800000,0.002153,-0.561979,-89.985792,-89.506584
down_1,3.810000,0.002153,-0.563535,-89.989490,-90.354904
down_1,3.820000,0.002156,-0.565092,-89.985972,-90.354904
down_1,3.830000,0.002155,-0.566649,-89.982174,-89.103111
down_1,3.840000,0.002152,-0.568205,-89.986954,-89.103111
down_1,3.850000,0.002152,-0.569762,-89.997110,-90.174507
down_1,3.860000,0.002155,-0.571320,-89.999459,-90.174507
down_1,3.870000,0.002155,-0.572876,-89.998431,-89.934108
down_1,3.880000,0.002155,-0.574432,-89.999508,-89.934108
down_1,3.890000,0.002155,-0.575988,-90.001082,-89.887666
down_1,3.900000,0.002154,-0.577544,-90.002980,-89.887666
down_1,3.910000,0.002154,-0.579100,-90.004904,-89.885483
down_1,3.920000,0.002154,-0.580656,-90.006843,-89.885483
down_1,3.930000,0.002155,-0.582212,-90.006761,-90.432770
down_1,3.940000,0.002157,-0.583769,-90.000307,-90.432770
down_1,3.950000,0.002156,-0.585326,-89.995220,-90.010621
down_1,3.960000,0.002155,-0.586882,-89.994796,-90.010621
down_1,3.970000,0.002156,-0.588438,-89.992633,-90.577472
down_1,3.980000,0.002158,-0.589995,-89.983901,-90.577472
down_1,3.990000,0.002158,-0.591552,-89.976006,-90.366824
down_1,4.000000,0.002158,-0.593109,-89.969927,-90.366824
down_1,4.010000,0.002158,-0.594666,-89.965897,-89.827086
down_1,4.020000,0.002157,-0.596223,-89.968133,-89.827086
down_1,4.030000,0.002159,-0.597779,-89.969056,-90.158287
down_1,4.040000,0.002160,-0.599335,-89.966501,-90.158287
down_1,4.050000,0.002161,-0.600891,-89.963787,-90.164370
down_1,4.060000,0.002162,-0.602448,-89.961031,-90.164370
down_1,4.070000,0.002162,-0.604004,-89.960120,-89.882139
down_1,4.080000,0.002162,-0.605560,-89.962032,-89.882139
down_1,4.090000,0.002164,-0.607116,-89.962138,-90.174648
down_1,4.100000,0.002166,-0.608672,-89.959283,-90.174648
down_1,4.110000,0.002167,-0.610228,-89.955225,-90.310731
down_1,4.120000,0.002169,-0.611785,-89.950101,-90.310731
down_1,4.130000,0.002168,-0.613342,-89.946982,-89.571850
down_1,4.140000,0.002167,-0.614898,-89.951812,-89.571850
down_1,4.150000,0.002170,-0.616456,-89.956791,-90.472028
down_1,4.160000,0.002173,-0.618012,-89.953284,-90.472028
down_1,4.170000,0.002174,-0.619569,-89.947638,-89.614933
down_1,4.180000,0.002172,-0.621126,-89.950322,-89.614933
down_1,4.190000,0.002174,-0.622683,-89.954603,-89.965445
down_1,4.200000,0.002176,-0.624239,-89.955317,-89.965445
down_1,4.210000,0.002176,-0.625795,-89.957867,-89.394890
down_1,4.220000,0.002175,-0.627351,-89.967024,-89.394890
down_1,4.230000,0.002177,-0.628909,-89.974907,-89.870796
down_1,4.240000,0.002179,-0.630466,-89.977401,-89.870796
down_1,4.250000,0.002180,-0.632022,-89.978182,-90.044102
down_1,4.260000,0.002181,-0.633578,-89.977449,-90.044102
down_1,4.270000,0.002182,-0.635134,-89.976198,-90.095118
down_1,4.280000,0.002182,-0.636690,-89.974575,-90.095118
down_1,4.290000,0.002182,-0.638246,-89.974970,-89.428080
down_1,4.300000,0.002180,-0.639802,-89.982863,-89.428080
down_1,4.310000,0.002182,-0.641360,-89.990200,-90.211742
down_1,4.320000,0.002184,-0.642917,-89.989406,-90.211742
down_1,4.330000,0.002184,-0.644473,-89.987750,-89.935143
down_1,4.340000,0.002184,-0.646029,-89.988781,-89.935143
down_1,4.350000,0.002185,-0.647585,-89.988178,-90.178401
down_1,4.360000,0.002186,-0.649141,-89.985243,-90.178401
down_1,4.370000,0.002187,-0.650697,-89.980307,-90.540360
down_1,4.380000,0.002188,-0.652254,-89.971555,-90.540360
down_1,4.390000,0.002189,-0.653812,-89.964083,-90.364525
down_1,4.400000,0.002189,-0.655369,-89.958048,-90.364525
down_1,4.410000,0.002189,-0.656926,-89.954054,-89.503387
down_1,4.420000,0.002187,-0.658482,-89.958508,-89.503387
down_1,4.430000,0.002189,-0.660039,-89.964843,-89.755642
down_1,4.440000,0.002190,-0.661596,-89.968930,-89.755642
down_1,4.450000,0.002192,-0.663153,-89.970954,-90.451133
down_1,4.460000,0.002195,-0.664709,-89.965294,-90.451133
down_1,4.470000,0.002196,-0.666266,-89.957861,-90.454689
down_1,4.480000,0.002197,-0.667823,-89.950381,-90.454689
down_1,4.490000,0.002197,-0.669380,-89.944492,-90.239074
down_1,4.500000,0.002199,-0.670937,-89.940483,-90.239074
down_1,4.510000,0.002201,-0.672493,-89.935095,-90.418638
down_1,4.520000,0.002203,-0.674050,-89.928220,-90.418638
down_1,4.530000,0.002204,-0.675607,-89.922670,-90.251223
down_1,4.540000,0.002205,-0.677164,-89.918471,-90.251223
down_1,4.550000,0.002206,-0.678720,-89.916018,-90.002974
down_1,4.560000,0.002208,-0.680276,-89.915872,-90.002974
down_1,4.570000,0.002212,-0.681832,-89.913822,-90.805610
down_1,4.580000,0.002216,-0.683389,-89.903471,-90.805610
down_1,4.590000,0.002218,-0.684947,-89.892337,-90.377228
down_1,4.600000,0.002219,-0.686504,-89.885897,-90.377228
down_1,4.610000,0.002221,-0.688061,-89.881574,-90.061120
down_1,4.620000,0.002224,-0.689617,-89.880403,-90.061120
down_1,4.630000,0.002226,-0.691173,-89.880765,-89.877630
down_1,4.640000,0.002228,-0.692729,-89.882778,-89.877630
down_1,4.650000,0.002232,-0.694286,-89.883504,-90.037714
down_1,4.660000,0.002235,-0.695841,-89.882849,-90.037714
down_1,4.670000,0.002238,-0.697397,-89.880971,-90.185315
down_1,4.680000,0.002241,-0.698954,-89.877875,-90.185315
down_1,4.690000,0.002243,-0.700510,-89.876715,-89.851645
down_1,4.700000,0.002246,-0.702066,-89.879069,-89.851645
down_1,4.710000,0.002248,-0.703622,-89.882425,-89.749355
down_1,4.720000,0.002251,-0.705179,-89.886544,-89.749355
down_1,4.730000,0.002252,-0.706735,-89.892584,-89.432304
down_1,4.740000,0.002254,-0.708292,-89.901792,-89.432304
down_1,4.750000,0.002258,-0.709850,-89.909132,-89.764516
down_1,4.760000,0.002261,-0.711406,-89.913108,-89.764516
down_1,4.770000,0.002263,-0.712963,-89.917021,-89.762171
down_1,4.780000,0.002265,-0.714519,-89.920948,-89.762171
down_1,4.790000,0.002267,-0.716075,-89.923922,-89.869864
down_1,4.800000,0.002269,-0.717631,-89.926109,-89.869864
down_1,4.810000,0.002272,-0.719188,-89.926718,-90.078095
down_1,4.820000,0.002274,-0.720744,-89.925403,-90.078095
down_1,4.830000,0.002277,-0.722300,-89.922099,-90.507839
down_1,4.840000,0.002280,-0.723856,-89.913963,-90.507839
down_1,4.850000,0.002280,-0.725414,-89.907632,-90.067399
down_1,4.860000,0.002282,-0.726970,-89.906214,-90.067399
down_1,4.870000,0.002285,-0.728526,-89.903585,-90.260398
down_1,4.880000,0.002287,-0.730083,-89.899282,-90.260398
down_1,4.890000,0.002289,-0.731639,-89.896972,-89.474793
down_1,4.900000,0.002288,-0.733196,-89.902853,-89.474793
down_1,4.910000,0.002292,-0.734753,-89.909712,-89.714970
down_1,4.920000,0.002294,-0.736310,-89.914446,-89.714970
down_1,4.930000,0.002297,-0.737866,-89.917121,-90.315001
down_1,4.940000,0.002301,-0.739423,-89.912895,-90.315001
down_1,4.950000,0.002302,-0.740980,-89.909711,-89.116451
down_1,4.960000,0.002301,-0.742536,-89.915133,-89.116451
down_1,4.970000,0.002303,-0.744093,-89.925923,-90.112031
down_1,4.980000,0.002307,-0.745651,-89.928926,-90.112031
down_1,4.990000,0.002309,-0.747207,-89.929203,-89.655254
down_1,5.000000,0.002309,-0.748764,-89.934592,-89.655254
down_1,5.010000,0.002312,-0.750321,-89.938237,-90.452417
down_1,5.020000,0.002316,-0.751877,-89.933653,-90.452417
down_1,5.030000,0.002317,-0.753434,-89.928271,-89.897188
down_1,5.040000,0.002317,-0.754991,-89.929253,-89.897188
down_1,5.050000,0.002317,-0.756547,-89.932787,-89.601804
down_1,5.060000,0.002319,-0.758103,-89.939257,-89.601804
down_1,5.070000,0.002319,-0.759660,-89.947040,-89.450696
down_1,5.080000,0.002321,-0.761217,-89.956022,-89.450696
down_1,5.090000,0.002323,-0.762775,-89.963004,-90.025678
down_1,5.100000,0.002325,-0.764331,-89.963394,-90.025678
down_1,5.110000,0.002327,-0.765887,-89.961972,-90.138724
down_1,5.120000,0.002328,-0.767443,-89.959645,-90.138724
down_1,5.130000,0.002328,-0.769000,-89.959327,-89.448689
down_1,5.140000,0.002326,-0.770556,-89.966676,-89.448689
down_1,5.150000,0.002328,-0.772114,-89.973671,-90.320265
down_1,5.160000,0.002332,-0.773670,-89.972237,-90.320265
down_1,5.170000,0.002332,-0.775227,-89.969044,-89.920450
down_1,5.180000,0.002331,-0.776783,-89.970192,-89.920450
down_1,5.190000,0.002332,-0.778339,-89.971618,-89.913416
down_1,5.200000,0.002333,-0.779895,-89.973095,-89.913416
down_1,5.210000,0.002334,-0.781451,-89.973052,-90.110532
down_1,5.220000,0.002335,-0.783007,-89.971206,-90.110532
down_1,5.230000,0.002335,-0.784564,-89.971350,-89.243503
down_1,5.240000,0.002332,-0.786120,-89.980012,-89.243503
down_1,5.250000,0.002334,-0.787678,-89.990295,-90.369798
down_1,5.260000,0.002337,-0.789235,-89.992081,-90.369798
down_1,5.270000,0.002338,-0.790792,-89.988448,-90.113525
down_1,5.280000,0.002338,-0.792348,-89.986485,-90.113525
down_1,5.290000,0.002337,-0.793904,-89.986582,-89.562440
down_1,5.300000,0.002335,-0.795461,-89.993092,-89.562440
down_1,5.310000,0.002337,-0.797018,-89.998255,-90.772083
down_1,5.320000,0.002340,-0.798574,-89.994835,-90.772083
down_1,5.330000,0.002340,-0.800132,-89.986021,-89.660688
down_1,5.340000,0.002338,-0.801689,-89.985022,-89.660688
down_1,5.350000,0.002338,-0.803245,-89.988458,-89.930917
down_1,5.360000,0.002339,-0.804801,-89.989702,-89.930917
down_1,5.370000,0.002340,-0.806358,-89.988877,-90.404479
down_1,5.380000,0.002342,-0.807914,-89.982558,-90.404479
down_1,5.390000,0.002342,-0.809471,-89.975906,-90.404291
down_1,5.400000,0.002343,-0.811028,-89.969249,-90.404291
down_1,5.410000,0.002345,-0.812584,-89.960572,-91.129836
down_1,5.420000,0.002348,-0.814142,-89.944098,-91.129836
down_1,5.430000,0.002349,-0.815701,-89.927681,-89.791866
down_1,5.440000,0.002348,-0.817260,-89.919799,-89.791866
down_1,5.450000,0.002349,-0.818816,-89.917271,-90.682423
down_1,5.460000,0.002353,-0.820373,-89.907804,-90.682423
down_1,5.470000,0.002355,-0.821931,-89.897388,-90.599301
down_1,5.480000,0.002358,-0.823488,-89.887536,-90.599301
down_1,5.490000,0.002359,-0.825046,-89.879708,-89.987458
down_1,5.500000,0.002360,-0.826603,-89.878812,-89.987458
down_1,5.510000,0.002364,-0.828159,-89.878059,-90.090276
down_1,5.520000,0.002367,-0.829715,-89.876502,-90.090276
down_1,5.530000,0.002369,-0.831271,-89.876917,-89.740250
down_1,5.540000,0.002371,-0.832827,-89.881084,-89.740250
down_1,5.550000,0.002375,-0.834384,-89.883337,-90.282063
down_1,5.560000,0.002379,-0.835940,-89.879291,-90.282063
down_1,5.570000,0.002381,-0.837497,-89.876632,-89.389031
down_1,5.580000,0.002381,-0.839053,-89.882494,-89.389031
down_1,5.590000,0.002385,-0.840611,-89.890372,-90.177624
down_1,5.600000,0.002390,-0.842168,-89.890172,-90.177624
down_1,5.610000,0.002392,-0.843724,-89.889250,-89.201526
down_1,5.620000,0.002391,-0.845280,-89.896936,-89.201526
down_1,5.630000,0.002394,-0.846838,-89.907787,-90.726809
down_1,5.640000,0.002399,-0.848396,-89.910238,-90.726809
down_1,5.650000,0.002405,-0.849952,-89.903382,-90.678504
down_1,5.660000,0.002408,-0.851509,-89.892350,-90.678504
down_1,5.670000,0.002409,-0.853067,-89.883236,-90.213324
down_1,5.680000,0.002411,-0.854624,-89.879381,-90.213324
down_1,5.690000,0.002412,-0.856181,-89.877725,-89.897026
down_1,5.700000,0.002415,-0.857737,-89.879339,-89.897026
down_1,5.710000,0.002419,-0.859293,-89.879041,-90.538236
down_1,5.720000,0.002424,-0.860849,-89.871452,-90.538236
down_1,5.730000,0.002427,-0.862407,-89.863640,-90.420467
down_1,5.740000,0.002430,-0.863964,-89.856685,-90.420467
down_1,5.750000,0.002432,-0.865521,-89.851760,-89.577575
down_1,5.760000,0.002433,-0.867078,-89.855219,-89.577575
down_1,5.770000,0.002438,-0.868635,-89.860051,-90.298400
down_1,5.780000,0.002443,-0.870191,-89.857118,-90.298400
down_1,5.790000,0.002446,-0.871748,-89.854207,-89.335641
down_1,5.800000,0.002446,-0.873304,-89.859882,-89.335641
down_1,5.810000,0.002450,-0.874862,-89.868560,-89.915594
down_1,5.820000,0.002455,-0.876418,-89.870775,-89.915594
down_1,5.830000,0.002458,-0.877974,-89.873062,-89.816278
down_1,5.840000,0.002461,-0.879531,-89.876090,-89.816278
down_1,5.850000,0.002464,-0.881087,-89.878039,-89.943366
down_1,5.860000,0.002467,-0.882643,-89.879007,-89.943366
down_1,5.870000,0.002469,-0.884199,-89.881903,-89.546592
down_1,5.880000,0.002471,-0.885755,-89.889170,-89.546592
down_1,5.890000,0.002472,-0.887312,-89.898569,-89.199196
down_1,5.900000,0.002474,-0.888870,-89.911547,-89.199196
down_1,5.910000,0.002476,-0.890428,-89.925761,-89.065044
down_1,5.920000,0.002477,-0.891986,-89.941013,-89.065044
down_1,5.930000,0.002479,-0.893545,-89.954721,-89.274776
down_1,5.940000,0.002481,-0.895103,-89.966616,-89.274776
down_1,5.950000,0.002483,-0.896661,-89.976463,-89.834377
down_1,5.960000,0.002485,-0.898218,-89.979911,-89.834377
down_1,5.970000,0.002487,-0.899775,-89.980663,-90.649539
down_1,5.980000,0.002490,-0.901331,-89.973067,-90.649539
down_1,5.990000,0.002489,-0.902889,-89.964491,-89.781237
down_1,6.000000,0.002488,-0.904446,-89.964299,-89.781237
down_1,6.010000,0.002489,-0.906002,-89.965827,-90.476469
down_1,6.020000,0.002492,-0.907558,-89.959745,-90.476469
down_1,6.030000,0.002492,-0.909116,-89.953953,-89.535331
down_1,6.040000,0.002490,-0.910672,-89.956699,-89.535331
down_1,6.050000,0.002492,-0.912229,-89.962169,-90.218078
down_1,6.060000,0.002495,-0.913786,-89.960192,-90.218078
down_1,6.070000,0.002495,-0.915342,-89.958463,-89.920141
down_1,6.080000,0.002496,-0.916898,-89.959726,-89.920141
down_1,6.090000,0.002497,-0.918454,-89.959862,-90.065767
down_1,6.100000,0.002498,-0.920010,-89.958740,-90.065767
down_1,6.110000,0.002499,-0.921566,-89.958583,-89.955321
down_1,6.120000,0.002500,-0.923122,-89.959325,-89.955321
down_1,6.130000,0.002502,-0.924678,-89.958085,-90.592124
down_1,6.140000,0.002505,-0.926235,-89.949586,-90.592124
down_1,6.150000,0.002505,-0.927793,-89.941903,-89.617242
down_1,6.160000,0.002504,-0.929349,-89.942778,-89.617242
down_1,6.170000,0.002505,-0.930906,-89.946873,-90.684088
down_1,6.180000,0.002510,-0.932463,-89.942534,-90.684088
down_1,6.190000,0.002511,-0.934020,-89.933737,-89.838130
down_1,6.200000,0.002510,-0.935577,-89.932914,-89.838130
down_1,6.210000,0.002511,-0.937133,-89.935844,-89.806044
down_1,6.220000,0.002513,-0.938689,-89.939058,-89.806044
down_1,6.230000,0.002515,-0.940246,-89.940255,-90.280447
down_1,6.240000,0.002518,-0.941802,-89.935953,-90.280447
down_1,6.250000,0.002521,-0.943359,-89.929666,-90.505953
down_1,6.260000,0.002523,-0.944916,-89.921382,-90.505953
down_1,6.270000,0.002524,-0.946473,-89.913691,-90.438633
down_1,6.280000,0.002526,-0.948030,-89.906456,-90.438633
down_1,6.290000,0.002529,-0.949587,-89.897968,-90.592040
down_1,6.300000,0.002532,-0.951144,-89.888259,-90.592040
down_1,6.310000,0.002533,-0.952702,-89.880550,-89.905266
down_1,6.320000,0.002534,-0.954259,-89.880417,-89.905266
down_1,6.330000,0.002536,-0.955815,-89.883435,-89.708001
down_1,6.340000,0.002539,-0.957371,-89.888207,-89.708001
down_1,6.350000,0.002543,-0.958928,-89.890989,-90.223665
down_1,6.360000,0.002547,-0.960484,-89.887758,-90.223665
down_1,6.370000,0.002548,-0.962041,-89.886049,-89.508771
down_1,6.380000,0.002549,-0.963597,-89.892143,-89.508771
down_1,6.390000,0.002552,-0.965155,-89.898349,-89.782718
down_1,6.400000,0.002555,-0.966711,-89.901992,-89.782718
down_1,6.410000,0.002557,-0.968267,-89.905925,-89.747108
down_1,6.420000,0.002559,-0.969824,-89.910093,-89.747108
down_1,6.430000,0.002561,-0.971380,-89.915962,-89.505015
down_1,6.440000,0.002562,-0.972937,-89.924030,-89.505015
down_1,6.450000,0.002565,-0.974495,-89.930227,-89.820453
down_1,6.460000,0.002567,-0.976051,-89.933287,-89.820453
down_1,6.470000,0.002569,-0.977607,-89.935342,-89.925009
down_1,6.480000,0.002571,-0.979163,-89.936634,-89.925009
down_1,6.490000,0.002574,-0.980719,-89.935958,-90.257324
down_1,6.500000,0.002576,-0.982276,-89.931777,-90.257324
down_1,6.510000,0.002578,-0.983832,-89.926168,-90.422816
down_1,6.520000,0.002580,-0.985389,-89.919219,-90.422816
down_1,6.530000,0.002581,-0.986946,-89.914270,-89.238203
down_1,6.540000,0.002580,-0.988503,-89.917914,-89.238203
down_1,6.550000,0.002582,-0.990060,-89.926950,-89.888862
down_1,6.560000,0.002585,-0.991617,-89.929819,-89.888862
down_1,6.570000,0.002588,-0.993173,-89.929740,-90.223199
down_1,6.580000,0.002590,-0.994729,-89.926115,-90.223199
down_1,6.590000,0.002594,-0.996285,-89.920385,-91.146578
down_1,6.600000,0.002598,-0.997842,-89.906123,-91.146578
down_1,6.610000,0.002600,-0.999402,-89.889514,-89.904178
down_1,6.620000,0.002600,-1.000960,-89.881353,-89.904178
down_1,6.630000,0.002602,-1.002517,-89.878537,-91.338334
down_1,6.640000,0.002608,-1.004073,-89.867846,-91.338334
down_1,6.650000,0.002612,-1.005632,-89.851878,-89.974394
down_1,6.660000,0.002613,-1.007190,-89.843717,-89.974394
down_1,6.670000,0.002616,-1.008747,-89.840925,-90.355875
down_1,6.680000,0.002621,-1.010303,-89.835132,-90.355875
down_1,6.690000,0.002623,-1.011860,-89.831256,-89.662476
down_1,6.700000,0.002625,-1.013417,-89.835041,-89.662476
down_1,6.710000,0.002628,-1.014973,-89.842176,-89.440310
down_1,6.720000,0.002632,-1.016531,-89.851288,-89.440310
down_1,6.730000,0.002634,-1.018088,-89.862042,-89.221854
down_1,6.740000,0.002637,-1.019646,-89.874712,-89.221854
down_1,6.750000,0.002642,-1.021204,-89.885400,-90.645386
down_1,6.760000,0.002647,-1.022761,-89.887519,-90.645386
down_1,6.770000,0.002651,-1.024318,-89.884268,-89.557341
down_1,6.780000,0.002651,-1.025874,-89.888500,-89.557341
down_1,6.790000,0.002654,-1.027431,-89.893682,-90.542092
down_1,6.800000,0.002660,-1.028988,-89.890322,-90.542092
down_1,6.810000,0.002663,-1.030545,-89.883317,-90.294872
down_1,6.820000,0.002665,-1.032102,-89.878381,-90.294872
down_1,6.830000,0.002667,-1.033659,-89.875503,-89.702343
down_1,6.840000,0.002668,-1.035215,-89.879453,-89.702343
down_1,6.850000,0.002670,-1.036771,-89.886354,-88.863296
down_1,6.860000,0.002670,-1.038328,-89.901595,-88.863296
down_1,6.870000,0.002673,-1.039888,-89.918057,-90.109829
down_1,6.880000,0.002678,-1.041446,-89.926019,-90.109829
down_1,6.890000,0.002682,-1.043003,-89.924663,-90.523320
down_1,6.900000,0.002686,-1.044559,-89.916543,-90.523320
down_1,6.910000,0.002688,-1.046117,-89.908260,-90.490379
down_1,6.920000,0.002690,-1.047674,-89.900186,-90.490379
down_1,6.930000,0.002691,-1.049231,-89.894133,-89.994347
down_1,6.940000,0.002692,-1.050788,-89.893753,-89.994347
down_1,6.950000,0.002694,-1.052344,-89.895651,-89.702914
down_1,6.960000,0.002696,-1.053900,-89.900473,-89.702914
down_1,6.970000,0.002699,-1.055457,-89.903495,-89.993516
down_1,6.980000,0.002702,-1.057013,-89.903672,-89.993516
down_1,6.990000,0.002706,-1.058569,-89.901783,-90.564825
down_1,7.000000,0.002710,-1.060126,-89.893262,-90.564825
down_1,7.010000,0.002711,-1.061683,-89.886005,-89.352367
down_1,7.020000,0.002711,-1.063240,-89.887314,-89.352367
down_1,7.030000,0.002713,-1.064797,-89.894017,-90.399533
down_1,7.040000,0.002719,-1.066354,-89.892918,-90.399533
down_1,7.050000,0.002721,-1.067911,-89.888528,-89.080094
down_1,7.060000,0.002721,-1.069467,-89.892553,-89.080094
down_1,7.070000,0.002723,-1.071024,-89.902030,-89.587708
down_1,7.080000,0.002726,-1.072581,-89.908873,-89.587708
down_1,7.090000,0.002728,-1.074138,-89.916358,-89.509311
down_1,7.100000,0.002729,-1.075695,-89.924391,-89.509311
down_1,7.110000,0.002732,-1.077253,-89.930629,-89.780734
down_1,7.120000,0.002734,-1.078809,-89.934311,-89.780734
down_1,7.130000,0.002736,-1.080366,-89.936918,-89.897374
down_1,7.140000,0.002738,-1.081922,-89.938661,-89.897374
down_1,7.150000,0.002740,-1.083478,-89.940081,-89.929915
down_1,7.160000,0.002741,-1.085033,-89.941285,-89.929915
down_1,7.170000,0.002741,-1.086589,-89.944427,-89.311807
down_1,7.180000,0.002741,-1.088146,-89.954623,-89.311807
down_1,7.190000,0.002743,-1.089704,-89.963885,-89.672888
down_1,7.200000,0.002744,-1.091261,-89.969389,-89.672888
down_1,7.210000,0.002746,-1.092818,-89.973415,-89.842879
down_1,7.220000,0.002747,-1.094374,-89.976062,-89.842879
down_1,7.230000,0.002748,-1.095930,-89.976857,-90.120591
down_1,7.240000,0.002749,-1.097486,-89.974884,-90.120591
down_1,7.250000,0.002751,-1.099042,-89.970884,-90.591505
down_1,7.260000,0.002753,-1.100599,-89.961492,-90.591505
down_1,7.270000,0.002753,-1.102157,-89.953810,-90.110015
down_1,7.280000,0.002753,-1.103714,-89.951595,-90.110015
down_1,7.290000,0.002753,-1.105270,-89.951737,-89.702293
down_1,7.300000,0.002753,-1.106826,-89.956463,-89.702293
down_1,7.310000,0.002755,-1.108383,-89.959349,-90.216251
down_1,7.320000,0.002757,-1.109939,-89.956249,-90.216251
down_1,7.330000,0.002760,-1.111495,-89.950647,-90.692602
down_1,7.340000,0.002762,-1.113053,-89.939622,-90.692602
down_1,7.350000,0.002763,-1.114611,-89.930292,-89.174109
down_1,7.360000,0.002761,-1.116168,-89.929528,-89.174109
down_1,7.370000,0.002763,-1.117725,-89.934136,-89.962971
down_1,7.380000,0.002765,-1.119281,-89.934963,-89.962971
down_1,7.390000,0.002768,-1.120837,-89.933627,-90.318303
down_1,7.400000,0.002770,-1.122393,-89.928474,-90.318303
down_1,7.410000,0.002773,-1.123950,-89.921216,-90.686479
down_1,7.420000,0.002776,-1.125507,-89.910081,-90.686479
down_1,7.430000,0.002777,-1.127065,-89.900842,-89.929432
down_1,7.440000,0.002777,-1.128622,-89.899596,-89.929432
down_1,7.450000,0.002778,-1.130178,-89.902679,-89.507181
down_1,7.460000,0.002779,-1.131735,-89.910546,-89.507181
down_1,7.470000,0.002782,-1.133292,-89.916597,-90.261519
down_1,7.480000,0.002787,-1.134849,-89.914630,-90.261519
down_1,7.490000,0.002790,-1.136405,-89.908362,-90.597514
down_1,7.500000,0.002793,-1.137963,-89.898642,-90.597514
down_1,7.510000,0.002795,-1.139520,-89.890847,-89.544151
down_1,7.520000,0.002794,-1.141077,-89.891624,-89.544151
down_1,7.530000,0.002797,-1.142634,-89.896852,-89.838559
down_1,7.540000,0.002800,-1.144190,-89.899591,-89.838559
down_1,7.550000,0.002802,-1.145746,-89.901455,-89.929280
down_1,7.560000,0.002805,-1.147302,-89.902666,-89.929280
down_1,7.570000,0.002806,-1.148858,-89.905522,-89.684976
down_1,7.580000,0.002808,-1.150415,-89.910659,-89.684976
down_1,7.590000,0.002811,-1.151972,-89.913981,-89.972695
down_1,7.600000,0.002814,-1.153528,-89.914515,-89.972695
down_1,7.610000,0.002815,-1.155084,-89.916703,-89.710823
down_1,7.620000,0.002817,-1.156640,-89.921414,-89.710823
down_1,7.630000,0.002819,-1.158197,-89.924661,-89.910570
down_1,7.640000,0.002821,-1.159753,-89.926204,-89.910570
down_1,7.650000,0.002823,-1.161309,-89.928857,-89.770347
down_1,7.660000,0.002824,-1.162865,-89.932637,-89.770347
down_1,7.670000,0.002827,-1.164422,-89.934413,-90.532482
down_1,7.680000,0.002831,-1.165978,-89.928103,-90.532482
down_1,7.690000,0.002832,-1.167535,-89.921407,-89.219887
down_1,7.700000,0.002831,-1.169092,-89.923252,-89.219887
down_1,7.710000,0.002832,-1.170649,-89.930495,-90.582102
down_1,7.720000,0.002837,-1.172206,-89.929932,-90.582102
down_1,7.730000,0.002841,-1.173762,-89.919952,-91.082503
down_1,7.740000,0.002845,-1.175320,-89.902905,-91.082503
down_1,7.750000,0.002846,-1.176880,-89.887229,-89.149463
down_1,7.760000,0.002846,-1.178438,-89.880109,-89.149463
down_1,7.770000,0.002848,-1.179995,-89.878685,-90.165935
down_1,7.780000,0.002852,-1.181551,-89.875914,-90.165935
down_1,7.790000,0.002855,-1.183107,-89.872958,-90.182255
down_1,7.800000,0.002858,-1.184663,-89.869894,-90.182255
down_1,7.810000,0.002860,-1.186220,-89.868849,-89.587031
down_1,7.820000,0.002861,-1.187776,-89.874662,-89.587031
down_1,7.830000,0.002864,-1.189333,-89.880582,-89.679937
down_1,7.840000,0.002867,-1.190890,-89.885848,-89.679937
down_1,7.850000,0.002871,-1.192447,-89.889087,-90.384731
down_1,7.860000,0.002876,-1.194003,-89.884588,-90.384731
down_1,7.870000,0.002878,-1.195560,-89.880275,-89.776573
down_1,7.880000,0.002879,-1.197116,-89.882902,-89.776573
down_1,7.890000,0.002881,-1.198672,-89.888548,-89.412313
down_1,7.900000,0.002883,-1.200230,-89.898040,-89.412313
down_1,7.910000,0.002886,-1.201787,-89.905633,-90.169026
down_1,7.920000,0.002891,-1.203344,-89.905211,-90.169026
down_1,7.930000,0.002892,-1.204900,-89.904424,-89.335006
down_1,7.940000,0.002892,-1.206457,-89.912004,-89.335006
down_1,7.950000,0.002892,-1.208014,-89.924835,-88.895407
down_1,7.960000,0.002893,-1.209572,-89.942626,-88.895407
down_1,7.970000,0.002896,-1.211132,-89.958633,-89.912727
down_1,7.980000,0.002899,-1.212690,-89.966082,-89.912727
down_1,7.990000,0.002903,-1.214247,-89.965793,-90.479592
down_1,8.000000,0.002905,-1.215803,-89.958672,-90.479592
horizontal_2,0.000000,0.000000,0.000000,-1.487082,-0.613535
horizontal_2,0.010000,0.000008,-0.000009,-1.466534,-0.613535
horizontal_2,0.020000,0.000054,-0.000018,-1.454549,-0.613535
horizontal_2,0.030000,0.000139,-0.000032,-1.441809,-1.114104
horizontal_2,0.040000,0.000264,-0.000052,-1.423479,-1.114104
horizontal_2,0.050000,0.000429,-0.000077,-1.402566,-1.512678
horizontal_2,0.060000,0.000633,-0.000110,-1.377625,-1.512678
horizontal_2,0.070000,0.000878,-0.000147,-1.355257,-1.073027
horizontal_2,0.080000,0.001162,-0.000186,-1.337680,-1.073027
horizontal_2,0.090000,0.001488,-0.000231,-1.322341,-0.737265
horizontal_2,0.100000,0.001853,-0.000280,-1.309741,-0.737265
horizontal_2,0.110000,0.002258,-0.000335,-1.297721,-0.658587
horizontal_2,0.120000,0.002703,-0.000395,-1.285919,-0.658587
horizontal_2,0.130000,0.003188,-0.000460,-1.271674,-1.251081
horizontal_2,0.140000,0.003714,-0.000530,-1.251134,-1.251081
horizontal_2,0.150000,0.004279,-0.000607,-1.232237,-0.814930
horizontal_2,0.160000,0.004883,-0.000688,-1.217356,-0.814930
horizontal_2,0.170000,0.005528,-0.000773,-1.200093,-1.331381
horizontal_2,0.180000,0.006213,-0.000864,-1.177362,-1.331381
horizontal_2,0.190000,0.006938,-0.000961,-1.156500,-0.407922
horizontal_2,0.200000,0.007702,-0.001064,-1.143526,-0.407922
horizontal_2,0.210000,0.008506,-0.001168,-1.131585,-0.833400
horizontal_2,0.220000,0.009350,-0.001279,-1.115380,-0.833400
horizontal_2,0.230000,0.010234,-0.001394,-1.097351,-1.377146
horizontal_2,0.240000,0.011158,-0.001515,-1.073205,-1.377146
horizontal_2,0.250000,0.012123,-0.001641,-1.049219,-1.283090
horizontal_2,0.260000,0.013127,-0.001772,-1.025577,-1.283090
horizontal_2,0.270000,0.014171,-0.001909,-1.003888,-0.605331
horizontal_2,0.280000,0.015254,-0.002051,-0.988911,-0.605331
horizontal_2,0.290000,0.016377,-0.002196,-0.976692,-0.317129
horizontal_2,0.300000,0.017540,-0.002346,-0.966619,-0.317129
horizontal_2,0.310000,0.018743,-0.002499,-0.955283,-0.443148
horizontal_2,0.320000,0.019986,-0.002657,-0.942990,-0.443148
horizontal_2,0.330000,0.021269,-0.002819,-0.928422,-1.815607
horizontal_2,0.340000,0.022592,-0.002985,-0.905630,-1.815607
horizontal_2,0.350000,0.023955,-0.003159,-0.878321,-1.057459
horizontal_2,0.360000,0.025359,-0.003339,-0.855883,-1.057459
horizontal_2,0.370000,0.026802,-0.003521,-0.831708,-1.336769
horizontal_2,0.380000,0.028285,-0.003708,-0.805075,-1.336769
horizontal_2,0.390000,0.029784,-0.003899,-0.780331,-0.659884
horizontal_2,0.400000,0.031283,-0.004091,-0.762464,-0.659884
horizontal_2,0.410000,0.032782,-0.004277,-0.743645,-1.513740
horizontal_2,0.420000,0.034282,-0.004462,-0.717014,-1.513740
horizontal_2,0.430000,0.035782,-0.004651,-0.689654,-0.455736
horizontal_2,0.440000,0.037281,-0.004842,-0.670303,-0.455736
horizontal_2,0.450000,0.038780,-0.005028,-0.654335,-0.962345
horizontal_2,0.460000,0.040280,-0.005212,-0.633317,-0.962345
horizontal_2,0.470000,0.041779,-0.005398,-0.614125,-0.503435
horizontal_2,0.480000,0.043278,-0.005584,-0.599572,-0.503435
horizontal_2,0.490000,0.044778,-0.005770,-0.587191,0.147173
horizontal_2,0.500000,0.046276,-0.005956,-0.581489,0.147173
horizontal_2,0.510000,0.047775,-0.006138,-0.574645,-0.644947
horizontal_2,0.520000,0.049274,-0.006317,-0.560233,-0.644947
horizontal_2,0.530000,0.050774,-0.006499,-0.544218,-0.591546
horizontal_2,0.540000,0.052273,-0.006681,-0.528474,-0.591546
horizontal_2,0.550000,0.053773,-0.006863,-0.512807,-0.583529
horizontal_2,0.560000,0.055272,-0.007044,-0.497184,-0.583529
horizontal_2,0.570000,0.056772,-0.007227,-0.483618,0.648950
horizontal_2,0.580000,0.058271,-0.007412,-0.478080,0.648950
horizontal_2,0.590000,0.059769,-0.007594,-0.476924,-0.894012
horizontal_2,0.600000,0.061268,-0.007770,-0.468223,-0.894012
horizontal_2,0.610000,0.062768,-0.007950,-0.455139,0.112175
horizontal_2,0.620000,0.064267,-0.008133,-0.448604,0.112175
horizontal_2,0.630000,0.065766,-0.008311,-0.441474,-0.159144
horizontal_2,0.640000,0.067265,-0.008490,-0.432171,-0.159144
horizontal_2,0.650000,0.068764,-0.008667,-0.420796,-0.864127
horizontal_2,0.660000,0.070264,-0.008843,-0.402338,-0.864127
horizontal_2,0.670000,0.071764,-0.009023,-0.384486,-0.552711
horizontal_2,0.680000,0.073264,-0.009202,-0.369290,-0.552711
horizontal_2,0.690000,0.074764,-0.009381,-0.356181,0.796488
horizontal_2,0.700000,0.076263,-0.009563,-0.351101,0.796488
horizontal_2,0.710000,0.077762,-0.009741,-0.350402,-0.214026
horizontal_2,0.720000,0.079261,-0.009915,-0.342529,-0.214026
horizontal_2,0.730000,0.080761,-0.010089,-0.330359,-0.960502
horizontal_2,0.740000,0.082261,-0.010263,-0.310820,-0.960502
horizontal_2,0.750000,0.083761,-0.010440,-0.291022,-0.781306
horizontal_2,0.760000,0.085261,-0.010616,-0.272455,-0.781306
horizontal_2,0.770000,0.086761,-0.010792,-0.255743,-0.502003
horizontal_2,0.780000,0.088261,-0.010968,-0.241306,-0.502003
horizontal_2,0.790000,0.089761,-0.011143,-0.228719,-0.228883
horizontal_2,0.800000,0.091261,-0.011318,-0.218338,-0.228883
horizontal_2,0.810000,0.092761,-0.011489,-0.206022,-0.554019
horizontal_2,0.820000,0.094261,-0.011662,-0.190868,-0.554019
horizontal_2,0.830000,0.095761,-0.011836,-0.177354,-0.323825
horizontal_2,0.840000,0.097261,-0.012009,-0.165570,-0.323825
horizontal_2,0.850000,0.098761,-0.012182,-0.155092,-0.164857
horizontal_2,0.860000,0.100261,-0.012354,-0.145675,-0.164857
horizontal_2,0.870000,0.101761,-0.012524,-0.134214,-0.710772
horizontal_2,0.880000,0.103261,-0.012693,-0.117078,-0.710772
horizontal_2,0.890000,0.104762,-0.012866,-0.101628,-0.224399
horizontal_2,0.900000,0.106262,-0.013039,-0.091152,-0.224399
horizontal_2,0.910000,0.107762,-0.013209,-0.081468,-0.158241
horizontal_2,0.920000,0.109262,-0.013379,-0.072155,-0.158241
horizontal_2,0.930000,0.110762,-0.013548,-0.061365,-0.351206
horizontal_2,0.940000,0.112262,-0.013717,-0.049201,-0.351206
horizontal_2,0.950000,0.113762,-0.013887,-0.039088,0.052523
horizontal_2,0.960000,0.115262,-0.014058,-0.032841,0.052523
horizontal_2,0.970000,0.116762,-0.014228,-0.028714,0.456044
horizontal_2,0.980000,0.118261,-0.014398,-0.028456,0.456044
horizontal_2,0.990000,0.119761,-0.014565,-0.026205,-0.843005
horizontal_2,1.000000,0.121261,-0.014729,-0.015935,-0.843005
horizontal_2,1.010000,0.122761,-0.014897,-0.001274,0.205635
horizontal_2,1.020000,0.124262,-0.015069,0.005939,0.205635
horizontal_2,1.030000,0.125761,-0.015240,0.008026,0.488888
horizontal_2,1.040000,0.127261,-0.015408,0.007759,0.488888
horizontal_2,1.050000,0.128760,-0.015574,0.009521,-0.281879
horizontal_2,1.060000,0.130261,-0.015738,0.018757,-0.281879
horizontal_2,1.070000,0.131761,-0.015907,0.027957,0.028687
horizontal_2,1.080000,0.133261,-0.016074,0.034521,0.028687
horizontal_2,1.090000,0.134761,-0.016243,0.039000,0.464774
horizontal_2,1.100000,0.136260,-0.016412,0.039160,0.464774
horizontal_2,1.110000,0.137760,-0.016580,0.037519,0.705838
horizontal_2,1.120000,0.139259,-0.016747,0.034021,0.705838
horizontal_2,1.130000,0.140758,-0.016916,0.028490,1.068655
horizontal_2,1.140000,0.142257,-0.017085,0.019632,1.068655
horizontal_2,1.150000,0.143757,-0.017252,0.012789,0.118525
horizontal_2,1.160000,0.145256,-0.017416,0.013954,0.118525
horizontal_2,1.170000,0.146756,-0.017580,0.021159,-0.292155
horizontal_2,1.180000,0.148256,-0.017745,0.032385,-0.292155
horizontal_2,1.190000,0.149757,-0.017911,0.045213,-0.496266
horizontal_2,1.200000,0.151257,-0.018077,0.059528,-0.496266
horizontal_2,1.210000,0.152758,-0.018245,0.071795,0.305731
horizontal_2,1.220000,0.154258,-0.018415,0.076431,0.305731
horizontal_2,1.230000,0.155758,-0.018582,0.078949,0.298494
horizontal_2,1.240000,0.157258,-0.018748,0.081482,0.298494
horizontal_2,1.250000,0.158758,-0.018911,0.086069,-0.439927
horizontal_2,1.260000,0.160258,-0.019073,0.097954,-0.439927
horizontal_2,1.270000,0.161759,-0.019240,0.109373,0.565737
horizontal_2,1.280000,0.163259,-0.019410,0.112779,0.565737
horizontal_2,1.290000,0.164758,-0.019575,0.113501,-0.316224
horizontal_2,1.300000,0.166259,-0.019736,0.122017,-0.316224
horizontal_2,1.310000,0.167759,-0.019901,0.131581,0.445652
horizontal_2,1.320000,0.169259,-0.020070,0.133747,0.445652
horizontal_2,1.330000,0.170759,-0.020233,0.136171,-0.026693
horizontal_2,1.340000,0.172259,-0.020395,0.143382,-0.026693
horizontal_2,1.350000,0.173760,-0.020557,0.152117,-0.200051
horizontal_2,1.360000,0.175260,-0.020721,0.162037,-0.200051
horizontal_2,1.370000,0.176761,-0.020886,0.170273,0.036434
horizontal_2,1.380000,0.178261,-0.021049,0.176710,0.036434
horizontal_2,1.390000,0.179761,-0.021213,0.182449,0.111286
horizontal_2,1.400000,0.181261,-0.021376,0.187763,0.111286
horizontal_2,1.410000,0.182762,-0.021539,0.193255,0.092070
horizontal_2,1.420000,0.184262,-0.021701,0.198849,0.092070
horizontal_2,1.430000,0.185762,-0.021864,0.203215,0.241625
horizontal_2,1.440000,0.187262,-0.022027,0.206600,0.241625
horizontal_2,1.450000,0.188762,-0.022191,0.208060,0.546715
horizontal_2,1.460000,0.190262,-0.022354,0.206937,0.546715
horizontal_2,1.470000,0.191762,-0.022515,0.207841,-0.004018
horizontal_2,1.480000,0.193263,-0.022675,0.214474,-0.004018
horizontal_2,1.490000,0.194763,-0.022837,0.220466,0.113940
horizontal_2,1.500000,0.196263,-0.022999,0.225742,0.113940
horizontal_2,1.510000,0.197764,-0.023162,0.230154,0.210838
horizontal_2,1.520000,0.199264,-0.023324,0.233992,0.210838
horizontal_2,1.530000,0.200764,-0.023483,0.239880,-0.412556
horizontal_2,1.540000,0.202265,-0.023642,0.252212,-0.412556
horizontal_2,1.550000,0.203766,-0.023805,0.263230,0.493829
horizontal_2,1.560000,0.205266,-0.023970,0.266309,0.493829
horizontal_2,1.570000,0.206766,-0.024131,0.267995,0.140931
horizontal_2,1.580000,0.208267,-0.024290,0.272829,0.140931
horizontal_2,1.590000,0.209767,-0.024453,0.275639,0.586174
horizontal_2,1.600000,0.211267,-0.024615,0.274006,0.586174
horizontal_2,1.610000,0.212767,-0.024774,0.274327,0.111922
horizontal_2,1.620000,0.214267,-0.024933,0.279478,0.111922
horizontal_2,1.630000,0.215768,-0.025092,0.286046,-0.044228
horizontal_2,1.640000,0.217268,-0.025252,0.293654,-0.044228
horizontal_2,1.650000,0.218769,-0.025414,0.299212,0.537242
horizontal_2,1.660000,0.220269,-0.025576,0.298726,0.537242
horizontal_2,1.670000,0.221769,-0.025738,0.295948,0.796918
horizontal_2,1.680000,0.223269,-0.025899,0.291102,0.796918
horizontal_2,1.690000,0.224768,-0.026058,0.288294,0.040464
horizontal_2,1.700000,0.226269,-0.026215,0.292892,0.040464
horizontal_2,1.710000,0.227769,-0.026373,0.300554,-0.122544
horizontal_2,1.720000,0.229270,-0.026532,0.309323,-0.122544
horizontal_2,1.730000,0.230771,-0.026694,0.316219,0.167021
horizontal_2,1.740000,0.232271,-0.026854,0.320728,0.167021
horizontal_2,1.750000,0.233771,-0.027015,0.323450,0.422719
horizontal_2,1.760000,0.235272,-0.027175,0.324159,0.422719
horizontal_2,1.770000,0.236772,-0.027336,0.322792,1.067091
horizontal_2,1.780000,0.238271,-0.027498,0.314801,1.067091
horizontal_2,1.790000,0.239771,-0.027659,0.306477,1.009832
horizontal_2,1.800000,0.241270,-0.027819,0.298454,1.009832
horizontal_2,1.810000,0.242770,-0.027979,0.292485,0.432361
horizontal_2,1.820000,0.244270,-0.028137,0.292536,0.432361
horizontal_2,1.830000,0.245770,-0.028298,0.291020,1.314612
horizontal_2,1.840000,0.247270,-0.028463,0.281617,1.314612
horizontal_2,1.850000,0.248769,-0.028624,0.271154,0.436264
horizontal_2,1.860000,0.250269,-0.028782,0.268554,0.436264
horizontal_2,1.870000,0.251769,-0.028941,0.270096,0.309232
horizontal_2,1.880000,0.253269,-0.029101,0.272462,0.309232
horizontal_2,1.890000,0.254770,-0.029260,0.276890,-0.938319
horizontal_2,1.900000,0.256270,-0.029416,0.289335,-0.938319
horizontal_2,1.910000,0.257772,-0.029576,0.306173,0.088814
horizontal_2,1.920000,0.259272,-0.029741,0.315508,0.088814
horizontal_2,1.930000,0.260773,-0.029902,0.320304,0.190513
horizontal_2,1.940000,0.262273,-0.030062,0.324447,0.190513
horizontal_2,1.950000,0.263774,-0.030223,0.326773,0.459025
horizontal_2,1.960000,0.265274,-0.030383,0.326945,0.459025
horizontal_2,1.970000,0.266774,-0.030541,0.328290,0.314923
horizontal_2,1.980000,0.268274,-0.030700,0.330571,0.314923
horizontal_2,1.990000,0.269775,-0.030859,0.332472,0.355866
horizontal_2,2.000000,0.271275,-0.031018,0.334154,0.355866
horizontal_2,2.010000,0.272775,-0.031175,0.337716,0.066121
horizontal_2,2.020000,0.274276,-0.031333,0.343672,0.066121
horizontal_2,2.030000,0.275776,-0.031492,0.348981,0.139217
horizontal_2,2.040000,0.277277,-0.031651,0.353880,0.139217
horizontal_2,2.050000,0.278777,-0.031811,0.356718,0.809941
horizontal_2,2.060000,0.280277,-0.031973,0.352725,0.809941
horizontal_2,2.070000,0.281777,-0.032131,0.349732,0.289968
horizontal_2,2.080000,0.283278,-0.032287,0.352126,0.289968
horizontal_2,2.090000,0.284778,-0.032447,0.352723,0.979007
horizontal_2,2.100000,0.286278,-0.032610,0.346347,0.979007
horizontal_2,2.110000,0.287777,-0.032768,0.340845,-0.298728
horizontal_2,2.120000,0.289278,-0.032923,0.343364,-0.298728
horizontal_2,2.130000,0.290778,-0.033079,0.351957,-0.128336
horizontal_2,2.140000,0.292279,-0.033237,0.360817,-0.128336
horizontal_2,2.150000,0.293780,-0.033397,0.367624,0.677933
horizontal_2,2.160000,0.295280,-0.033560,0.366785,0.677933
horizontal_2,2.170000,0.296780,-0.033717,0.365765,-0.348847
horizontal_2,2.180000,0.298281,-0.033871,0.372748,-0.348847
horizontal_2,2.190000,0.299782,-0.034030,0.382713,0.381582
horizontal_2,2.200000,0.301282,-0.034191,0.385543,0.381582
horizontal_2,2.210000,0.302783,-0.034350,0.386281,0.443389
horizontal_2,2.220000,0.304283,-0.034507,0.386668,0.443389
horizontal_2,2.230000,0.305783,-0.034667,0.384994,0.859204
horizontal_2,2.240000,0.307283,-0.034826,0.379279,0.859204
horizontal_2,2.250000,0.308783,-0.034983,0.375548,-0.053870
horizontal_2,2.260000,0.310283,-0.035137,0.379781,-0.053870
horizontal_2,2.270000,0.311784,-0.035296,0.385445,0.452464
horizontal_2,2.280000,0.313284,-0.035456,0.385923,0.452464
horizontal_2,2.290000,0.314785,-0.035612,0.388054,0.163519
horizontal_2,2.300000,0.316285,-0.035769,0.392567,0.163519
horizontal_2,2.310000,0.317786,-0.035928,0.395042,0.711899
horizontal_2,2.320000,0.319286,-0.036088,0.391823,0.711899
horizontal_2,2.330000,0.320786,-0.036244,0.390019,0.447226
horizontal_2,2.340000,0.322286,-0.036401,0.390329,0.447226
horizontal_2,2.350000,0.323787,-0.036557,0.392660,0.095962
horizontal_2,2.360000,0.325287,-0.036713,0.398160,0.095962
horizontal_2,2.370000,0.326788,-0.036873,0.401644,0.490252
horizontal_2,2.380000,0.328288,-0.037031,0.401390,0.490252
horizontal_2,2.390000,0.329788,-0.037190,0.399357,0.735560
horizontal_2,2.400000,0.331288,-0.037348,0.395420,0.735560
horizontal_2,2.410000,0.332788,-0.037504,0.393424,0.411092
horizontal_2,2.420000,0.334289,-0.037661,0.394260,0.411092
horizontal_2,2.430000,0.335789,-0.037819,0.393596,0.612437
horizontal_2,2.440000,0.337289,-0.037977,0.391482,0.612437
horizontal_2,2.450000,0.338789,-0.038133,0.391411,-0.080599
horizontal_2,2.460000,0.340290,-0.038288,0.398348,-0.080599
horizontal_2,2.470000,0.341791,-0.038446,0.404488,0.264286
horizontal_2,2.480000,0.343291,-0.038604,0.407566,0.264286
horizontal_2,2.490000,0.344792,-0.038760,0.412366,0.009705
horizontal_2,2.500000,0.346293,-0.038916,0.419164,0.009705
horizontal_2,2.510000,0.347793,-0.039073,0.425889,0.019211
horizontal_2,2.520000,0.349294,-0.039229,0.432566,0.019211
horizontal_2,2.530000,0.350795,-0.039387,0.437184,0.588952
horizontal_2,2.540000,0.352295,-0.039547,0.435873,0.588952
horizontal_2,2.550000,0.353795,-0.039704,0.433195,0.691995
horizontal_2,2.560000,0.355295,-0.039861,0.429893,0.691995
horizontal_2,2.570000,0.356796,-0.040016,0.428487,0.392796
horizontal_2,2.580000,0.358296,-0.040172,0.429599,0.392796
horizontal_2,2.590000,0.359797,-0.040327,0.432504,0.133708
horizontal_2,2.600000,0.361297,-0.040482,0.437463,0.133708
horizontal_2,2.610000,0.362798,-0.040639,0.441907,0.189852
horizontal_2,2.620000,0.364299,-0.040795,0.446054,0.189852
horizontal_2,2.630000,0.365799,-0.040953,0.448140,1.598394
horizontal_2,2.640000,0.367299,-0.041114,0.442205,1.598394
horizontal_2,2.650000,0.368799,-0.041272,0.431882,0.560362
horizontal_2,2.660000,0.370299,-0.041426,0.428586,0.560362
horizontal_2,2.670000,0.371799,-0.041580,0.429275,-0.295664
horizontal_2,2.680000,0.373300,-0.041733,0.437804,-0.295664
horizontal_2,2.690000,0.374801,-0.041889,0.448515,-0.229782
horizontal_2,2.700000,0.376302,-0.042045,0.458886,-0.229782
horizontal_2,2.710000,0.377803,-0.042202,0.467198,0.798813
horizontal_2,2.720000,0.379304,-0.042363,0.467488,0.798813
horizontal_2,2.730000,0.380804,-0.042519,0.464746,0.424655
horizontal_2,2.740000,0.382304,-0.042674,0.465366,0.424655
horizontal_2,2.750000,0.383805,-0.042830,0.464545,0.617527
horizontal_2,2.760000,0.385305,-0.042986,0.462354,0.617527
horizontal_2,2.770000,0.386805,-0.043141,0.462058,0.316559
horizontal_2,2.780000,0.388306,-0.043295,0.464300,0.316559
horizontal_2,2.790000,0.389806,-0.043449,0.468617,-0.181473
horizontal_2,2.800000,0.391307,-0.043602,0.478060,-0.181473
horizontal_2,2.810000,0.392808,-0.043759,0.485651,1.247110
horizontal_2,2.820000,0.394309,-0.043919,0.485224,1.247110
horizontal_2,2.830000,0.395809,-0.044076,0.480414,0.242370
horizontal_2,2.840000,0.397309,-0.044228,0.482326,0.242370
horizontal_2,2.850000,0.398810,-0.044383,0.485374,0.274667
horizontal_2,2.860000,0.400311,-0.044538,0.488261,0.274667
horizontal_2,2.870000,0.401811,-0.044692,0.491253,0.263394
horizontal_2,2.880000,0.403312,-0.044847,0.494306,0.263394
horizontal_2,2.890000,0.404813,-0.045004,0.495403,0.586560
horizontal_2,2.900000,0.406313,-0.045159,0.493694,0.586560
horizontal_2,2.910000,0.407813,-0.045313,0.493647,0.349280
horizontal_2,2.920000,0.409314,-0.045467,0.495413,0.349280
horizontal_2,2.930000,0.410814,-0.045624,0.495305,0.640952
horizontal_2,2.940000,0.412315,-0.045779,0.492781,0.640952
horizontal_2,2.950000,0.413815,-0.045933,0.491579,0.473439
horizontal_2,2.960000,0.415315,-0.046088,0.491509,0.473439
horizontal_2,2.970000,0.416816,-0.046243,0.490816,0.541792
horizontal_2,2.980000,0.418316,-0.046398,0.489741,0.541792
horizontal_2,2.990000,0.419817,-0.046552,0.490638,0.209505
horizontal_2,3.000000,0.421317,-0.046705,0.494460,0.209505
horizontal_2,3.010000,0.422818,-0.046862,0.496253,0.708924
horizontal_2,3.020000,0.424318,-0.047019,0.492911,0.708924
horizontal_2,3.030000,0.425818,-0.047176,0.487808,0.915802
horizontal_2,3.040000,0.427318,-0.047332,0.481192,0.915802
horizontal_2,3.050000,0.428818,-0.047489,0.472986,1.128725
horizontal_2,3.060000,0.430318,-0.047645,0.463212,1.128725
horizontal_2,3.070000,0.431818,-0.047800,0.455481,-0.129880
horizontal_2,3.080000,0.433318,-0.047953,0.455779,-0.129880
horizontal_2,3.090000,0.434819,-0.048108,0.460460,0.664719
horizontal_2,3.100000,0.436319,-0.048267,0.458691,0.664719
horizontal_2,3.110000,0.437819,-0.048422,0.457225,0.482843
horizontal_2,3.120000,0.439320,-0.048578,0.457015,0.482843
horizontal_2,3.130000,0.440820,-0.048732,0.458312,0.286024
horizontal_2,3.140000,0.442321,-0.048887,0.461019,0.286024
horizontal_2,3.150000,0.443821,-0.049041,0.465790,-0.412827
horizontal_2,3.160000,0.445323,-0.049194,0.477601,-0.412827
horizontal_2,3.170000,0.446824,-0.049350,0.488619,0.567311
horizontal_2,3.180000,0.448325,-0.049510,0.491624,0.567311
horizontal_2,3.190000,0.449825,-0.049665,0.492299,-0.074614
horizontal_2,3.200000,0.451326,-0.049817,0.499508,-0.074614
horizontal_2,3.210000,0.452827,-0.049973,0.505600,0.252560
horizontal_2,3.220000,0.454327,-0.050128,0.508847,0.252560
horizontal_2,3.230000,0.455828,-0.050285,0.510006,0.856762
horizontal_2,3.240000,0.457328,-0.050442,0.504902,0.856762
horizontal_2,3.250000,0.458828,-0.050596,0.501211,-0.106865
horizontal_2,3.260000,0.460329,-0.050747,0.505533,-0.106865
horizontal_2,3.270000,0.461830,-0.050901,0.512221,0.159228
horizontal_2,3.280000,0.463331,-0.051056,0.516838,0.159228
horizontal_2,3.290000,0.464832,-0.051212,0.519837,0.375631
horizontal_2,3.300000,0.466332,-0.051366,0.521241,0.375631
horizontal_2,3.310000,0.467833,-0.051522,0.520572,1.208482
horizontal_2,3.320000,0.469333,-0.051681,0.512161,1.208482
horizontal_2,3.330000,0.470832,-0.051835,0.503268,0.006713
horizontal_2,3.340000,0.472333,-0.051986,0.502383,0.006713
horizontal_2,3.350000,0.473833,-0.052140,0.505882,0.850682
horizontal_2,3.360000,0.475334,-0.052299,0.502291,0.850682
horizontal_2,3.370000,0.476834,-0.052453,0.498703,0.192564
horizontal_2,3.380000,0.478335,-0.052605,0.501838,0.192564
horizontal_2,3.390000,0.479835,-0.052761,0.503912,0.554819
horizontal_2,3.400000,0.481336,-0.052917,0.502687,0.554819
horizontal_2,3.410000,0.482836,-0.053071,0.501105,0.587927
horizontal_2,3.420000,0.484336,-0.053226,0.499345,0.587927
horizontal_2,3.430000,0.485837,-0.053381,0.496961,0.655304
horizontal_2,3.440000,0.487337,-0.053537,0.494202,0.655304
horizontal_2,3.450000,0.488837,-0.053693,0.489621,0.927735
horizontal_2,3.460000,0.490337,-0.053849,0.482836,0.927735
horizontal_2,3.470000,0.491837,-0.054003,0.478042,0.574420
horizontal_2,3.480000,0.493337,-0.054158,0.476446,0.574420
horizontal_2,3.490000,0.494838,-0.054312,0.476543,0.346134
horizontal_2,3.500000,0.496338,-0.054467,0.478356,0.346134
horizontal_2,3.510000,0.497839,-0.054620,0.482207,-0.024401
horizontal_2,3.520000,0.499340,-0.054774,0.489483,-0.024401
horizontal_2,3.530000,0.500841,-0.054931,0.494745,0.806939
horizontal_2,3.540000,0.502341,-0.055090,0.492274,0.806939
horizontal_2,3.550000,0.503841,-0.055245,0.488222,0.700660
horizontal_2,3.560000,0.505341,-0.055400,0.484786,0.700660
horizontal_2,3.570000,0.506842,-0.055554,0.483406,-0.171568
horizontal_2,3.580000,0.508343,-0.055705,0.489897,-0.171568
horizontal_2,3.590000,0.509844,-0.055861,0.497316,1.139041
horizontal_2,3.600000,0.511344,-0.056021,0.496741,1.139041
horizontal_2,3.610000,0.512844,-0.056177,0.491773,0.585636
horizontal_2,3.620000,0.514344,-0.056331,0.490000,0.585636
horizontal_2,3.630000,0.515845,-0.056485,0.490326,-0.686852
horizontal_2,3.640000,0.517346,-0.056635,0.498675,-0.686852
horizontal_2,3.650000,0.518847,-0.056790,0.511410,0.229615
horizontal_2,3.660000,0.520348,-0.056948,0.517051,0.229615
horizontal_2,3.670000,0.521849,-0.057104,0.519399,0.379252
horizontal_2,3.680000,0.523349,-0.057258,0.520744,0.379252
horizontal_2,3.690000,0.524850,-0.057414,0.520021,0.981513
horizontal_2,3.700000,0.526350,-0.057572,0.513054,0.981513
horizontal_2,3.710000,0.527850,-0.057725,0.507513,0.408601
horizontal_2,3.720000,0.529350,-0.057878,0.507941,0.408601
horizontal_2,3.730000,0.530851,-0.058030,0.510890,-0.284750
horizontal_2,3.740000,0.532352,-0.058181,0.520849,-0.284750
horizontal_2,3.750000,0.533853,-0.058337,0.529966,0.823448
horizontal_2,3.760000,0.535354,-0.058496,0.531070,0.823448
horizontal_2,3.770000,0.536854,-0.058651,0.528207,0.303911
horizontal_2,3.780000,0.538355,-0.058803,0.530401,0.303911
horizontal_2,3.790000,0.539855,-0.058958,0.530791,0.905988
horizontal_2,3.800000,0.541356,-0.059115,0.524944,0.905988
horizontal_2,3.810000,0.542856,-0.059269,0.520262,0.641152
horizontal_2,3.820000,0.544356,-0.059423,0.517696,0.641152
horizontal_2,3.830000,0.545856,-0.059576,0.516251,0.510116
horizontal_2,3.840000,0.547357,-0.059730,0.515640,0.510116
horizontal_2,3.850000,0.548857,-0.059884,0.515289,0.483005
horizontal_2,3.860000,0.550358,-0.060039,0.515084,0.483005
horizontal_2,3.870000,0.551858,-0.060191,0.516803,0.172898
horizontal_2,3.880000,0.553359,-0.060344,0.521173,0.172898
horizontal_2,3.890000,0.554860,-0.060500,0.523625,0.489516
horizontal_2,3.900000,0.556360,-0.060655,0.523355,0.489516
horizontal_2,3.910000,0.557861,-0.060810,0.521488,0.699421
horizontal_2,3.920000,0.559361,-0.060965,0.518084,0.699421
horizontal_2,3.930000,0.560861,-0.061119,0.515904,0.548781
horizontal_2,3.940000,0.562362,-0.061273,0.514718,0.548781
horizontal_2,3.950000,0.563862,-0.061429,0.511481,1.053031
horizontal_2,3.960000,0.565362,-0.061586,0.503042,1.053031
horizontal_2,3.970000,0.566862,-0.061740,0.496437,0.576120
horizontal_2,3.980000,0.568362,-0.061894,0.494698,0.576120
horizontal_2,3.990000,0.569862,-0.062050,0.491053,1.222532
horizontal_2,4.000000,0.571362,-0.062209,0.480770,1.222532
horizontal_2,4.010000,0.572862,-0.062364,0.471464,0.937902
horizontal_2,4.020000,0.574362,-0.062520,0.464492,0.937902
horizontal_2,4.030000,0.575862,-0.062676,0.458216,0.863498
horizontal_2,4.040000,0.577362,-0.062832,0.452364,0.863498
horizontal_2,4.050000,0.578862,-0.062988,0.447270,0.779450
horizontal_2,4.060000,0.580362,-0.063144,0.442665,0.779450
horizontal_2,4.070000,0.581862,-0.063300,0.439929,0.493945
horizontal_2,4.080000,0.583362,-0.063455,0.439543,0.493945
horizontal_2,4.090000,0.584863,-0.063613,0.437118,1.157104
horizontal_2,4.100000,0.586362,-0.063773,0.427920,1.157104
horizontal_2,4.110000,0.587862,-0.063930,0.419677,0.832931
horizontal_2,4.120000,0.589362,-0.064086,0.414253,0.832931
horizontal_2,4.130000,0.590862,-0.064242,0.410773,0.525888
horizontal_2,4.140000,0.592362,-0.064399,0.409909,0.525888
horizontal_2,4.150000,0.593862,-0.064557,0.407660,0.704208
horizontal_2,4.160000,0.595363,-0.064715,0.404181,0.704208
horizontal_2,4.170000,0.596863,-0.064871,0.402725,0.327394
horizontal_2,4.180000,0.598363,-0.065027,0.404784,0.327394
horizontal_2,4.190000,0.599863,-0.065186,0.404827,0.892009
horizontal_2,4.200000,0.601363,-0.065346,0.398998,0.892009
horizontal_2,4.210000,0.602863,-0.065502,0.394782,0.255851
horizontal_2,4.220000,0.604364,-0.065657,0.397128,0.255851
horizontal_2,4.230000,0.605864,-0.065816,0.398227,1.027601
horizontal_2,4.240000,0.607364,-0.065977,0.391858,1.027601
horizontal_2,4.250000,0.608864,-0.066137,0.382347,1.179168
horizontal_2,4.260000,0.610363,-0.066296,0.371819,1.179168
horizontal_2,4.270000,0.611863,-0.066453,0.363339,0.530100
horizontal_2,4.280000,0.613363,-0.066610,0.361527,0.530100
horizontal_2,4.290000,0.614863,-0.066769,0.359109,0.728546
horizontal_2,4.300000,0.616363,-0.066928,0.355270,0.728546
horizontal_2,4.310000,0.617863,-0.067085,0.353426,0.379462
horizontal_2,4.320000,0.619363,-0.067243,0.354724,0.379462
horizontal_2,4.330000,0.620863,-0.067403,0.354025,0.749574
horizontal_2,4.340000,0.622363,-0.067563,0.349911,0.749574
horizontal_2,4.350000,0.623863,-0.067720,0.347806,-0.477901
horizontal_2,4.360000,0.625364,-0.067875,0.353726,-0.477901
horizontal_2,4.370000,0.626865,-0.068033,0.364029,0.655146
horizontal_2,4.380000,0.628365,-0.068195,0.366783,0.655146
horizontal_2,4.390000,0.629865,-0.068354,0.366251,-0.400640
horizontal_2,4.400000,0.631366,-0.068508,0.373574,-0.400640
horizontal_2,4.410000,0.632867,-0.068666,0.384244,0.102004
horizontal_2,4.420000,0.634368,-0.068826,0.389911,0.102004
horizontal_2,4.430000,0.635868,-0.068986,0.393306,1.005067
horizontal_2,4.440000,0.637368,-0.069148,0.388760,1.005067
horizontal_2,4.450000,0.638868,-0.069309,0.379055,1.269572
horizontal_2,4.460000,0.640367,-0.069468,0.367197,1.269572
horizontal_2,4.470000,0.641867,-0.069626,0.357376,0.562591
horizontal_2,4.480000,0.643367,-0.069782,0.354656,0.562591
horizontal_2,4.490000,0.644867,-0.069942,0.351472,0.826255
horizontal_2,4.500000,0.646367,-0.070102,0.346191,0.826255
horizontal_2,4.510000,0.647867,-0.070259,0.342942,0.430562
horizontal_2,4.520000,0.649367,-0.070417,0.343462,0.430562
horizontal_2,4.530000,0.650867,-0.070574,0.345419,0.256384
horizontal_2,4.540000,0.652367,-0.070733,0.348567,0.256384
horizontal_2,4.550000,0.653868,-0.070892,0.350291,0.439569
horizontal_2,4.560000,0.655368,-0.071051,0.350741,0.439569
horizontal_2,4.570000,0.656868,-0.071212,0.349124,0.840788
horizontal_2,4.580000,0.658368,-0.071372,0.343669,0.840788
horizontal_2,4.590000,0.659868,-0.071530,0.340189,0.461720
horizontal_2,4.600000,0.661368,-0.071688,0.340254,0.461720
horizontal_2,4.610000,0.662868,-0.071845,0.342417,-0.213346
horizontal_2,4.620000,0.664369,-0.072000,0.351452,-0.213346
horizontal_2,4.630000,0.665870,-0.072160,0.359510,0.554302
horizontal_2,4.640000,0.667370,-0.072323,0.360123,0.554302
horizontal_2,4.650000,0.668870,-0.072480,0.360934,-0.122590
horizontal_2,4.660000,0.670371,-0.072635,0.368612,-0.122590
horizontal_2,4.670000,0.671872,-0.072795,0.375323,0.589883
horizontal_2,4.680000,0.673372,-0.072956,0.374916,0.589883
horizontal_2,4.690000,0.674872,-0.073113,0.375194,0.123879
horizontal_2,4.700000,0.676373,-0.073269,0.380188,0.123879
horizontal_2,4.710000,0.677874,-0.073425,0.387362,-0.298136
horizontal_2,4.720000,0.679375,-0.073581,0.398667,-0.298136
horizontal_2,4.730000,0.680875,-0.073740,0.407990,0.680379
horizontal_2,4.740000,0.682376,-0.073902,0.409293,0.680379
horizontal_2,4.750000,0.683876,-0.074060,0.407534,0.519787
horizontal_2,4.760000,0.685376,-0.074217,0.406779,0.519787
horizontal_2,4.770000,0.686877,-0.074372,0.408082,0.018972
horizontal_2,4.780000,0.688377,-0.074527,0.414546,0.018972
horizontal_2,4.790000,0.689878,-0.074686,0.419163,0.640603
horizontal_2,4.800000,0.691378,-0.074846,0.417359,0.640603
horizontal_2,4.810000,0.692879,-0.075001,0.416878,-0.130053
horizontal_2,4.820000,0.694379,-0.075154,0.423866,-0.130053
horizontal_2,4.830000,0.695880,-0.075312,0.430681,0.320374
horizontal_2,4.840000,0.697381,-0.075471,0.432996,0.320374
horizontal_2,4.850000,0.698881,-0.075629,0.433151,1.161338
horizontal_2,4.860000,0.700381,-0.075790,0.425530,1.161338
horizontal_2,4.870000,0.701881,-0.075946,0.417337,0.465340
horizontal_2,4.880000,0.703381,-0.076101,0.416152,0.465340
horizontal_2,4.890000,0.704881,-0.076257,0.416717,0.410827
horizontal_2,4.900000,0.706382,-0.076414,0.417581,0.410827
horizontal_2,4.910000,0.707882,-0.076571,0.417260,0.553901
horizontal_2,4.920000,0.709382,-0.076728,0.416010,0.553901
horizontal_2,4.930000,0.710882,-0.076885,0.415299,0.496222
horizontal_2,4.940000,0.712383,-0.077042,0.414896,0.496222
horizontal_2,4.950000,0.713883,-0.077197,0.416420,0.185534
horizontal_2,4.960000,0.715384,-0.077353,0.420602,0.185534
horizontal_2,4.970000,0.716884,-0.077511,0.422751,0.927774
horizontal_2,4.980000,0.718384,-0.077672,0.417579,0.927774
horizontal_2,4.990000,0.719884,-0.077828,0.412842,-0.029565
horizontal_2,5.000000,0.721384,-0.077982,0.416105,-0.029565
horizontal_2,5.010000,0.722885,-0.078138,0.421735,0.212848
horizontal_2,5.020000,0.724386,-0.078296,0.425553,0.212848
horizontal_2,5.030000,0.725886,-0.078454,0.427299,0.902315
horizontal_2,5.040000,0.727386,-0.078614,0.422067,0.902315
horizontal_2,5.050000,0.728886,-0.078770,0.417659,0.548568
horizontal_2,5.060000,0.730386,-0.078927,0.416446,0.548568
horizontal_2,5.070000,0.731887,-0.079082,0.417321,0.130747
horizontal_2,5.080000,0.733387,-0.079237,0.422270,0.130747
horizontal_2,5.090000,0.734888,-0.079395,0.425230,0.725373
horizontal_2,5.100000,0.736388,-0.079555,0.422023,0.725373
horizontal_2,5.110000,0.737888,-0.079713,0.417657,0.786355
horizontal_2,5.120000,0.739388,-0.079870,0.412953,0.786355
horizontal_2,5.130000,0.740888,-0.080026,0.410301,-0.223071
horizontal_2,5.140000,0.742389,-0.080179,0.415676,-0.223071
horizontal_2,5.150000,0.743890,-0.080333,0.426926,-0.349530
horizontal_2,5.160000,0.745391,-0.080489,0.439065,-0.349530
horizontal_2,5.170000,0.746892,-0.080646,0.450223,-0.236585
horizontal_2,5.180000,0.748393,-0.080802,0.460700,-0.236585
horizontal_2,5.190000,0.749894,-0.080960,0.469123,0.154112
horizontal_2,5.200000,0.751395,-0.081117,0.473855,0.154112
horizontal_2,5.210000,0.752896,-0.081274,0.476475,0.644434
horizontal_2,5.220000,0.754396,-0.081431,0.474069,0.644434
horizontal_2,5.230000,0.755896,-0.081585,0.473527,-0.022607
horizontal_2,5.240000,0.757397,-0.081738,0.479790,-0.022607
horizontal_2,5.250000,0.758898,-0.081893,0.486183,0.078471
horizontal_2,5.260000,0.760399,-0.082048,0.491985,0.078471
horizontal_2,5.270000,0.761899,-0.082205,0.495724,0.923463
horizontal_2,5.280000,0.763400,-0.082364,0.491677,0.923463
horizontal_2,5.290000,0.764900,-0.082519,0.486782,0.651464
horizontal_2,5.300000,0.766400,-0.082674,0.484062,0.651464
horizontal_2,5.310000,0.767900,-0.082827,0.483411,0.104623
horizontal_2,5.320000,0.769401,-0.082980,0.488449,0.104623
horizontal_2,5.330000,0.770902,-0.083137,0.491794,0.766269
horizontal_2,5.340000,0.772402,-0.083295,0.488387,0.766269
horizontal_2,5.350000,0.773902,-0.083452,0.482576,0.946029
horizontal_2,5.360000,0.775402,-0.083608,0.475510,0.946029
horizontal_2,5.370000,0.776902,-0.083762,0.470489,0.266113
horizontal_2,5.380000,0.778403,-0.083915,0.472383,0.266113
horizontal_2,5.390000,0.779903,-0.084068,0.477441,-0.192200
horizontal_2,5.400000,0.781404,-0.084221,0.487139,-0.192200
horizontal_2,5.410000,0.782905,-0.084377,0.496056,-0.091165
horizontal_2,5.420000,0.784406,-0.084532,0.504374,-0.091165
horizontal_2,5.430000,0.785907,-0.084688,0.510630,1.163400
horizontal_2,5.440000,0.787408,-0.084847,0.508863,1.163400
horizontal_2,5.450000,0.788908,-0.085003,0.502714,-0.276949
horizontal_2,5.460000,0.790408,-0.085154,0.504114,-0.276949
horizontal_2,5.470000,0.791909,-0.085308,0.509891,1.321034
horizontal_2,5.480000,0.793410,-0.085467,0.508117,1.321034
horizontal_2,5.490000,0.794909,-0.085627,0.497859,1.517947
horizontal_2,5.500000,0.796409,-0.085784,0.482427,1.517947
horizontal_2,5.510000,0.797908,-0.085940,0.468924,0.390340
horizontal_2,5.520000,0.799408,-0.086092,0.463447,0.390340
horizontal_2,5.530000,0.800909,-0.086247,0.462656,0.598575
horizontal_2,5.540000,0.802409,-0.086403,0.460743,0.598575
horizontal_2,5.550000,0.803909,-0.086557,0.460878,0.056744
horizontal_2,5.560000,0.805410,-0.086711,0.466645,0.056744
horizontal_2,5.570000,0.806911,-0.086864,0.474798,-0.330026
horizontal_2,5.580000,0.808412,-0.087018,0.486602,-0.330026
horizontal_2,5.590000,0.809913,-0.087175,0.496442,0.026082
horizontal_2,5.600000,0.811414,-0.087331,0.503058,0.026082
horizontal_2,5.610000,0.812915,-0.087487,0.507577,0.644572
horizontal_2,5.620000,0.814415,-0.087645,0.505699,0.644572
horizontal_2,5.630000,0.815916,-0.087799,0.504217,0.512776
horizontal_2,5.640000,0.817416,-0.087953,0.503566,0.512776
horizontal_2,5.650000,0.818916,-0.088108,0.502533,0.553688
horizontal_2,5.660000,0.820417,-0.088263,0.501281,0.553688
horizontal_2,5.670000,0.821917,-0.088419,0.498059,0.882747
horizontal_2,5.680000,0.823417,-0.088575,0.491954,0.882747
horizontal_2,5.690000,0.824917,-0.088729,0.487817,0.539540
horizontal_2,5.700000,0.826418,-0.088884,0.486743,0.539540
horizontal_2,5.710000,0.827918,-0.089040,0.483899,0.805807
horizontal_2,5.720000,0.829418,-0.089196,0.478923,0.805807
horizontal_2,5.730000,0.830918,-0.089350,0.475984,-0.122910
horizontal_2,5.740000,0.832419,-0.089502,0.481027,-0.122910
horizontal_2,5.750000,0.833920,-0.089656,0.488687,0.003928
horizontal_2,5.760000,0.835421,-0.089811,0.495594,0.003928
horizontal_2,5.770000,0.836922,-0.089968,0.500439,1.401375
horizontal_2,5.780000,0.838422,-0.090127,0.497263,1.401375
horizontal_2,5.790000,0.839922,-0.090284,0.489701,0.639609
horizontal_2,5.800000,0.841422,-0.090438,0.486942,0.639609
horizontal_2,5.810000,0.842922,-0.090591,0.486465,-0.051021
horizontal_2,5.820000,0.844423,-0.090743,0.492984,-0.051021
horizontal_2,5.830000,0.845924,-0.090899,0.498632,0.569876
horizontal_2,5.840000,0.847425,-0.091057,0.497873,0.569876
horizontal_2,5.850000,0.848925,-0.091214,0.494333,1.478310
horizontal_2,5.860000,0.850424,-0.091373,0.482833,1.478310
horizontal_2,5.870000,0.851924,-0.091529,0.469949,0.815379
horizontal_2,5.880000,0.853424,-0.091683,0.463811,0.815379
horizontal_2,5.890000,0.854924,-0.091837,0.460722,0.159537
horizontal_2,5.900000,0.856425,-0.091990,0.464361,0.159537
horizontal_2,5.910000,0.857925,-0.092146,0.468001,0.267215
horizontal_2,5.920000,0.859426,-0.092302,0.471002,0.267215
horizontal_2,5.930000,0.860927,-0.092459,0.471952,0.657105
horizontal_2,5.940000,0.862427,-0.092616,0.469220,0.657105
horizontal_2,5.950000,0.863927,-0.092770,0.468488,0.245169
horizontal_2,5.960000,0.865428,-0.092924,0.471746,0.245169
horizontal_2,5.970000,0.866928,-0.093081,0.473009,0.738375
horizontal_2,5.980000,0.868428,-0.093239,0.469214,0.738375
horizontal_2,5.990000,0.869929,-0.093394,0.466329,0.607615
horizontal_2,6.000000,0.871429,-0.093549,0.464271,0.607615
horizontal_2,6.010000,0.872929,-0.093703,0.464271,0.141573
horizontal_2,6.020000,0.874430,-0.093857,0.469002,0.141573
horizontal_2,6.030000,0.875931,-0.094014,0.471809,0.534222
horizontal_2,6.040000,0.877431,-0.094171,0.470903,0.534222
horizontal_2,6.050000,0.878931,-0.094325,0.471978,0.150214
horizontal_2,6.060000,0.880432,-0.094479,0.476660,0.150214
horizontal_2,6.070000,0.881933,-0.094636,0.479332,0.565152
horizontal_2,6.080000,0.883433,-0.094793,0.477983,0.565152
horizontal_2,6.090000,0.884933,-0.094948,0.476633,0.557732
horizontal_2,6.100000,0.886434,-0.095103,0.475319,0.557732
horizontal_2,6.110000,0.887934,-0.095260,0.472570,0.741776
horizontal_2,6.120000,0.889434,-0.095416,0.468535,0.741776
horizontal_2,6.130000,0.890934,-0.095570,0.466537,0.349094
horizontal_2,6.140000,0.892435,-0.095725,0.468267,0.349094
horizontal_2,6.150000,0.893935,-0.095879,0.471509,0.159929
horizontal_2,6.160000,0.895436,-0.096033,0.476085,0.159929
horizontal_2,6.170000,0.896937,-0.096191,0.478615,1.197113
horizontal_2,6.180000,0.898437,-0.096351,0.473124,1.197113
horizontal_2,6.190000,0.899937,-0.096507,0.464510,0.780669
horizontal_2,6.200000,0.901437,-0.096662,0.459822,0.780669
horizontal_2,6.210000,0.902937,-0.096818,0.456159,0.671045
horizontal_2,6.220000,0.904437,-0.096974,0.453161,0.671045
horizontal_2,6.230000,0.905937,-0.097132,0.448112,1.415759
horizontal_2,6.240000,0.907437,-0.097292,0.435717,1.415759
horizontal_2,6.250000,0.908936,-0.097448,0.423738,0.980513
horizontal_2,6.260000,0.910436,-0.097605,0.416065,0.980513
horizontal_2,6.270000,0.911936,-0.097761,0.410531,-0.231512
horizontal_2,6.280000,0.913436,-0.097914,0.413027,-0.231512
horizontal_2,6.290000,0.914937,-0.098070,0.420199,0.090711
horizontal_2,6.300000,0.916438,-0.098227,0.425827,0.090711
horizontal_2,6.310000,0.917938,-0.098385,0.429385,1.133290
horizontal_2,6.320000,0.919438,-0.098547,0.424921,1.133290
horizontal_2,6.330000,0.920938,-0.098704,0.417268,0.553551
horizontal_2,6.340000,0.922438,-0.098859,0.415511,0.553551
horizontal_2,6.350000,0.923939,-0.099016,0.414223,0.556993
horizontal_2,6.360000,0.925439,-0.099173,0.412920,0.556993
horizontal_2,6.370000,0.926939,-0.099329,0.413666,0.161053
horizontal_2,6.380000,0.928440,-0.099484,0.418183,0.161053
horizontal_2,6.390000,0.929940,-0.099639,0.424806,-0.615654
horizontal_2,6.400000,0.931442,-0.099792,0.438929,-0.615654
horizontal_2,6.410000,0.932943,-0.099950,0.452953,0.477379
horizontal_2,6.420000,0.934444,-0.100111,0.458967,0.477379
horizontal_2,6.430000,0.935944,-0.100269,0.459753,0.409564
horizontal_2,6.440000,0.937445,-0.100424,0.460642,0.409564
horizontal_2,6.450000,0.938945,-0.100580,0.461660,0.395471
horizontal_2,6.460000,0.940446,-0.100735,0.462754,0.395471
horizontal_2,6.470000,0.941946,-0.100890,0.465242,0.219389
horizontal_2,6.480000,0.943447,-0.101045,0.468939,0.219389
horizontal_2,6.490000,0.944948,-0.101200,0.473172,0.163613
horizontal_2,6.500000,0.946448,-0.101355,0.477703,0.163613
horizontal_2,6.510000,0.947949,-0.101512,0.480179,1.630474
horizontal_2,6.520000,0.949449,-0.101672,0.474633,1.630474
horizontal_2,6.530000,0.950949,-0.101829,0.464700,0.275339
horizontal_2,6.540000,0.952449,-0.101982,0.462319,0.275339
horizontal_2,6.550000,0.953950,-0.102134,0.467128,-0.172963
horizontal_2,6.560000,0.955451,-0.102287,0.476549,-0.172963
horizontal_2,6.570000,0.956952,-0.102444,0.484014,0.956855
horizontal_2,6.580000,0.958452,-0.102604,0.483461,0.956855
horizontal_2,6.590000,0.959952,-0.102762,0.477370,0.876922
horizontal_2,6.600000,0.961452,-0.102918,0.471323,0.876922
horizontal_2,6.610000,0.962952,-0.103072,0.467328,0.337955
horizontal_2,6.620000,0.964453,-0.103226,0.468937,0.337955
horizontal_2,6.630000,0.965953,-0.103380,0.472463,0.124886
horizontal_2,6.640000,0.967454,-0.103535,0.477557,0.124886
horizontal_2,6.650000,0.968955,-0.103688,0.484500,-0.151394
horizontal_2,6.660000,0.970456,-0.103842,0.493685,-0.151394
horizontal_2,6.670000,0.971957,-0.103999,0.500832,1.431205
horizontal_2,6.680000,0.973457,-0.104158,0.499959,1.431205
horizontal_2,6.690000,0.974957,-0.104314,0.494704,0.238590
horizontal_2,6.700000,0.976458,-0.104466,0.496373,0.238590
horizontal_2,6.710000,0.977959,-0.104622,0.497759,0.601992
horizontal_2,6.720000,0.979459,-0.104778,0.495834,0.601992
horizontal_2,6.730000,0.980959,-0.104934,0.492938,0.707469
horizontal_2,6.740000,0.982459,-0.105089,0.489407,0.707469
horizontal_2,6.750000,0.983960,-0.105245,0.485730,0.722548
horizontal_2,6.760000,0.985460,-0.105400,0.481972,0.722548
horizontal_2,6.770000,0.986960,-0.105554,0.480267,0.021510
horizontal_2,6.780000,0.988461,-0.105706,0.485624,0.021510
horizontal_2,6.790000,0.989962,-0.105862,0.490195,0.892438
horizontal_2,6.800000,0.991462,-0.106022,0.486914,0.892438
horizontal_2,6.810000,0.992962,-0.106176,0.482720,0.340211
horizontal_2,6.820000,0.994462,-0.106329,0.484244,0.340211
horizontal_2,6.830000,0.995963,-0.106486,0.484096,0.884229
horizontal_2,6.840000,0.997463,-0.106644,0.478301,0.884229
horizontal_2,6.850000,0.998963,-0.106798,0.474202,0.046701
horizontal_2,6.860000,1.000464,-0.106950,0.477865,0.046701
horizontal_2,6.870000,1.001964,-0.107106,0.482051,0.595887
horizontal_2,6.880000,1.003465,-0.107264,0.480556,0.595887
horizontal_2,6.890000,1.004965,-0.107418,0.480736,-0.191002
horizontal_2,6.900000,1.006466,-0.107569,0.488468,-0.191002
horizontal_2,6.910000,1.007967,-0.107725,0.496186,0.494394
horizontal_2,6.920000,1.009468,-0.107884,0.496974,0.494394
horizontal_2,6.930000,1.010968,-0.108037,0.498668,-0.242487
horizontal_2,6.940000,1.012469,-0.108189,0.507640,-0.242487
horizontal_2,6.950000,1.013970,-0.108344,0.516127,0.901726
horizontal_2,6.960000,1.015471,-0.108503,0.516604,0.901726
horizontal_2,6.970000,1.016971,-0.108659,0.512720,-0.518620
horizontal_2,6.980000,1.018472,-0.108810,0.516389,-0.518620
horizontal_2,6.990000,1.019973,-0.108963,0.524436,0.338655
horizontal_2,7.000000,1.021473,-0.109120,0.526896,0.338655
horizontal_2,7.010000,1.022974,-0.109272,0.530866,-0.030692
horizontal_2,7.020000,1.024475,-0.109425,0.538237,-0.030692
horizontal_2,7.030000,1.025976,-0.109580,0.543593,0.482486
horizontal_2,7.040000,1.027477,-0.109736,0.543645,0.482486
horizontal_2,7.050000,1.028977,-0.109888,0.545311,0.199879
horizontal_2,7.060000,1.030478,-0.110041,0.549286,0.199879
horizontal_2,7.070000,1.031979,-0.110196,0.551222,1.710943
horizontal_2,7.080000,1.033479,-0.110354,0.545139,1.710943
horizontal_2,7.090000,1.034979,-0.110512,0.531570,1.467379
horizontal_2,7.100000,1.036478,-0.110667,0.516770,1.467379
horizontal_2,7.110000,1.037978,-0.110822,0.504016,-0.328858
horizontal_2,7.120000,1.039478,-0.110973,0.499290,-0.328858
horizontal_2,7.130000,1.040978,-0.111127,0.500106,0.423668
horizontal_2,7.140000,1.042479,-0.111281,0.500781,0.423668
horizontal_2,7.150000,1.043979,-0.111437,0.499604,0.704076
horizontal_2,7.160000,1.045479,-0.111593,0.496141,0.704076
horizontal_2,7.170000,1.046980,-0.111748,0.492714,0.698029
horizontal_2,7.180000,1.048480,-0.111903,0.489319,0.698029
horizontal_2,7.190000,1.049980,-0.112057,0.487978,0.204420
horizontal_2,7.200000,1.051481,-0.112210,0.491711,0.204420
horizontal_2,7.210000,1.052981,-0.112365,0.494332,0.365345
horizontal_2,7.220000,1.054482,-0.112520,0.495882,0.365345
horizontal_2,7.230000,1.055982,-0.112677,0.495366,1.001881
horizontal_2,7.240000,1.057482,-0.112835,0.488290,1.001881
horizontal_2,7.250000,1.058982,-0.112989,0.482447,-0.769165
horizontal_2,7.260000,1.060483,-0.113141,0.484627,-0.769165
horizontal_2,7.270000,1.061984,-0.113295,0.491188,0.792672
horizontal_2,7.280000,1.063484,-0.113455,0.490235,0.792672
horizontal_2,7.290000,1.064984,-0.113613,0.483448,1.177729
horizontal_2,7.300000,1.066484,-0.113770,0.472987,1.177729
horizontal_2,7.310000,1.067984,-0.113925,0.464531,-0.095820
horizontal_2,7.320000,1.069484,-0.114077,0.464102,-0.095820
horizontal_2,7.330000,1.070985,-0.114230,0.470072,0.036222
horizontal_2,7.340000,1.072486,-0.114385,0.476489,0.036222
horizontal_2,7.350000,1.073987,-0.114540,0.483190,0.006796
horizontal_2,7.360000,1.075487,-0.114695,0.490049,0.006796
horizontal_2,7.370000,1.076988,-0.114852,0.494851,0.702930
horizontal_2,7.380000,1.078489,-0.115010,0.492633,0.702930
horizontal_2,7.390000,1.079989,-0.115164,0.491231,0.160753
horizontal_2,7.400000,1.081490,-0.115317,0.495455,0.160753
horizontal_2,7.410000,1.082990,-0.115473,0.497976,0.552786
horizontal_2,7.420000,1.084491,-0.115629,0.496794,0.552786
horizontal_2,7.430000,1.085991,-0.115783,0.496658,0.422606
horizontal_2,7.440000,1.087492,-0.115938,0.497344,0.422606
horizontal_2,7.450000,1.088992,-0.116094,0.496531,0.619987
horizontal_2,7.460000,1.090492,-0.116249,0.494305,0.619987
horizontal_2,7.470000,1.091993,-0.116404,0.491403,0.692821
horizontal_2,7.480000,1.093493,-0.116559,0.488087,0.692821
horizontal_2,7.490000,1.094993,-0.116713,0.486824,0.183473
horizontal_2,7.500000,1.096494,-0.116866,0.490829,0.183473
horizontal_2,7.510000,1.097994,-0.117022,0.493735,0.348144
horizontal_2,7.520000,1.099495,-0.117177,0.495541,0.348144
horizontal_2,7.530000,1.100996,-0.117331,0.497971,0.279440
horizontal_2,7.540000,1.102496,-0.117485,0.500783,0.279440
horizontal_2,7.550000,1.103997,-0.117638,0.505436,0.002750
horizontal_2,7.560000,1.105498,-0.117792,0.512334,0.002750
horizontal_2,7.570000,1.106999,-0.117948,0.517195,0.705653
horizontal_2,7.580000,1.108499,-0.118106,0.514992,0.705653
horizontal_2,7.590000,1.110000,-0.118259,0.513551,-0.045357
horizontal_2,7.600000,1.111500,-0.118410,0.519475,-0.045357
horizontal_2,7.610000,1.113001,-0.118565,0.525035,1.174273
horizontal_2,7.620000,1.114502,-0.118724,0.522589,1.174273
horizontal_2,7.630000,1.116002,-0.118881,0.514846,0.964319
horizontal_2,7.640000,1.117502,-0.119036,0.507500,0.964319
horizontal_2,7.650000,1.119002,-0.119190,0.502018,0.679998
horizontal_2,7.660000,1.120502,-0.119344,0.498872,0.679998
horizontal_2,7.670000,1.122002,-0.119500,0.494164,0.892876
horizontal_2,7.680000,1.123502,-0.119656,0.487889,0.892876
horizontal_2,7.690000,1.125002,-0.119813,0.479589,1.252651
horizontal_2,7.700000,1.126502,-0.119971,0.468004,1.252651
horizontal_2,7.710000,1.128001,-0.120126,0.458436,0.485362
horizontal_2,7.720000,1.129502,-0.120279,0.456328,0.485362
horizontal_2,7.730000,1.131002,-0.120434,0.456096,0.483289
horizontal_2,7.740000,1.132502,-0.120590,0.455886,0.483289
horizontal_2,7.750000,1.134003,-0.120746,0.456031,0.445874
horizontal_2,7.760000,1.135503,-0.120901,0.456376,0.445874
horizontal_2,7.770000,1.137003,-0.121059,0.454664,1.253136
horizontal_2,7.780000,1.138503,-0.121219,0.445303,1.253136
horizontal_2,7.790000,1.140003,-0.121375,0.435743,0.271303
horizontal_2,7.800000,1.141503,-0.121528,0.434195,0.271303
horizontal_2,7.810000,1.143004,-0.121683,0.438170,0.140475
horizontal_2,7.820000,1.144504,-0.121838,0.443038,0.140475
horizontal_2,7.830000,1.146005,-0.121993,0.449427,-0.058587
horizontal_2,7.840000,1.147506,-0.122148,0.457244,-0.058587
horizontal_2,7.850000,1.149007,-0.122302,0.467126,-0.722788
horizontal_2,7.860000,1.150508,-0.122455,0.483787,-0.722788
horizontal_2,7.870000,1.152010,-0.122612,0.499409,0.652184
horizontal_2,7.880000,1.153511,-0.122772,0.507013,0.652184
horizontal_2,7.890000,1.155012,-0.122931,0.506125,1.281347
horizontal_2,7.900000,1.156511,-0.123091,0.496926,1.281347
horizontal_2,7.910000,1.158011,-0.123246,0.486955,0.220184
horizontal_2,7.920000,1.159511,-0.123398,0.484990,0.220184
horizontal_2,7.930000,1.161012,-0.123549,0.490551,-0.508261
horizontal_2,7.940000,1.162513,-0.123701,0.503528,-0.508261
horizontal_2,7.950000,1.164015,-0.123857,0.515961,0.182729
horizontal_2,7.960000,1.165516,-0.124015,0.521416,0.182729
horizontal_2,7.970000,1.167016,-0.124171,0.524222,0.371240
horizontal_2,7.980000,1.168517,-0.124325,0.525688,0.371240
horizontal_2,7.990000,1.170017,-0.124480,0.526207,0.477725
horizontal_2,8.000000,1.171518,-0.124634,0.526086,0.477725
up_2,0.000000,0.000000,0.000000,88.626424,89.537215
up_2,0.010000,0.000000,-0.000000,88.643111,89.537215
up_2,0.020000,0.000001,0.000041,88.651709,89.537215
up_2,0.030000,0.000003,0.000120,88.660825,88.248528
up_2,0.040000,0.000006,0.000236,88.678010,88.248528
up_2,0.050000,0.000010,0.000387,88.700921,88.424711
up_2,0.060000,0.000014,0.000578,88.724010,88.424711
up_2,0.070000,0.000020,0.000807,88.744932,89.123112
up_2,0.080000,0.000027,0.001078,88.759023,89.123112
up_2,0.090000,0.000034,0.001387,88.773934,88.888420
up_2,0.100000,0.000042,0.001734,88.790534,88.888420
up_2,0.110000,0.000051,0.002119,88.809287,88.532142
up_2,0.120000,0.000061,0.002541,88.831147,88.532142
up_2,0.130000,0.000072,0.003003,88.850954,89.581188
up_2,0.140000,0.000084,0.003506,88.862796,89.581188
up_2,0.150000,0.000095,0.004048,88.871655,88.918126
up_2,0.160000,0.000107,0.004627,88.887254,88.918126
up_2,0.170000,0.000120,0.005244,88.905209,88.737999
up_2,0.180000,0.000134,0.005899,88.924419,88.737999
up_2,0.190000,0.000149,0.006592,88.941574,89.518655
up_2,0.200000,0.000165,0.007326,88.951099,89.518655
up_2,0.210000,0.000180,0.008099,88.960832,88.973503
up_2,0.220000,0.000196,0.008908,88.976334,88.973503
up_2,0.230000,0.000214,0.009757,88.990105,89.355387
up_2,0.240000,0.000231,0.010644,89.000255,89.355387
up_2,0.250000,0.000248,0.011570,89.012456,88.551859
up_2,0.260000,0.000265,0.012533,89.032421,88.551859
up_2,0.270000,0.000284,0.013534,89.053623,88.675585
up_2,0.280000,0.000303,0.014573,89.074049,88.675585
up_2,0.290000,0.000323,0.015651,89.092463,89.070820
up_2,0.300000,0.000343,0.016768,89.107025,89.070820
up_2,0.310000,0.000364,0.017924,89.120580,89.180660
up_2,0.320000,0.000384,0.019118,89.133444,89.180660
up_2,0.330000,0.000405,0.020351,89.146346,89.177584
up_2,0.340000,0.000426,0.021622,89.159279,89.177584
up_2,0.350000,0.000446,0.022932,89.174181,88.743274
up_2,0.360000,0.000467,0.024279,89.193532,88.743274
up_2,0.370000,0.000489,0.025664,89.211122,89.963855
up_2,0.380000,0.000514,0.027089,89.220739,89.963855
up_2,0.390000,0.000536,0.028531,89.225275,88.575674
up_2,0.400000,0.000555,0.029974,89.237102,88.575674
up_2,0.410000,0.000575,0.031416,89.255025,88.815315
up_2,0.420000,0.000596,0.032856,89.273152,88.815315
up_2,0.430000,0.000615,0.034297,89.293200,88.258241
up_2,0.440000,0.000633,0.035737,89.319163,88.258241
up_2,0.450000,0.000653,0.037176,89.343775,89.676685
up_2,0.460000,0.000674,0.038616,89.360385,89.676685
up_2,0.470000,0.000693,0.040057,89.371842,89.172433
up_2,0.480000,0.000710,0.041499,89.384525,89.172433
up_2,0.490000,0.000728,0.042941,89.395311,89.610338
up_2,0.500000,0.000746,0.044383,89.401589,89.610338
up_2,0.510000,0.000762,0.045826,89.409587,89.216659
up_2,0.520000,0.000778,0.047268,89.421490,89.216659
up_2,0.530000,0.000795,0.048710,89.431599,89.680806
up_2,0.540000,0.000812,0.050153,89.436855,89.680806
up_2,0.550000,0.000828,0.051596,89.440647,89.839983
up_2,0.560000,0.000844,0.053040,89.443269,89.839983
up_2,0.570000,0.000858,0.054483,89.447772,89.001701
up_2,0.580000,0.000871,0.055926,89.460059,89.001701
up_2,0.590000,0.000886,0.057368,89.474614,89.078320
up_2,0.600000,0.000901,0.058809,89.488728,89.078320
up_2,0.610000,0.000917,0.060250,89.500915,89.746076
up_2,0.620000,0.000932,0.061693,89.506224,89.746076
up_2,0.630000,0.000945,0.063136,89.512168,89.228409
up_2,0.640000,0.000958,0.064579,89.523591,89.228409
up_2,0.650000,0.000972,0.066021,89.533568,89.560586
up_2,0.660000,0.000985,0.067463,89.540453,89.560586
up_2,0.670000,0.001000,0.068906,89.545345,90.219525
up_2,0.680000,0.001014,0.070350,89.543375,90.219525
up_2,0.690000,0.001026,0.071793,89.542008,89.381488
up_2,0.700000,0.001036,0.073237,89.548467,89.381488
up_2,0.710000,0.001047,0.074680,89.559846,88.793354
up_2,0.720000,0.001058,0.076121,89.577493,88.793354
up_2,0.730000,0.001071,0.077562,89.593961,89.425185
up_2,0.740000,0.001084,0.079003,89.603826,89.425185
up_2,0.750000,0.001094,0.080446,89.614540,89.086800
up_2,0.760000,0.001104,0.081888,89.628414,89.086800
up_2,0.770000,0.001115,0.083329,89.641047,89.261713
up_2,0.780000,0.001125,0.084771,89.652370,89.261713
up_2,0.790000,0.001136,0.086213,89.661766,89.647312
up_2,0.800000,0.001146,0.087656,89.667360,89.647312
up_2,0.810000,0.001157,0.089099,89.670916,90.468826
up_2,0.820000,0.001168,0.090543,89.666731,90.468826
up_2,0.830000,0.001177,0.091986,89.661605,89.658134
up_2,0.840000,0.001184,0.093429,89.664134,89.658134
up_2,0.850000,0.001192,0.094873,89.671051,89.403084
up_2,0.860000,0.001201,0.096315,89.680171,89.403084
up_2,0.870000,0.001211,0.097758,89.687412,89.933741
up_2,0.880000,0.001221,0.099201,89.689024,89.933741
up_2,0.890000,0.001229,0.100645,89.692010,89.203352
up_2,0.900000,0.001235,0.102088,89.702349,89.203352
up_2,0.910000,0.001245,0.103530,89.712581,89.868166
up_2,0.920000,0.001254,0.104973,89.715980,89.868166
up_2,0.930000,0.001261,0.106417,89.719994,89.388903
up_2,0.940000,0.001268,0.107860,89.729067,89.388903
up_2,0.950000,0.001277,0.109302,89.736573,89.724111
up_2,0.960000,0.001285,0.110745,89.740949,89.724111
up_2,0.970000,0.001292,0.112189,89.744354,89.830897
up_2,0.980000,0.001299,0.113632,89.747044,89.830897
up_2,0.990000,0.001308,0.115076,89.747853,90.179153
up_2,1.000000,0.001315,0.116520,89.745231,90.179153
up_2,1.010000,0.001322,0.117964,89.743662,90.031017
up_2,1.020000,0.001329,0.119408,89.743212,90.031017
up_2,1.030000,0.001335,0.120852,89.744663,89.333040
up_2,1.040000,0.001340,0.122295,89.753304,89.333040
up_2,1.050000,0.001348,0.123737,89.761570,90.040186
up_2,1.060000,0.001357,0.125180,89.762706,90.040186
up_2,1.070000,0.001363,0.126624,89.763327,89.890895
up_2,1.080000,0.001370,0.128068,89.765081,89.890895
up_2,1.090000,0.001375,0.129512,89.768710,88.900139
up_2,1.100000,0.001379,0.130956,89.780389,88.900139
up_2,1.110000,0.001385,0.132397,89.795045,89.392438
up_2,1.120000,0.001392,0.133839,89.804668,89.392438
up_2,1.130000,0.001398,0.135281,89.812050,90.239427
up_2,1.140000,0.001406,0.136724,89.811626,90.239427
up_2,1.150000,0.001412,0.138168,89.808758,90.154431
up_2,1.160000,0.001417,0.139612,89.806383,90.154431
up_2,1.170000,0.001421,0.141056,89.805930,89.476407
up_2,1.180000,0.001425,0.142499,89.812522,89.476407
up_2,1.190000,0.001429,0.143942,89.822365,89.150512
up_2,1.200000,0.001433,0.145384,89.835241,89.150512
up_2,1.210000,0.001438,0.146826,89.847709,89.203208
up_2,1.220000,0.001442,0.148268,89.859859,89.203208
up_2,1.230000,0.001447,0.149710,89.870085,89.973970
up_2,1.240000,0.001453,0.151153,89.872814,89.973970
up_2,1.250000,0.001456,0.152597,89.875166,89.475138
up_2,1.260000,0.001458,0.154040,89.882832,89.475138
up_2,1.270000,0.001462,0.155483,89.889757,89.613992
up_2,1.280000,0.001465,0.156926,89.895700,89.613992
up_2,1.290000,0.001469,0.158369,89.899712,90.173158
up_2,1.300000,0.001473,0.159813,89.897720,90.173158
up_2,1.310000,0.001475,0.161256,89.896973,89.210162
up_2,1.320000,0.001475,0.162700,89.904285,89.210162
up_2,1.330000,0.001478,0.164142,89.914264,90.115490
up_2,1.340000,0.001483,0.165585,89.916451,90.115490
up_2,1.350000,0.001487,0.167029,89.913361,90.321121
up_2,1.360000,0.001489,0.168472,89.908482,90.321121
up_2,1.370000,0.001491,0.169916,89.905389,90.005156
up_2,1.380000,0.001493,0.171360,89.905230,90.005156
up_2,1.390000,0.001495,0.172804,89.906471,89.831436
up_2,1.400000,0.001498,0.174248,89.909091,89.831436
up_2,1.410000,0.001500,0.175691,89.912389,89.754655
up_2,1.420000,0.001502,0.177135,89.916183,89.754655
up_2,1.430000,0.001504,0.178579,89.919994,89.753222
up_2,1.440000,0.001507,0.180022,89.923814,89.753222
up_2,1.450000,0.001510,0.181466,89.925717,90.275643
up_2,1.460000,0.001513,0.182909,89.921975,90.275643
up_2,1.470000,0.001514,0.184353,89.919673,89.606405
up_2,1.480000,0.001515,0.185796,89.924322,89.606405
up_2,1.490000,0.001517,0.187239,89.929043,89.778243
up_2,1.500000,0.001520,0.188683,89.932500,89.778243
up_2,1.510000,0.001523,0.190126,89.934024,90.302968
up_2,1.520000,0.001526,0.191570,89.929878,90.302968
up_2,1.530000,0.001528,0.193014,89.925762,90.245821
up_2,1.540000,0.001530,0.194457,89.921985,90.245821
up_2,1.550000,0.001531,0.195901,89.920122,89.851590
up_2,1.560000,0.001532,0.197345,89.922295,89.851590
up_2,1.570000,0.001535,0.198788,89.924305,89.886975
up_2,1.580000,0.001537,0.200232,89.926105,89.886975
up_2,1.590000,0.001538,0.201676,89.929754,89.314824
up_2,1.600000,0.001538,0.203120,89.939531,89.314824
up_2,1.610000,0.001539,0.204562,89.951652,89.049992
up_2,1.620000,0.001540,0.206004,89.966051,89.049992
up_2,1.630000,0.001542,0.207445,89.978570,89.525280
up_2,1.640000,0.001543,0.208888,89.986100,89.525280
up_2,1.650000,0.001545,0.210330,89.991438,90.122256
up_2,1.660000,0.001547,0.211774,89.990427,90.122256
up_2,1.670000,0.001546,0.213218,89.990433,89.599411
up_2,1.680000,0.001545,0.214661,89.996086,89.599411
up_2,1.690000,0.001546,0.216104,90.000583,89.845996
up_2,1.700000,0.001546,0.217548,90.003023,89.845996
up_2,1.710000,0.001547,0.218992,90.003512,90.243854
up_2,1.720000,0.001548,0.220436,89.999901,90.243854
up_2,1.730000,0.001548,0.221879,89.996395,90.216251
up_2,1.740000,0.001548,0.223323,89.993052,90.216251
up_2,1.750000,0.001547,0.224766,89.991627,89.417587
up_2,1.760000,0.001544,0.226210,89.997897,89.417587
up_2,1.770000,0.001544,0.227653,90.007451,89.333968
up_2,1.780000,0.001543,0.229095,90.017582,89.333968
up_2,1.790000,0.001544,0.230538,90.025800,90.030587
up_2,1.800000,0.001545,0.231981,90.026928,90.030587
up_2,1.810000,0.001545,0.233425,90.025969,90.085792
up_2,1.820000,0.001544,0.234869,90.024599,90.085792
up_2,1.830000,0.001543,0.236313,90.024933,89.817077
up_2,1.840000,0.001542,0.237757,90.027716,89.817077
up_2,1.850000,0.001540,0.239201,90.032119,89.577805
up_2,1.860000,0.001539,0.240644,90.038530,89.577805
up_2,1.870000,0.001536,0.242087,90.046894,89.014979
up_2,1.880000,0.001533,0.243529,90.061230,89.014979
up_2,1.890000,0.001533,0.244971,90.074253,90.683143
up_2,1.900000,0.001533,0.246413,90.079287,90.683143
up_2,1.910000,0.001532,0.247857,90.079408,89.694803
up_2,1.920000,0.001528,0.249300,90.083804,89.694803
up_2,1.930000,0.001527,0.250743,90.086553,90.420196
up_2,1.940000,0.001527,0.252187,90.081992,90.420196
up_2,1.950000,0.001526,0.253631,90.073658,90.916220
up_2,1.960000,0.001525,0.255073,90.060063,90.916220
up_2,1.970000,0.001522,0.256514,90.048053,90.196886
up_2,1.980000,0.001519,0.257957,90.043262,90.196886
up_2,1.990000,0.001519,0.259401,90.038287,90.994254
up_2,2.000000,0.001520,0.260844,90.025687,90.994254
up_2,2.010000,0.001519,0.262285,90.012049,90.794870
up_2,2.020000,0.001519,0.263727,89.999937,90.794870
up_2,2.030000,0.001518,0.265169,89.989768,89.986327
up_2,2.040000,0.001515,0.266612,89.987265,89.986327
up_2,2.050000,0.001514,0.268056,89.989287,89.315640
up_2,2.060000,0.001513,0.269499,89.998365,89.315640
up_2,2.070000,0.001514,0.270941,90.006848,89.906702
up_2,2.080000,0.001515,0.272385,90.009108,89.906702
up_2,2.090000,0.001516,0.273828,90.008714,90.268854
up_2,2.100000,0.001516,0.275272,90.004685,90.268854
up_2,2.110000,0.001515,0.276715,90.002465,89.776003
up_2,2.120000,0.001514,0.278159,90.005543,89.776003
up_2,2.130000,0.001514,0.279603,90.007760,89.937351
up_2,2.140000,0.001514,0.281047,90.008792,89.937351
up_2,2.150000,0.001513,0.282491,90.010918,89.789321
up_2,2.160000,0.001513,0.283935,90.014157,89.789321
up_2,2.170000,0.001511,0.285379,90.019145,89.503265
up_2,2.180000,0.001510,0.286822,90.026669,89.503265
up_2,2.190000,0.001511,0.288264,90.032335,89.893854
up_2,2.200000,0.001511,0.289708,90.034134,89.893854
up_2,2.210000,0.001511,0.291152,90.033893,90.334543
up_2,2.220000,0.001511,0.292595,90.028978,90.334543
up_2,2.230000,0.001509,0.294039,90.025762,88.954615
up_2,2.240000,0.001505,0.295482,90.030571,88.954615
up_2,2.250000,0.001504,0.296925,90.040308,90.533541
up_2,2.260000,0.001506,0.298368,90.042720,90.533541
up_2,2.270000,0.001505,0.299811,90.040227,89.087521
up_2,2.280000,0.001501,0.301255,90.045042,89.087521
up_2,2.290000,0.001499,0.302697,90.054776,90.107890
up_2,2.300000,0.001500,0.304140,90.057230,90.107890
up_2,2.310000,0.001498,0.305584,90.057534,89.731118
up_2,2.320000,0.001496,0.307027,90.061535,89.731118
up_2,2.330000,0.001495,0.308471,90.063748,90.123573
up_2,2.340000,0.001494,0.309915,90.061960,90.123573
up_2,2.350000,0.001493,0.311359,90.059704,90.157761
up_2,2.360000,0.001491,0.312803,90.057236,90.157761
up_2,2.370000,0.001489,0.314246,90.055984,89.999857
up_2,2.380000,0.001487,0.315690,90.055939,89.999857
up_2,2.390000,0.001487,0.317134,90.054057,90.744846
up_2,2.400000,0.001487,0.318578,90.044700,90.744846
up_2,2.410000,0.001485,0.320020,90.035305,89.668049
up_2,2.420000,0.001482,0.321463,90.033875,89.668049
up_2,2.430000,0.001479,0.322906,90.039284,89.580280
up_2,2.440000,0.001478,0.324350,90.045680,89.580280
up_2,2.450000,0.001478,0.325792,90.050171,90.396429
up_2,2.460000,0.001479,0.327236,90.046940,90.396429
up_2,2.470000,0.001477,0.328679,90.041620,90.314132
up_2,2.480000,0.001476,0.330123,90.036785,90.314132
up_2,2.490000,0.001474,0.331566,90.033872,89.546635
up_2,2.500000,0.001471,0.333010,90.038491,89.546635
up_2,2.510000,0.001471,0.334452,90.043459,90.796707
up_2,2.520000,0.001472,0.335896,90.040456,90.796707
up_2,2.530000,0.001471,0.337339,90.032469,90.334975
up_2,2.540000,0.001470,0.338782,90.027239,90.334975
up_2,2.550000,0.001468,0.340225,90.024012,89.913976
up_2,2.560000,0.001467,0.341669,90.025146,89.913976
up_2,2.570000,0.001465,0.343113,90.028139,89.647266
up_2,2.580000,0.001464,0.344557,90.033490,89.647266
up_2,2.590000,0.001464,0.346000,90.036970,90.089044
up_2,2.600000,0.001464,0.347444,90.035811,90.089044
up_2,2.610000,0.001463,0.348888,90.033890,90.145773
up_2,2.620000,0.001462,0.350332,90.031610,90.145773
up_2,2.630000,0.001460,0.351775,90.031242,89.604621
up_2,2.640000,0.001458,0.353219,90.036717,89.604621
up_2,2.650000,0.001457,0.354662,90.042805,89.598648
up_2,2.660000,0.001455,0.356105,90.048935,89.598648
up_2,2.670000,0.001454,0.357548,90.055190,89.584633
up_2,2.680000,0.001452,0.358992,90.061529,89.584633
up_2,2.690000,0.001452,0.360435,90.065951,90.614837
up_2,2.700000,0.001453,0.361878,90.062361,90.614837
up_2,2.710000,0.001451,0.363321,90.055025,90.303732
up_2,2.720000,0.001449,0.364764,90.050288,90.303732
up_2,2.730000,0.001447,0.366208,90.046434,90.206340
up_2,2.740000,0.001446,0.367651,90.043224,90.206340
up_2,2.750000,0.001443,0.369095,90.041938,89.475791
up_2,2.760000,0.001440,0.370539,90.048013,89.475791
up_2,2.770000,0.001440,0.371981,90.054057,90.384349
up_2,2.780000,0.001441,0.373425,90.052189,90.384349
up_2,2.790000,0.001439,0.374868,90.048304,89.304580
up_2,2.800000,0.001435,0.376312,90.052344,89.304580
up_2,2.810000,0.001433,0.377754,90.060613,90.338477
up_2,2.820000,0.001434,0.379197,90.061272,90.338477
up_2,2.830000,0.001432,0.380641,90.058257,89.832015
up_2,2.840000,0.001429,0.382084,90.060427,89.832015
up_2,2.850000,0.001429,0.383528,90.061107,90.944638
up_2,2.860000,0.001430,0.384972,90.053716,90.944638
up_2,2.870000,0.001429,0.386414,90.041792,89.455479
up_2,2.880000,0.001425,0.387856,90.037351,89.455479
up_2,2.890000,0.001423,0.389300,90.037818,90.746614
up_2,2.900000,0.001425,0.390743,90.030957,90.746614
up_2,2.910000,0.001424,0.392186,90.021631,89.889489
up_2,2.920000,0.001421,0.393629,90.020014,89.889489
up_2,2.930000,0.001421,0.395072,90.019758,90.586124
up_2,2.940000,0.001422,0.396516,90.012402,90.586124
up_2,2.950000,0.001421,0.397958,90.005405,89.764570
up_2,2.960000,0.001418,0.399402,90.006113,89.764570
up_2,2.970000,0.001419,0.400845,90.007779,90.297420
up_2,2.980000,0.001420,0.402289,90.003739,90.297420
up_2,2.990000,0.001420,0.403732,90.000211,90.169036
up_2,3.000000,0.001420,0.405176,89.997571,90.169036
up_2,3.010000,0.001418,0.406620,89.996858,89.263140
up_2,3.020000,0.001416,0.408064,90.004150,89.263140
up_2,3.030000,0.001416,0.409506,90.013356,90.529710
up_2,3.040000,0.001419,0.410949,90.014654,90.529710
up_2,3.050000,0.001419,0.412392,90.010888,90.118869
up_2,3.060000,0.001418,0.413836,90.008970,90.118869
up_2,3.070000,0.001418,0.415280,90.006540,90.182884
up_2,3.080000,0.001418,0.416724,90.003706,90.182884
up_2,3.090000,0.001417,0.418167,90.002698,89.859041
up_2,3.100000,0.001416,0.419611,90.004812,89.859041
up_2,3.110000,0.001417,0.421055,90.005098,90.450268
up_2,3.120000,0.001419,0.422498,89.999049,90.450268
up_2,3.130000,0.001419,0.423942,89.992725,90.389455
up_2,3.140000,0.001419,0.425385,89.986763,90.389455
up_2,3.150000,0.001418,0.426828,89.982723,89.499171
up_2,3.160000,0.001416,0.428271,89.986601,89.499171
up_2,3.170000,0.001417,0.429714,89.992250,90.375439
up_2,3.180000,0.001420,0.431158,89.990097,90.375439
up_2,3.190000,0.001420,0.432601,89.986247,90.054938
up_2,3.200000,0.001420,0.434045,89.985280,90.054938
up_2,3.210000,0.001421,0.435489,89.982554,90.560007
up_2,3.220000,0.001423,0.436932,89.974403,90.560007
up_2,3.230000,0.001423,0.438375,89.967794,90.120582
up_2,3.240000,0.001423,0.439818,89.965707,90.120582
up_2,3.250000,0.001424,0.441262,89.962806,90.249165
up_2,3.260000,0.001425,0.442706,89.958987,90.249165
up_2,3.270000,0.001425,0.444149,89.957072,89.088779
up_2,3.280000,0.001424,0.445593,89.963209,89.088779
up_2,3.290000,0.001424,0.447035,89.974252,90.175531
up_2,3.300000,0.001428,0.448478,89.977966,90.175531
up_2,3.310000,0.001428,0.449921,89.977568,89.402681
up_2,3.320000,0.001427,0.451365,89.984354,89.402681
up_2,3.330000,0.001428,0.452808,89.991507,90.075783
up_2,3.340000,0.001430,0.454251,89.991755,90.075783
up_2,3.350000,0.001429,0.455695,89.992481,89.628058
up_2,3.360000,0.001428,0.457138,89.997945,89.628058
up_2,3.370000,0.001428,0.458582,90.004692,89.496278
up_2,3.380000,0.001428,0.460025,90.012365,89.496278
up_2,3.390000,0.001428,0.461467,90.018131,90.567327
up_2,3.400000,0.001431,0.462911,90.015904,90.567327
up_2,3.410000,0.001430,0.464354,90.009539,90.009528
up_2,3.420000,0.001429,0.465797,90.008735,90.009528
up_2,3.430000,0.001427,0.467241,90.010442,89.586192
up_2,3.440000,0.001426,0.468685,90.016583,89.586192
up_2,3.450000,0.001426,0.470128,90.022651,89.614176
up_2,3.460000,0.001425,0.471571,90.028552,89.614176
up_2,3.470000,0.001423,0.473014,90.035993,89.390756
up_2,3.480000,0.001422,0.474457,90.045237,89.390756
up_2,3.490000,0.001422,0.475899,90.052590,90.357929
up_2,3.500000,0.001423,0.477343,90.051961,90.357929
up_2,3.510000,0.001421,0.478786,90.048530,89.144414
up_2,3.520000,0.001417,0.480230,90.052977,89.144414
up_2,3.530000,0.001415,0.481672,90.062356,90.545633
up_2,3.540000,0.001416,0.483115,90.064409,90.545633
up_2,3.550000,0.001417,0.484559,90.057751,90.782558
up_2,3.560000,0.001416,0.486001,90.046019,90.782558
up_2,3.570000,0.001414,0.487443,90.036030,90.196241
up_2,3.580000,0.001411,0.488886,90.032235,90.196241
up_2,3.590000,0.001411,0.490330,90.027548,90.451863
up_2,3.600000,0.001411,0.491773,90.020682,90.451863
up_2,3.610000,0.001409,0.493216,90.015692,89.025267
up_2,3.620000,0.001406,0.494659,90.018704,89.025267
up_2,3.630000,0.001404,0.496103,90.029133,89.244545
up_2,3.640000,0.001403,0.497545,90.040606,89.244545
up_2,3.650000,0.001403,0.498987,90.050170,90.746517
up_2,3.660000,0.001404,0.500430,90.051743,90.746517
up_2,3.670000,0.001403,0.501873,90.048007,90.171785
up_2,3.680000,0.001402,0.503317,90.045307,90.171785
up_2,3.690000,0.001399,0.504760,90.044362,89.892443
up_2,3.700000,0.001398,0.506205,90.045983,89.892443
up_2,3.710000,0.001396,0.507649,90.048021,89.852876
up_2,3.720000,0.001395,0.509092,90.050306,89.852876
up_2,3.730000,0.001395,0.510536,90.050678,90.262932
up_2,3.740000,0.001394,0.511980,90.046788,90.262932
up_2,3.750000,0.001392,0.513423,90.044650,89.584540
up_2,3.760000,0.001388,0.514867,90.049532,89.584540
up_2,3.770000,0.001388,0.516310,90.053940,90.235450
up_2,3.780000,0.001388,0.517753,90.051555,90.235450
up_2,3.790000,0.001386,0.519197,90.049843,89.286353
up_2,3.800000,0.001382,0.520641,90.056150,89.286353
up_2,3.810000,0.001381,0.522083,90.064959,90.428572
up_2,3.820000,0.001381,0.523526,90.065895,90.428572
up_2,3.830000,0.001380,0.524969,90.061871,90.104779
up_2,3.840000,0.001378,0.526413,90.060136,90.104779
up_2,3.850000,0.001377,0.527857,90.056659,90.455654
up_2,3.860000,0.001376,0.529300,90.049782,90.455654
up_2,3.870000,0.001376,0.530743,90.041867,90.569669
up_2,3.880000,0.001374,0.532186,90.033185,90.569669
up_2,3.890000,0.001373,0.533629,90.024867,90.528592
up_2,3.900000,0.001373,0.535072,90.016797,90.528592
up_2,3.910000,0.001371,0.536514,90.010649,89.913625
up_2,3.920000,0.001369,0.537958,90.010990,89.913625
up_2,3.930000,0.001370,0.539402,90.010453,90.293913
up_2,3.940000,0.001370,0.540845,90.006063,90.293913
up_2,3.950000,0.001369,0.542289,90.003464,89.212111
up_2,3.960000,0.001366,0.543732,90.008903,89.212111
up_2,3.970000,0.001366,0.545175,90.018574,89.751849
up_2,3.980000,0.001367,0.546618,90.022903,89.751849
up_2,3.990000,0.001367,0.548061,90.024813,90.691823
up_2,4.000000,0.001369,0.549505,90.018693,90.691823
up_2,4.010000,0.001368,0.550947,90.010167,90.319035
up_2,4.020000,0.001367,0.552391,90.005162,90.319035
up_2,4.030000,0.001366,0.553834,90.002180,89.311325
up_2,4.040000,0.001363,0.555277,90.007232,89.311325
up_2,4.050000,0.001363,0.556720,90.015911,89.550741
up_2,4.060000,0.001363,0.558163,90.022803,89.550741
up_2,4.070000,0.001363,0.559606,90.027745,90.812631
up_2,4.080000,0.001365,0.561049,90.024685,90.812631
up_2,4.090000,0.001365,0.562492,90.016539,90.397472
up_2,4.100000,0.001364,0.563935,90.010405,90.397472
up_2,4.110000,0.001363,0.565378,90.006238,89.723701
up_2,4.120000,0.001361,0.566822,90.009053,89.723701
up_2,4.130000,0.001360,0.568266,90.013771,89.669677
up_2,4.140000,0.001360,0.569709,90.018830,89.669677
up_2,4.150000,0.001359,0.571152,90.024021,89.655414
up_2,4.160000,0.001358,0.572596,90.029296,89.655414
up_2,4.170000,0.001357,0.574039,90.035599,89.528249
up_2,4.180000,0.001356,0.575482,90.042783,89.528249
up_2,4.190000,0.001356,0.576925,90.048061,90.615459
up_2,4.200000,0.001357,0.578368,90.045339,90.615459
up_2,4.210000,0.001356,0.579812,90.037707,90.435740
up_2,4.220000,0.001355,0.581255,90.031026,90.435740
up_2,4.230000,0.001353,0.582697,90.026277,89.668974
up_2,4.240000,0.001350,0.584141,90.029047,89.668974
up_2,4.250000,0.001350,0.585584,90.032169,90.266707
up_2,4.260000,0.001351,0.587028,90.028945,90.266707
up_2,4.270000,0.001349,0.588471,90.026761,89.580280
up_2,4.280000,0.001346,0.589915,90.031649,89.580280
up_2,4.290000,0.001346,0.591358,90.036124,90.220144
up_2,4.300000,0.001347,0.592801,90.033888,90.220144
up_2,4.310000,0.001345,0.594245,90.032410,89.389430
up_2,4.320000,0.001342,0.595689,90.038722,89.389430
up_2,4.330000,0.001342,0.597131,90.046047,90.171865
up_2,4.340000,0.001343,0.598574,90.045849,90.171865
up_2,4.350000,0.001342,0.600018,90.043046,90.189579
up_2,4.360000,0.001340,0.601462,90.040101,90.189579
up_2,4.370000,0.001340,0.602906,90.036634,90.247776
up_2,4.380000,0.001339,0.604349,90.032812,90.247776
up_2,4.390000,0.001337,0.605793,90.030903,89.258031
up_2,4.400000,0.001333,0.607237,90.037045,89.258031
up_2,4.410000,0.001332,0.608679,90.046238,89.920748
up_2,4.420000,0.001333,0.610122,90.048758,89.920748
up_2,4.430000,0.001330,0.611566,90.051870,89.191898
up_2,4.440000,0.001327,0.613009,90.062321,89.191898
up_2,4.450000,0.001326,0.614451,90.072653,90.037952
up_2,4.460000,0.001326,0.615894,90.075220,90.037952
up_2,4.470000,0.001324,0.617338,90.075059,89.995578
up_2,4.480000,0.001322,0.618782,90.075103,89.995578
up_2,4.490000,0.001321,0.620226,90.073284,90.601433
up_2,4.500000,0.001321,0.621669,90.064994,90.601433
up_2,4.510000,0.001320,0.623112,90.055108,90.685401
up_2,4.520000,0.001318,0.624554,90.044672,90.685401
up_2,4.530000,0.001316,0.625997,90.036148,90.076515
up_2,4.540000,0.001313,0.627440,90.034025,90.076515
up_2,4.550000,0.001313,0.628884,90.030941,90.714191
up_2,4.560000,0.001314,0.630327,90.021144,90.714191
up_2,4.570000,0.001313,0.631769,90.012203,89.953452
up_2,4.580000,0.001310,0.633212,90.010705,89.953452
up_2,4.590000,0.001308,0.634656,90.013248,89.452824
up_2,4.600000,0.001307,0.636100,90.021217,89.452824
up_2,4.610000,0.001307,0.637542,90.027633,89.867528
up_2,4.620000,0.001307,0.638986,90.029862,89.867528
up_2,4.630000,0.001307,0.640429,90.030264,90.125593
up_2,4.640000,0.001307,0.641873,90.028337,90.125593
up_2,4.650000,0.001305,0.643317,90.028276,89.020656
up_2,4.660000,0.001301,0.644761,90.036299,89.020656
up_2,4.670000,0.001300,0.646203,90.048879,89.330505
up_2,4.680000,0.001299,0.647645,90.059118,89.330505
up_2,4.690000,0.001298,0.649087,90.067382,90.189780
up_2,4.700000,0.001299,0.650531,90.067804,90.189780
up_2,4.710000,0.001296,0.651974,90.066680,89.898568
up_2,4.720000,0.001294,0.653418,90.068195,89.898568
up_2,4.730000,0.001291,0.654862,90.071626,89.489375
up_2,4.740000,0.001288,0.656306,90.079248,89.489375
up_2,4.750000,0.001287,0.657748,90.085103,90.340191
up_2,4.760000,0.001287,0.659192,90.083137,90.340191
up_2,4.770000,0.001286,0.660635,90.076048,90.768895
up_2,4.780000,0.001285,0.662078,90.064517,90.768895
up_2,4.790000,0.001283,0.663520,90.053567,90.680458
up_2,4.800000,0.001282,0.664962,90.043192,90.680458
up_2,4.810000,0.001279,0.666404,90.034744,89.743938
up_2,4.820000,0.001276,0.667847,90.034256,89.743938
up_2,4.830000,0.001275,0.669291,90.036342,90.022325
up_2,4.840000,0.001274,0.670735,90.036050,90.022325
up_2,4.850000,0.001273,0.672179,90.037145,89.814749
up_2,4.860000,0.001271,0.673623,90.039982,89.814749
up_2,4.870000,0.001270,0.675067,90.044040,89.657207
up_2,4.880000,0.001268,0.676510,90.049269,89.657207
up_2,4.890000,0.001266,0.677954,90.055276,89.567467
up_2,4.900000,0.001265,0.679397,90.061868,89.567467
up_2,4.910000,0.001264,0.680840,90.066549,90.593498
up_2,4.920000,0.001265,0.682283,90.063223,90.593498
up_2,4.930000,0.001263,0.683726,90.056316,89.733040
up_2,4.940000,0.001259,0.685169,90.057029,89.733040
up_2,4.950000,0.001257,0.686613,90.060108,89.848295
up_2,4.960000,0.001256,0.688057,90.062471,89.848295
up_2,4.970000,0.001255,0.689500,90.063009,90.164003
up_2,4.980000,0.001254,0.690944,90.060523,90.164003
up_2,4.990000,0.001251,0.692388,90.059875,89.694430
up_2,5.000000,0.001248,0.693832,90.064261,89.694430
up_2,5.010000,0.001247,0.695275,90.067024,90.089667
up_2,5.020000,0.001246,0.696719,90.065764,90.089667
up_2,5.030000,0.001246,0.698163,90.062484,91.290711
up_2,5.040000,0.001247,0.699606,90.051136,91.290711
up_2,5.050000,0.001246,0.701048,90.034965,90.036358
up_2,5.060000,0.001242,0.702489,90.026133,90.036358
up_2,5.070000,0.001239,0.703932,90.025937,89.436878
up_2,5.080000,0.001236,0.705376,90.033274,89.436878
up_2,5.090000,0.001236,0.706818,90.039919,90.577079
up_2,5.100000,0.001238,0.708262,90.038589,90.577079
up_2,5.110000,0.001237,0.709705,90.032374,89.788766
up_2,5.120000,0.001234,0.711148,90.033100,89.788766
up_2,5.130000,0.001234,0.712592,90.034443,90.144597
up_2,5.140000,0.001233,0.714036,90.032294,90.144597
up_2,5.150000,0.001234,0.715480,90.028178,90.530144
up_2,5.160000,0.001234,0.716923,90.020211,90.530144
up_2,5.170000,0.001234,0.718365,90.010912,90.687252
up_2,5.180000,0.001234,0.719808,90.000466,90.687252
up_2,5.190000,0.001233,0.721250,89.991924,89.617235
up_2,5.200000,0.001230,0.722693,89.991372,89.617235
up_2,5.210000,0.001230,0.724137,89.995533,89.790902
up_2,5.220000,0.001230,0.725580,89.998781,89.790902
up_2,5.230000,0.001231,0.727024,90.000100,90.429370
up_2,5.240000,0.001233,0.728467,89.994684,90.429370
up_2,5.250000,0.001232,0.729910,89.990053,89.368923
up_2,5.260000,0.001230,0.731354,89.993414,89.368923
up_2,5.270000,0.001230,0.732797,90.000780,90.755626
up_2,5.280000,0.001232,0.734240,90.000481,90.755626
up_2,5.290000,0.001233,0.735683,89.995258,90.084567
up_2,5.300000,0.001232,0.737127,89.993733,90.084567
up_2,5.310000,0.001232,0.738571,89.992804,90.038157
up_2,5.320000,0.001232,0.740015,89.992184,90.038157
up_2,5.330000,0.001234,0.741459,89.989721,90.763880
up_2,5.340000,0.001236,0.742902,89.979909,90.763880
up_2,5.350000,0.001237,0.744344,89.968494,90.744408
up_2,5.360000,0.001238,0.745787,89.957176,90.744408
up_2,5.370000,0.001238,0.747229,89.947778,89.159613
up_2,5.380000,0.001237,0.748672,89.946372,89.159613
up_2,5.390000,0.001238,0.750115,89.949879,90.103133
up_2,5.400000,0.001240,0.751559,89.948698,90.103133
up_2,5.410000,0.001242,0.753003,89.947522,90.054618
up_2,5.420000,0.001243,0.754447,89.946651,90.054618
up_2,5.430000,0.001244,0.755891,89.947564,89.755850
up_2,5.440000,0.001245,0.757335,89.951275,89.755850
up_2,5.450000,0.001245,0.758778,89.956957,89.268421
up_2,5.460000,0.001245,0.760221,89.967781,89.268421
up_2,5.470000,0.001247,0.761663,89.976995,90.036522
up_2,5.480000,0.001250,0.763106,89.978726,90.036522
up_2,5.490000,0.001250,0.764550,89.979100,89.929001
up_2,5.500000,0.001251,0.765994,89.980234,89.929001
up_2,5.510000,0.001252,0.767438,89.979470,90.746137
up_2,5.520000,0.001255,0.768882,89.970905,90.746137
up_2,5.530000,0.001255,0.770324,89.961523,89.909417
up_2,5.540000,0.001254,0.771767,89.959857,89.909417
up_2,5.550000,0.001254,0.773211,89.963028,89.562154
up_2,5.560000,0.001254,0.774654,89.969634,89.562154
up_2,5.570000,0.001255,0.776097,89.975818,89.618609
up_2,5.580000,0.001256,0.777540,89.981664,89.618609
up_2,5.590000,0.001258,0.778983,89.985589,90.089028
up_2,5.600000,0.001259,0.780427,89.984514,90.089028
up_2,5.610000,0.001261,0.781871,89.981265,90.681379
up_2,5.620000,0.001263,0.783314,89.971688,90.681379
up_2,5.630000,0.001263,0.784757,89.963249,90.207415
up_2,5.640000,0.001263,0.786200,89.959774,90.207415
up_2,5.650000,0.001263,0.787644,89.957262,90.126879
up_2,5.660000,0.001265,0.789088,89.955273,90.126879
up_2,5.670000,0.001265,0.790531,89.955173,89.768468
up_2,5.680000,0.001265,0.791975,89.958647,89.768468
up_2,5.690000,0.001266,0.793419,89.962757,89.709198
up_2,5.700000,0.001267,0.794862,89.967229,89.709198
up_2,5.710000,0.001269,0.796306,89.970028,89.971432
up_2,5.720000,0.001270,0.797750,89.970562,89.971432
up_2,5.730000,0.001270,0.799194,89.972544,89.747061
up_2,5.740000,0.001271,0.800637,89.976414,89.747061
up_2,5.750000,0.001270,0.802081,89.981834,89.527176
up_2,5.760000,0.001271,0.803524,89.989027,89.527176
up_2,5.770000,0.001272,0.804967,89.994331,90.289827
up_2,5.780000,0.001275,0.806410,89.992138,90.289827
up_2,5.790000,0.001274,0.807854,89.989633,89.809287
up_2,5.800000,0.001273,0.809297,89.992247,89.809287
up_2,5.810000,0.001272,0.810741,89.996934,89.518847
up_2,5.820000,0.001272,0.812184,90.004225,89.518847
up_2,5.830000,0.001273,0.813627,90.009651,90.968248
up_2,5.840000,0.001275,0.815071,90.007082,90.968248
up_2,5.850000,0.001275,0.816514,89.999561,89.594350
up_2,5.860000,0.001273,0.817957,89.999355,89.594350
up_2,5.870000,0.001273,0.819400,90.003252,90.613253
up_2,5.880000,0.001275,0.820844,89.999522,90.613253
up_2,5.890000,0.001275,0.822286,89.992316,89.942065
up_2,5.900000,0.001274,0.823730,89.991815,89.942065
up_2,5.910000,0.001275,0.825174,89.990818,90.802345
up_2,5.920000,0.001278,0.826617,89.981907,90.802345
up_2,5.930000,0.001278,0.828059,89.971689,89.769574
up_2,5.940000,0.001276,0.829502,89.969404,89.769574
up_2,5.950000,0.001274,0.830946,89.974433,89.473208
up_2,5.960000,0.001275,0.832389,89.982411,89.473208
up_2,5.970000,0.001276,0.833831,89.988531,90.348934
up_2,5.980000,0.001279,0.835275,89.986774,90.348934
up_2,5.990000,0.001281,0.836718,89.980489,90.473543
up_2,6.000000,0.001281,0.838161,89.973276,90.473543
up_2,6.010000,0.001283,0.839604,89.964133,91.337997
up_2,6.020000,0.001287,0.841047,89.947140,91.337997
up_2,6.030000,0.001288,0.842487,89.928833,90.602050
up_2,6.040000,0.001288,0.843929,89.917797,90.602050
up_2,6.050000,0.001289,0.845371,89.910534,89.357797
up_2,6.060000,0.001289,0.846814,89.911285,89.357797
up_2,6.070000,0.001291,0.848257,89.916973,90.230399
up_2,6.080000,0.001295,0.849701,89.915817,90.230399
up_2,6.090000,0.001297,0.851144,89.914229,89.456350
up_2,6.100000,0.001297,0.852588,89.920186,89.456350
up_2,6.110000,0.001299,0.854031,89.927006,89.660391
up_2,6.120000,0.001302,0.855474,89.932252,89.660391
up_2,6.130000,0.001304,0.856917,89.936887,89.726571
up_2,6.140000,0.001306,0.858361,89.941110,89.726571
up_2,6.150000,0.001308,0.859804,89.943412,90.508353
up_2,6.160000,0.001312,0.861248,89.938111,90.508353
up_2,6.170000,0.001313,0.862690,89.932320,90.016421
up_2,6.180000,0.001314,0.864134,89.931696,90.016421
up_2,6.190000,0.001315,0.865578,89.933278,89.673106
up_2,6.200000,0.001316,0.867022,89.938216,89.673106
up_2,6.210000,0.001319,0.868465,89.941449,89.977994
up_2,6.220000,0.001321,0.869909,89.941910,89.977994
up_2,6.230000,0.001321,0.871353,89.944139,89.523047
up_2,6.240000,0.001322,0.872796,89.951196,89.523047
up_2,6.250000,0.001324,0.874239,89.956567,90.340024
up_2,6.260000,0.001328,0.875682,89.954222,90.340024
up_2,6.270000,0.001328,0.877126,89.950981,89.587481
up_2,6.280000,0.001327,0.878569,89.955157,89.587481
up_2,6.290000,0.001330,0.880012,89.959527,90.137534
up_2,6.300000,0.001332,0.881456,89.958023,90.137534
up_2,6.310000,0.001332,0.882900,89.957802,89.493152
up_2,6.320000,0.001332,0.884343,89.964365,89.493152
up_2,6.330000,0.001333,0.885786,89.971435,89.568838
up_2,6.340000,0.001334,0.887229,89.978035,89.568838
up_2,6.350000,0.001335,0.888672,89.982713,90.810004
up_2,6.360000,0.001339,0.890116,89.979385,90.810004
up_2,6.370000,0.001340,0.891559,89.971110,89.475195
up_2,6.380000,0.001338,0.893001,89.970155,89.475195
up_2,6.390000,0.001337,0.894445,89.975720,89.602331
up_2,6.400000,0.001338,0.895888,89.981801,89.602331
up_2,6.410000,0.001339,0.897331,89.985972,90.220279
up_2,6.420000,0.001342,0.898775,89.983591,90.220279
up_2,6.430000,0.001341,0.900218,89.982074,89.873240
up_2,6.440000,0.001341,0.901662,89.983955,89.873240
up_2,6.450000,0.001343,0.903106,89.984031,90.546844
up_2,6.460000,0.001345,0.904550,89.977095,90.546844
up_2,6.470000,0.001345,0.905992,89.970695,89.785265
up_2,6.480000,0.001343,0.907436,89.971764,89.785265
up_2,6.490000,0.001344,0.908879,89.974222,89.884494
up_2,6.500000,0.001345,0.910323,89.976055,89.884494
up_2,6.510000,0.001344,0.911767,89.979729,89.199315
up_2,6.520000,0.001343,0.913211,89.990476,89.199315
up_2,6.530000,0.001344,0.914652,90.000754,89.555412
up_2,6.540000,0.001345,0.916095,90.007640,89.555412
up_2,6.550000,0.001345,0.917538,90.012557,89.906935
up_2,6.560000,0.001346,0.918982,90.014126,89.906935
up_2,6.570000,0.001346,0.920426,90.013691,90.605659
up_2,6.580000,0.001348,0.921869,90.006057,90.605659
up_2,6.590000,0.001347,0.923312,89.998766,89.509605
up_2,6.600000,0.001344,0.924755,89.999444,89.509605
up_2,6.610000,0.001344,0.926198,90.004535,90.556634
up_2,6.620000,0.001347,0.927642,90.002101,90.556634
up_2,6.630000,0.001348,0.929085,89.994450,90.496251
up_2,6.640000,0.001348,0.930528,89.986878,90.496251
up_2,6.650000,0.001348,0.931971,89.980064,90.407309
up_2,6.660000,0.001348,0.933414,89.973832,90.407309
up_2,6.670000,0.001348,0.934857,89.969525,89.614877
up_2,6.680000,0.001346,0.936300,89.972851,89.614877
up_2,6.690000,0.001346,0.937744,89.980237,89.394880
up_2,6.700000,0.001346,0.939186,89.989430,89.394880
up_2,6.710000,0.001348,0.940629,89.996733,90.746725
up_2,6.720000,0.001350,0.942072,89.996047,90.746725
up_2,6.730000,0.001351,0.943515,89.990383,90.192488
up_2,6.740000,0.001351,0.944959,89.987323,90.192488
up_2,6.750000,0.001350,0.946402,89.986185,89.861630
up_2,6.760000,0.001350,0.947846,89.988257,89.861630
up_2,6.770000,0.001352,0.949290,89.988508,91.109950
up_2,6.780000,0.001355,0.950734,89.980678,91.109950
up_2,6.790000,0.001356,0.952176,89.967970,89.120211
up_2,6.800000,0.001354,0.953618,89.962595,89.120211
up_2,6.810000,0.001352,0.955062,89.965874,89.126703
up_2,6.820000,0.001351,0.956505,89.977268,89.126703
up_2,6.830000,0.001352,0.957946,89.988602,89.658706
up_2,6.840000,0.001354,0.959389,89.994313,89.658706
up_2,6.850000,0.001355,0.960832,89.997636,90.998406
up_2,6.860000,0.001358,0.962276,89.992925,90.998406
up_2,6.870000,0.001359,0.963718,89.983285,90.176936
up_2,6.880000,0.001358,0.965161,89.979550,90.176936
up_2,6.890000,0.001357,0.966605,89.978165,89.990558
up_2,6.900000,0.001358,0.968049,89.978283,89.990558
up_2,6.910000,0.001359,0.969493,89.977012,90.192131
up_2,6.920000,0.001360,0.970937,89.974067,90.192131
up_2,6.930000,0.001362,0.972381,89.969208,90.601985
up_2,6.940000,0.001364,0.973824,89.960193,90.601985
up_2,6.950000,0.001364,0.975266,89.952950,89.272323
up_2,6.960000,0.001362,0.976709,89.953693,89.272323
up_2,6.970000,0.001361,0.978153,89.962539,89.292907
up_2,6.980000,0.001362,0.979595,89.973281,89.292907
up_2,6.990000,0.001364,0.981037,89.982128,90.283385
up_2,7.000000,0.001367,0.982480,89.982985,90.283385
up_2,7.010000,0.001368,0.983924,89.980596,89.987709
up_2,7.020000,0.001368,0.985368,89.980713,89.987709
up_2,7.030000,0.001367,0.986812,89.982776,88.796964
up_2,7.040000,0.001365,0.988255,89.992931,88.796964
up_2,7.050000,0.001365,0.989697,90.007923,89.699226
up_2,7.060000,0.001367,0.991139,90.015745,89.699226
up_2,7.070000,0.001368,0.992582,90.018504,90.150568
up_2,7.080000,0.001368,0.994026,90.016416,90.150568
up_2,7.090000,0.001369,0.995470,90.012631,90.359051
up_2,7.100000,0.001369,0.996913,90.007156,90.359051
up_2,7.110000,0.001369,0.998356,90.000377,90.527252
up_2,7.120000,0.001369,0.999799,89.992353,90.527252
up_2,7.130000,0.001368,1.001242,89.986230,89.809181
up_2,7.140000,0.001367,1.002685,89.987358,89.809181
up_2,7.150000,0.001366,1.004129,89.992130,89.466691
up_2,7.160000,0.001365,1.005572,90.000180,89.466691
up_2,7.170000,0.001366,1.007015,90.006552,89.755064
up_2,7.180000,0.001366,1.008458,90.010379,89.755064
up_2,7.190000,0.001365,1.009902,90.016061,89.113845
up_2,7.200000,0.001363,1.011345,90.028430,89.113845
up_2,7.210000,0.001363,1.012787,90.039960,89.556338
up_2,7.220000,0.001362,1.014229,90.046930,89.556338
up_2,7.230000,0.001362,1.015672,90.051786,90.354943
up_2,7.240000,0.001363,1.017116,90.048979,90.354943
up_2,7.250000,0.001361,1.018559,90.045488,89.938223
up_2,7.260000,0.001359,1.020003,90.046241,89.938223
up_2,7.270000,0.001359,1.021447,90.045337,90.306298
up_2,7.280000,0.001358,1.022890,90.040738,90.306298
up_2,7.290000,0.001357,1.024334,90.035502,90.364781
up_2,7.300000,0.001356,1.025777,90.029913,90.364781
up_2,7.310000,0.001354,1.027220,90.026237,89.612176
up_2,7.320000,0.001351,1.028664,90.030019,89.612176
up_2,7.330000,0.001351,1.030107,90.035446,89.664419
up_2,7.340000,0.001350,1.031550,90.040587,89.664419
up_2,7.350000,0.001347,1.032994,90.047472,89.380634
up_2,7.360000,0.001346,1.034437,90.056846,89.380634
up_2,7.370000,0.001345,1.035879,90.064350,90.648047
up_2,7.380000,0.001346,1.037322,90.063866,90.648047
up_2,7.390000,0.001345,1.038766,90.058221,90.260480
up_2,7.400000,0.001343,1.040209,90.054163,90.260480
up_2,7.410000,0.001340,1.041652,90.052057,88.705251
up_2,7.420000,0.001336,1.043096,90.057998,88.705251
up_2,7.430000,0.001334,1.044538,90.068850,89.822748
up_2,7.440000,0.001334,1.045981,90.073213,89.822748
up_2,7.450000,0.001333,1.047425,90.074057,90.672158
up_2,7.460000,0.001334,1.048868,90.067000,90.672158
up_2,7.470000,0.001331,1.050311,90.058728,89.967839
up_2,7.480000,0.001327,1.051754,90.057536,89.967839
up_2,7.490000,0.001326,1.053198,90.057799,89.990369
up_2,7.500000,0.001324,1.054642,90.057940,89.990369
up_2,7.510000,0.001324,1.056086,90.056334,90.284099
up_2,7.520000,0.001322,1.057530,90.052015,90.284099
up_2,7.530000,0.001320,1.058973,90.049554,89.352013
up_2,7.540000,0.001316,1.060417,90.055099,89.352013
up_2,7.550000,0.001314,1.061859,90.063867,89.471367
up_2,7.560000,0.001312,1.063302,90.071926,89.471367
up_2,7.570000,0.001311,1.064745,90.078057,90.386130
up_2,7.580000,0.001312,1.066188,90.076240,90.386130
up_2,7.590000,0.001309,1.067631,90.072257,90.053829
up_2,7.600000,0.001307,1.069075,90.071280,90.053829
up_2,7.610000,0.001306,1.070519,90.068548,90.601151
up_2,7.620000,0.001305,1.071963,90.059935,90.601151
up_2,7.630000,0.001303,1.073405,90.052689,89.876373
up_2,7.640000,0.001299,1.074848,90.052710,89.876373
up_2,7.650000,0.001298,1.076292,90.053638,89.993815
up_2,7.660000,0.001296,1.077736,90.053741,89.993815
up_2,7.670000,0.001294,1.079180,90.055477,89.731018
up_2,7.680000,0.001292,1.080624,90.059558,89.731018
up_2,7.690000,0.001292,1.082067,90.061767,90.441767
up_2,7.700000,0.001292,1.083511,90.056746,90.441767
up_2,7.710000,0.001290,1.084954,90.051286,90.273438
up_2,7.720000,0.001288,1.086398,90.047052,90.273438
up_2,7.730000,0.001286,1.087841,90.044752,89.819462
up_2,7.740000,0.001284,1.089285,90.047283,89.819462
up_2,7.750000,0.001283,1.090728,90.048157,90.864531
up_2,7.760000,0.001285,1.092172,90.040961,90.864531
up_2,7.770000,0.001284,1.093614,90.030008,89.368175
up_2,7.780000,0.001280,1.095057,90.026775,89.368175
up_2,7.790000,0.001278,1.096500,90.030817,89.666738
up_2,7.800000,0.001277,1.097944,90.035909,89.666738
up_2,7.810000,0.001277,1.099387,90.039095,90.294035
up_2,7.820000,0.001277,1.100831,90.035641,90.294035
up_2,7.830000,0.001278,1.102274,90.029225,90.677997
up_2,7.840000,0.001278,1.103717,90.019019,90.677997
up_2,7.850000,0.001276,1.105159,90.010615,89.270214
up_2,7.860000,0.001273,1.106602,90.010198,89.270214
up_2,7.870000,0.001272,1.108045,90.014720,89.910743
up_2,7.880000,0.001272,1.109489,90.016247,89.910743
up_2,7.890000,0.001273,1.110933,90.015754,90.568104
up_2,7.900000,0.001275,1.112377,90.008358,90.568104
up_2,7.910000,0.001276,1.113820,89.997865,90.899099
up_2,7.920000,0.001276,1.115262,89.984278,90.899099
up_2,7.930000,0.001276,1.116703,89.972539,90.320298
up_2,7.940000,0.001275,1.118146,89.966930,90.320298
up_2,7.950000,0.001275,1.119589,89.963930,89.725287
up_2,7.960000,0.001274,1.121033,89.967294,89.725287
up_2,7.970000,0.001276,1.122476,89.970222,89.896116
up_2,7.980000,0.001277,1.123920,89.971890,89.896116
up_2,7.990000,0.001278,1.125364,89.973029,89.952543
up_2,8.000000,0.001278,1.126808,89.973811,89.952543
down_2,0.000000,0.000000,0.000000,-88.550787,-89.021413
down_2,0.010000,0.000000,-0.000022,-88.576606,-89.021413
down_2,0.020000,0.000002,-0.000077,-88.594495,-89.021413
down_2,0.030000,0.000004,-0.000172,-88.611982,-88.681436
down_2,0.040000,0.000007,-0.000310,-88.632430,-88.681436
down_2,0.050000,0.000011,-0.000489,-88.654833,-88.443067
down_2,0.060000,0.000016,-0.000711,-88.679026,-88.443067
down_2,0.070000,0.000021,-0.000973,-88.700929,-89.150511
down_2,0.080000,0.000028,-0.001273,-88.715447,-89.150511
down_2,0.090000,0.000034,-0.001614,-88.731110,-88.656362
down_2,0.100000,0.000042,-0.001999,-88.752031,-88.656362
down_2,0.110000,0.000050,-0.002424,-88.770856,-89.166504
down_2,0.120000,0.000059,-0.002889,-88.784256,-89.166504
down_2,0.130000,0.000069,-0.003394,-88.799206,-88.955959
down_2,0.140000,0.000079,-0.003942,-88.815757,-88.955959
down_2,0.150000,0.000089,-0.004532,-88.834519,-88.343122
down_2,0.160000,0.000100,-0.005165,-88.859935,-88.343122
down_2,0.170000,0.000113,-0.005839,-88.883915,-88.868167
down_2,0.180000,0.000125,-0.006552,-88.902246,-88.868167
down_2,0.190000,0.000139,-0.007306,-88.918886,-89.031067
down_2,0.200000,0.000152,-0.008101,-88.934332,-89.031067
down_2,0.210000,0.000167,-0.008938,-88.947530,-89.834936
down_2,0.220000,0.000183,-0.009814,-88.952369,-89.834936
down_2,0.230000,0.000197,-0.010731,-88.957061,-87.966569
down_2,0.240000,0.000210,-0.011691,-88.970370,-87.966569
down_2,0.250000,0.000226,-0.012693,-88.988611,-89.040657
down_2,0.260000,0.000243,-0.013736,-89.003873,-89.040657
down_2,0.270000,0.000259,-0.014821,-89.021210,-88.660920
down_2,0.280000,0.000276,-0.015948,-89.042489,-88.660920
down_2,0.290000,0.000293,-0.017116,-89.063143,-88.732292
down_2,0.300000,0.000311,-0.018326,-89.083323,-88.732292
down_2,0.310000,0.000329,-0.019577,-89.102141,-88.893317
down_2,0.320000,0.000347,-0.020869,-89.119701,-88.893317
down_2,0.330000,0.000367,-0.022202,-89.135166,-89.616895
down_2,0.340000,0.000387,-0.023576,-89.142819,-89.616895
down_2,0.350000,0.000405,-0.024990,-89.150751,-88.510173
down_2,0.360000,0.000421,-0.026446,-89.167156,-88.510173
down_2,0.370000,0.000441,-0.027946,-89.188301,-89.622538
down_2,0.380000,0.000463,-0.029486,-89.201443,-89.622538
down_2,0.390000,0.000482,-0.031043,-89.210052,-88.463686
down_2,0.400000,0.000498,-0.032600,-89.226690,-88.463686
down_2,0.410000,0.000517,-0.034159,-89.248592,-89.586887
down_2,0.420000,0.000538,-0.035719,-89.262699,-89.586887
down_2,0.430000,0.000556,-0.037276,-89.271943,-88.650415
down_2,0.440000,0.000571,-0.038833,-89.289142,-88.650415
down_2,0.450000,0.000588,-0.040392,-89.308870,-89.416845
down_2,0.460000,0.000607,-0.041951,-89.320705,-89.416845
down_2,0.470000,0.000623,-0.043508,-89.332147,-89.057517
down_2,0.480000,0.000638,-0.045066,-89.347299,-89.057517
down_2,0.490000,0.000654,-0.046624,-89.362454,-89.069260
down_2,0.500000,0.000670,-0.048183,-89.377536,-89.069260
down_2,0.510000,0.000685,-0.049741,-89.391794,-89.161338
down_2,0.520000,0.000700,-0.051299,-89.405394,-89.161338
down_2,0.530000,0.000713,-0.052856,-89.421004,-88.711873
down_2,0.540000,0.000726,-0.054415,-89.441655,-88.711873
down_2,0.550000,0.000740,-0.055975,-89.460543,-89.858587
down_2,0.560000,0.000756,-0.057534,-89.470876,-89.858587
down_2,0.570000,0.000770,-0.059090,-89.475902,-89.296186
down_2,0.580000,0.000781,-0.060647,-89.486630,-89.296186
down_2,0.590000,0.000794,-0.062205,-89.496021,-89.942845
down_2,0.600000,0.000808,-0.063762,-89.498186,-89.942845
down_2,0.610000,0.000820,-0.065318,-89.500886,-89.650437
down_2,0.620000,0.000831,-0.066874,-89.506481,-89.650437
down_2,0.630000,0.000845,-0.068431,-89.510120,-90.293035
down_2,0.640000,0.000858,-0.069987,-89.506482,-90.293035
down_2,0.650000,0.000869,-0.071544,-89.503576,-89.539899
down_2,0.660000,0.000879,-0.073100,-89.508681,-89.539899
down_2,0.670000,0.000892,-0.074657,-89.514086,-90.123889
down_2,0.680000,0.000905,-0.076214,-89.512796,-90.123889
down_2,0.690000,0.000916,-0.077770,-89.512639,-89.621480
down_2,0.700000,0.000926,-0.079326,-89.518322,-89.621480
down_2,0.710000,0.000937,-0.080883,-89.526457,-89.234073
down_2,0.720000,0.000947,-0.082440,-89.538749,-89.234073
down_2,0.730000,0.000957,-0.083998,-89.553092,-88.920806
down_2,0.740000,0.000968,-0.085556,-89.570547,-88.920806
down_2,0.750000,0.000978,-0.087115,-89.587610,-88.970249
down_2,0.760000,0.000988,-0.088674,-89.604352,-88.970249
down_2,0.770000,0.000999,-0.090233,-89.619077,-89.437864
down_2,0.780000,0.001009,-0.091791,-89.628515,-89.437864
down_2,0.790000,0.001019,-0.093348,-89.635644,-89.857915
down_2,0.800000,0.001029,-0.094904,-89.638147,-89.857915
down_2,0.810000,0.001039,-0.096461,-89.638441,-90.264524
down_2,0.820000,0.001049,-0.098017,-89.634168,-90.264524
down_2,0.830000,0.001057,-0.099574,-89.631581,-89.975501
down_2,0.840000,0.001065,-0.101130,-89.631804,-89.975501
down_2,0.850000,0.001073,-0.102686,-89.634098,-89.330124
down_2,0.860000,0.001080,-0.104242,-89.643714,-89.330124
down_2,0.870000,0.001088,-0.105800,-89.654066,-89.385375
down_2,0.880000,0.001097,-0.107357,-89.664073,-89.385375
down_2,0.890000,0.001106,-0.108915,-89.672058,-90.284707
down_2,0.900000,0.001117,-0.110472,-89.671545,-90.284707
down_2,0.910000,0.001124,-0.112028,-89.668890,-89.349013
down_2,0.920000,0.001129,-0.113585,-89.674729,-89.349013
down_2,0.930000,0.001136,-0.115142,-89.686545,-89.181770
down_2,0.940000,0.001143,-0.116700,-89.699840,-89.181770
down_2,0.950000,0.001151,-0.118258,-89.711665,-89.378328
down_2,0.960000,0.001158,-0.119815,-89.721822,-89.378328
down_2,0.970000,0.001166,-0.121373,-89.729991,-89.717433
down_2,0.980000,0.001173,-0.122930,-89.734701,-89.717433
down_2,0.990000,0.001178,-0.124486,-89.741338,-89.195332
down_2,1.000000,0.001183,-0.126043,-89.753952,-89.195332
down_2,1.010000,0.001188,-0.127601,-89.768594,-88.990897
down_2,1.020000,0.001194,-0.129160,-89.785002,-88.990897
down_2,1.030000,0.001200,-0.130719,-89.799428,-90.487703
down_2,1.040000,0.001208,-0.132277,-89.805290,-90.487703
down_2,1.050000,0.001213,-0.133833,-89.805780,-89.414672
down_2,1.060000,0.001215,-0.135390,-89.813343,-89.414672
down_2,1.070000,0.001221,-0.136947,-89.820855,-90.491988
down_2,1.080000,0.001228,-0.138504,-89.819820,-90.491988
down_2,1.090000,0.001233,-0.140061,-89.813985,-90.212662
down_2,1.100000,0.001237,-0.141617,-89.810362,-90.212662
down_2,1.110000,0.001243,-0.143174,-89.805176,-90.433556
down_2,1.120000,0.001248,-0.144731,-89.798043,-90.433556
down_2,1.130000,0.001251,-0.146288,-89.792894,-90.013625
down_2,1.140000,0.001255,-0.147844,-89.792374,-90.013625
down_2,1.150000,0.001259,-0.149400,-89.794066,-88.959239
down_2,1.160000,0.001261,-0.150956,-89.804437,-88.959239
down_2,1.170000,0.001264,-0.152514,-89.822229,-88.816636
down_2,1.180000,0.001268,-0.154073,-89.841490,-88.816636
down_2,1.190000,0.001273,-0.155633,-89.858761,-90.534358
down_2,1.200000,0.001279,-0.157192,-89.867472,-90.534358
down_2,1.210000,0.001285,-0.158749,-89.866873,-90.353493
down_2,1.220000,0.001289,-0.160305,-89.861183,-90.353493
down_2,1.230000,0.001292,-0.161862,-89.857352,-89.859009
down_2,1.240000,0.001294,-0.163418,-89.859241,-89.859009
down_2,1.250000,0.001297,-0.164974,-89.862340,-89.773035
down_2,1.260000,0.001300,-0.166531,-89.866071,-89.773035
down_2,1.270000,0.001304,-0.168087,-89.867790,-90.423306
down_2,1.280000,0.001310,-0.169644,-89.862163,-90.423306
down_2,1.290000,0.001312,-0.171201,-89.857211,-89.693147
down_2,1.300000,0.001313,-0.172757,-89.860128,-89.693147
down_2,1.310000,0.001317,-0.174314,-89.863175,-90.032005
down_2,1.320000,0.001321,-0.175870,-89.862719,-90.032005
down_2,1.330000,0.001323,-0.177426,-89.864062,-89.702897
down_2,1.340000,0.001326,-0.178983,-89.868851,-89.702897
down_2,1.350000,0.001331,-0.180539,-89.871757,-90.047300
down_2,1.360000,0.001334,-0.182095,-89.871047,-90.047300
down_2,1.370000,0.001336,-0.183651,-89.872206,-89.389123
down_2,1.380000,0.001337,-0.185208,-89.880794,-89.389123
down_2,1.390000,0.001341,-0.186765,-89.889336,-89.571291
down_2,1.400000,0.001343,-0.188322,-89.896387,-89.571291
down_2,1.410000,0.001347,-0.189880,-89.901927,-89.765557
down_2,1.420000,0.001349,-0.191436,-89.905824,-89.765557
down_2,1.430000,0.001352,-0.192992,-89.908442,-89.917756
down_2,1.440000,0.001355,-0.194548,-89.909854,-89.917756
down_2,1.450000,0.001357,-0.196104,-89.910978,-89.945618
down_2,1.460000,0.001359,-0.197660,-89.911901,-89.945618
down_2,1.470000,0.001360,-0.199216,-89.914769,-89.306152
down_2,1.480000,0.001360,-0.200773,-89.924892,-89.306152
down_2,1.490000,0.001363,-0.202331,-89.934204,-90.214514
down_2,1.500000,0.001367,-0.203888,-89.935021,-90.214514
down_2,1.510000,0.001368,-0.205444,-89.933503,-89.880820
down_2,1.520000,0.001369,-0.207000,-89.935390,-89.880820
down_2,1.530000,0.001372,-0.208557,-89.935367,-90.541655
down_2,1.540000,0.001376,-0.210113,-89.927901,-90.541655
down_2,1.550000,0.001376,-0.211671,-89.921038,-89.809096
down_2,1.560000,0.001376,-0.213227,-89.922045,-89.809096
down_2,1.570000,0.001377,-0.214783,-89.926273,-89.679628
down_2,1.580000,0.001379,-0.216340,-89.931530,-89.679628
down_2,1.590000,0.001381,-0.217897,-89.936474,-89.713890
down_2,1.600000,0.001382,-0.219453,-89.941193,-89.713890
down_2,1.610000,0.001385,-0.221010,-89.943890,-90.647352
down_2,1.620000,0.001389,-0.222566,-89.937993,-90.647352
down_2,1.630000,0.001390,-0.224124,-89.929519,-89.440619
down_2,1.640000,0.001389,-0.225681,-89.929495,-89.440619
down_2,1.650000,0.001389,-0.227238,-89.935844,-89.617989
down_2,1.660000,0.001391,-0.228794,-89.942122,-89.617989
down_2,1.670000,0.001393,-0.230351,-89.947060,-89.784005
down_2,1.680000,0.001394,-0.231908,-89.950659,-89.784005
down_2,1.690000,0.001394,-0.233464,-89.956242,-89.192190
down_2,1.700000,0.001394,-0.235021,-89.968568,-89.192190
down_2,1.710000,0.001394,-0.236579,-89.982076,-89.159674
down_2,1.720000,0.001394,-0.238137,-89.995813,-89.159674
down_2,1.730000,0.001396,-0.239696,-90.007538,-90.022297
down_2,1.740000,0.001398,-0.241253,-90.010853,-90.022297
down_2,1.750000,0.001400,-0.242809,-90.008604,-90.729751
down_2,1.760000,0.001402,-0.244366,-89.998480,-90.729751
down_2,1.770000,0.001401,-0.245924,-89.988189,-90.506394
down_2,1.780000,0.001401,-0.247481,-89.979839,-90.506394
down_2,1.790000,0.001400,-0.249039,-89.973541,-89.156038
down_2,1.800000,0.001398,-0.250595,-89.975823,-89.156038
down_2,1.810000,0.001398,-0.252152,-89.983506,-90.934922
down_2,1.820000,0.001401,-0.253709,-89.983378,-90.934922
down_2,1.830000,0.001402,-0.255266,-89.977879,-89.530178
down_2,1.840000,0.001400,-0.256823,-89.980172,-89.530178
down_2,1.850000,0.001401,-0.258380,-89.985689,-89.967938
down_2,1.860000,0.001402,-0.259936,-89.986494,-89.967938
down_2,1.870000,0.001402,-0.261492,-89.987693,-89.898186
down_2,1.880000,0.001402,-0.263048,-89.989415,-89.898186
down_2,1.890000,0.001403,-0.264604,-89.990282,-89.993381
down_2,1.900000,0.001403,-0.266160,-89.990412,-89.993381
down_2,1.910000,0.001402,-0.267716,-89.992499,-89.533613
down_2,1.920000,0.001401,-0.269272,-89.999876,-89.533613
down_2,1.930000,0.001401,-0.270830,-90.007344,-89.553332
down_2,1.940000,0.001401,-0.272387,-90.014689,-89.553332
down_2,1.950000,0.001401,-0.273944,-90.022642,-89.488691
down_2,1.960000,0.001400,-0.275501,-90.031034,-89.488691
down_2,1.970000,0.001400,-0.277058,-90.037414,-89.957466
down_2,1.980000,0.001401,-0.278615,-90.038484,-89.957466
down_2,1.990000,0.001401,-0.280171,-90.037235,-90.984817
down_2,2.000000,0.001403,-0.281727,-90.027304,-90.984817
down_2,2.010000,0.001402,-0.283285,-90.013502,-90.136060
down_2,2.020000,0.001399,-0.284843,-90.007801,-90.136060
down_2,2.030000,0.001400,-0.286400,-90.003478,-91.113190
down_2,2.040000,0.001403,-0.287956,-89.990609,-91.113190
down_2,2.050000,0.001403,-0.289515,-89.974610,-90.723070
down_2,2.060000,0.001403,-0.291073,-89.962624,-90.723070
down_2,2.070000,0.001403,-0.292632,-89.952796,-89.853782
down_2,2.080000,0.001401,-0.294189,-89.951399,-89.853782
down_2,2.090000,0.001403,-0.295745,-89.952086,-90.082833
down_2,2.100000,0.001404,-0.297301,-89.950704,-90.082833
down_2,2.110000,0.001404,-0.298857,-89.950846,-89.874821
down_2,2.120000,0.001405,-0.300413,-89.952912,-89.874821
down_2,2.130000,0.001405,-0.301969,-89.956971,-89.460298
down_2,2.140000,0.001405,-0.303526,-89.965631,-89.460298
down_2,2.150000,0.001406,-0.305083,-89.974799,-89.426581
down_2,2.160000,0.001406,-0.306641,-89.984194,-89.426581
down_2,2.170000,0.001407,-0.308198,-89.992790,-89.515664
down_2,2.180000,0.001407,-0.309755,-90.000751,-89.515664
down_2,2.190000,0.001409,-0.311313,-90.006686,-90.389475
down_2,2.200000,0.001411,-0.312869,-90.004161,-90.389475
down_2,2.210000,0.001412,-0.314426,-89.996957,-90.487256
down_2,2.220000,0.001412,-0.315983,-89.988966,-90.487256
down_2,2.230000,0.001411,-0.317540,-89.982982,-89.623298
down_2,2.240000,0.001409,-0.319097,-89.985440,-89.623298
down_2,2.250000,0.001409,-0.320654,-89.991493,-89.630951
down_2,2.260000,0.001409,-0.322210,-89.997569,-89.630951
down_2,2.270000,0.001410,-0.323768,-90.001627,-91.127902
down_2,2.280000,0.001413,-0.325324,-89.997078,-91.127902
down_2,2.290000,0.001414,-0.326881,-89.987044,-90.461383
down_2,2.300000,0.001414,-0.328438,-89.979391,-90.461383
down_2,2.310000,0.001416,-0.329995,-89.969804,-90.841128
down_2,2.320000,0.001417,-0.331553,-89.956178,-90.841128
down_2,2.330000,0.001417,-0.333112,-89.944433,-89.301400
down_2,2.340000,0.001415,-0.334669,-89.941253,-89.301400
down_2,2.350000,0.001414,-0.336225,-89.947446,-89.024463
down_2,2.360000,0.001413,-0.337783,-89.961894,-89.024463
down_2,2.370000,0.001415,-0.339342,-89.975792,-89.551110
down_2,2.380000,0.001417,-0.340899,-89.983682,-89.551110
down_2,2.390000,0.001419,-0.342457,-89.989044,-89.960176
down_2,2.400000,0.001420,-0.344013,-89.989929,-89.960176
down_2,2.410000,0.001421,-0.345569,-89.988770,-90.245939
down_2,2.420000,0.001422,-0.347125,-89.984753,-90.245939
down_2,2.430000,0.001421,-0.348682,-89.982696,-89.273364
down_2,2.440000,0.001418,-0.350238,-89.989273,-89.273364
down_2,2.450000,0.001419,-0.351796,-89.999333,-89.504690
down_2,2.460000,0.001419,-0.353353,-90.007501,-89.504690
down_2,2.470000,0.001420,-0.354911,-90.013616,-90.047836
down_2,2.480000,0.001421,-0.356467,-90.013479,-90.047836
down_2,2.490000,0.001421,-0.358023,-90.012819,-90.031945
down_2,2.500000,0.001420,-0.359579,-90.012266,-90.031945
down_2,2.510000,0.001419,-0.361135,-90.013711,-89.333147
down_2,2.520000,0.001416,-0.362691,-90.022893,-89.333147
down_2,2.530000,0.001417,-0.364249,-90.031778,-89.965065
down_2,2.540000,0.001418,-0.365806,-90.033572,-89.965065
down_2,2.550000,0.001418,-0.367362,-90.032209,-90.536904
down_2,2.560000,0.001419,-0.368919,-90.024181,-90.536904
down_2,2.570000,0.001417,-0.370476,-90.017405,-89.609411
down_2,2.580000,0.001414,-0.372033,-90.019165,-89.609411
down_2,2.590000,0.001414,-0.373590,-90.023457,-90.040297
down_2,2.600000,0.001415,-0.375146,-90.023039,-90.040297
down_2,2.610000,0.001414,-0.376702,-90.022935,-89.979741
down_2,2.620000,0.001413,-0.378258,-90.023284,-89.979741
down_2,2.630000,0.001414,-0.379814,-90.021659,-90.370004
down_2,2.640000,0.001414,-0.381371,-90.015722,-90.370004
down_2,2.650000,0.001413,-0.382928,-90.011654,-89.243682
down_2,2.660000,0.001409,-0.384484,-90.016191,-89.243682
down_2,2.670000,0.001409,-0.386041,-90.025911,-89.617270
down_2,2.680000,0.001408,-0.387598,-90.032337,-89.617270
down_2,2.690000,0.001409,-0.389156,-90.036627,-90.132719
down_2,2.700000,0.001409,-0.390712,-90.034928,-90.132719
down_2,2.710000,0.001408,-0.392268,-90.033178,-90.083758
down_2,2.720000,0.001408,-0.393824,-90.031743,-90.083758
down_2,2.730000,0.001408,-0.395380,-90.028369,-90.545926
down_2,2.740000,0.001409,-0.396937,-90.019701,-90.545926
down_2,2.750000,0.001407,-0.398494,-90.012606,-90.260327
down_2,2.760000,0.001406,-0.400051,-90.008239,-90.260327
down_2,2.770000,0.001407,-0.401607,-90.002400,-90.463484
down_2,2.780000,0.001407,-0.403164,-89.994815,-90.463484
down_2,2.790000,0.001406,-0.404721,-89.989069,-90.170359
down_2,2.800000,0.001406,-0.406278,-89.986156,-90.170359
down_2,2.810000,0.001408,-0.407834,-89.981643,-90.409140
down_2,2.820000,0.001408,-0.409391,-89.974950,-90.409140
down_2,2.830000,0.001408,-0.410948,-89.969858,-90.183350
down_2,2.840000,0.001409,-0.412504,-89.966758,-90.183350
down_2,2.850000,0.001410,-0.414060,-89.962141,-90.394834
down_2,2.860000,0.001411,-0.415617,-89.955667,-90.394834
down_2,2.870000,0.001411,-0.417174,-89.951181,-89.769216
down_2,2.880000,0.001411,-0.418731,-89.953824,-89.769216
down_2,2.890000,0.001413,-0.420287,-89.955609,-90.758931
down_2,2.900000,0.001417,-0.421843,-89.948766,-90.758931
down_2,2.910000,0.001418,-0.423401,-89.938552,-89.766296
down_2,2.920000,0.001417,-0.424959,-89.936713,-89.766296
down_2,2.930000,0.001416,-0.426515,-89.941780,-89.579728
down_2,2.940000,0.001417,-0.428072,-89.948650,-89.579728
down_2,2.950000,0.001420,-0.429629,-89.953531,-90.197552
down_2,2.960000,0.001423,-0.431185,-89.951360,-90.197552
down_2,2.970000,0.001423,-0.432742,-89.950096,-89.475863
down_2,2.980000,0.001422,-0.434298,-89.956677,-89.475863
down_2,2.990000,0.001424,-0.435856,-89.963222,-89.910802
down_2,3.000000,0.001426,-0.437412,-89.964958,-89.910802
down_2,3.010000,0.001428,-0.438968,-89.964459,-90.328922
down_2,3.020000,0.001430,-0.440525,-89.959228,-90.328922
down_2,3.030000,0.001429,-0.442081,-89.955748,-89.996017
down_2,3.040000,0.001430,-0.443637,-89.955677,-89.996017
down_2,3.050000,0.001430,-0.445194,-89.957707,-89.500675
down_2,3.060000,0.001430,-0.446750,-89.965488,-89.500675
down_2,3.070000,0.001432,-0.448308,-89.971653,-89.934318
down_2,3.080000,0.001433,-0.449864,-89.973007,-89.934318
down_2,3.090000,0.001433,-0.451420,-89.976087,-89.231959
down_2,3.100000,0.001431,-0.452976,-89.986888,-89.231959
down_2,3.110000,0.001432,-0.454535,-89.997411,-89.906106
down_2,3.120000,0.001434,-0.456092,-90.000508,-89.906106
down_2,3.130000,0.001436,-0.457648,-90.000133,-90.274515
down_2,3.140000,0.001436,-0.459204,-89.995723,-90.274515
down_2,3.150000,0.001436,-0.460761,-89.992172,-90.162464
down_2,3.160000,0.001436,-0.462317,-89.989442,-90.162464
down_2,3.170000,0.001438,-0.463873,-89.984826,-90.486520
down_2,3.180000,0.001439,-0.465430,-89.976919,-90.486520
down_2,3.190000,0.001438,-0.466988,-89.970946,-89.522498
down_2,3.200000,0.001436,-0.468544,-89.973547,-89.522498
down_2,3.210000,0.001437,-0.470101,-89.979203,-90.074209
down_2,3.220000,0.001439,-0.471658,-89.978657,-90.074209
down_2,3.230000,0.001438,-0.473214,-89.979404,-89.210804
down_2,3.240000,0.001436,-0.474770,-89.988661,-89.210804
down_2,3.250000,0.001437,-0.476328,-89.999479,-89.631933
down_2,3.260000,0.001438,-0.477886,-90.005735,-89.631933
down_2,3.270000,0.001439,-0.479443,-90.009782,-90.044807
down_2,3.280000,0.001439,-0.480999,-90.009249,-90.044807
down_2,3.290000,0.001439,-0.482555,-90.009536,-89.924887
down_2,3.300000,0.001438,-0.484111,-90.010815,-89.924887
down_2,3.310000,0.001437,-0.485666,-90.014056,-88.799077
down_2,3.320000,0.001433,-0.487223,-90.025934,-88.799077
down_2,3.330000,0.001432,-0.488782,-90.042865,-89.781943
down_2,3.340000,0.001434,-0.490340,-90.051890,-89.781943
down_2,3.350000,0.001435,-0.491897,-90.054154,-89.988919
down_2,3.360000,0.001433,-0.493453,-90.054417,-89.988919
down_2,3.370000,0.001433,-0.495009,-90.052672,-90.342917
down_2,3.380000,0.001433,-0.496566,-90.047141,-90.342917
down_2,3.390000,0.001430,-0.498123,-90.043519,-89.389153
down_2,3.400000,0.001426,-0.499679,-90.048493,-89.389153
down_2,3.410000,0.001423,-0.501236,-90.060286,-89.070603
down_2,3.420000,0.001421,-0.502794,-90.075404,-89.070603
down_2,3.430000,0.001421,-0.504353,-90.088593,-90.678403
down_2,3.440000,0.001421,-0.505911,-90.093216,-90.678403
down_2,3.450000,0.001419,-0.507468,-90.092464,-89.517068
down_2,3.460000,0.001415,-0.509024,-90.098631,-89.517068
down_2,3.470000,0.001414,-0.510581,-90.104539,-90.423175
down_2,3.480000,0.001414,-0.512138,-90.101951,-90.423175
down_2,3.490000,0.001411,-0.513695,-90.096516,-90.246551
down_2,3.500000,0.001409,-0.515251,-90.092429,-90.246551
down_2,3.510000,0.001408,-0.516807,-90.086358,-90.635556
down_2,3.520000,0.001407,-0.518365,-90.076108,-90.635556
down_2,3.530000,0.001404,-0.519922,-90.067731,-89.611820
down_2,3.540000,0.001399,-0.521479,-90.067924,-89.611820
down_2,3.550000,0.001398,-0.523036,-90.072030,-90.784990
down_2,3.560000,0.001399,-0.524592,-90.067808,-90.784990
down_2,3.570000,0.001398,-0.526150,-90.058204,-90.080539
down_2,3.580000,0.001394,-0.527707,-90.055321,-90.080539
down_2,3.590000,0.001391,-0.529263,-90.055949,-89.159872
down_2,3.600000,0.001387,-0.530819,-90.065230,-89.159872
down_2,3.610000,0.001386,-0.532378,-90.076853,-89.854215
down_2,3.620000,0.001386,-0.533935,-90.080986,-89.854215
down_2,3.630000,0.001383,-0.535491,-90.085449,-89.091550
down_2,3.640000,0.001379,-0.537048,-90.097942,-89.091550
down_2,3.650000,0.001377,-0.538607,-90.110759,-89.503339
down_2,3.660000,0.001375,-0.540164,-90.119113,-89.503339
down_2,3.670000,0.001374,-0.541722,-90.125275,-90.369456
down_2,3.680000,0.001373,-0.543278,-90.122990,-90.369456
down_2,3.690000,0.001370,-0.544835,-90.119025,-89.772924
down_2,3.700000,0.001365,-0.546392,-90.121843,-89.772924
down_2,3.710000,0.001361,-0.547948,-90.126768,-89.637075
down_2,3.720000,0.001358,-0.549505,-90.132758,-89.637075
down_2,3.730000,0.001356,-0.551062,-90.137168,-89.853263
down_2,3.740000,0.001353,-0.552618,-90.139691,-89.853263
down_2,3.750000,0.001350,-0.554174,-90.141270,-89.955665
down_2,3.760000,0.001346,-0.555730,-90.142098,-89.955665
down_2,3.770000,0.001344,-0.557286,-90.141101,-90.225899
down_2,3.780000,0.001341,-0.558842,-90.137435,-90.225899
down_2,3.790000,0.001338,-0.560399,-90.132494,-90.374312
down_2,3.800000,0.001335,-0.561955,-90.126374,-90.374312
down_2,3.810000,0.001333,-0.563512,-90.118217,-90.778610
down_2,3.820000,0.001331,-0.565069,-90.105666,-90.778610
down_2,3.830000,0.001328,-0.566628,-90.094258,-90.617482
down_2,3.840000,0.001326,-0.568185,-90.084138,-90.617482
down_2,3.850000,0.001324,-0.569743,-90.073132,-90.718899
down_2,3.860000,0.001323,-0.571300,-90.061388,-90.718899
down_2,3.870000,0.001320,-0.572858,-90.051650,-89.768189
down_2,3.880000,0.001316,-0.574416,-90.050463,-89.768189
down_2,3.890000,0.001315,-0.575972,-90.052145,-90.251322
down_2,3.900000,0.001315,-0.577528,-90.048377,-90.251322
down_2,3.910000,0.001313,-0.579085,-90.046249,-89.253957
down_2,3.920000,0.001309,-0.580641,-90.052753,-89.253957
down_2,3.930000,0.001308,-0.582199,-90.062744,-89.862030
down_2,3.940000,0.001308,-0.583756,-90.066057,-89.862030
down_2,3.950000,0.001307,-0.585312,-90.066935,-90.050314
down_2,3.960000,0.001306,-0.586868,-90.066129,-90.050314
down_2,3.970000,0.001305,-0.588424,-90.064328,-90.159964
down_2,3.980000,0.001303,-0.589980,-90.061675,-90.159964
down_2,3.990000,0.001301,-0.591537,-90.060668,-89.932864
down_2,4.000000,0.001299,-0.593093,-90.061788,-89.932864
down_2,4.010000,0.001299,-0.594649,-90.061077,-90.229635
down_2,4.020000,0.001298,-0.596205,-90.057348,-90.229635
down_2,4.030000,0.001295,-0.597762,-90.055546,-89.858802
down_2,4.040000,0.001293,-0.599318,-90.057779,-89.858802
down_2,4.050000,0.001293,-0.600874,-90.058138,-90.297386
down_2,4.060000,0.001292,-0.602430,-90.053487,-90.297386
down_2,4.070000,0.001292,-0.603987,-90.046622,-90.638519
down_2,4.080000,0.001292,-0.605544,-90.036266,-90.638519
down_2,4.090000,0.001290,-0.607102,-90.027832,-89.951674
down_2,4.100000,0.001287,-0.608659,-90.026964,-89.951674
down_2,4.110000,0.001287,-0.610215,-90.025786,-90.325892
down_2,4.120000,0.001288,-0.611771,-90.020549,-90.325892
down_2,4.130000,0.001286,-0.613328,-90.016805,-90.103650
down_2,4.140000,0.001286,-0.614884,-90.015013,-90.103650
down_2,4.150000,0.001284,-0.616440,-90.015201,-89.775908
down_2,4.160000,0.001283,-0.617997,-90.018834,-89.775908
down_2,4.170000,0.001284,-0.619553,-90.020840,-90.021235
down_2,4.180000,0.001283,-0.621109,-90.020548,-90.021235
down_2,4.190000,0.001283,-0.622665,-90.020569,-89.981261
down_2,4.200000,0.001282,-0.624221,-90.020894,-89.981261
down_2,4.210000,0.001283,-0.625777,-90.019596,-90.204960
down_2,4.220000,0.001282,-0.627333,-90.016227,-90.204960
down_2,4.230000,0.001283,-0.628889,-90.011268,-90.415748
down_2,4.240000,0.001283,-0.630446,-90.004463,-90.415748
down_2,4.250000,0.001281,-0.632004,-89.999647,-89.653725
down_2,4.260000,0.001279,-0.633560,-90.002892,-89.653725
down_2,4.270000,0.001280,-0.635117,-90.006725,-89.935129
down_2,4.280000,0.001280,-0.636673,-90.007913,-89.935129
down_2,4.290000,0.001281,-0.638229,-90.007024,-90.507379
down_2,4.300000,0.001283,-0.639785,-89.999480,-90.507379
down_2,4.310000,0.001281,-0.641343,-89.993180,-89.306598
down_2,4.320000,0.001279,-0.642900,-89.995451,-89.306598
down_2,4.330000,0.001278,-0.644457,-90.003121,-90.506616
down_2,4.340000,0.001281,-0.646014,-90.002981,-90.506616
down_2,4.350000,0.001281,-0.647570,-89.997478,-89.321165
down_2,4.360000,0.001279,-0.649127,-89.999772,-89.321165
down_2,4.370000,0.001278,-0.650684,-90.007456,-89.833035
down_2,4.380000,0.001279,-0.652241,-90.010550,-89.833035
down_2,4.390000,0.001280,-0.653797,-90.011728,-90.052825
down_2,4.400000,0.001280,-0.655353,-90.010874,-90.052825
down_2,4.410000,0.001278,-0.656909,-90.011815,-89.769013
down_2,4.420000,0.001278,-0.658465,-90.015590,-89.769013
down_2,4.430000,0.001278,-0.660022,-90.017993,-89.951503
down_2,4.440000,0.001278,-0.661578,-90.018876,-89.951503
down_2,4.450000,0.001277,-0.663134,-90.019753,-89.948651
down_2,4.460000,0.001277,-0.664690,-90.020651,-89.948651
down_2,4.470000,0.001277,-0.666246,-90.020729,-90.038195
down_2,4.480000,0.001276,-0.667801,-90.020089,-90.038195
down_2,4.490000,0.001275,-0.669358,-90.020871,-89.855432
down_2,4.500000,0.001274,-0.670914,-90.023276,-89.855432
down_2,4.510000,0.001274,-0.672470,-90.024672,-89.973695
down_2,4.520000,0.001274,-0.674026,-90.025158,-89.973695
down_2,4.530000,0.001273,-0.675582,-90.025586,-89.977670
down_2,4.540000,0.001273,-0.677137,-90.025983,-89.977670
down_2,4.550000,0.001273,-0.678694,-90.024385,-90.478197
down_2,4.560000,0.001274,-0.680250,-90.016966,-90.478197
down_2,4.570000,0.001272,-0.681808,-90.011141,-89.952423
down_2,4.580000,0.001271,-0.683364,-90.011372,-89.952423
down_2,4.590000,0.001270,-0.684920,-90.012754,-89.891422
down_2,4.600000,0.001270,-0.686476,-90.014592,-89.891422
down_2,4.610000,0.001271,-0.688032,-90.014414,-90.541132
down_2,4.620000,0.001272,-0.689588,-90.006880,-90.541132
down_2,4.630000,0.001273,-0.691146,-89.996869,-90.678003
down_2,4.640000,0.001273,-0.692703,-89.985780,-90.678003
down_2,4.650000,0.001273,-0.694261,-89.975366,-90.602915
down_2,4.660000,0.001274,-0.695819,-89.965471,-90.602915
down_2,4.670000,0.001275,-0.697376,-89.955505,-90.610841
down_2,4.680000,0.001276,-0.698934,-89.945485,-90.610841
down_2,4.690000,0.001276,-0.700492,-89.937481,-89.860146
down_2,4.700000,0.001275,-0.702048,-89.937458,-89.860146
down_2,4.710000,0.001275,-0.703604,-89.941687,-89.501601
down_2,4.720000,0.001276,-0.705161,-89.949742,-89.501601
down_2,4.730000,0.001278,-0.706719,-89.955893,-89.955479
down_2,4.740000,0.001280,-0.708275,-89.956932,-89.955479
down_2,4.750000,0.001280,-0.709831,-89.959653,-89.479544
down_2,4.760000,0.001280,-0.711388,-89.967851,-89.479544
down_2,4.770000,0.001282,-0.712945,-89.974361,-90.070859
down_2,4.780000,0.001284,-0.714502,-89.974112,-90.070859
down_2,4.790000,0.001285,-0.716058,-89.972417,-90.122612
down_2,4.800000,0.001286,-0.717614,-89.970347,-90.122612
down_2,4.810000,0.001287,-0.719170,-89.967688,-90.185255
down_2,4.820000,0.001288,-0.720726,-89.964598,-90.185255
down_2,4.830000,0.001288,-0.722282,-89.963250,-89.931367
down_2,4.840000,0.001288,-0.723838,-89.964351,-89.931367
down_2,4.850000,0.001290,-0.725394,-89.963510,-90.651592
down_2,4.860000,0.001294,-0.726951,-89.954792,-90.651592
down_2,4.870000,0.001294,-0.728509,-89.946154,-89.917864
down_2,4.880000,0.001293,-0.730066,-89.945361,-89.917864
down_2,4.890000,0.001294,-0.731622,-89.946426,-89.947751
down_2,4.900000,0.001295,-0.733177,-89.947322,-89.947751
down_2,4.910000,0.001298,-0.734734,-89.946205,-90.752252
down_2,4.920000,0.001302,-0.736290,-89.936765,-90.752252
down_2,4.930000,0.001302,-0.737848,-89.926507,-90.278707
down_2,4.940000,0.001303,-0.739405,-89.921569,-90.278707
down_2,4.950000,0.001304,-0.740962,-89.918949,-89.891510
down_2,4.960000,0.001305,-0.742518,-89.920585,-89.891510
down_2,4.970000,0.001306,-0.744074,-89.923667,-89.731776
down_2,4.980000,0.001308,-0.745630,-89.928070,-89.731776
down_2,4.990000,0.001309,-0.747187,-89.934016,-89.529981
down_2,5.000000,0.001310,-0.748744,-89.941695,-89.529981
down_2,5.010000,0.001313,-0.750301,-89.947384,-90.272075
down_2,5.020000,0.001316,-0.751858,-89.945112,-90.272075
down_2,5.030000,0.001317,-0.753414,-89.942607,-89.924958
down_2,5.040000,0.001318,-0.754970,-89.943738,-89.924958
down_2,5.050000,0.001318,-0.756526,-89.946920,-89.576999
down_2,5.060000,0.001318,-0.758083,-89.953760,-89.576999
down_2,5.070000,0.001321,-0.759640,-89.958685,-90.218702
down_2,5.080000,0.001324,-0.761197,-89.956353,-90.218702
down_2,5.090000,0.001325,-0.762753,-89.951575,-90.356423
down_2,5.100000,0.001327,-0.764310,-89.945707,-90.356423
down_2,5.110000,0.001327,-0.765867,-89.941813,-89.991594
down_2,5.120000,0.001328,-0.767423,-89.941781,-89.991594
down_2,5.130000,0.001328,-0.768979,-89.942951,-89.870575
down_2,5.140000,0.001330,-0.770535,-89.945106,-89.870575
down_2,5.150000,0.001330,-0.772091,-89.949235,-89.121374
down_2,5.160000,0.001329,-0.773647,-89.961366,-89.121374
down_2,5.170000,0.001331,-0.775206,-89.973674,-90.032254
down_2,5.180000,0.001334,-0.776764,-89.977506,-90.032254
down_2,5.190000,0.001334,-0.778320,-89.979007,-89.701617
down_2,5.200000,0.001334,-0.779876,-89.983842,-89.701617
down_2,5.210000,0.001335,-0.781433,-89.986835,-90.024887
down_2,5.220000,0.001336,-0.782989,-89.986525,-90.024887
down_2,5.230000,0.001336,-0.784545,-89.987717,-89.802823
down_2,5.240000,0.001336,-0.786101,-89.990961,-89.802823
down_2,5.250000,0.001337,-0.787658,-89.992564,-90.036193
down_2,5.260000,0.001337,-0.789214,-89.991999,-90.036193
down_2,5.270000,0.001336,-0.790770,-89.993371,-89.450354
down_2,5.280000,0.001335,-0.792326,-90.001521,-89.450354
down_2,5.290000,0.001333,-0.793883,-90.012505,-89.096635
down_2,5.300000,0.001332,-0.795441,-90.027167,-89.096635
down_2,5.310000,0.001333,-0.797000,-90.039921,-89.820988
down_2,5.320000,0.001334,-0.798558,-90.044885,-89.820988
down_2,5.330000,0.001334,-0.800114,-90.046894,-89.936372
down_2,5.340000,0.001332,-0.801670,-90.048026,-89.936372
down_2,5.350000,0.001333,-0.803226,-90.047147,-90.306783
down_2,5.360000,0.001332,-0.804783,-90.042221,-90.306783
down_2,5.370000,0.001332,-0.806339,-90.035748,-90.486959
down_2,5.380000,0.001331,-0.807896,-90.027782,-90.486959
down_2,5.390000,0.001329,-0.809454,-90.021811,-89.380065
down_2,5.400000,0.001326,-0.811010,-90.024423,-89.380065
down_2,5.410000,0.001325,-0.812567,-90.032102,-89.695945
down_2,5.420000,0.001325,-0.814124,-90.037201,-89.695945
down_2,5.430000,0.001324,-0.815681,-90.041203,-89.813582
down_2,5.440000,0.001323,-0.817237,-90.044331,-89.813582
down_2,5.450000,0.001321,-0.818793,-90.049443,-89.165530
down_2,5.460000,0.001318,-0.820350,-90.061817,-89.165530
down_2,5.470000,0.001317,-0.821909,-90.073444,-90.303657
down_2,5.480000,0.001318,-0.823466,-90.076519,-90.303657
down_2,5.490000,0.001319,-0.825022,-90.070309,-90.870654
down_2,5.500000,0.001319,-0.826580,-90.056821,-90.870654
down_2,5.510000,0.001317,-0.828138,-90.044624,-89.038263
down_2,5.520000,0.001313,-0.829696,-90.040984,-89.038263
down_2,5.530000,0.001309,-0.831252,-90.046606,-89.409401
down_2,5.540000,0.001307,-0.832810,-90.056208,-89.409401
down_2,5.550000,0.001305,-0.834367,-90.067035,-89.275167
down_2,5.560000,0.001304,-0.835925,-90.078899,-89.275167
down_2,5.570000,0.001303,-0.837483,-90.088762,-90.019869
down_2,5.580000,0.001303,-0.839040,-90.090696,-90.019869
down_2,5.590000,0.001302,-0.840596,-90.088456,-90.432056
down_2,5.600000,0.001301,-0.842153,-90.081557,-90.432056
down_2,5.610000,0.001298,-0.843710,-90.075879,-90.254437
down_2,5.620000,0.001296,-0.845266,-90.071658,-90.254437
down_2,5.630000,0.001295,-0.846823,-90.067428,-90.257488
down_2,5.640000,0.001293,-0.848379,-90.063178,-90.257488
down_2,5.650000,0.001293,-0.849935,-90.056911,-91.044280
down_2,5.660000,0.001294,-0.851492,-90.042513,-91.044280
down_2,5.670000,0.001292,-0.853051,-90.027523,-90.280611
down_2,5.680000,0.001289,-0.854610,-90.020505,-90.280611
down_2,5.690000,0.001288,-0.856166,-90.015874,-90.276244
down_2,5.700000,0.001288,-0.857723,-90.011307,-90.276244
down_2,5.710000,0.001288,-0.859279,-90.005672,-90.400091
down_2,5.720000,0.001288,-0.860836,-89.999102,-90.400091
down_2,5.730000,0.001287,-0.862393,-89.994376,-90.113118
down_2,5.740000,0.001287,-0.863949,-89.992400,-90.113118
down_2,5.750000,0.001289,-0.865505,-89.988528,-90.987816
down_2,5.760000,0.001292,-0.867062,-89.976163,-90.987816
down_2,5.770000,0.001292,-0.868621,-89.962115,-89.914053
down_2,5.780000,0.001290,-0.870179,-89.956553,-89.914053
down_2,5.790000,0.001289,-0.871735,-89.958194,-89.839747
down_2,5.800000,0.001290,-0.873291,-89.960854,-89.839747
down_2,5.810000,0.001290,-0.874847,-89.965459,-89.494804
down_2,5.820000,0.001290,-0.876404,-89.973646,-89.494804
down_2,5.830000,0.001289,-0.877961,-89.983807,-89.197969
down_2,5.840000,0.001289,-0.879519,-89.996857,-89.197969
down_2,5.850000,0.001290,-0.881077,-90.007958,-91.138854
down_2,5.860000,0.001293,-0.882635,-90.010491,-91.138854
down_2,5.870000,0.001293,-0.884192,-90.007652,-89.931738
down_2,5.880000,0.001292,-0.885748,-90.008602,-89.931738
down_2,5.890000,0.001293,-0.887304,-90.008566,-90.075442
down_2,5.900000,0.001293,-0.888860,-90.007292,-90.075442
down_2,5.910000,0.001294,-0.890415,-90.004050,-90.514207
down_2,5.920000,0.001295,-0.891972,-89.995844,-90.514207
down_2,5.930000,0.001296,-0.893529,-89.985487,-90.833362
down_2,5.940000,0.001297,-0.895087,-89.971936,-90.833362
down_2,5.950000,0.001296,-0.896646,-89.960319,-90.060233
down_2,5.960000,0.001295,-0.898203,-89.956766,-90.060233
down_2,5.970000,0.001296,-0.899759,-89.954488,-90.207311
down_2,5.980000,0.001298,-0.901316,-89.951049,-90.207311
down_2,5.990000,0.001298,-0.902872,-89.949613,-89.087420
down_2,6.000000,0.001296,-0.904428,-89.956821,-89.087420
down_2,6.010000,0.001297,-0.905986,-89.969081,-90.404137
down_2,6.020000,0.001300,-0.907544,-89.973397,-90.404137
down_2,6.030000,0.001301,-0.909101,-89.972346,-89.384140
down_2,6.040000,0.001299,-0.910657,-89.978941,-89.384140
down_2,6.050000,0.001300,-0.912214,-89.986945,-89.820159
down_2,6.060000,0.001302,-0.913771,-89.990162,-89.820159
down_2,6.070000,0.001302,-0.915327,-89.994006,-89.725538
down_2,6.080000,0.001302,-0.916884,-89.998536,-89.725538
down_2,6.090000,0.001301,-0.918440,-90.004275,-89.581501
down_2,6.100000,0.001301,-0.919997,-90.011142,-89.581501
down_2,6.110000,0.001302,-0.921554,-90.016008,-90.034828
down_2,6.120000,0.001302,-0.923111,-90.015728,-90.034828
down_2,6.130000,0.001302,-0.924666,-90.015233,-90.024539
down_2,6.140000,0.001302,-0.926222,-90.014810,-90.024539
down_2,6.150000,0.001300,-0.927778,-90.016292,-89.705636
down_2,6.160000,0.001299,-0.929335,-90.021076,-89.705636
down_2,6.170000,0.001300,-0.930892,-90.023922,-90.335502
down_2,6.180000,0.001301,-0.932448,-90.019590,-90.335502
down_2,6.190000,0.001301,-0.934005,-90.012980,-90.463445
down_2,6.200000,0.001301,-0.935562,-90.005383,-90.463445
down_2,6.210000,0.001300,-0.937119,-89.999418,-90.236451
down_2,6.220000,0.001300,-0.938675,-89.995460,-90.236451
down_2,6.230000,0.001301,-0.940231,-89.989524,-90.997030
down_2,6.240000,0.001304,-0.941789,-89.975582,-90.997030
down_2,6.250000,0.001304,-0.943347,-89.961339,-89.554980
down_2,6.260000,0.001302,-0.944906,-89.955625,-89.554980
down_2,6.270000,0.001303,-0.946462,-89.955283,-90.330618
down_2,6.280000,0.001305,-0.948019,-89.950175,-90.330618
down_2,6.290000,0.001306,-0.949575,-89.944552,-90.347684
down_2,6.300000,0.001308,-0.951132,-89.938811,-90.347684
down_2,6.310000,0.001309,-0.952689,-89.934179,-90.217100
down_2,6.320000,0.001310,-0.954245,-89.930545,-90.217100
down_2,6.330000,0.001311,-0.955802,-89.928944,-89.059874
down_2,6.340000,0.001309,-0.957358,-89.935987,-89.059874
down_2,6.350000,0.001310,-0.958916,-89.948374,-90.226725
down_2,6.360000,0.001314,-0.960474,-89.952949,-90.226725
down_2,6.370000,0.001317,-0.962030,-89.950849,-90.139629
down_2,6.380000,0.001318,-0.963586,-89.948495,-90.139629
down_2,6.390000,0.001320,-0.965142,-89.944623,-90.346477
down_2,6.400000,0.001322,-0.966699,-89.938932,-90.346477
down_2,6.410000,0.001324,-0.968256,-89.932058,-90.483136
down_2,6.420000,0.001326,-0.969813,-89.924124,-90.483136
down_2,6.430000,0.001329,-0.971370,-89.914269,-90.794723
down_2,6.440000,0.001331,-0.972927,-89.901327,-90.794723
down_2,6.450000,0.001333,-0.974486,-89.890324,-89.947991
down_2,6.460000,0.001333,-0.976043,-89.887681,-89.947991
down_2,6.470000,0.001334,-0.977599,-89.889415,-89.836999
down_2,6.480000,0.001337,-0.979155,-89.892106,-89.836999
down_2,6.490000,0.001340,-0.980712,-89.894301,-89.890052
down_2,6.500000,0.001342,-0.982268,-89.896148,-89.890052
down_2,6.510000,0.001345,-0.983824,-89.897228,-89.973021
down_2,6.520000,0.001348,-0.985380,-89.897680,-89.973021
down_2,6.530000,0.001349,-0.986936,-89.900084,-89.565317
down_2,6.540000,0.001351,-0.988492,-89.907033,-89.565317
down_2,6.550000,0.001354,-0.990049,-89.912146,-89.955406
down_2,6.560000,0.001357,-0.991606,-89.913064,-89.955406
down_2,6.570000,0.001360,-0.993162,-89.912267,-90.160984
down_2,6.580000,0.001362,-0.994718,-89.909588,-90.160984
down_2,6.590000,0.001366,-0.996274,-89.904914,-90.534879
down_2,6.600000,0.001369,-0.997831,-89.896248,-90.534879
down_2,6.610000,0.001370,-0.999388,-89.889473,-89.420499
down_2,6.620000,0.001370,-1.000945,-89.891271,-89.420499
down_2,6.630000,0.001372,-1.002502,-89.898128,-89.804568
down_2,6.640000,0.001375,-1.004059,-89.901493,-89.804568
down_2,6.650000,0.001379,-1.005615,-89.902708,-90.563762
down_2,6.660000,0.001384,-1.007171,-89.895841,-90.563762
down_2,6.670000,0.001385,-1.008729,-89.888628,-89.729324
down_2,6.680000,0.001385,-1.010286,-89.889724,-89.729324
down_2,6.690000,0.001389,-1.011842,-89.892098,-90.427592
down_2,6.700000,0.001394,-1.013399,-89.886832,-90.427592
down_2,6.710000,0.001395,-1.014956,-89.881821,-89.713921
down_2,6.720000,0.001396,-1.016512,-89.884569,-89.713921
down_2,6.730000,0.001399,-1.018069,-89.887841,-89.891842
down_2,6.740000,0.001402,-1.019625,-89.889674,-89.891842
down_2,6.750000,0.001406,-1.021181,-89.889802,-90.124048
down_2,6.760000,0.001409,-1.022737,-89.887729,-90.124048
down_2,6.770000,0.001410,-1.024294,-89.887636,-89.432889
down_2,6.780000,0.001411,-1.025850,-89.895218,-89.432889
down_2,6.790000,0.001414,-1.027408,-89.902455,-89.978393
down_2,6.800000,0.001418,-1.028964,-89.903463,-89.978393
down_2,6.810000,0.001419,-1.030520,-89.905741,-89.640073
down_2,6.820000,0.001421,-1.032077,-89.911556,-89.640073
down_2,6.830000,0.001423,-1.033633,-89.917507,-89.635861
down_2,6.840000,0.001425,-1.035190,-89.923488,-89.635861
down_2,6.850000,0.001428,-1.036747,-89.927451,-90.450728
down_2,6.860000,0.001433,-1.038304,-89.923116,-90.450728
down_2,6.870000,0.001435,-1.039860,-89.915444,-90.482174
down_2,6.880000,0.001437,-1.041418,-89.907511,-90.482174
down_2,6.890000,0.001438,-1.042975,-89.901593,-89.271549
down_2,6.900000,0.001438,-1.044532,-89.904257,-89.271549
down_2,6.910000,0.001438,-1.046088,-89.914904,-89.277122
down_2,6.920000,0.001440,-1.047646,-89.926705,-89.277122
down_2,6.930000,0.001443,-1.049204,-89.936505,-89.970602
down_2,6.940000,0.001447,-1.050761,-89.938708,-89.970602
down_2,6.950000,0.001447,-1.052317,-89.941194,-89.052788
down_2,6.960000,0.001445,-1.053874,-89.952261,-89.052788
down_2,6.970000,0.001447,-1.055432,-89.965605,-90.361097
down_2,6.980000,0.001451,-1.056990,-89.970491,-90.361097
down_2,6.990000,0.001454,-1.058547,-89.966139,-90.511897
down_2,7.000000,0.001456,-1.060104,-89.957819,-90.511897
down_2,7.010000,0.001457,-1.061661,-89.948594,-90.602363
down_2,7.020000,0.001459,-1.063218,-89.938718,-90.602363
down_2,7.030000,0.001459,-1.064776,-89.930851,-89.601945
down_2,7.040000,0.001458,-1.066333,-89.931557,-89.601945
down_2,7.050000,0.001460,-1.067890,-89.935845,-90.287063
down_2,7.060000,0.001463,-1.069446,-89.932752,-90.287063
down_2,7.070000,0.001464,-1.071003,-89.929531,-90.086905
down_2,7.080000,0.001466,-1.072559,-89.928000,-90.086905
down_2,7.090000,0.001468,-1.074115,-89.925862,-90.156686
down_2,7.100000,0.001470,-1.075671,-89.923229,-90.156686
down_2,7.110000,0.001470,-1.077228,-89.922521,-89.834977
down_2,7.120000,0.001472,-1.078784,-89.925170,-89.834977
down_2,7.130000,0.001475,-1.080340,-89.925892,-90.295265
down_2,7.140000,0.001478,-1.081896,-89.921292,-90.295265
down_2,7.150000,0.001479,-1.083453,-89.918110,-90.052057
down_2,7.160000,0.001481,-1.085009,-89.917131,-90.052057
down_2,7.170000,0.001483,-1.086565,-89.915050,-90.194222
down_2,7.180000,0.001485,-1.088121,-89.911815,-90.194222
down_2,7.190000,0.001488,-1.089678,-89.908365,-90.214784
down_2,7.200000,0.001490,-1.091234,-89.904779,-90.214784
down_2,7.210000,0.001491,-1.092791,-89.903211,-88.599612
down_2,7.220000,0.001490,-1.094347,-89.910286,-88.599612
down_2,7.230000,0.001492,-1.095905,-89.922705,-90.101888
down_2,7.240000,0.001497,-1.097462,-89.927313,-90.101888
down_2,7.250000,0.001501,-1.099019,-89.923987,-90.455433
down_2,7.260000,0.001503,-1.100575,-89.916603,-90.455433
down_2,7.270000,0.001504,-1.102133,-89.911124,-88.865248
down_2,7.280000,0.001503,-1.103689,-89.914229,-88.865248
down_2,7.290000,0.001505,-1.105246,-89.922733,-90.804567
down_2,7.300000,0.001510,-1.106804,-89.923422,-90.804567
down_2,7.310000,0.001514,-1.108360,-89.916252,-90.505161
down_2,7.320000,0.001516,-1.109917,-89.907956,-90.505161
down_2,7.330000,0.001517,-1.111475,-89.901598,-90.170772
down_2,7.340000,0.001519,-1.113031,-89.898634,-90.170772
down_2,7.350000,0.001522,-1.114587,-89.894229,-90.377945
down_2,7.360000,0.001525,-1.116144,-89.888015,-90.377945
down_2,7.370000,0.001526,-1.117701,-89.883790,-89.494726
down_2,7.380000,0.001526,-1.119258,-89.888053,-89.494726
down_2,7.390000,0.001530,-1.120815,-89.894218,-89.989724
down_2,7.400000,0.001534,-1.122371,-89.894806,-89.989724
down_2,7.410000,0.001536,-1.123927,-89.894610,-90.026954
down_2,7.420000,0.001539,-1.125483,-89.894117,-90.026954
down_2,7.430000,0.001540,-1.127039,-89.895617,-89.533556
down_2,7.440000,0.001541,-1.128596,-89.902853,-89.533556
down_2,7.450000,0.001545,-1.130153,-89.908470,-91.026466
down_2,7.460000,0.001550,-1.131709,-89.905506,-91.026466
down_2,7.470000,0.001553,-1.133267,-89.897145,-89.385004
down_2,7.480000,0.001553,-1.134824,-89.896598,-89.385004
down_2,7.490000,0.001555,-1.136380,-89.901414,-89.956577
down_2,7.500000,0.001558,-1.137937,-89.902354,-89.956577
down_2,7.510000,0.001560,-1.139493,-89.902712,-89.995251
down_2,7.520000,0.001563,-1.141048,-89.902772,-89.995251
down_2,7.530000,0.001564,-1.142604,-89.904805,-89.397181
down_2,7.540000,0.001564,-1.144161,-89.913727,-89.397181
down_2,7.550000,0.001568,-1.145719,-89.921560,-90.706802
down_2,7.560000,0.001572,-1.147276,-89.920831,-90.706802
down_2,7.570000,0.001575,-1.148832,-89.914081,-90.368831
down_2,7.580000,0.001577,-1.150389,-89.907976,-90.368831
down_2,7.590000,0.001578,-1.151946,-89.903902,-89.807246
down_2,7.600000,0.001579,-1.153503,-89.906335,-89.807246
down_2,7.610000,0.001580,-1.155059,-89.910974,-89.615257
down_2,7.620000,0.001582,-1.156615,-89.917262,-89.615257
down_2,7.630000,0.001586,-1.158173,-89.921559,-90.271121
down_2,7.640000,0.001590,-1.159729,-89.918481,-90.271121
down_2,7.650000,0.001591,-1.161286,-89.914922,-90.166870
down_2,7.660000,0.001593,-1.162842,-89.912106,-90.166870
down_2,7.670000,0.001596,-1.164398,-89.909048,-90.192829
down_2,7.680000,0.001598,-1.165954,-89.905820,-90.192829
down_2,7.690000,0.001600,-1.167511,-89.902848,-90.165801
down_2,7.700000,0.001602,-1.169067,-89.900054,-90.165801
down_2,7.710000,0.001606,-1.170623,-89.895795,-90.359904
down_2,7.720000,0.001608,-1.172180,-89.889872,-90.359904
down_2,7.730000,0.001610,-1.173737,-89.885940,-89.706757
down_2,7.740000,0.001611,-1.175293,-89.889363,-89.706757
down_2,7.750000,0.001614,-1.176850,-89.892493,-89.940673
down_2,7.760000,0.001617,-1.178406,-89.893541,-89.940673
down_2,7.770000,0.001619,-1.179962,-89.895335,-89.849941
down_2,7.780000,0.001621,-1.181518,-89.897821,-89.849941
down_2,7.790000,0.001625,-1.183074,-89.898294,-90.650057
down_2,7.800000,0.001630,-1.184630,-89.890476,-90.650057
down_2,7.810000,0.001632,-1.186188,-89.881870,-89.681401
down_2,7.820000,0.001632,-1.187745,-89.881785,-89.681401
down_2,7.830000,0.001634,-1.189302,-89.887696,-89.586987
down_2,7.840000,0.001636,-1.190858,-89.894455,-89.586987
down_2,7.850000,0.001638,-1.192415,-89.902211,-89.475584
down_2,7.860000,0.001640,-1.193973,-89.910786,-89.475584
down_2,7.870000,0.001644,-1.195530,-89.917429,-89.805406
down_2,7.880000,0.001646,-1.197086,-89.920741,-89.805406
down_2,7.890000,0.001647,-1.198643,-89.925366,-89.625494
down_2,7.900000,0.001649,-1.200199,-89.931495,-89.625494
down_2,7.910000,0.001649,-1.201756,-89.939666,-89.164059
down_2,7.920000,0.001650,-1.203314,-89.953050,-89.164059
down_2,7.930000,0.001652,-1.204872,-89.964691,-90.682337
down_2,7.940000,0.001656,-1.206430,-89.967767,-90.682337
down_2,7.950000,0.001658,-1.207986,-89.963048,-90.353500
down_2,7.960000,0.001659,-1.209543,-89.957228,-90.353500
down_2,7.970000,0.001661,-1.211099,-89.950792,-90.417252
down_2,7.980000,0.001662,-1.212656,-89.943924,-90.417252
down_2,7.990000,0.001665,-1.214213,-89.935031,-90.827922
down_2,8.000000,0.001667,-1.215771,-89.921653,-90.827922
horizontal_3,0.000000,0.000000,0.000000,-1.450859,-0.944300
horizontal_3,0.010000,0.000008,-0.000015,-1.412760,-0.944300
horizontal_3,0.020000,0.000053,-0.000031,-1.383921,-0.944300
horizontal_3,0.030000,0.000138,-0.000048,-1.359439,-1.789747
horizontal_3,0.040000,0.000263,-0.000072,-1.329792,-1.789747
horizontal_3,0.050000,0.000428,-0.000101,-1.302703,-1.037987
horizontal_3,0.060000,0.000633,-0.000132,-1.284054,-1.037987
horizontal_3,0.070000,0.000877,-0.000166,-1.266678,-1.076975
horizontal_3,0.080000,0.001162,-0.000205,-1.249062,-1.076975
horizontal_3,0.090000,0.001487,-0.000249,-1.233387,-0.822878
horizontal_3,0.100000,0.001853,-0.000298,-1.219519,-0.822878
horizontal_3,0.110000,0.002258,-0.000352,-1.207480,-0.544960
horizontal_3,0.120000,0.002703,-0.000411,-1.197362,-0.544960
horizontal_3,0.130000,0.003188,-0.000475,-1.185056,-0.824377
horizontal_3,0.140000,0.003713,-0.000545,-1.170429,-0.824377
horizontal_3,0.150000,0.004278,-0.000619,-1.153377,-1.506853
horizontal_3,0.160000,0.004883,-0.000698,-1.129202,-1.506853
horizontal_3,0.170000,0.005529,-0.000784,-1.103386,-1.559217
horizontal_3,0.180000,0.006214,-0.000874,-1.077130,-1.559217
horizontal_3,0.190000,0.006939,-0.000970,-1.052893,-0.545217
horizontal_3,0.200000,0.007704,-0.001072,-1.036601,-0.545217
horizontal_3,0.210000,0.008508,-0.001176,-1.022596,-1.204055
horizontal_3,0.220000,0.009352,-0.001284,-1.001702,-1.204055
horizontal_3,0.230000,0.010237,-0.001400,-0.981957,-0.680389
horizontal_3,0.240000,0.011161,-0.001520,-0.967416,-0.680389
horizontal_3,0.250000,0.012124,-0.001642,-0.950741,-1.435937
horizontal_3,0.260000,0.013129,-0.001770,-0.926458,-1.435937
horizontal_3,0.270000,0.014173,-0.001903,-0.899381,-1.546108
horizontal_3,0.280000,0.015257,-0.002042,-0.871475,-1.546108
horizontal_3,0.290000,0.016382,-0.002185,-0.841806,-1.750768
horizontal_3,0.300000,0.017546,-0.002333,-0.810502,-1.750768
horizontal_3,0.310000,0.018751,-0.002486,-0.781113,-0.787814
horizontal_3,0.320000,0.019994,-0.002645,-0.759580,-0.787814
horizontal_3,0.330000,0.021278,-0.002808,-0.744039,-0.118456
horizontal_3,0.340000,0.022601,-0.002975,-0.735176,-0.118456
horizontal_3,0.350000,0.023963,-0.003142,-0.725058,-0.712292
horizontal_3,0.360000,0.025366,-0.003313,-0.708607,-0.712292
horizontal_3,0.370000,0.026810,-0.003490,-0.689346,-1.451479
horizontal_3,0.380000,0.028293,-0.003671,-0.662600,-1.451479
horizontal_3,0.390000,0.029793,-0.003856,-0.632103,-1.812764
horizontal_3,0.400000,0.031293,-0.004041,-0.598275,-1.812764
horizontal_3,0.410000,0.032794,-0.004228,-0.566454,-0.696536
horizontal_3,0.420000,0.034294,-0.004415,-0.542661,-0.696536
horizontal_3,0.430000,0.035793,-0.004598,-0.522939,-1.273936
horizontal_3,0.440000,0.037293,-0.004779,-0.497567,-1.273936
horizontal_3,0.450000,0.038793,-0.004962,-0.473750,-0.590049
horizontal_3,0.460000,0.040293,-0.005146,-0.456874,-0.590049
horizontal_3,0.470000,0.041793,-0.005328,-0.443199,-0.102133
horizontal_3,0.480000,0.043292,-0.005510,-0.434533,-0.102133
horizontal_3,0.490000,0.044791,-0.005687,-0.423996,-1.074818
horizontal_3,0.500000,0.046291,-0.005863,-0.405447,-1.074818
horizontal_3,0.510000,0.047791,-0.006042,-0.384647,-0.558751
horizontal_3,0.520000,0.049291,-0.006222,-0.369135,-0.558751
horizontal_3,0.530000,0.050791,-0.006402,-0.355933,0.175554
horizontal_3,0.540000,0.052290,-0.006583,-0.350010,0.175554
horizontal_3,0.550000,0.053789,-0.006759,-0.343581,-0.498185
horizontal_3,0.560000,0.055289,-0.006932,-0.330312,-0.498185
horizontal_3,0.570000,0.056789,-0.007108,-0.315851,-0.510115
horizontal_3,0.580000,0.058288,-0.007284,-0.301319,-0.510115
horizontal_3,0.590000,0.059788,-0.007458,-0.284737,-0.965136
horizontal_3,0.600000,0.061289,-0.007633,-0.263563,-0.965136
horizontal_3,0.610000,0.062789,-0.007809,-0.243825,-0.758644
horizontal_3,0.620000,0.064289,-0.007984,-0.225592,-0.758644
horizontal_3,0.630000,0.065790,-0.008160,-0.209426,-0.251166
horizontal_3,0.640000,0.067289,-0.008335,-0.198501,-0.251166
horizontal_3,0.650000,0.068789,-0.008507,-0.185754,-1.218827
horizontal_3,0.660000,0.070290,-0.008676,-0.164999,-1.218827
horizontal_3,0.670000,0.071791,-0.008850,-0.142061,-0.098465
horizontal_3,0.680000,0.073291,-0.009026,-0.127094,-0.098465
horizontal_3,0.690000,0.074791,-0.009198,-0.116255,-0.471338
horizontal_3,0.700000,0.076291,-0.009368,-0.102339,-0.471338
horizontal_3,0.710000,0.077791,-0.009539,-0.088707,-0.437206
horizontal_3,0.720000,0.079292,-0.009709,-0.075256,-0.437206
horizontal_3,0.730000,0.080792,-0.009880,-0.063865,0.247855
horizontal_3,0.740000,0.082291,-0.010053,-0.059421,0.247855
horizontal_3,0.750000,0.083791,-0.010224,-0.057066,0.355179
horizontal_3,0.760000,0.085291,-0.010393,-0.055369,0.355179
horizontal_3,0.770000,0.086790,-0.010561,-0.051751,0.043946
horizontal_3,0.780000,0.088290,-0.010729,-0.045470,0.043946
horizontal_3,0.790000,0.089790,-0.010897,-0.038750,0.000317
horizontal_3,0.800000,0.091290,-0.011066,-0.031795,0.000317
horizontal_3,0.810000,0.092790,-0.011236,-0.026898,0.904189
horizontal_3,0.820000,0.094289,-0.011409,-0.029940,0.904189
horizontal_3,0.830000,0.095788,-0.011578,-0.034305,-0.301122
horizontal_3,0.840000,0.097288,-0.011743,-0.030676,-0.301122
horizontal_3,0.850000,0.098788,-0.011907,-0.018559,-0.741284
horizontal_3,0.860000,0.100289,-0.012074,-0.000818,-0.741284
horizontal_3,0.870000,0.101789,-0.012244,0.015086,0.270326
horizontal_3,0.880000,0.103290,-0.012416,0.022965,0.270326
horizontal_3,0.890000,0.104789,-0.012586,0.025284,0.351905
horizontal_3,0.900000,0.106289,-0.012753,0.027032,0.351905
horizontal_3,0.910000,0.107789,-0.012918,0.030827,-0.069036
horizontal_3,0.920000,0.109289,-0.013083,0.038735,-0.069036
horizontal_3,0.930000,0.110789,-0.013252,0.044804,0.234122
horizontal_3,0.940000,0.112289,-0.013419,0.048319,0.234122
horizontal_3,0.950000,0.113789,-0.013587,0.049750,0.810775
horizontal_3,0.960000,0.115288,-0.013757,0.045177,0.810775
horizontal_3,0.970000,0.116787,-0.013922,0.042165,-1.123270
horizontal_3,0.980000,0.118287,-0.014085,0.047178,-1.123270
horizontal_3,0.990000,0.119788,-0.014248,0.060382,-0.589810
horizontal_3,1.000000,0.121288,-0.014414,0.076075,-0.589810
horizontal_3,1.010000,0.122789,-0.014581,0.089731,0.232211
horizontal_3,1.020000,0.124289,-0.014751,0.095682,0.232211
horizontal_3,1.030000,0.125789,-0.014915,0.101282,-0.295264
horizontal_3,1.040000,0.127290,-0.015078,0.112325,-0.295264
horizontal_3,1.050000,0.128790,-0.015245,0.121605,0.762072
horizontal_3,1.060000,0.130290,-0.015414,0.122865,0.762072
horizontal_3,1.070000,0.131790,-0.015580,0.120549,0.483081
horizontal_3,1.080000,0.133289,-0.015744,0.120327,0.483081
horizontal_3,1.090000,0.134789,-0.015907,0.122173,0.066614
horizontal_3,1.100000,0.136289,-0.016070,0.128073,0.066614
horizontal_3,1.110000,0.137790,-0.016233,0.135309,-0.088581
horizontal_3,1.120000,0.139290,-0.016396,0.143575,-0.088581
horizontal_3,1.130000,0.140790,-0.016559,0.153170,-0.252215
horizontal_3,1.140000,0.142291,-0.016722,0.163865,-0.252215
horizontal_3,1.150000,0.143791,-0.016888,0.172510,0.722327
horizontal_3,1.160000,0.145291,-0.017056,0.173132,0.722327
horizontal_3,1.170000,0.146791,-0.017219,0.171498,-0.441597
horizontal_3,1.180000,0.148291,-0.017379,0.177824,-0.441597
horizontal_3,1.190000,0.149792,-0.017540,0.189554,-0.303484
horizontal_3,1.200000,0.151293,-0.017702,0.201018,-0.303484
horizontal_3,1.210000,0.152793,-0.017865,0.212104,-0.263539
horizontal_3,1.220000,0.154294,-0.018027,0.222977,-0.263539
horizontal_3,1.230000,0.155795,-0.018191,0.231830,0.096921
horizontal_3,1.240000,0.157295,-0.018354,0.237397,0.096921
horizontal_3,1.250000,0.158795,-0.018517,0.240865,1.263939
horizontal_3,1.260000,0.160295,-0.018683,0.236308,1.263939
horizontal_3,1.270000,0.161794,-0.018847,0.227362,-0.349525
horizontal_3,1.280000,0.163294,-0.019006,0.225970,-0.349525
horizontal_3,1.290000,0.164794,-0.019167,0.228959,1.070333
horizontal_3,1.300000,0.166294,-0.019333,0.224395,1.070333
horizontal_3,1.310000,0.167793,-0.019495,0.217591,0.386701
horizontal_3,1.320000,0.169293,-0.019655,0.217671,0.386701
horizontal_3,1.330000,0.170793,-0.019818,0.217507,0.559548
horizontal_3,1.340000,0.172293,-0.019980,0.216174,0.559548
horizontal_3,1.350000,0.173793,-0.020141,0.216886,-0.225024
horizontal_3,1.360000,0.175294,-0.020299,0.225145,-0.225024
horizontal_3,1.370000,0.176794,-0.020460,0.235544,-0.237259
horizontal_3,1.380000,0.178295,-0.020621,0.246023,-0.237259
horizontal_3,1.390000,0.179796,-0.020784,0.254974,-0.034739
horizontal_3,1.400000,0.181296,-0.020945,0.262464,-0.034739
horizontal_3,1.410000,0.182797,-0.021104,0.271995,-0.645848
horizontal_3,1.420000,0.184298,-0.021263,0.287853,-0.645848
horizontal_3,1.430000,0.185799,-0.021425,0.302335,-0.114480
horizontal_3,1.440000,0.187300,-0.021587,0.311311,-0.114480
horizontal_3,1.450000,0.188800,-0.021749,0.317920,0.703332
horizontal_3,1.460000,0.190300,-0.021913,0.316834,0.703332
horizontal_3,1.470000,0.191800,-0.022072,0.314749,0.532829
horizontal_3,1.480000,0.193300,-0.022232,0.313798,0.532829
horizontal_3,1.490000,0.194800,-0.022393,0.310797,0.955761
horizontal_3,1.500000,0.196300,-0.022554,0.303655,0.955761
horizontal_3,1.510000,0.197800,-0.022713,0.298490,-0.914606
horizontal_3,1.520000,0.199300,-0.022870,0.301354,-0.914606
horizontal_3,1.530000,0.200801,-0.023029,0.308599,0.531888
horizontal_3,1.540000,0.202301,-0.023192,0.309125,0.531888
horizontal_3,1.550000,0.203801,-0.023351,0.309529,0.368404
horizontal_3,1.560000,0.205301,-0.023511,0.311017,0.368404
horizontal_3,1.570000,0.206801,-0.023671,0.311155,0.537488
horizontal_3,1.580000,0.208301,-0.023831,0.310150,0.537488
horizontal_3,1.590000,0.209802,-0.023989,0.311191,-0.009521
horizontal_3,1.600000,0.211302,-0.024146,0.317920,-0.009521
horizontal_3,1.610000,0.212803,-0.024307,0.323098,0.296231
horizontal_3,1.620000,0.214303,-0.024467,0.325693,0.296231
horizontal_3,1.630000,0.215803,-0.024626,0.329088,0.203309
horizontal_3,1.640000,0.217304,-0.024784,0.333028,0.203309
horizontal_3,1.650000,0.218804,-0.024941,0.339007,-0.175672
horizontal_3,1.660000,0.220305,-0.025099,0.348524,-0.175672
horizontal_3,1.670000,0.221806,-0.025258,0.356868,-0.027509
horizontal_3,1.680000,0.223307,-0.025417,0.364246,-0.027509
horizontal_3,1.690000,0.224807,-0.025574,0.372202,-0.090287
horizontal_3,1.700000,0.226308,-0.025732,0.380500,-0.090287
horizontal_3,1.710000,0.227809,-0.025892,0.386742,0.671488
horizontal_3,1.720000,0.229309,-0.026054,0.385559,0.671488
horizontal_3,1.730000,0.230809,-0.026210,0.384630,-0.194970
horizontal_3,1.740000,0.232310,-0.026364,0.391542,-0.194970
horizontal_3,1.750000,0.233811,-0.026523,0.399310,0.835782
horizontal_3,1.760000,0.235311,-0.026685,0.399081,0.835782
horizontal_3,1.770000,0.236811,-0.026843,0.395680,0.528851
horizontal_3,1.780000,0.238311,-0.027000,0.394775,0.528851
horizontal_3,1.790000,0.239811,-0.027159,0.391868,0.892270
horizontal_3,1.800000,0.241311,-0.027318,0.385633,0.892270
horizontal_3,1.810000,0.242811,-0.027478,0.377830,1.094381
horizontal_3,1.820000,0.244310,-0.027637,0.368564,1.094381
horizontal_3,1.830000,0.245810,-0.027794,0.361342,0.614272
horizontal_3,1.840000,0.247310,-0.027951,0.359027,0.614272
horizontal_3,1.850000,0.248810,-0.028108,0.358710,0.336974
horizontal_3,1.860000,0.250311,-0.028266,0.360654,0.336974
horizontal_3,1.870000,0.251811,-0.028422,0.364663,-0.058384
horizontal_3,1.880000,0.253312,-0.028579,0.372433,-0.058384
horizontal_3,1.890000,0.254813,-0.028739,0.378222,0.318830
horizontal_3,1.900000,0.256313,-0.028898,0.380505,0.318830
horizontal_3,1.910000,0.257813,-0.029058,0.380681,0.813685
horizontal_3,1.920000,0.259313,-0.029218,0.375772,0.813685
horizontal_3,1.930000,0.260813,-0.029375,0.372713,0.417203
horizontal_3,1.940000,0.262314,-0.029531,0.373431,0.417203
horizontal_3,1.950000,0.263814,-0.029688,0.376255,-0.004132
horizontal_3,1.960000,0.265315,-0.029844,0.383199,-0.004132
horizontal_3,1.970000,0.266815,-0.030003,0.388160,0.674248
horizontal_3,1.980000,0.268315,-0.030164,0.386233,0.674248
horizontal_3,1.990000,0.269816,-0.030321,0.385196,0.332546
horizontal_3,2.000000,0.271316,-0.030478,0.387192,0.332546
horizontal_3,2.010000,0.272816,-0.030634,0.390985,0.075063
horizontal_3,2.020000,0.274317,-0.030790,0.396814,0.075063
horizontal_3,2.030000,0.275818,-0.030949,0.400601,1.057749
horizontal_3,2.040000,0.277318,-0.031111,0.396369,1.057749
horizontal_3,2.050000,0.278817,-0.031269,0.389763,-0.090603
horizontal_3,2.060000,0.280318,-0.031423,0.391115,-0.090603
horizontal_3,2.070000,0.281818,-0.031580,0.396848,0.352431
horizontal_3,2.080000,0.283319,-0.031739,0.398672,0.352431
horizontal_3,2.090000,0.284819,-0.031895,0.402333,0.042602
horizontal_3,2.100000,0.286320,-0.032051,0.408635,0.042602
horizontal_3,2.110000,0.287821,-0.032208,0.414438,0.097861
horizontal_3,2.120000,0.289321,-0.032365,0.419950,0.097861
horizontal_3,2.130000,0.290822,-0.032524,0.423401,0.807155
horizontal_3,2.140000,0.292322,-0.032684,0.419745,0.807155
horizontal_3,2.150000,0.293822,-0.032841,0.415206,0.758231
horizontal_3,2.160000,0.295322,-0.032999,0.410917,0.758231
horizontal_3,2.170000,0.296822,-0.033154,0.408682,-0.212563
horizontal_3,2.180000,0.298323,-0.033307,0.414471,-0.212563
horizontal_3,2.190000,0.299824,-0.033465,0.422466,1.129696
horizontal_3,2.200000,0.301324,-0.033626,0.422497,1.129696
horizontal_3,2.210000,0.302824,-0.033784,0.418149,0.099932
horizontal_3,2.220000,0.304325,-0.033938,0.421073,0.099932
horizontal_3,2.230000,0.305825,-0.034096,0.424471,1.013108
horizontal_3,2.240000,0.307325,-0.034257,0.419931,1.013108
horizontal_3,2.250000,0.308825,-0.034414,0.413954,0.404918
horizontal_3,2.260000,0.310326,-0.034569,0.414248,0.404918
horizontal_3,2.270000,0.311826,-0.034724,0.417097,0.105455
horizontal_3,2.280000,0.313327,-0.034879,0.422468,0.105455
horizontal_3,2.290000,0.314827,-0.035037,0.426997,0.203185
horizontal_3,2.300000,0.316328,-0.035193,0.430948,0.203185
horizontal_3,2.310000,0.317828,-0.035350,0.433908,0.316151
horizontal_3,2.320000,0.319329,-0.035507,0.436184,0.316151
horizontal_3,2.330000,0.320830,-0.035661,0.440510,-0.307742
horizontal_3,2.340000,0.322331,-0.035815,0.451285,-0.307742
horizontal_3,2.350000,0.323832,-0.035972,0.460746,0.301734
horizontal_3,2.360000,0.325332,-0.036131,0.463904,0.301734
horizontal_3,2.370000,0.326833,-0.036289,0.464341,1.175660
horizontal_3,2.380000,0.328333,-0.036449,0.456897,1.175660
horizontal_3,2.390000,0.329832,-0.036605,0.448498,0.383867
horizontal_3,2.400000,0.331333,-0.036758,0.447658,0.383867
horizontal_3,2.410000,0.332833,-0.036912,0.450963,-0.202900
horizontal_3,2.420000,0.334334,-0.037065,0.460383,-0.202900
horizontal_3,2.430000,0.335835,-0.037222,0.468289,0.452742
horizontal_3,2.440000,0.337336,-0.037381,0.469492,0.452742
horizontal_3,2.450000,0.338836,-0.037537,0.469381,0.491520
horizontal_3,2.460000,0.340337,-0.037693,0.469052,0.491520
horizontal_3,2.470000,0.341837,-0.037847,0.470399,0.258465
horizontal_3,2.480000,0.343338,-0.038002,0.473511,0.258465
horizontal_3,2.490000,0.344838,-0.038159,0.474579,0.749891
horizontal_3,2.500000,0.346338,-0.038316,0.470609,0.749891
horizontal_3,2.510000,0.347839,-0.038471,0.468502,0.228989
horizontal_3,2.520000,0.349339,-0.038624,0.471797,0.228989
horizontal_3,2.530000,0.350840,-0.038781,0.473298,0.903994
horizontal_3,2.540000,0.352340,-0.038940,0.467938,0.903994
horizontal_3,2.550000,0.353840,-0.039095,0.463550,-0.291784
horizontal_3,2.560000,0.355340,-0.039247,0.467181,-0.291784
horizontal_3,2.570000,0.356841,-0.039401,0.475194,1.334023
horizontal_3,2.580000,0.358342,-0.039561,0.475657,1.334023
horizontal_3,2.590000,0.359842,-0.039718,0.471745,0.134462
horizontal_3,2.600000,0.361343,-0.039870,0.474826,0.134462
horizontal_3,2.610000,0.362843,-0.040027,0.477719,0.661608
horizontal_3,2.620000,0.364343,-0.040185,0.475162,0.661608
horizontal_3,2.630000,0.365844,-0.040342,0.470257,1.088138
horizontal_3,2.640000,0.367343,-0.040500,0.461155,1.088138
horizontal_3,2.650000,0.368843,-0.040655,0.454028,0.199038
horizontal_3,2.660000,0.370344,-0.040807,0.454812,0.199038
horizontal_3,2.670000,0.371844,-0.040964,0.456731,0.829199
horizontal_3,2.680000,0.373344,-0.041123,0.452173,0.829199
horizontal_3,2.690000,0.374844,-0.041278,0.448892,0.226078
horizontal_3,2.700000,0.376345,-0.041432,0.451865,0.226078
horizontal_3,2.710000,0.377846,-0.041585,0.457520,-0.248285
horizontal_3,2.720000,0.379347,-0.041739,0.468011,-0.248285
horizontal_3,2.730000,0.380848,-0.041896,0.476594,1.188317
horizontal_3,2.740000,0.382348,-0.042056,0.477158,1.188317
horizontal_3,2.750000,0.383848,-0.042215,0.470654,0.966222
horizontal_3,2.760000,0.385348,-0.042372,0.463288,0.966222
horizontal_3,2.770000,0.386848,-0.042526,0.457968,0.215703
horizontal_3,2.780000,0.388349,-0.042679,0.460025,0.215703
horizontal_3,2.790000,0.389849,-0.042836,0.462105,0.445465
horizontal_3,2.800000,0.391350,-0.042992,0.462472,0.445465
horizontal_3,2.810000,0.392850,-0.043146,0.464879,-0.032820
horizontal_3,2.820000,0.394351,-0.043299,0.472166,-0.032820
horizontal_3,2.830000,0.395852,-0.043456,0.477551,0.771775
horizontal_3,2.840000,0.397352,-0.043616,0.475302,0.771775
horizontal_3,2.850000,0.398852,-0.043771,0.472293,0.583016
horizontal_3,2.860000,0.400353,-0.043926,0.470597,0.583016
horizontal_3,2.870000,0.401853,-0.044081,0.470621,0.340206
horizontal_3,2.880000,0.403354,-0.044235,0.472521,0.340206
horizontal_3,2.890000,0.404854,-0.044392,0.473090,0.507386
horizontal_3,2.900000,0.406354,-0.044547,0.472532,0.507386
horizontal_3,2.910000,0.407855,-0.044701,0.474020,-0.292361
horizontal_3,2.920000,0.409356,-0.044853,0.483128,-0.292361
horizontal_3,2.930000,0.410857,-0.045009,0.492350,0.830550
horizontal_3,2.940000,0.412358,-0.045169,0.493567,0.830550
horizontal_3,2.950000,0.413858,-0.045325,0.490655,0.321084
horizontal_3,2.960000,0.415358,-0.045478,0.492625,0.321084
horizontal_3,2.970000,0.416859,-0.045634,0.492761,0.823860
horizontal_3,2.980000,0.418359,-0.045792,0.487720,0.823860
horizontal_3,2.990000,0.419859,-0.045946,0.484516,0.050184
horizontal_3,3.000000,0.421360,-0.046097,0.488802,0.050184
horizontal_3,3.010000,0.422861,-0.046253,0.492943,1.003351
horizontal_3,3.020000,0.424361,-0.046413,0.489099,1.003351
horizontal_3,3.030000,0.425861,-0.046568,0.483284,-0.085068
horizontal_3,3.040000,0.427361,-0.046720,0.485444,-0.085068
horizontal_3,3.050000,0.428862,-0.046874,0.491354,0.659325
horizontal_3,3.060000,0.430363,-0.047033,0.490178,0.659325
horizontal_3,3.070000,0.431863,-0.047189,0.487121,0.685975
horizontal_3,3.080000,0.433363,-0.047344,0.483906,0.685975
horizontal_3,3.090000,0.434863,-0.047499,0.482091,0.508711
horizontal_3,3.100000,0.436364,-0.047653,0.481497,0.508711
horizontal_3,3.110000,0.437864,-0.047807,0.482965,-0.236953
horizontal_3,3.120000,0.439365,-0.047958,0.491780,-0.236953
horizontal_3,3.130000,0.440866,-0.048114,0.500985,-0.083185
horizontal_3,3.140000,0.442367,-0.048269,0.509188,-0.083185
horizontal_3,3.150000,0.443868,-0.048425,0.515326,1.626585
horizontal_3,3.160000,0.445369,-0.048584,0.513441,1.626585
horizontal_3,3.170000,0.446869,-0.048740,0.507173,0.194411
horizontal_3,3.180000,0.448369,-0.048891,0.508292,0.194411
horizontal_3,3.190000,0.449870,-0.049043,0.514170,-0.079696
horizontal_3,3.200000,0.451371,-0.049196,0.522290,-0.079696
horizontal_3,3.210000,0.452872,-0.049352,0.528644,0.182964
horizontal_3,3.220000,0.454373,-0.049506,0.532911,0.182964
horizontal_3,3.230000,0.455873,-0.049662,0.535106,0.580213
horizontal_3,3.240000,0.457374,-0.049817,0.533519,0.580213
horizontal_3,3.250000,0.458874,-0.049971,0.532127,0.553577
horizontal_3,3.260000,0.460375,-0.050125,0.530874,0.553577
horizontal_3,3.270000,0.461875,-0.050281,0.527567,1.260377
horizontal_3,3.280000,0.463375,-0.050438,0.517164,1.260377
horizontal_3,3.290000,0.464875,-0.050592,0.507489,0.568033
horizontal_3,3.300000,0.466375,-0.050745,0.504811,0.568033
horizontal_3,3.310000,0.467875,-0.050901,0.501282,1.313711
horizontal_3,3.320000,0.469375,-0.051060,0.490411,1.313711
horizontal_3,3.330000,0.470875,-0.051215,0.479947,0.172752
horizontal_3,3.340000,0.472375,-0.051367,0.477501,0.172752
horizontal_3,3.350000,0.473875,-0.051521,0.479412,0.546336
horizontal_3,3.360000,0.475376,-0.051678,0.478311,0.546336
horizontal_3,3.370000,0.476876,-0.051831,0.479222,0.045727
horizontal_3,3.380000,0.478377,-0.051984,0.485291,0.045727
horizontal_3,3.390000,0.479878,-0.052141,0.489523,0.432876
horizontal_3,3.400000,0.481378,-0.052297,0.490118,0.432876
horizontal_3,3.410000,0.482879,-0.052454,0.488603,1.314333
horizontal_3,3.420000,0.484378,-0.052614,0.479196,1.314333
horizontal_3,3.430000,0.485878,-0.052769,0.468740,0.335293
horizontal_3,3.440000,0.487378,-0.052922,0.466285,0.335293
horizontal_3,3.450000,0.488879,-0.053074,0.469992,0.073077
horizontal_3,3.460000,0.490380,-0.053229,0.475847,0.073077
horizontal_3,3.470000,0.491881,-0.053385,0.481138,0.135588
horizontal_3,3.480000,0.493381,-0.053540,0.486091,0.135588
horizontal_3,3.490000,0.494882,-0.053696,0.489081,0.459952
horizontal_3,3.500000,0.496382,-0.053852,0.489252,0.459952
horizontal_3,3.510000,0.497883,-0.054005,0.491445,-0.134918
horizontal_3,3.520000,0.499384,-0.054158,0.499814,-0.134918
horizontal_3,3.530000,0.500885,-0.054314,0.506711,0.503540
horizontal_3,3.540000,0.502385,-0.054472,0.507043,0.503540
horizontal_3,3.550000,0.503886,-0.054626,0.507517,0.392373
horizontal_3,3.560000,0.505386,-0.054780,0.508653,0.392373
horizontal_3,3.570000,0.506887,-0.054933,0.511394,0.175598
horizontal_3,3.580000,0.508388,-0.055087,0.515736,0.175598
horizontal_3,3.590000,0.509889,-0.055243,0.518083,0.525160
horizontal_3,3.600000,0.511389,-0.055398,0.517293,0.525160
horizontal_3,3.610000,0.512889,-0.055554,0.514408,0.967485
horizontal_3,3.620000,0.514389,-0.055710,0.507112,0.967485
horizontal_3,3.630000,0.515889,-0.055864,0.501776,0.458752
horizontal_3,3.640000,0.517390,-0.056017,0.501700,0.458752
horizontal_3,3.650000,0.518890,-0.056173,0.499795,1.166372
horizontal_3,3.660000,0.520390,-0.056332,0.490794,1.166372
horizontal_3,3.670000,0.521890,-0.056488,0.480168,1.197302
horizontal_3,3.680000,0.523389,-0.056645,0.469367,1.197302
horizontal_3,3.690000,0.524889,-0.056800,0.460619,0.102525
horizontal_3,3.700000,0.526390,-0.056952,0.459900,0.102525
horizontal_3,3.710000,0.527890,-0.057107,0.463525,0.306329
horizontal_3,3.720000,0.529391,-0.057263,0.465950,0.306329
horizontal_3,3.730000,0.530891,-0.057418,0.468918,0.247939
horizontal_3,3.740000,0.532392,-0.057573,0.472198,0.247939
horizontal_3,3.750000,0.533892,-0.057730,0.473422,0.855733
horizontal_3,3.760000,0.535393,-0.057889,0.468352,0.855733
horizontal_3,3.770000,0.536893,-0.058044,0.464194,0.644794
horizontal_3,3.780000,0.538393,-0.058199,0.461579,0.644794
horizontal_3,3.790000,0.539893,-0.058354,0.461028,0.234664
horizontal_3,3.800000,0.541394,-0.058508,0.464443,0.234664
horizontal_3,3.810000,0.542894,-0.058665,0.465861,0.762664
horizontal_3,3.820000,0.544394,-0.058823,0.461809,0.762664
horizontal_3,3.830000,0.545895,-0.058978,0.459513,-0.061850
horizontal_3,3.840000,0.547395,-0.059130,0.464931,-0.061850
horizontal_3,3.850000,0.548896,-0.059285,0.471590,0.082950
horizontal_3,3.860000,0.550397,-0.059441,0.477326,0.082950
horizontal_3,3.870000,0.551898,-0.059598,0.480999,1.097382
horizontal_3,3.880000,0.553398,-0.059758,0.476650,1.097382
horizontal_3,3.890000,0.554898,-0.059914,0.469487,0.246336
horizontal_3,3.900000,0.556398,-0.060066,0.470039,0.246336
horizontal_3,3.910000,0.557899,-0.060220,0.473994,0.172885
horizontal_3,3.920000,0.559400,-0.060375,0.478385,0.172885
horizontal_3,3.930000,0.560900,-0.060529,0.484836,-0.243996
horizontal_3,3.940000,0.562402,-0.060682,0.495342,-0.243996
horizontal_3,3.950000,0.563903,-0.060839,0.503861,0.248165
horizontal_3,3.960000,0.565403,-0.060995,0.507338,0.248165
horizontal_3,3.970000,0.566904,-0.061150,0.510275,0.284924
horizontal_3,3.980000,0.568405,-0.061304,0.513012,0.284924
horizontal_3,3.990000,0.569905,-0.061461,0.513688,0.930420
horizontal_3,4.000000,0.571405,-0.061618,0.507734,0.930420
horizontal_3,4.010000,0.572905,-0.061775,0.499073,1.204581
horizontal_3,4.020000,0.574405,-0.061931,0.488181,1.204581
horizontal_3,4.030000,0.575905,-0.062086,0.478935,0.975447
horizontal_3,4.040000,0.577405,-0.062242,0.471413,0.975447
horizontal_3,4.050000,0.578905,-0.062397,0.465955,0.374001
horizontal_3,4.060000,0.580405,-0.062550,0.466743,0.374001
horizontal_3,4.070000,0.581906,-0.062705,0.468996,0.278745
horizontal_3,4.080000,0.583406,-0.062860,0.471817,0.278745
horizontal_3,4.090000,0.584907,-0.063014,0.475767,0.145033
horizontal_3,4.100000,0.586408,-0.063169,0.480569,0.145033
horizontal_3,4.110000,0.587908,-0.063322,0.487178,-0.121158
horizontal_3,4.120000,0.589409,-0.063477,0.495915,-0.121158
horizontal_3,4.130000,0.590910,-0.063633,0.502614,0.460228
horizontal_3,4.140000,0.592411,-0.063791,0.503271,0.460228
horizontal_3,4.150000,0.593912,-0.063944,0.505314,0.160317
horizontal_3,4.160000,0.595412,-0.064097,0.509873,0.160317
horizontal_3,4.170000,0.596913,-0.064250,0.516342,-0.133403
horizontal_3,4.180000,0.598414,-0.064403,0.525258,-0.133403
horizontal_3,4.190000,0.599915,-0.064559,0.532138,0.844095
horizontal_3,4.200000,0.601416,-0.064718,0.530998,0.844095
horizontal_3,4.210000,0.602916,-0.064875,0.523453,1.695309
horizontal_3,4.220000,0.604415,-0.065034,0.508025,1.695309
horizontal_3,4.230000,0.605915,-0.065189,0.491911,0.115484
horizontal_3,4.240000,0.607414,-0.065342,0.483804,0.115484
horizontal_3,4.250000,0.608915,-0.065497,0.480085,1.491472
horizontal_3,4.260000,0.610414,-0.065657,0.468840,1.491472
horizontal_3,4.270000,0.611914,-0.065813,0.455773,0.550130
horizontal_3,4.280000,0.613414,-0.065966,0.450659,0.550130
horizontal_3,4.290000,0.614914,-0.066123,0.447358,1.191098
horizontal_3,4.300000,0.616414,-0.066282,0.437501,1.191098
horizontal_3,4.310000,0.617913,-0.066438,0.428850,0.092377
horizontal_3,4.320000,0.619414,-0.066592,0.428223,0.092377
horizontal_3,4.330000,0.620914,-0.066748,0.431481,0.474583
horizontal_3,4.340000,0.622415,-0.066905,0.431449,0.474583
horizontal_3,4.350000,0.623915,-0.067064,0.429447,0.783882
horizontal_3,4.360000,0.625415,-0.067221,0.424804,0.783882
horizontal_3,4.370000,0.626915,-0.067377,0.422190,0.040948
horizontal_3,4.380000,0.628416,-0.067530,0.426911,0.040948
horizontal_3,4.390000,0.629916,-0.067685,0.433984,-0.040393
horizontal_3,4.400000,0.631417,-0.067841,0.441539,-0.040393
horizontal_3,4.410000,0.632918,-0.067996,0.450873,-0.299876
horizontal_3,4.420000,0.634419,-0.068151,0.462265,-0.299876
horizontal_3,4.430000,0.635920,-0.068308,0.471615,0.248769
horizontal_3,4.440000,0.637421,-0.068467,0.475269,0.248769
horizontal_3,4.450000,0.638922,-0.068622,0.478178,0.287729
horizontal_3,4.460000,0.640422,-0.068777,0.480873,0.287729
horizontal_3,4.470000,0.641923,-0.068934,0.481702,0.571202
horizontal_3,4.480000,0.643423,-0.069090,0.480212,0.571202
horizontal_3,4.490000,0.644923,-0.069247,0.476643,1.048295
horizontal_3,4.500000,0.646423,-0.069405,0.468209,1.048295
horizontal_3,4.510000,0.647923,-0.069560,0.461362,0.797235
horizontal_3,4.520000,0.649423,-0.069716,0.456481,0.797235
horizontal_3,4.530000,0.650923,-0.069870,0.453668,0.320985
horizontal_3,4.540000,0.652424,-0.070025,0.455714,0.320985
horizontal_3,4.550000,0.653924,-0.070178,0.459964,-0.236228
horizontal_3,4.560000,0.655425,-0.070332,0.470014,-0.236228
horizontal_3,4.570000,0.656926,-0.070489,0.478416,1.116248
horizontal_3,4.580000,0.658427,-0.070649,0.478801,1.116248
horizontal_3,4.590000,0.659927,-0.070805,0.474804,0.108955
horizontal_3,4.600000,0.661428,-0.070958,0.477960,0.108955
horizontal_3,4.610000,0.662928,-0.071114,0.481228,1.185387
horizontal_3,4.620000,0.664428,-0.071274,0.476491,1.185387
horizontal_3,4.630000,0.665928,-0.071430,0.468147,0.538280
horizontal_3,4.640000,0.667429,-0.071584,0.466230,0.538280
horizontal_3,4.650000,0.668929,-0.071738,0.467253,-0.578239
horizontal_3,4.660000,0.670430,-0.071889,0.476304,-0.578239
horizontal_3,4.670000,0.671931,-0.072044,0.489420,0.884698
horizontal_3,4.680000,0.673432,-0.072204,0.494874,0.884698
horizontal_3,4.690000,0.674932,-0.072363,0.492455,0.753406
horizontal_3,4.700000,0.676433,-0.072519,0.488256,0.753406
horizontal_3,4.710000,0.677933,-0.072672,0.486094,-0.089518
horizontal_3,4.720000,0.679434,-0.072824,0.491716,-0.089518
horizontal_3,4.730000,0.680935,-0.072979,0.498343,0.134106
horizontal_3,4.740000,0.682435,-0.073134,0.503328,0.134106
horizontal_3,4.750000,0.683936,-0.073290,0.506500,0.400405
horizontal_3,4.760000,0.685437,-0.073445,0.507542,0.400405
horizontal_3,4.770000,0.686937,-0.073601,0.506507,1.260951
horizontal_3,4.780000,0.688437,-0.073761,0.497629,1.260951
horizontal_3,4.790000,0.689937,-0.073915,0.487961,0.816305
horizontal_3,4.800000,0.691437,-0.074070,0.482716,0.816305
horizontal_3,4.810000,0.692937,-0.074226,0.476896,0.889461
horizontal_3,4.820000,0.694437,-0.074382,0.470663,0.889461
horizontal_3,4.830000,0.695937,-0.074536,0.466482,0.363665
horizontal_3,4.840000,0.697437,-0.074690,0.467760,0.363665
horizontal_3,4.850000,0.698938,-0.074844,0.470886,0.154458
horizontal_3,4.860000,0.700439,-0.074999,0.475542,0.154458
horizontal_3,4.870000,0.701939,-0.075156,0.478262,0.473906
horizontal_3,4.880000,0.703440,-0.075312,0.478224,0.473906
horizontal_3,4.890000,0.704940,-0.075466,0.479112,0.364783
horizontal_3,4.900000,0.706441,-0.075621,0.480657,0.364783
horizontal_3,4.910000,0.707941,-0.075776,0.482833,0.296850
horizontal_3,4.920000,0.709442,-0.075931,0.485387,0.296850
horizontal_3,4.930000,0.710943,-0.076085,0.488683,0.214924
horizontal_3,4.940000,0.712443,-0.076240,0.492451,0.214924
horizontal_3,4.950000,0.713944,-0.076396,0.494166,1.210997
horizontal_3,4.960000,0.715444,-0.076556,0.487859,1.210997
horizontal_3,4.970000,0.716944,-0.076712,0.478991,0.661743
horizontal_3,4.980000,0.718444,-0.076865,0.475757,0.661743
horizontal_3,4.990000,0.719944,-0.077019,0.474951,-0.108366
horizontal_3,5.000000,0.721445,-0.077171,0.481622,-0.108366
horizontal_3,5.010000,0.722946,-0.077327,0.488807,0.062390
horizontal_3,5.020000,0.724447,-0.077482,0.494851,0.062390
horizontal_3,5.030000,0.725948,-0.077638,0.498829,0.676097
horizontal_3,5.040000,0.727448,-0.077796,0.496457,0.676097
horizontal_3,5.050000,0.728948,-0.077952,0.492194,0.821588
horizontal_3,5.060000,0.730448,-0.078108,0.486972,0.821588
horizontal_3,5.070000,0.731948,-0.078265,0.479701,1.211606
horizontal_3,5.080000,0.733448,-0.078422,0.468738,1.211606
horizontal_3,5.090000,0.734948,-0.078577,0.459758,0.832303
horizontal_3,5.100000,0.736448,-0.078733,0.454325,0.832303
horizontal_3,5.110000,0.737948,-0.078890,0.448652,0.862379
horizontal_3,5.120000,0.739448,-0.079046,0.442819,0.862379
horizontal_3,5.130000,0.740948,-0.079201,0.439040,0.024055
horizontal_3,5.140000,0.742448,-0.079354,0.443030,0.024055
horizontal_3,5.150000,0.743949,-0.079511,0.447552,0.506755
horizontal_3,5.160000,0.745449,-0.079669,0.447168,0.506755
horizontal_3,5.170000,0.746950,-0.079826,0.445785,0.600188
horizontal_3,5.180000,0.748450,-0.079982,0.443845,0.600188
horizontal_3,5.190000,0.749950,-0.080139,0.441029,0.698898
horizontal_3,5.200000,0.751450,-0.080296,0.437624,0.698898
horizontal_3,5.210000,0.752950,-0.080452,0.434899,0.623915
horizontal_3,5.220000,0.754450,-0.080609,0.432601,0.623915
horizontal_3,5.230000,0.755951,-0.080764,0.432344,0.239043
horizontal_3,5.240000,0.757451,-0.080919,0.435709,0.239043
horizontal_3,5.250000,0.758952,-0.081076,0.437558,0.447961
horizontal_3,5.260000,0.760452,-0.081233,0.437887,0.447961
horizontal_3,5.270000,0.761953,-0.081389,0.438405,0.426681
horizontal_3,5.280000,0.763453,-0.081545,0.439035,0.426681
horizontal_3,5.290000,0.764953,-0.081700,0.440939,0.270024
horizontal_3,5.300000,0.766454,-0.081856,0.443886,0.270024
horizontal_3,5.310000,0.767954,-0.082012,0.446987,0.254520
horizontal_3,5.320000,0.769455,-0.082168,0.450171,0.254520
horizontal_3,5.330000,0.770956,-0.082322,0.454933,0.042751
horizontal_3,5.340000,0.772457,-0.082477,0.461246,0.042751
horizontal_3,5.350000,0.773957,-0.082631,0.469158,-0.170995
horizontal_3,5.360000,0.775458,-0.082786,0.478642,-0.170995
horizontal_3,5.370000,0.776959,-0.082942,0.486585,0.036124
horizontal_3,5.380000,0.778460,-0.083098,0.493024,0.036124
horizontal_3,5.390000,0.779961,-0.083251,0.500948,-0.160125
horizontal_3,5.400000,0.781462,-0.083405,0.510273,-0.160125
horizontal_3,5.410000,0.782963,-0.083561,0.517849,0.094620
horizontal_3,5.420000,0.784464,-0.083716,0.523426,0.094620
horizontal_3,5.430000,0.785965,-0.083871,0.527994,0.208001
horizontal_3,5.440000,0.787466,-0.084025,0.531875,0.208001
horizontal_3,5.450000,0.788967,-0.084180,0.534079,0.438743
horizontal_3,5.460000,0.790467,-0.084334,0.534548,0.438743
horizontal_3,5.470000,0.791968,-0.084489,0.533411,0.653043
horizontal_3,5.480000,0.793468,-0.084643,0.530696,0.653043
horizontal_3,5.490000,0.794968,-0.084796,0.530023,0.245182
horizontal_3,5.500000,0.796469,-0.084948,0.533285,0.245182
horizontal_3,5.510000,0.797970,-0.085104,0.534548,1.108732
horizontal_3,5.520000,0.799470,-0.085262,0.527966,1.108732
horizontal_3,5.530000,0.800970,-0.085416,0.520558,0.462475
horizontal_3,5.540000,0.802470,-0.085568,0.519770,0.462475
horizontal_3,5.550000,0.803971,-0.085723,0.518924,0.569599
horizontal_3,5.560000,0.805471,-0.085877,0.517438,0.569599
horizontal_3,5.570000,0.806971,-0.086030,0.518003,0.129246
horizontal_3,5.580000,0.808472,-0.086182,0.522952,0.129246
horizontal_3,5.590000,0.809973,-0.086334,0.529896,-0.171109
horizontal_3,5.600000,0.811474,-0.086487,0.539369,-0.171109
horizontal_3,5.610000,0.812975,-0.086642,0.546808,0.339706
horizontal_3,5.620000,0.814476,-0.086798,0.548973,0.339706
horizontal_3,5.630000,0.815977,-0.086953,0.549386,0.539004
horizontal_3,5.640000,0.817477,-0.087107,0.548364,0.539004
horizontal_3,5.650000,0.818978,-0.087261,0.546266,0.663254
horizontal_3,5.660000,0.820478,-0.087415,0.543392,0.663254
horizontal_3,5.670000,0.821978,-0.087567,0.542567,0.080815
horizontal_3,5.680000,0.823479,-0.087718,0.547806,0.080815
horizontal_3,5.690000,0.824980,-0.087873,0.551509,0.475540
horizontal_3,5.700000,0.826481,-0.088028,0.551474,0.475540
horizontal_3,5.710000,0.827981,-0.088179,0.553430,0.081634
horizontal_3,5.720000,0.829482,-0.088331,0.559125,0.081634
horizontal_3,5.730000,0.830983,-0.088486,0.562857,0.437823
horizontal_3,5.740000,0.832484,-0.088640,0.563366,0.437823
horizontal_3,5.750000,0.833984,-0.088791,0.565888,-0.051340
horizontal_3,5.760000,0.835485,-0.088942,0.573423,-0.051340
horizontal_3,5.770000,0.836986,-0.089095,0.580132,0.064487
horizontal_3,5.780000,0.838487,-0.089248,0.586142,0.064487
horizontal_3,5.790000,0.839988,-0.089401,0.590724,0.245846
horizontal_3,5.800000,0.841489,-0.089554,0.594049,0.245846
horizontal_3,5.810000,0.842990,-0.089707,0.596569,0.334696
horizontal_3,5.820000,0.844491,-0.089859,0.598569,0.334696
horizontal_3,5.830000,0.845991,-0.090013,0.598508,0.998695
horizontal_3,5.840000,0.847492,-0.090168,0.591668,0.998695
horizontal_3,5.850000,0.848992,-0.090320,0.585875,-0.021347
horizontal_3,5.860000,0.850493,-0.090469,0.588102,-0.021347
horizontal_3,5.870000,0.851994,-0.090621,0.593216,0.584537
horizontal_3,5.880000,0.853494,-0.090776,0.592157,0.584537
horizontal_3,5.890000,0.854994,-0.090931,0.588398,1.004207
horizontal_3,5.900000,0.856495,-0.091085,0.580537,1.004207
horizontal_3,5.910000,0.857994,-0.091240,0.570697,1.305999
horizontal_3,5.920000,0.859494,-0.091395,0.558306,1.305999
horizontal_3,5.930000,0.860994,-0.091548,0.547859,0.976928
horizontal_3,5.940000,0.862494,-0.091701,0.540300,0.976928
horizontal_3,5.950000,0.863994,-0.091857,0.530713,1.438721
horizontal_3,5.960000,0.865493,-0.092014,0.516448,1.438721
horizontal_3,5.970000,0.866993,-0.092168,0.504121,0.748194
horizontal_3,5.980000,0.868493,-0.092321,0.498785,0.748194
horizontal_3,5.990000,0.869994,-0.092474,0.496574,0.433048
horizontal_3,6.000000,0.871494,-0.092628,0.497085,0.433048
horizontal_3,6.010000,0.872994,-0.092785,0.495563,0.983666
horizontal_3,6.020000,0.874494,-0.092943,0.488318,0.983666
horizontal_3,6.030000,0.875994,-0.093097,0.482743,0.502552
horizontal_3,6.040000,0.877495,-0.093251,0.482085,0.502552
horizontal_3,6.050000,0.878995,-0.093405,0.482591,0.387366
horizontal_3,6.060000,0.880496,-0.093560,0.483801,0.387366
horizontal_3,6.070000,0.881996,-0.093713,0.487069,-0.431762
horizontal_3,6.080000,0.883497,-0.093864,0.498028,-0.431762
horizontal_3,6.090000,0.884999,-0.094020,0.509317,0.322112
horizontal_3,6.100000,0.886499,-0.094179,0.513239,0.322112
horizontal_3,6.110000,0.888000,-0.094335,0.513383,0.753356
horizontal_3,6.120000,0.889500,-0.094492,0.509258,0.753356
horizontal_3,6.130000,0.891001,-0.094645,0.507098,-0.039518
horizontal_3,6.140000,0.892501,-0.094796,0.512527,-0.039518
horizontal_3,6.150000,0.894002,-0.094951,0.517998,0.386507
horizontal_3,6.160000,0.895503,-0.095107,0.519309,0.386507
horizontal_3,6.170000,0.897003,-0.095263,0.518482,1.314252
horizontal_3,6.180000,0.898503,-0.095422,0.509674,1.314252
horizontal_3,6.190000,0.900003,-0.095577,0.499233,0.429606
horizontal_3,6.200000,0.901503,-0.095729,0.496653,0.429606
horizontal_3,6.210000,0.903004,-0.095885,0.495156,0.915273
horizontal_3,6.220000,0.904504,-0.096042,0.488715,0.915273
horizontal_3,6.230000,0.906004,-0.096196,0.484154,-0.313551
horizontal_3,6.240000,0.907504,-0.096347,0.487618,-0.313551
horizontal_3,6.250000,0.909005,-0.096501,0.495753,0.026556
horizontal_3,6.260000,0.910506,-0.096656,0.502333,0.026556
horizontal_3,6.270000,0.912007,-0.096812,0.506843,1.119996
horizontal_3,6.280000,0.913507,-0.096972,0.503331,1.119996
horizontal_3,6.290000,0.915007,-0.097128,0.496007,0.539266
horizontal_3,6.300000,0.916508,-0.097281,0.494457,0.539266
horizontal_3,6.310000,0.918008,-0.097436,0.492365,0.661457
horizontal_3,6.320000,0.919508,-0.097592,0.489517,0.661457
horizontal_3,6.330000,0.921008,-0.097745,0.488718,0.194603
horizontal_3,6.340000,0.922509,-0.097898,0.492662,0.194603
horizontal_3,6.350000,0.924010,-0.098055,0.494674,1.530432
horizontal_3,6.360000,0.925510,-0.098214,0.488668,1.530432
horizontal_3,6.370000,0.927010,-0.098371,0.478275,0.444513
horizontal_3,6.380000,0.928510,-0.098524,0.475334,0.444513
horizontal_3,6.390000,0.930010,-0.098680,0.473613,1.583858
horizontal_3,6.400000,0.931510,-0.098840,0.463898,1.583858
horizontal_3,6.410000,0.933009,-0.098998,0.449866,0.147291
horizontal_3,6.420000,0.934509,-0.099151,0.443415,0.147291
horizontal_3,6.430000,0.936010,-0.099304,0.445457,-0.154482
horizontal_3,6.440000,0.937510,-0.099457,0.454126,-0.154482
horizontal_3,6.450000,0.939011,-0.099614,0.461672,0.083822
horizontal_3,6.460000,0.940512,-0.099770,0.467406,0.083822
horizontal_3,6.470000,0.942013,-0.099924,0.474464,-0.082562
horizontal_3,6.480000,0.943514,-0.100079,0.482640,-0.082562
horizontal_3,6.490000,0.945015,-0.100236,0.488767,0.998799
horizontal_3,6.500000,0.946515,-0.100396,0.486873,0.998799
horizontal_3,6.510000,0.948015,-0.100552,0.481312,-0.108935
horizontal_3,6.520000,0.949516,-0.100703,0.483540,-0.108935
horizontal_3,6.530000,0.951017,-0.100858,0.489730,0.435298
horizontal_3,6.540000,0.952517,-0.101015,0.490593,0.435298
horizontal_3,6.550000,0.954018,-0.101169,0.493157,-0.205783
horizontal_3,6.560000,0.955519,-0.101321,0.502312,-0.205783
horizontal_3,6.570000,0.957020,-0.101477,0.510259,0.214298
horizontal_3,6.580000,0.958521,-0.101633,0.514120,0.214298
horizontal_3,6.590000,0.960021,-0.101788,0.516195,0.455847
horizontal_3,6.600000,0.961522,-0.101943,0.516412,0.455847
horizontal_3,6.610000,0.963022,-0.102098,0.516342,0.484363
horizontal_3,6.620000,0.964523,-0.102252,0.516118,0.484363
horizontal_3,6.630000,0.966023,-0.102408,0.513836,1.202977
horizontal_3,6.640000,0.967523,-0.102566,0.504383,1.202977
horizontal_3,6.650000,0.969023,-0.102720,0.495561,0.728515
horizontal_3,6.660000,0.970523,-0.102874,0.491566,0.728515
horizontal_3,6.670000,0.972023,-0.103028,0.489771,0.196924
horizontal_3,6.680000,0.973524,-0.103181,0.493499,0.196924
horizontal_3,6.690000,0.975025,-0.103337,0.495476,0.714528
horizontal_3,6.700000,0.976525,-0.103494,0.492098,0.714528
horizontal_3,6.710000,0.978025,-0.103651,0.486407,1.259064
horizontal_3,6.720000,0.979524,-0.103809,0.475051,1.259064
horizontal_3,6.730000,0.981024,-0.103964,0.465390,-0.006542
horizontal_3,6.740000,0.982524,-0.104117,0.463754,-0.006542
horizontal_3,6.750000,0.984025,-0.104271,0.467520,0.233799
horizontal_3,6.760000,0.985526,-0.104426,0.471012,0.233799
horizontal_3,6.770000,0.987026,-0.104583,0.472915,0.447876
horizontal_3,6.780000,0.988527,-0.104738,0.473246,0.447876
horizontal_3,6.790000,0.990027,-0.104895,0.471750,0.717704
horizontal_3,6.800000,0.991527,-0.105052,0.468083,0.717704
horizontal_3,6.810000,0.993027,-0.105208,0.463056,0.884553
horizontal_3,6.820000,0.994527,-0.105365,0.456901,0.884553
horizontal_3,6.830000,0.996027,-0.105523,0.448685,1.462552
horizontal_3,6.840000,0.997526,-0.105683,0.434447,1.462552
horizontal_3,6.850000,0.999026,-0.105839,0.421767,0.103350
horizontal_3,6.860000,1.000526,-0.105993,0.417112,0.103350
horizontal_3,6.870000,1.002026,-0.106149,0.416882,0.677108
horizontal_3,6.880000,1.003526,-0.106307,0.413834,0.677108
horizontal_3,6.890000,1.005026,-0.106464,0.411147,0.635183
horizontal_3,6.900000,1.006527,-0.106621,0.408683,0.635183
horizontal_3,6.910000,1.008027,-0.106777,0.408178,0.309745
horizontal_3,6.920000,1.009527,-0.106933,0.410516,0.309745
horizontal_3,6.930000,1.011028,-0.107092,0.410822,0.754232
horizontal_3,6.940000,1.012528,-0.107251,0.406694,0.754232
horizontal_3,6.950000,1.014028,-0.107410,0.400413,1.289135
horizontal_3,6.960000,1.015527,-0.107570,0.388572,1.289135
horizontal_3,6.970000,1.017027,-0.107728,0.378463,0.142016
horizontal_3,6.980000,1.018527,-0.107882,0.376381,0.142016
horizontal_3,6.990000,1.020027,-0.108039,0.378864,0.430829
horizontal_3,7.000000,1.021527,-0.108198,0.379451,0.430829
horizontal_3,7.010000,1.023028,-0.108357,0.377977,0.818268
horizontal_3,7.020000,1.024527,-0.108517,0.372850,0.818268
horizontal_3,7.030000,1.026027,-0.108675,0.368729,0.694962
horizontal_3,7.040000,1.027527,-0.108833,0.365375,0.694962
horizontal_3,7.050000,1.029027,-0.108990,0.364078,0.186946
horizontal_3,7.060000,1.030528,-0.109146,0.368035,0.186946
horizontal_3,7.070000,1.032028,-0.109304,0.371999,0.210041
horizontal_3,7.080000,1.033529,-0.109462,0.375845,0.210041
horizontal_3,7.090000,1.035030,-0.109618,0.381745,-0.715756
horizontal_3,7.100000,1.036531,-0.109772,0.395614,-0.715756
horizontal_3,7.110000,1.038032,-0.109930,0.411097,-0.211983
horizontal_3,7.120000,1.039533,-0.110089,0.421427,-0.211983
horizontal_3,7.130000,1.041034,-0.110246,0.432081,-0.269189
horizontal_3,7.140000,1.042535,-0.110402,0.443034,-0.269189
horizontal_3,7.150000,1.044036,-0.110560,0.451930,0.358452
horizontal_3,7.160000,1.045537,-0.110719,0.454345,0.358452
horizontal_3,7.170000,1.047037,-0.110877,0.453941,0.946555
horizontal_3,7.180000,1.048537,-0.111036,0.447417,0.946555
horizontal_3,7.190000,1.050037,-0.111192,0.442394,0.236294
horizontal_3,7.200000,1.051537,-0.111345,0.444489,0.236294
horizontal_3,7.210000,1.053038,-0.111502,0.445875,0.801190
horizontal_3,7.220000,1.054538,-0.111661,0.441394,0.801190
horizontal_3,7.230000,1.056038,-0.111816,0.438527,0.399504
horizontal_3,7.240000,1.057539,-0.111972,0.439506,0.399504
horizontal_3,7.250000,1.059039,-0.112129,0.438527,0.751754
horizontal_3,7.260000,1.060539,-0.112287,0.434373,0.751754
horizontal_3,7.270000,1.062039,-0.112445,0.429007,0.893315
horizontal_3,7.280000,1.063539,-0.112602,0.422720,0.893315
horizontal_3,7.290000,1.065039,-0.112758,0.418481,-0.107442
horizontal_3,7.300000,1.066539,-0.112911,0.422271,-0.107442
horizontal_3,7.310000,1.068040,-0.113068,0.428680,0.468347
horizontal_3,7.320000,1.069541,-0.113227,0.429182,0.468347
horizontal_3,7.330000,1.071041,-0.113385,0.427329,0.754643
horizontal_3,7.340000,1.072541,-0.113543,0.423116,0.754643
horizontal_3,7.350000,1.074041,-0.113698,0.420935,0.270262
horizontal_3,7.360000,1.075542,-0.113853,0.423714,0.270262
horizontal_3,7.370000,1.077042,-0.114011,0.424929,0.517837
horizontal_3,7.380000,1.078542,-0.114168,0.424225,0.517837
horizontal_3,7.390000,1.080043,-0.114324,0.424974,0.326943
horizontal_3,7.400000,1.081543,-0.114480,0.427075,0.326943
horizontal_3,7.410000,1.083044,-0.114635,0.430475,0.167883
horizontal_3,7.420000,1.084544,-0.114791,0.434937,0.167883
horizontal_3,7.430000,1.086045,-0.114947,0.439598,0.147659
horizontal_3,7.440000,1.087546,-0.115103,0.444367,0.147659
horizontal_3,7.450000,1.089046,-0.115257,0.451192,-0.356443
horizontal_3,7.460000,1.090547,-0.115411,0.463215,-0.356443
horizontal_3,7.470000,1.092049,-0.115569,0.473402,0.671463
horizontal_3,7.480000,1.093549,-0.115729,0.475571,0.671463
horizontal_3,7.490000,1.095050,-0.115885,0.474568,0.382298
horizontal_3,7.500000,1.096550,-0.116040,0.475841,0.382298
horizontal_3,7.510000,1.098050,-0.116197,0.475107,0.746507
horizontal_3,7.520000,1.099551,-0.116353,0.471037,0.746507
horizontal_3,7.530000,1.101051,-0.116510,0.465411,0.946049
horizontal_3,7.540000,1.102551,-0.116667,0.458345,0.946049
horizontal_3,7.550000,1.104050,-0.116825,0.449388,1.238144
horizontal_3,7.560000,1.105550,-0.116983,0.438000,1.238144
horizontal_3,7.570000,1.107050,-0.117138,0.428646,0.562900
horizontal_3,7.580000,1.108550,-0.117293,0.426168,0.562900
horizontal_3,7.590000,1.110050,-0.117450,0.424610,0.579851
horizontal_3,7.600000,1.111550,-0.117606,0.422969,0.579851
horizontal_3,7.610000,1.113051,-0.117761,0.423381,-0.305853
horizontal_3,7.620000,1.114551,-0.117914,0.431692,-0.305853
horizontal_3,7.630000,1.116052,-0.118071,0.441704,-0.118186
horizontal_3,7.640000,1.117553,-0.118227,0.450428,-0.118186
horizontal_3,7.650000,1.119054,-0.118385,0.457086,1.314318
horizontal_3,7.660000,1.120555,-0.118546,0.455720,1.314318
horizontal_3,7.670000,1.122055,-0.118703,0.449971,0.556489
horizontal_3,7.680000,1.123555,-0.118858,0.448540,0.556489
horizontal_3,7.690000,1.125055,-0.119016,0.445376,0.841531
horizontal_3,7.700000,1.126555,-0.119173,0.439872,0.841531
horizontal_3,7.710000,1.128055,-0.119328,0.436402,0.319816
horizontal_3,7.720000,1.129555,-0.119482,0.438347,0.319816
horizontal_3,7.730000,1.131056,-0.119640,0.438639,0.626800
horizontal_3,7.740000,1.132556,-0.119797,0.436328,0.626800
horizontal_3,7.750000,1.134056,-0.119954,0.433278,0.705437
horizontal_3,7.760000,1.135556,-0.120111,0.429776,0.705437
horizontal_3,7.770000,1.137056,-0.120269,0.424571,0.944457
horizontal_3,7.780000,1.138556,-0.120427,0.417533,0.944457
horizontal_3,7.790000,1.140056,-0.120583,0.412473,0.604348
horizontal_3,7.800000,1.141556,-0.120739,0.410438,0.604348
horizontal_3,7.810000,1.143057,-0.120895,0.410485,0.057115
horizontal_3,7.820000,1.144557,-0.121049,0.416226,0.057115
horizontal_3,7.830000,1.146058,-0.121208,0.420275,0.615746
horizontal_3,7.840000,1.147558,-0.121367,0.418523,0.615746
horizontal_3,7.850000,1.149058,-0.121523,0.418408,-0.006106
horizontal_3,7.860000,1.150559,-0.121677,0.424724,-0.006106
horizontal_3,7.870000,1.152060,-0.121834,0.430141,0.215234
horizontal_3,7.880000,1.153560,-0.121991,0.433923,0.215234
horizontal_3,7.890000,1.155061,-0.122146,0.439615,-0.093608
horizontal_3,7.900000,1.156562,-0.122301,0.447937,-0.093608
horizontal_3,7.910000,1.158063,-0.122459,0.454255,0.277799
horizontal_3,7.920000,1.159563,-0.122616,0.457144,0.277799
horizontal_3,7.930000,1.161064,-0.122770,0.462041,-0.227978
horizontal_3,7.940000,1.162565,-0.122923,0.472156,-0.227978
horizontal_3,7.950000,1.164066,-0.123080,0.480436,0.568766
horizontal_3,7.960000,1.165567,-0.123240,0.481118,0.568766
horizontal_3,7.970000,1.167067,-0.123394,0.481710,0.176386
horizontal_3,7.980000,1.168568,-0.123548,0.486002,0.176386
horizontal_3,7.990000,1.170069,-0.123701,0.492319,-0.156410
horizontal_3,8.000000,1.171570,-0.123854,0.501567,-0.156410
up_3,0.000000,0.000000,0.000000,88.884833,89.045721
up_3,0.010000,0.000000,-0.000001,88.901993,89.045721
up_3,0.020000,0.000001,0.000038,88.916001,89.045721
up_3,0.030000,0.000003,0.000117,88.928638,89.190524
up_3,0.040000,0.000005,0.000234,88.940524,89.190524
up_3,0.050000,0.000008,0.000389,88.954726,88.655148
up_3,0.060000,0.000012,0.000580,88.974305,88.655148
up_3,0.070000,0.000016,0.000811,88.991882,89.255767
up_3,0.080000,0.000022,0.001083,89.003472,89.255767
up_3,0.090000,0.000028,0.001393,89.016629,88.976263
up_3,0.100000,0.000034,0.001741,89.031942,88.976263
up_3,0.110000,0.000041,0.002126,89.049016,88.749630
up_3,0.120000,0.000049,0.002549,89.067716,88.749630
up_3,0.130000,0.000058,0.003012,89.084355,89.267775
up_3,0.140000,0.000067,0.003515,89.095777,89.267775
up_3,0.150000,0.000076,0.004057,89.106663,89.306404
up_3,0.160000,0.000086,0.004637,89.117367,89.306404
up_3,0.170000,0.000096,0.005256,89.130135,88.986574
up_3,0.180000,0.000107,0.005912,89.145687,88.986574
up_3,0.190000,0.000120,0.006606,89.159103,89.414504
up_3,0.200000,0.000132,0.007340,89.168289,89.414504
up_3,0.210000,0.000145,0.008113,89.175685,89.653386
up_3,0.220000,0.000158,0.008925,89.181252,89.653386
up_3,0.230000,0.000170,0.009775,89.188904,89.277964
up_3,0.240000,0.000184,0.010662,89.200118,89.277964
up_3,0.250000,0.000198,0.011588,89.212538,89.142080
up_3,0.260000,0.000213,0.012552,89.225866,89.142080
up_3,0.270000,0.000227,0.013554,89.240881,88.911348
up_3,0.280000,0.000242,0.014594,89.257709,88.911348
up_3,0.290000,0.000259,0.015673,89.272536,89.354438
up_3,0.300000,0.000275,0.016791,89.282848,89.354438
up_3,0.310000,0.000290,0.017947,89.295045,88.517962
up_3,0.320000,0.000304,0.019141,89.315071,88.517962
up_3,0.330000,0.000321,0.020372,89.335902,89.176700
up_3,0.340000,0.000339,0.021643,89.349956,89.176700
up_3,0.350000,0.000356,0.022953,89.363155,89.148010
up_3,0.360000,0.000372,0.024301,89.376526,89.148010
up_3,0.370000,0.000390,0.025687,89.388015,89.508358
up_3,0.380000,0.000408,0.027113,89.396062,89.508358
up_3,0.390000,0.000423,0.028555,89.405636,89.121730
up_3,0.400000,0.000439,0.029997,89.418983,89.121730
up_3,0.410000,0.000456,0.031439,89.431247,89.276616
up_3,0.420000,0.000472,0.032881,89.442383,89.276616
up_3,0.430000,0.000489,0.034323,89.451641,89.615426
up_3,0.440000,0.000505,0.035766,89.457718,89.615426
up_3,0.450000,0.000521,0.037208,89.461844,89.960505
up_3,0.460000,0.000537,0.038652,89.462711,89.960505
up_3,0.470000,0.000551,0.040096,89.465332,88.902038
up_3,0.480000,0.000563,0.041539,89.476017,88.902038
up_3,0.490000,0.000577,0.042981,89.490875,89.140646
up_3,0.500000,0.000591,0.044422,89.504069,89.140646
up_3,0.510000,0.000607,0.045864,89.515312,90.463209
up_3,0.520000,0.000623,0.047306,89.518562,90.463209
up_3,0.530000,0.000637,0.048750,89.516895,88.740272
up_3,0.540000,0.000648,0.050193,89.522569,88.740272
up_3,0.550000,0.000660,0.051636,89.533553,89.355027
up_3,0.560000,0.000673,0.053078,89.543488,89.355027
up_3,0.570000,0.000685,0.054520,89.554524,89.212558
up_3,0.580000,0.000698,0.055962,89.566574,89.212558
up_3,0.590000,0.000711,0.057404,89.576718,90.138328
up_3,0.600000,0.000726,0.058847,89.578910,90.138328
up_3,0.610000,0.000739,0.060291,89.575135,90.597717
up_3,0.620000,0.000752,0.061734,89.566352,90.597717
up_3,0.630000,0.000763,0.063176,89.559254,89.388831
up_3,0.640000,0.000773,0.064619,89.560144,89.388831
up_3,0.650000,0.000783,0.066063,89.569406,89.235336
up_3,0.660000,0.000795,0.067505,89.581087,89.235336
up_3,0.670000,0.000807,0.068947,89.591763,89.364015
up_3,0.680000,0.000818,0.070389,89.601542,89.364015
up_3,0.690000,0.000831,0.071831,89.609390,90.218871
up_3,0.700000,0.000844,0.073274,89.609415,90.218871
up_3,0.710000,0.000854,0.074718,89.608089,89.822924
up_3,0.720000,0.000865,0.076162,89.610769,89.822924
up_3,0.730000,0.000874,0.077606,89.615493,89.215651
up_3,0.740000,0.000883,0.079049,89.626625,89.215651
up_3,0.750000,0.000894,0.080490,89.637759,89.317924
up_3,0.760000,0.000904,0.081933,89.648222,89.317924
up_3,0.770000,0.000914,0.083375,89.658597,89.326542
up_3,0.780000,0.000924,0.084817,89.668918,89.326542
up_3,0.790000,0.000934,0.086259,89.677322,89.722674
up_3,0.800000,0.000944,0.087703,89.681784,89.722674
up_3,0.810000,0.000954,0.089146,89.684200,90.347442
up_3,0.820000,0.000964,0.090589,89.679995,90.347442
up_3,0.830000,0.000972,0.092032,89.676664,89.118575
up_3,0.840000,0.000979,0.093476,89.681354,89.118575
up_3,0.850000,0.000987,0.094919,89.690967,89.815223
up_3,0.860000,0.000997,0.096362,89.694802,89.815223
up_3,0.870000,0.001006,0.097805,89.697768,89.812238
up_3,0.880000,0.001015,0.099249,89.700740,89.812238
up_3,0.890000,0.001022,0.100693,89.705611,89.389609
up_3,0.900000,0.001029,0.102136,89.714799,89.389609
up_3,0.910000,0.001036,0.103578,89.725966,89.075276
up_3,0.920000,0.001043,0.105020,89.740005,89.075276
up_3,0.930000,0.001052,0.106461,89.752187,89.979156
up_3,0.940000,0.001061,0.107904,89.756449,89.979156
up_3,0.950000,0.001068,0.109348,89.758285,89.794064
up_3,0.960000,0.001074,0.110791,89.761499,89.794064
up_3,0.970000,0.001081,0.112235,89.765008,89.763581
up_3,0.980000,0.001087,0.113679,89.768700,89.763581
up_3,0.990000,0.001093,0.115122,89.774307,89.194289
up_3,1.000000,0.001097,0.116565,89.785956,89.194289
up_3,1.010000,0.001104,0.118007,89.796366,89.544015
up_3,1.020000,0.001111,0.119450,89.803460,89.544015
up_3,1.030000,0.001117,0.120892,89.808549,90.825732
up_3,1.040000,0.001125,0.122336,89.805640,90.825732
up_3,1.050000,0.001131,0.123779,89.797779,89.771524
up_3,1.060000,0.001134,0.125222,89.797193,89.771524
up_3,1.070000,0.001138,0.126666,89.802528,89.412385
up_3,1.080000,0.001143,0.128109,89.811422,89.412385
up_3,1.090000,0.001148,0.129551,89.821242,89.313993
up_3,1.100000,0.001153,0.130994,89.831711,89.313993
up_3,1.110000,0.001159,0.132436,89.840268,90.158359
up_3,1.120000,0.001166,0.133879,89.841039,90.158359
up_3,1.130000,0.001169,0.135322,89.840585,89.293124
up_3,1.140000,0.001171,0.136766,89.847998,89.293124
up_3,1.150000,0.001176,0.138208,89.856805,90.363761
up_3,1.160000,0.001183,0.139651,89.857683,90.363761
up_3,1.170000,0.001187,0.141095,89.854451,88.803645
up_3,1.180000,0.001188,0.142538,89.858856,88.803645
up_3,1.190000,0.001192,0.143981,89.868186,90.267328
up_3,1.200000,0.001198,0.145424,89.870191,90.267328
up_3,1.210000,0.001202,0.146867,89.868226,89.962761
up_3,1.220000,0.001205,0.148311,89.868770,89.962761
up_3,1.230000,0.001210,0.149755,89.867508,90.374704
up_3,1.240000,0.001215,0.151199,89.861965,90.374704
up_3,1.250000,0.001217,0.152642,89.858176,89.593723
up_3,1.260000,0.001219,0.154085,89.861970,89.593723
up_3,1.270000,0.001224,0.155528,89.866258,90.069369
up_3,1.280000,0.001229,0.156972,89.865541,90.069369
up_3,1.290000,0.001232,0.158416,89.865065,90.003286
up_3,1.300000,0.001236,0.159860,89.865043,90.003286
up_3,1.310000,0.001240,0.161304,89.864102,90.114904
up_3,1.320000,0.001244,0.162748,89.862331,90.114904
up_3,1.330000,0.001248,0.164192,89.860440,90.127007
up_3,1.340000,0.001252,0.165636,89.858476,90.127007
up_3,1.350000,0.001255,0.167080,89.858426,89.626949
up_3,1.360000,0.001258,0.168524,89.863775,89.626949
up_3,1.370000,0.001260,0.169967,89.871426,89.032420
up_3,1.380000,0.001262,0.171410,89.885356,89.032420
up_3,1.390000,0.001266,0.172851,89.898149,89.694899
up_3,1.400000,0.001271,0.174293,89.904110,89.694899
up_3,1.410000,0.001273,0.175737,89.910284,89.490109
up_3,1.420000,0.001275,0.177180,89.918056,89.490109
up_3,1.430000,0.001279,0.178622,89.923934,90.005030
up_3,1.440000,0.001282,0.180066,89.924335,90.005030
up_3,1.450000,0.001283,0.181510,89.926047,89.699595
up_3,1.460000,0.001285,0.182954,89.930610,89.699595
up_3,1.470000,0.001285,0.184397,89.937153,89.184892
up_3,1.480000,0.001286,0.185840,89.949161,89.184892
up_3,1.490000,0.001288,0.187282,89.959640,89.931137
up_3,1.500000,0.001292,0.188724,89.962741,89.931137
up_3,1.510000,0.001294,0.190168,89.962028,90.269349
up_3,1.520000,0.001296,0.191612,89.957978,90.269349
up_3,1.530000,0.001297,0.193055,89.953496,90.307933
up_3,1.540000,0.001298,0.194499,89.948781,90.307933
up_3,1.550000,0.001299,0.195942,89.945962,89.928732
up_3,1.560000,0.001300,0.197386,89.946947,89.928732
up_3,1.570000,0.001302,0.198830,89.946968,90.070811
up_3,1.580000,0.001303,0.200274,89.945871,90.070811
up_3,1.590000,0.001304,0.201718,89.945647,89.964792
up_3,1.600000,0.001306,0.203162,89.946213,89.964792
up_3,1.610000,0.001307,0.204606,89.946929,89.949911
up_3,1.620000,0.001309,0.206051,89.947751,89.949911
up_3,1.630000,0.001311,0.207495,89.947257,90.122564
up_3,1.640000,0.001313,0.208939,89.945364,90.122564
up_3,1.650000,0.001313,0.210382,89.945364,89.580858
up_3,1.660000,0.001313,0.211826,89.951217,89.580858
up_3,1.670000,0.001315,0.213269,89.955711,90.549901
up_3,1.680000,0.001319,0.214712,89.952209,90.549901
up_3,1.690000,0.001320,0.216155,89.945895,89.444131
up_3,1.700000,0.001319,0.217599,89.947431,89.444131
up_3,1.710000,0.001320,0.219042,89.953523,89.803711
up_3,1.720000,0.001322,0.220485,89.956664,89.803711
up_3,1.730000,0.001325,0.221929,89.957800,90.381317
up_3,1.740000,0.001327,0.223372,89.952724,90.381317
up_3,1.750000,0.001329,0.224816,89.945614,90.551702
up_3,1.760000,0.001331,0.226259,89.937232,90.551702
up_3,1.770000,0.001332,0.227701,89.930751,89.781113
up_3,1.780000,0.001331,0.229145,89.931795,89.781113
up_3,1.790000,0.001334,0.230588,89.933765,89.972561
up_3,1.800000,0.001336,0.232032,89.934265,89.972561
up_3,1.810000,0.001338,0.233476,89.933495,90.132448
up_3,1.820000,0.001340,0.234920,89.931452,90.132448
up_3,1.830000,0.001341,0.236364,89.931306,89.610129
up_3,1.840000,0.001342,0.237808,89.936811,89.610129
up_3,1.850000,0.001345,0.239250,89.940867,90.418657
up_3,1.860000,0.001349,0.240694,89.937230,90.418657
up_3,1.870000,0.001352,0.242138,89.929081,90.728989
up_3,1.880000,0.001354,0.243580,89.918070,90.728989
up_3,1.890000,0.001356,0.245022,89.908915,88.759235
up_3,1.900000,0.001356,0.246465,89.907749,88.759235
up_3,1.910000,0.001358,0.247908,89.911497,90.118676
up_3,1.920000,0.001361,0.249352,89.910217,90.118676
up_3,1.930000,0.001363,0.250796,89.910290,88.950828
up_3,1.940000,0.001363,0.252240,89.918447,88.950828
up_3,1.950000,0.001364,0.253681,89.931472,89.568479
up_3,1.960000,0.001368,0.255124,89.938876,89.568479
up_3,1.970000,0.001370,0.256567,89.944650,89.668681
up_3,1.980000,0.001372,0.258010,89.949750,89.668681
up_3,1.990000,0.001374,0.259453,89.952955,90.033507
up_3,2.000000,0.001376,0.260897,89.952582,90.033507
up_3,2.010000,0.001376,0.262341,89.953947,89.193546
up_3,2.020000,0.001375,0.263785,89.963180,89.193546
up_3,2.030000,0.001377,0.265227,89.973479,90.819132
up_3,2.040000,0.001380,0.266669,89.975836,90.819132
up_3,2.050000,0.001382,0.268113,89.971874,90.283336
up_3,2.060000,0.001383,0.269557,89.967529,90.283336
up_3,2.070000,0.001383,0.271000,89.965096,89.779177
up_3,2.080000,0.001382,0.272444,89.968097,89.779177
up_3,2.090000,0.001385,0.273887,89.969593,90.388544
up_3,2.100000,0.001387,0.275331,89.964607,90.388544
up_3,2.110000,0.001387,0.276774,89.960596,89.081639
up_3,2.120000,0.001385,0.278217,89.964591,89.081639
up_3,2.130000,0.001386,0.279660,89.973524,90.670587
up_3,2.140000,0.001389,0.281103,89.975133,90.670587
up_3,2.150000,0.001391,0.282546,89.971702,90.090413
up_3,2.160000,0.001391,0.283990,89.970217,90.090413
up_3,2.170000,0.001391,0.285434,89.970498,89.819465
up_3,2.180000,0.001391,0.286878,89.973256,89.819465
up_3,2.190000,0.001393,0.288322,89.974147,90.440099
up_3,2.200000,0.001396,0.289765,89.968448,90.440099
up_3,2.210000,0.001396,0.291208,89.963658,89.876823
up_3,2.220000,0.001395,0.292652,89.964894,89.876823
up_3,2.230000,0.001397,0.294095,89.964913,90.303479
up_3,2.240000,0.001399,0.295539,89.960457,90.303479
up_3,2.250000,0.001400,0.296983,89.956287,90.250541
up_3,2.260000,0.001401,0.298426,89.952432,90.250541
up_3,2.270000,0.001401,0.299870,89.950497,89.211677
up_3,2.280000,0.001400,0.301313,89.956615,89.211677
up_3,2.290000,0.001401,0.302756,89.966436,89.752661
up_3,2.300000,0.001404,0.304199,89.970770,89.752661
up_3,2.310000,0.001406,0.305642,89.972679,90.419634
up_3,2.320000,0.001408,0.307086,89.967639,90.419634
up_3,2.330000,0.001409,0.308529,89.962573,90.242238
up_3,2.340000,0.001410,0.309972,89.958827,90.242238
up_3,2.350000,0.001411,0.311416,89.953965,90.387989
up_3,2.360000,0.001413,0.312859,89.948052,90.387989
up_3,2.370000,0.001413,0.314302,89.944042,89.119869
up_3,2.380000,0.001412,0.315746,89.948048,89.119869
up_3,2.390000,0.001413,0.317189,89.956993,89.722935
up_3,2.400000,0.001415,0.318632,89.961550,89.722935
up_3,2.410000,0.001418,0.320075,89.963907,90.490475
up_3,2.420000,0.001421,0.321519,89.958723,90.490475
up_3,2.430000,0.001421,0.322962,89.953196,90.043019
up_3,2.440000,0.001421,0.324405,89.952277,90.043019
up_3,2.450000,0.001423,0.325849,89.950800,90.138861
up_3,2.460000,0.001425,0.327293,89.948646,90.138861
up_3,2.470000,0.001425,0.328737,89.948399,89.253088
up_3,2.480000,0.001424,0.330181,89.956127,89.253088
up_3,2.490000,0.001426,0.331623,89.965506,89.778726
up_3,2.500000,0.001428,0.333066,89.969379,89.778726
up_3,2.510000,0.001430,0.334509,89.970893,90.249569
up_3,2.520000,0.001432,0.335953,89.967357,90.249569
up_3,2.530000,0.001432,0.337397,89.964658,90.104645
up_3,2.540000,0.001433,0.338841,89.962995,90.104645
up_3,2.550000,0.001434,0.340285,89.961291,90.110808
up_3,2.560000,0.001435,0.341729,89.959551,90.110808
up_3,2.570000,0.001436,0.343173,89.958712,90.003874
up_3,2.580000,0.001437,0.344617,89.958644,90.003874
up_3,2.590000,0.001438,0.346061,89.959546,89.888640
up_3,2.600000,0.001439,0.347505,89.961300,89.888640
up_3,2.610000,0.001439,0.348949,89.964912,89.242925
up_3,2.620000,0.001438,0.350392,89.975301,89.242925
up_3,2.630000,0.001439,0.351834,89.984889,89.961981
up_3,2.640000,0.001442,0.353277,89.987273,89.961981
up_3,2.650000,0.001442,0.354721,89.989021,89.818897
up_3,2.660000,0.001442,0.356165,89.991819,89.818897
up_3,2.670000,0.001442,0.357609,89.994985,89.779628
up_3,2.680000,0.001442,0.359052,89.998387,89.779628
up_3,2.690000,0.001443,0.360496,89.999957,90.105906
up_3,2.700000,0.001444,0.361940,89.998386,90.105906
up_3,2.710000,0.001445,0.363384,89.995030,90.389880
up_3,2.720000,0.001445,0.364827,89.989119,90.389880
up_3,2.730000,0.001445,0.366270,89.983977,90.292538
up_3,2.740000,0.001446,0.367714,89.979478,90.292538
up_3,2.750000,0.001445,0.369157,89.976903,89.843978
up_3,2.760000,0.001445,0.370601,89.979083,89.843978
up_3,2.770000,0.001445,0.372045,89.982908,89.645546
up_3,2.780000,0.001445,0.373488,89.988316,89.645546
up_3,2.790000,0.001446,0.374932,89.992329,89.842938
up_3,2.800000,0.001446,0.376375,89.994803,89.842938
up_3,2.810000,0.001448,0.377819,89.995337,90.347892
up_3,2.820000,0.001449,0.379263,89.990417,90.347892
up_3,2.830000,0.001448,0.380706,89.987009,89.572938
up_3,2.840000,0.001446,0.382149,89.991157,89.572938
up_3,2.850000,0.001447,0.383593,89.996992,89.648866
up_3,2.860000,0.001447,0.385036,90.002378,89.648866
up_3,2.870000,0.001447,0.386479,90.007597,89.666700
up_3,2.880000,0.001446,0.387923,90.012707,89.666700
up_3,2.890000,0.001446,0.389366,90.016756,89.799069
up_3,2.900000,0.001446,0.390810,90.019875,89.799069
up_3,2.910000,0.001446,0.392253,90.022120,89.901908
up_3,2.920000,0.001445,0.393697,90.023681,89.901908
up_3,2.930000,0.001446,0.395141,90.023318,90.435847
up_3,2.940000,0.001447,0.396585,90.017179,90.435847
up_3,2.950000,0.001447,0.398028,90.008604,91.112340
up_3,2.960000,0.001449,0.399470,89.993074,91.112340
up_3,2.970000,0.001448,0.400911,89.978124,90.142022
up_3,2.980000,0.001446,0.402353,89.971154,90.142022
up_3,2.990000,0.001447,0.403797,89.967958,90.243538
up_3,3.000000,0.001448,0.405240,89.964216,90.243538
up_3,3.010000,0.001450,0.406684,89.958602,90.596676
up_3,3.020000,0.001452,0.408127,89.949611,90.596676
up_3,3.030000,0.001452,0.409570,89.942412,90.240617
up_3,3.040000,0.001453,0.411013,89.938619,90.240617
up_3,3.050000,0.001454,0.412456,89.936835,89.833756
up_3,3.060000,0.001455,0.413900,89.939257,89.833756
up_3,3.070000,0.001455,0.415344,89.943644,89.510761
up_3,3.080000,0.001457,0.416787,89.951049,89.510761
up_3,3.090000,0.001459,0.418230,89.956617,89.900485
up_3,3.100000,0.001461,0.419674,89.958330,89.900485
up_3,3.110000,0.001461,0.421118,89.961762,89.026412
up_3,3.120000,0.001459,0.422561,89.973124,89.026412
up_3,3.130000,0.001461,0.424003,89.985932,90.512127
up_3,3.140000,0.001464,0.425445,89.990810,90.512127
up_3,3.150000,0.001464,0.426888,89.990776,89.667945
up_3,3.160000,0.001463,0.428332,89.995469,89.667945
up_3,3.170000,0.001465,0.429775,89.998640,90.070055
up_3,3.180000,0.001466,0.431219,89.997716,90.070055
up_3,3.190000,0.001466,0.432663,89.996127,90.123297
up_3,3.200000,0.001466,0.434107,89.994195,90.123297
up_3,3.210000,0.001466,0.435551,89.991729,90.183596
up_3,3.220000,0.001467,0.436995,89.988887,90.183596
up_3,3.230000,0.001467,0.438439,89.985699,90.221532
up_3,3.240000,0.001468,0.439882,89.982282,90.221532
up_3,3.250000,0.001469,0.441326,89.976965,90.867321
up_3,3.260000,0.001472,0.442769,89.964916,90.867321
up_3,3.270000,0.001472,0.444211,89.953673,89.793730
up_3,3.280000,0.001471,0.445653,89.950411,89.793730
up_3,3.290000,0.001472,0.447097,89.951284,90.244582
up_3,3.300000,0.001474,0.448541,89.947764,90.244582
up_3,3.310000,0.001475,0.449984,89.945315,90.071279
up_3,3.320000,0.001476,0.451428,89.944158,90.071279
up_3,3.330000,0.001477,0.452872,89.944763,89.792607
up_3,3.340000,0.001478,0.454316,89.947930,89.792607
up_3,3.350000,0.001478,0.455760,89.953044,89.203111
up_3,3.360000,0.001478,0.457203,89.964406,89.203111
up_3,3.370000,0.001480,0.458645,89.974603,90.058159
up_3,3.380000,0.001483,0.460087,89.976991,90.058159
up_3,3.390000,0.001485,0.461531,89.974635,90.286509
up_3,3.400000,0.001486,0.462975,89.970271,90.286509
up_3,3.410000,0.001488,0.464419,89.964115,90.574548
up_3,3.420000,0.001490,0.465861,89.955418,90.574548
up_3,3.430000,0.001490,0.467304,89.948589,88.810293
up_3,3.440000,0.001488,0.468747,89.949748,88.810293
up_3,3.450000,0.001489,0.470190,89.955851,90.115306
up_3,3.460000,0.001493,0.471634,89.955595,90.115306
up_3,3.470000,0.001493,0.473078,89.955723,89.657401
up_3,3.480000,0.001493,0.474521,89.960731,89.657401
up_3,3.490000,0.001494,0.475965,89.966427,89.608622
up_3,3.500000,0.001495,0.477408,89.972419,89.608622
up_3,3.510000,0.001497,0.478851,89.976497,90.203721
up_3,3.520000,0.001499,0.480294,89.974228,90.203721
up_3,3.530000,0.001498,0.481738,89.973007,89.061524
up_3,3.540000,0.001496,0.483182,89.979839,89.061524
up_3,3.550000,0.001494,0.484624,89.995368,88.561977
up_3,3.560000,0.001493,0.486065,90.016826,88.561977
up_3,3.570000,0.001494,0.487505,90.036708,89.711309
up_3,3.580000,0.001495,0.488946,90.048592,89.711309
up_3,3.590000,0.001496,0.490389,90.051828,90.551132
up_3,3.600000,0.001498,0.491832,90.046572,90.551132
up_3,3.610000,0.001495,0.493275,90.040100,90.189046
up_3,3.620000,0.001494,0.494718,90.037062,90.189046
up_3,3.630000,0.001493,0.496162,90.032926,90.346448
up_3,3.640000,0.001493,0.497606,90.027626,90.346448
up_3,3.650000,0.001492,0.499049,90.022092,90.370808
up_3,3.660000,0.001491,0.500492,90.016411,90.370808
up_3,3.670000,0.001490,0.501935,90.012597,90.028377
up_3,3.680000,0.001489,0.503379,90.012024,90.028377
up_3,3.690000,0.001490,0.504823,90.009706,90.444316
up_3,3.700000,0.001491,0.506267,90.003084,90.444316
up_3,3.710000,0.001489,0.507710,89.998215,89.917800
up_3,3.720000,0.001488,0.509153,89.998983,89.917800
up_3,3.730000,0.001487,0.510597,90.002127,89.333047
up_3,3.740000,0.001485,0.512041,90.011535,89.333047
up_3,3.750000,0.001486,0.513483,90.019760,90.176527
up_3,3.760000,0.001488,0.514926,90.020205,90.176527
up_3,3.770000,0.001486,0.516369,90.019390,89.830305
up_3,3.780000,0.001485,0.517813,90.021924,89.830305
up_3,3.790000,0.001486,0.519257,90.022655,90.214401
up_3,3.800000,0.001486,0.520701,90.019475,90.214401
up_3,3.810000,0.001484,0.522144,90.018074,89.800506
up_3,3.820000,0.001483,0.523588,90.020973,89.800506
up_3,3.830000,0.001483,0.525032,90.022416,90.050908
up_3,3.840000,0.001483,0.526476,90.021658,90.050908
up_3,3.850000,0.001483,0.527920,90.018991,90.765439
up_3,3.860000,0.001485,0.529363,90.009046,90.765439
up_3,3.870000,0.001484,0.530805,89.999342,89.602552
up_3,3.880000,0.001481,0.532248,89.997609,89.602552
up_3,3.890000,0.001481,0.533691,90.000791,90.014495
up_3,3.900000,0.001482,0.535135,90.000727,90.014495
up_3,3.910000,0.001480,0.536579,90.002376,88.995126
up_3,3.920000,0.001477,0.538023,90.012116,88.995126
up_3,3.930000,0.001477,0.539465,90.025243,90.227168
up_3,3.940000,0.001479,0.540907,90.030584,90.227168
up_3,3.950000,0.001479,0.542350,90.030474,89.955877
up_3,3.960000,0.001478,0.543794,90.031149,89.955877
up_3,3.970000,0.001476,0.545238,90.033698,89.274436
up_3,3.980000,0.001473,0.546682,90.043317,89.274436
up_3,3.990000,0.001473,0.548124,90.052413,90.191042
up_3,4.000000,0.001474,0.549567,90.053579,90.191042
up_3,4.010000,0.001474,0.551011,90.049314,90.389150
up_3,4.020000,0.001473,0.552454,90.043376,90.389150
up_3,4.030000,0.001472,0.553897,90.037049,90.429465
up_3,4.040000,0.001471,0.555340,90.030480,90.429465
up_3,4.050000,0.001471,0.556784,90.022411,90.643556
up_3,4.060000,0.001470,0.558226,90.012635,90.643556
up_3,4.070000,0.001469,0.559668,90.004751,89.738443
up_3,4.080000,0.001466,0.561111,90.004792,89.738443
up_3,4.090000,0.001467,0.562555,90.006811,90.607318
up_3,4.100000,0.001469,0.563999,90.001014,90.607318
up_3,4.110000,0.001469,0.565441,89.992370,90.546765
up_3,4.120000,0.001470,0.566884,89.984032,90.546765
up_3,4.130000,0.001469,0.568327,89.977616,90.046364
up_3,4.140000,0.001468,0.569770,89.976490,90.046364
up_3,4.150000,0.001470,0.571214,89.973895,90.707529
up_3,4.160000,0.001473,0.572658,89.964393,90.707529
up_3,4.170000,0.001473,0.574100,89.955567,90.125389
up_3,4.180000,0.001473,0.575543,89.952884,90.125389
up_3,4.190000,0.001473,0.576987,89.952574,89.871340
up_3,4.200000,0.001474,0.578431,89.954554,89.871340
up_3,4.210000,0.001476,0.579875,89.954879,90.139045
up_3,4.220000,0.001478,0.581319,89.952768,90.139045
up_3,4.230000,0.001478,0.582762,89.952487,89.777162
up_3,4.240000,0.001479,0.584206,89.955825,89.777162
up_3,4.250000,0.001481,0.585650,89.957466,90.089771
up_3,4.260000,0.001483,0.587094,89.956147,90.089771
up_3,4.270000,0.001483,0.588537,89.956642,89.476189
up_3,4.280000,0.001482,0.589981,89.963683,89.476189
up_3,4.290000,0.001484,0.591424,89.970229,89.677721
up_3,4.300000,0.001485,0.592867,89.975205,89.677721
up_3,4.310000,0.001487,0.594310,89.978238,90.305023
up_3,4.320000,0.001489,0.595754,89.974630,90.305023
up_3,4.330000,0.001489,0.597197,89.971394,90.105413
up_3,4.340000,0.001490,0.598641,89.969708,90.105413
up_3,4.350000,0.001490,0.600085,89.968555,90.049462
up_3,4.360000,0.001491,0.601529,89.967759,90.049462
up_3,4.370000,0.001492,0.602973,89.966666,90.083729
up_3,4.380000,0.001493,0.604418,89.965336,90.083729
up_3,4.390000,0.001495,0.605862,89.962186,90.459270
up_3,4.400000,0.001497,0.607305,89.955296,90.459270
up_3,4.410000,0.001498,0.608748,89.949812,90.240633
up_3,4.420000,0.001499,0.610191,89.946083,90.240633
up_3,4.430000,0.001500,0.611635,89.942655,90.210526
up_3,4.440000,0.001502,0.613079,89.939409,90.210526
up_3,4.450000,0.001505,0.614523,89.934273,90.618215
up_3,4.460000,0.001507,0.615966,89.925016,90.618215
up_3,4.470000,0.001508,0.617408,89.917535,89.726788
up_3,4.480000,0.001508,0.618851,89.917951,89.726788
up_3,4.490000,0.001511,0.620295,89.920172,90.162279
up_3,4.500000,0.001514,0.621738,89.917894,90.162279
up_3,4.510000,0.001518,0.623182,89.913672,90.451139
up_3,4.520000,0.001521,0.624626,89.906854,90.451139
up_3,4.530000,0.001523,0.626069,89.899780,90.473486
up_3,4.540000,0.001526,0.627512,89.892573,90.473486
up_3,4.550000,0.001528,0.628954,89.887282,89.459587
up_3,4.560000,0.001529,0.630398,89.889992,89.459587
up_3,4.570000,0.001531,0.631841,89.896752,89.629490
up_3,4.580000,0.001534,0.633284,89.902461,89.629490
up_3,4.590000,0.001538,0.634727,89.906237,90.313327
up_3,4.600000,0.001543,0.636171,89.902956,90.313327
up_3,4.610000,0.001544,0.637614,89.900101,89.464521
up_3,4.620000,0.001545,0.639058,89.905071,89.464521
up_3,4.630000,0.001546,0.640501,89.914389,89.310970
up_3,4.640000,0.001549,0.641943,89.924876,89.310970
up_3,4.650000,0.001552,0.643385,89.933460,89.982390
up_3,4.660000,0.001555,0.644828,89.935139,89.982390
up_3,4.670000,0.001557,0.646273,89.935686,89.958300
up_3,4.680000,0.001559,0.647717,89.936375,89.958300
up_3,4.690000,0.001562,0.649161,89.935169,90.430911
up_3,4.700000,0.001565,0.650604,89.928891,90.430911
up_3,4.710000,0.001566,0.652047,89.923582,90.265915
up_3,4.720000,0.001569,0.653491,89.919488,90.265915
up_3,4.730000,0.001570,0.654934,89.917328,89.630051
up_3,4.740000,0.001570,0.656378,89.921879,89.630051
up_3,4.750000,0.001573,0.657821,89.925673,89.979303
up_3,4.760000,0.001576,0.659265,89.926147,89.979303
up_3,4.770000,0.001578,0.660709,89.926146,90.019390
up_3,4.780000,0.001580,0.662153,89.925862,90.019390
up_3,4.790000,0.001584,0.663597,89.923763,90.355494
up_3,4.800000,0.001586,0.665040,89.918416,90.355494
up_3,4.810000,0.001587,0.666483,89.914905,89.032139
up_3,4.820000,0.001587,0.667927,89.919418,89.032139
up_3,4.830000,0.001589,0.669370,89.928861,89.622155
up_3,4.840000,0.001591,0.670813,89.934804,89.622155
up_3,4.850000,0.001594,0.672256,89.938687,90.233865
up_3,4.860000,0.001598,0.673699,89.936071,90.233865
up_3,4.870000,0.001599,0.675143,89.934403,89.402014
up_3,4.880000,0.001598,0.676587,89.940530,89.402014
up_3,4.890000,0.001600,0.678029,89.948189,89.597791
up_3,4.900000,0.001602,0.679472,89.954375,89.597791
up_3,4.910000,0.001604,0.680915,89.958620,90.344509
up_3,4.920000,0.001607,0.682359,89.955434,90.344509
up_3,4.930000,0.001608,0.683802,89.951427,90.183279
up_3,4.940000,0.001609,0.685246,89.948577,90.183279
up_3,4.950000,0.001610,0.686690,89.947630,89.817650
up_3,4.960000,0.001611,0.688133,89.950347,89.817650
up_3,4.970000,0.001613,0.689577,89.951907,89.985638
up_3,4.980000,0.001614,0.691021,89.952185,89.985638
up_3,4.990000,0.001615,0.692465,89.953933,89.764935
up_3,5.000000,0.001616,0.693909,89.957537,89.764935
up_3,5.010000,0.001616,0.695353,89.963041,89.407731
up_3,5.020000,0.001616,0.696796,89.971978,89.407731
up_3,5.030000,0.001618,0.698238,89.979256,89.692164
up_3,5.040000,0.001619,0.699681,89.984037,89.692164
up_3,5.050000,0.001620,0.701125,89.986851,90.161869
up_3,5.060000,0.001622,0.702568,89.984647,90.161869
up_3,5.070000,0.001621,0.704012,89.984050,89.686285
up_3,5.080000,0.001620,0.705456,89.988555,89.686285
up_3,5.090000,0.001622,0.706899,89.991452,90.536697
up_3,5.100000,0.001625,0.708343,89.986508,90.536697
up_3,5.110000,0.001624,0.709785,89.980301,89.955493
up_3,5.120000,0.001623,0.711229,89.980214,89.955493
up_3,5.130000,0.001625,0.712673,89.979024,90.432815
up_3,5.140000,0.001627,0.714116,89.972722,90.432815
up_3,5.150000,0.001626,0.715559,89.968034,89.163013
up_3,5.160000,0.001624,0.717003,89.971348,89.163013
up_3,5.170000,0.001625,0.718446,89.979608,90.386156
up_3,5.180000,0.001628,0.719889,89.980548,90.386156
up_3,5.190000,0.001629,0.721332,89.977063,89.862788
up_3,5.200000,0.001628,0.722776,89.978712,89.862788
up_3,5.210000,0.001629,0.724220,89.981184,89.826216
up_3,5.220000,0.001629,0.725664,89.983885,89.826216
up_3,5.230000,0.001631,0.727107,89.984710,90.182180
up_3,5.240000,0.001632,0.728551,89.981999,90.182180
up_3,5.250000,0.001633,0.729995,89.977744,90.388058
up_3,5.260000,0.001634,0.731438,89.971837,90.388058
up_3,5.270000,0.001633,0.732881,89.967822,89.742397
up_3,5.280000,0.001633,0.734325,89.970582,89.742397
up_3,5.290000,0.001634,0.735768,89.972624,90.740535
up_3,5.300000,0.001638,0.737212,89.966633,90.740535
up_3,5.310000,0.001639,0.738654,89.957474,90.209073
up_3,5.320000,0.001639,0.740097,89.953776,90.209073
up_3,5.330000,0.001639,0.741541,89.952384,89.881481
up_3,5.340000,0.001640,0.742985,89.954160,89.881481
up_3,5.350000,0.001640,0.744429,89.957885,89.459357
up_3,5.360000,0.001640,0.745872,89.965965,89.459357
up_3,5.370000,0.001642,0.747315,89.972464,89.743309
up_3,5.380000,0.001643,0.748758,89.976474,89.743309
up_3,5.390000,0.001645,0.750202,89.978589,90.074618
up_3,5.400000,0.001646,0.751646,89.977519,90.074618
up_3,5.410000,0.001647,0.753090,89.975614,90.161312
up_3,5.420000,0.001648,0.754534,89.973115,90.161312
up_3,5.430000,0.001647,0.755977,89.972524,89.609407
up_3,5.440000,0.001646,0.757421,89.977886,89.609407
up_3,5.450000,0.001646,0.758864,89.985384,89.389596
up_3,5.460000,0.001646,0.760307,89.994656,89.389596
up_3,5.470000,0.001648,0.761749,90.002038,90.458145
up_3,5.480000,0.001650,0.763192,90.001431,90.458145
up_3,5.490000,0.001650,0.764636,89.996727,89.571032
up_3,5.500000,0.001648,0.766079,89.999555,89.571032
up_3,5.510000,0.001648,0.767522,90.004116,90.060490
up_3,5.520000,0.001649,0.768966,90.003547,90.060490
up_3,5.530000,0.001651,0.770410,90.000741,90.618539
up_3,5.540000,0.001652,0.771853,89.991928,90.618539
up_3,5.550000,0.001651,0.773296,89.984433,89.835105
up_3,5.560000,0.001649,0.774739,89.984506,89.835105
up_3,5.570000,0.001650,0.776183,89.986265,89.926091
up_3,5.580000,0.001650,0.777627,89.987465,89.926091
up_3,5.590000,0.001651,0.779071,89.988355,89.959021
up_3,5.600000,0.001651,0.780515,89.989025,89.959021
up_3,5.610000,0.001650,0.781959,89.991493,89.616683
up_3,5.620000,0.001650,0.783402,89.997273,89.616683
up_3,5.630000,0.001651,0.784845,90.001227,90.011103
up_3,5.640000,0.001652,0.786289,90.001226,90.011103
up_3,5.650000,0.001653,0.787733,89.999817,90.174395
up_3,5.660000,0.001653,0.789177,89.997127,90.174395
up_3,5.670000,0.001652,0.790621,89.996334,89.370748
up_3,5.680000,0.001649,0.792065,90.003269,89.370748
up_3,5.690000,0.001650,0.793507,90.010893,89.786847
up_3,5.700000,0.001650,0.794950,90.014345,89.786847
up_3,5.710000,0.001649,0.796394,90.018922,89.615446
up_3,5.720000,0.001649,0.797837,90.024785,89.615446
up_3,5.730000,0.001649,0.799281,90.029336,89.793259
up_3,5.740000,0.001648,0.800724,90.032548,89.793259
up_3,5.750000,0.001646,0.802168,90.037633,89.240985
up_3,5.760000,0.001643,0.803611,90.048600,89.240985
up_3,5.770000,0.001643,0.805053,90.058209,90.315513
up_3,5.780000,0.001644,0.806496,90.059834,90.315513
up_3,5.790000,0.001642,0.807939,90.057215,89.994278
up_3,5.800000,0.001640,0.809383,90.057190,89.994278
up_3,5.810000,0.001640,0.810827,90.055977,90.165080
up_3,5.820000,0.001638,0.812271,90.053417,90.165080
up_3,5.830000,0.001638,0.813715,90.048960,90.612385
up_3,5.840000,0.001637,0.815158,90.039832,90.612385
up_3,5.850000,0.001635,0.816601,90.032349,90.278827
up_3,5.860000,0.001634,0.818044,90.027977,90.278827
up_3,5.870000,0.001632,0.819487,90.025059,90.090439
up_3,5.880000,0.001632,0.820931,90.023591,90.090439
up_3,5.890000,0.001631,0.822375,90.022581,90.042559
up_3,5.900000,0.001630,0.823819,90.021880,90.042559
up_3,5.910000,0.001628,0.825263,90.023084,89.579738
up_3,5.920000,0.001627,0.826707,90.029240,89.579738
up_3,5.930000,0.001625,0.828150,90.036012,89.540130
up_3,5.940000,0.001624,0.829593,90.043026,89.540130
up_3,5.950000,0.001624,0.831036,90.048471,89.769675
up_3,5.960000,0.001623,0.832480,90.052047,89.769675
up_3,5.970000,0.001621,0.833923,90.056164,89.704926
up_3,5.980000,0.001619,0.835367,90.060681,89.704926
up_3,5.990000,0.001619,0.836810,90.063285,90.112122
up_3,6.000000,0.001618,0.838254,90.061696,90.112122
up_3,6.010000,0.001617,0.839698,90.058073,90.505996
up_3,6.020000,0.001616,0.841141,90.050474,90.505996
up_3,6.030000,0.001614,0.842584,90.044662,89.813385
up_3,6.040000,0.001611,0.844027,90.045949,89.813385
up_3,6.050000,0.001610,0.845471,90.046899,90.361966
up_3,6.060000,0.001611,0.846915,90.041950,90.361966
up_3,6.070000,0.001609,0.848358,90.037067,90.285553
up_3,6.080000,0.001608,0.849801,90.032665,90.285553
up_3,6.090000,0.001608,0.851245,90.026626,90.537619
up_3,6.100000,0.001608,0.852688,90.018461,90.537619
up_3,6.110000,0.001607,0.854131,90.011308,90.407108
up_3,6.120000,0.001606,0.855574,90.005068,90.407108
up_3,6.130000,0.001605,0.857017,90.000757,89.698323
up_3,6.140000,0.001603,0.858460,90.003656,89.698323
up_3,6.150000,0.001603,0.859904,90.007863,89.742933
up_3,6.160000,0.001603,0.861347,90.011823,89.742933
up_3,6.170000,0.001601,0.862791,90.017569,89.436854
up_3,6.180000,0.001600,0.864234,90.026087,89.436854
up_3,6.190000,0.001601,0.865676,90.032748,89.933130
up_3,6.200000,0.001601,0.867120,90.034171,89.933130
up_3,6.210000,0.001601,0.868564,90.033417,90.256888
up_3,6.220000,0.001601,0.870008,90.029533,90.256888
up_3,6.230000,0.001600,0.871451,90.025048,90.315155
up_3,6.240000,0.001599,0.872895,90.020210,90.315155
up_3,6.250000,0.001598,0.874338,90.017286,89.288092
up_3,6.260000,0.001594,0.875782,90.022394,89.288092
up_3,6.270000,0.001594,0.877224,90.031075,90.261835
up_3,6.280000,0.001596,0.878667,90.031992,90.261835
up_3,6.290000,0.001597,0.880111,90.026581,90.485895
up_3,6.300000,0.001596,0.881554,90.019192,90.485895
up_3,6.310000,0.001594,0.882997,90.013689,89.985559
up_3,6.320000,0.001593,0.884440,90.013497,89.985559
up_3,6.330000,0.001591,0.885884,90.015578,89.555958
up_3,6.340000,0.001590,0.887328,90.022167,89.555958
up_3,6.350000,0.001589,0.888771,90.029408,89.504640
up_3,6.360000,0.001588,0.890214,90.036958,89.504640
up_3,6.370000,0.001588,0.891657,90.042634,89.856515
up_3,6.380000,0.001587,0.893100,90.044959,89.856515
up_3,6.390000,0.001587,0.894544,90.045338,90.192283
up_3,6.400000,0.001586,0.895988,90.042439,90.192283
up_3,6.410000,0.001586,0.897432,90.037928,90.417276
up_3,6.420000,0.001585,0.898875,90.031572,90.417276
up_3,6.430000,0.001585,0.900318,90.023878,90.590503
up_3,6.440000,0.001585,0.901761,90.014894,90.590503
up_3,6.450000,0.001583,0.903203,90.007811,89.542962
up_3,6.460000,0.001580,0.904646,90.008717,89.542962
up_3,6.470000,0.001580,0.906090,90.013472,90.378604
up_3,6.480000,0.001582,0.907533,90.010751,90.378604
up_3,6.490000,0.001582,0.908976,90.006358,90.195931
up_3,6.500000,0.001581,0.910420,90.003302,90.195931
up_3,6.510000,0.001580,0.911864,90.002181,89.504837
up_3,6.520000,0.001578,0.913307,90.008184,89.504837
up_3,6.530000,0.001579,0.914750,90.013803,90.128426
up_3,6.540000,0.001580,0.916194,90.012859,90.128426
up_3,6.550000,0.001581,0.917638,90.009364,90.350792
up_3,6.560000,0.001581,0.919081,90.004019,90.350792
up_3,6.570000,0.001579,0.920524,90.000543,89.970024
up_3,6.580000,0.001579,0.921968,90.000856,89.970024
up_3,6.590000,0.001579,0.923412,90.000867,90.021575
up_3,6.600000,0.001579,0.924856,90.000527,90.021575
up_3,6.610000,0.001578,0.926300,90.001997,89.690804
up_3,6.620000,0.001577,0.927744,90.006661,89.690804
up_3,6.630000,0.001577,0.929187,90.011493,89.681112
up_3,6.640000,0.001577,0.930631,90.016382,89.681112
up_3,6.650000,0.001577,0.932074,90.019356,90.557452
up_3,6.660000,0.001579,0.933518,90.014424,90.557452
up_3,6.670000,0.001579,0.934960,90.007179,90.404500
up_3,6.680000,0.001579,0.936403,90.000977,90.404500
up_3,6.690000,0.001577,0.937846,89.996706,89.561400
up_3,6.700000,0.001575,0.939290,90.000241,89.561400
up_3,6.710000,0.001575,0.940733,90.006580,89.595333
up_3,6.720000,0.001574,0.942176,90.012769,89.595333
up_3,6.730000,0.001575,0.943619,90.017039,90.726253
up_3,6.740000,0.001577,0.945063,90.013297,90.726253
up_3,6.750000,0.001577,0.946506,90.004770,89.877739
up_3,6.760000,0.001575,0.947949,90.003442,89.877739
up_3,6.770000,0.001574,0.949393,90.006627,89.688399
up_3,6.780000,0.001573,0.950836,90.011383,89.688399
up_3,6.790000,0.001574,0.952279,90.014292,90.035491
up_3,6.800000,0.001574,0.953723,90.013850,90.035491
up_3,6.810000,0.001574,0.955167,90.012191,90.176312
up_3,6.820000,0.001574,0.956611,90.009465,90.176312
up_3,6.830000,0.001573,0.958055,90.008640,89.431943
up_3,6.840000,0.001570,0.959499,90.015267,89.431943
up_3,6.850000,0.001571,0.960941,90.021979,90.491161
up_3,6.860000,0.001573,0.962384,90.020727,90.491161
up_3,6.870000,0.001572,0.963828,90.015483,89.740018
up_3,6.880000,0.001570,0.965271,90.017350,89.740018
up_3,6.890000,0.001569,0.966715,90.021266,89.746038
up_3,6.900000,0.001568,0.968158,90.025173,89.746038
up_3,6.910000,0.001568,0.969602,90.027798,89.914874
up_3,6.920000,0.001568,0.971046,90.029172,89.914874
up_3,6.930000,0.001567,0.972490,90.031008,89.859869
up_3,6.940000,0.001566,0.973934,90.033190,89.859869
up_3,6.950000,0.001563,0.975378,90.037235,89.336526
up_3,6.960000,0.001561,0.976821,90.046887,89.336526
up_3,6.970000,0.001561,0.978263,90.055055,90.222751
up_3,6.980000,0.001562,0.979706,90.055340,90.222751
up_3,6.990000,0.001562,0.981150,90.050113,90.576447
up_3,7.000000,0.001561,0.982593,90.041411,90.576447
up_3,7.010000,0.001559,0.984035,90.034537,90.155286
up_3,7.020000,0.001557,0.985479,90.031941,90.155286
up_3,7.030000,0.001555,0.986923,90.031426,89.605136
up_3,7.040000,0.001553,0.988366,90.036849,89.605136
up_3,7.050000,0.001553,0.989809,90.040958,90.474561
up_3,7.060000,0.001554,0.991253,90.037198,90.474561
up_3,7.070000,0.001553,0.992696,90.031428,90.278244
up_3,7.080000,0.001552,0.994139,90.027120,90.278244
up_3,7.090000,0.001552,0.995583,90.020919,91.022302
up_3,7.100000,0.001554,0.997026,90.007342,91.022302
up_3,7.110000,0.001553,0.998467,89.993760,89.844769
up_3,7.120000,0.001550,0.999909,89.988149,89.844769
up_3,7.130000,0.001550,1.001353,89.987450,90.441971
up_3,7.140000,0.001552,1.002796,89.981373,90.441971
up_3,7.150000,0.001552,1.004239,89.976548,89.705595
up_3,7.160000,0.001550,1.005683,89.979085,89.705595
up_3,7.170000,0.001551,1.007126,89.982182,89.899639
up_3,7.180000,0.001552,1.008570,89.983800,89.899639
up_3,7.190000,0.001551,1.010014,89.987237,89.337911
up_3,7.200000,0.001550,1.011457,89.996700,89.337911
up_3,7.210000,0.001551,1.012900,90.005231,89.561357
up_3,7.220000,0.001551,1.014343,90.011962,89.561357
up_3,7.230000,0.001551,1.015786,90.017035,89.808839
up_3,7.240000,0.001551,1.017229,90.020033,89.808839
up_3,7.250000,0.001550,1.018673,90.024532,89.580062
up_3,7.260000,0.001549,1.020116,90.030914,89.580062
up_3,7.270000,0.001549,1.021559,90.035411,90.406799
up_3,7.280000,0.001550,1.023003,90.032154,90.406799
up_3,7.290000,0.001549,1.024446,90.027893,89.675095
up_3,7.300000,0.001546,1.025889,90.030925,89.675095
up_3,7.310000,0.001546,1.027333,90.033961,90.264691
up_3,7.320000,0.001547,1.028776,90.030715,90.264691
up_3,7.330000,0.001546,1.030220,90.025697,90.379066
up_3,7.340000,0.001546,1.031663,90.019899,90.379066
up_3,7.350000,0.001544,1.033106,90.016010,89.640091
up_3,7.360000,0.001541,1.034550,90.019508,89.640091
up_3,7.370000,0.001541,1.035993,90.024903,89.649713
up_3,7.380000,0.001540,1.037437,90.030265,89.649713
up_3,7.390000,0.001538,1.038880,90.037544,89.051883
up_3,7.400000,0.001535,1.040323,90.051127,89.051883
up_3,7.410000,0.001535,1.041764,90.063592,89.784843
up_3,7.420000,0.001535,1.043206,90.068759,89.784843
up_3,7.430000,0.001534,1.044650,90.070180,90.576564
up_3,7.440000,0.001535,1.046094,90.063912,90.576564
up_3,7.450000,0.001532,1.047536,90.057068,89.722989
up_3,7.460000,0.001528,1.048979,90.058013,89.722989
up_3,7.470000,0.001527,1.050423,90.060286,90.153002
up_3,7.480000,0.001526,1.051867,90.058109,90.153002
up_3,7.490000,0.001526,1.053311,90.053843,90.920148
up_3,7.500000,0.001527,1.054754,90.042047,90.920148
up_3,7.510000,0.001525,1.056195,90.030007,89.380484
up_3,7.520000,0.001521,1.057638,90.025932,89.380484
up_3,7.530000,0.001520,1.059081,90.026772,90.276445
up_3,7.540000,0.001520,1.060525,90.022913,90.276445
up_3,7.550000,0.001521,1.061969,90.017474,90.430205
up_3,7.560000,0.001520,1.063412,90.010911,90.430205
up_3,7.570000,0.001521,1.064855,90.002548,90.730886
up_3,7.580000,0.001521,1.066297,89.991487,90.730886
up_3,7.590000,0.001523,1.067740,89.978496,91.076660
up_3,7.600000,0.001524,1.069181,89.962235,91.076660
up_3,7.610000,0.001524,1.070622,89.947817,89.488834
up_3,7.620000,0.001523,1.072064,89.941395,89.488834
up_3,7.630000,0.001523,1.073508,89.941463,89.961697
up_3,7.640000,0.001525,1.074952,89.942086,89.961697
up_3,7.650000,0.001528,1.076396,89.940825,90.415647
up_3,7.660000,0.001530,1.077839,89.934725,90.415647
up_3,7.670000,0.001531,1.079282,89.930303,89.921363
up_3,7.680000,0.001532,1.080726,89.931157,89.921363
up_3,7.690000,0.001532,1.082170,89.934242,89.550378
up_3,7.700000,0.001534,1.083613,89.941011,89.550378
up_3,7.710000,0.001536,1.085056,89.945973,90.636779
up_3,7.720000,0.001541,1.086500,89.942936,90.636779
up_3,7.730000,0.001542,1.087943,89.935578,89.530945
up_3,7.740000,0.001542,1.089386,89.935805,89.530945
up_3,7.750000,0.001542,1.090829,89.941931,89.589015
up_3,7.760000,0.001544,1.092272,89.948225,89.589015
up_3,7.770000,0.001546,1.093715,89.952826,89.856589
up_3,7.780000,0.001548,1.095159,89.955123,89.856589
up_3,7.790000,0.001550,1.096603,89.955608,90.146246
up_3,7.800000,0.001552,1.098047,89.953398,90.146246
up_3,7.810000,0.001552,1.099491,89.952441,89.972367
up_3,7.820000,0.001554,1.100935,89.952865,89.972367
up_3,7.830000,0.001554,1.102379,89.955084,89.657505
up_3,7.840000,0.001555,1.103822,89.960271,89.657505
up_3,7.850000,0.001556,1.105265,89.964047,89.867976
up_3,7.860000,0.001558,1.106709,89.966151,89.867976
up_3,7.870000,0.001560,1.108153,89.966313,91.370417
up_3,7.880000,0.001564,1.109597,89.958390,91.370417
up_3,7.890000,0.001565,1.111039,89.945591,89.709115
up_3,7.900000,0.001564,1.112481,89.940125,89.709115
up_3,7.910000,0.001565,1.113924,89.939629,90.200515
up_3,7.920000,0.001567,1.115368,89.936616,90.200515
up_3,7.930000,0.001568,1.116812,89.935391,89.858832
up_3,7.940000,0.001569,1.118256,89.937510,89.858832
up_3,7.950000,0.001572,1.119700,89.938769,89.974589
up_3,7.960000,0.001573,1.121144,89.939216,89.974589
up_3,7.970000,0.001574,1.122588,89.940955,89.795081
up_3,7.980000,0.001576,1.124032,89.944115,89.795081
up_3,7.990000,0.001579,1.125475,89.945391,90.185129
up_3,8.000000,0.001581,1.126919,89.942680,90.185129
down_3,0.000000,0.000000,0.000000,-88.413264,-89.238827
down_3,0.010000,0.000000,-0.000018,-88.431523,-89.238827
down_3,0.020000,0.000002,-0.000070,-88.443695,-89.238827
down_3,0.030000,0.000004,-0.000164,-88.456937,-89.084562
down_3,0.040000,0.000007,-0.000299,-88.471161,-89.084562
down_3,0.050000,0.000012,-0.000476,-88.487783,-88.101763
down_3,0.060000,0.000017,-0.000698,-88.512934,-88.101763
down_3,0.070000,0.000023,-0.000962,-88.540089,-89.076371
down_3,0.080000,0.000030,-0.001264,-88.558807,-89.076371
down_3,0.090000,0.000038,-0.001606,-88.575558,-88.724864
down_3,0.100000,0.000046,-0.001990,-88.595524,-88.724864
down_3,0.110000,0.000055,-0.002416,-88.617775,-88.282058
down_3,0.120000,0.000065,-0.002886,-88.644603,-88.282058
down_3,0.130000,0.000076,-0.003396,-88.670985,-88.334084
down_3,0.140000,0.000088,-0.003948,-88.697125,-88.334084
down_3,0.150000,0.000100,-0.004540,-88.722717,-88.392667
down_3,0.160000,0.000112,-0.005174,-88.748024,-88.392667
down_3,0.170000,0.000126,-0.005848,-88.771628,-88.622778
down_3,0.180000,0.000139,-0.006562,-88.793459,-88.622778
down_3,0.190000,0.000154,-0.007317,-88.813170,-89.128556
down_3,0.200000,0.000169,-0.008112,-88.827245,-89.128556
down_3,0.210000,0.000186,-0.008948,-88.838854,-89.527126
down_3,0.220000,0.000202,-0.009825,-88.846272,-89.527126
down_3,0.230000,0.000217,-0.010742,-88.855835,-89.031755
down_3,0.240000,0.000234,-0.011702,-88.870975,-89.031755
down_3,0.250000,0.000250,-0.012704,-88.888510,-88.363714
down_3,0.260000,0.000267,-0.013748,-88.913396,-88.363714
down_3,0.270000,0.000286,-0.014835,-88.937444,-88.715139
down_3,0.280000,0.000305,-0.015962,-88.957957,-88.715139
down_3,0.290000,0.000323,-0.017130,-88.980525,-88.100400
down_3,0.300000,0.000341,-0.018341,-89.009938,-88.100400
down_3,0.310000,0.000361,-0.019594,-89.038218,-88.905485
down_3,0.320000,0.000382,-0.020887,-89.058260,-88.905485
down_3,0.330000,0.000402,-0.022221,-89.076215,-88.844097
down_3,0.340000,0.000422,-0.023596,-89.094530,-88.844097
down_3,0.350000,0.000443,-0.025012,-89.110788,-89.428274
down_3,0.360000,0.000464,-0.026469,-89.120396,-89.428274
down_3,0.370000,0.000484,-0.027966,-89.131256,-88.661966
down_3,0.380000,0.000502,-0.029505,-89.150103,-88.661966
down_3,0.390000,0.000523,-0.031064,-89.169652,-89.325511
down_3,0.400000,0.000546,-0.032623,-89.181938,-89.325511
down_3,0.410000,0.000564,-0.034180,-89.194852,-88.523458
down_3,0.420000,0.000581,-0.035738,-89.215943,-88.523458
down_3,0.430000,0.000601,-0.037298,-89.237834,-88.886547
down_3,0.440000,0.000620,-0.038857,-89.255979,-88.886547
down_3,0.450000,0.000637,-0.040415,-89.275422,-88.707214
down_3,0.460000,0.000654,-0.041974,-89.296346,-88.707214
down_3,0.470000,0.000673,-0.043534,-89.315283,-89.807220
down_3,0.480000,0.000692,-0.045093,-89.325662,-89.807220
down_3,0.490000,0.000709,-0.046649,-89.331257,-88.927003
down_3,0.500000,0.000722,-0.048206,-89.344797,-88.927003
down_3,0.510000,0.000737,-0.049764,-89.362095,-88.927854
down_3,0.520000,0.000753,-0.051323,-89.379474,-88.927854
down_3,0.530000,0.000769,-0.052882,-89.395067,-89.196145
down_3,0.540000,0.000784,-0.054440,-89.408147,-89.196145
down_3,0.550000,0.000797,-0.055997,-89.423193,-88.632121
down_3,0.560000,0.000809,-0.057556,-89.444679,-88.632121
down_3,0.570000,0.000824,-0.059116,-89.464859,-90.088646
down_3,0.580000,0.000839,-0.060675,-89.476491,-90.088646
down_3,0.590000,0.000854,-0.062232,-89.480112,-89.856439
down_3,0.600000,0.000867,-0.063788,-89.482433,-89.856439
down_3,0.610000,0.000878,-0.065344,-89.486686,-89.108381
down_3,0.620000,0.000888,-0.066900,-89.498944,-89.108381
down_3,0.630000,0.000901,-0.068458,-89.512239,-89.244616
down_3,0.640000,0.000912,-0.070016,-89.524516,-89.244616
down_3,0.650000,0.000925,-0.071574,-89.534803,-89.596680
down_3,0.660000,0.000937,-0.073131,-89.541450,-89.596680
down_3,0.670000,0.000949,-0.074688,-89.546004,-89.961301
down_3,0.680000,0.000961,-0.076244,-89.546699,-89.961301
down_3,0.690000,0.000971,-0.077800,-89.548320,-89.834624
down_3,0.700000,0.000982,-0.079356,-89.550979,-89.834624
down_3,0.710000,0.000993,-0.080912,-89.554349,-89.757414
down_3,0.720000,0.001004,-0.082468,-89.558272,-89.757414
down_3,0.730000,0.001013,-0.084024,-89.564203,-89.330184
down_3,0.740000,0.001023,-0.085582,-89.574877,-89.330184
down_3,0.750000,0.001033,-0.087139,-89.585868,-89.318539
down_3,0.760000,0.001043,-0.088697,-89.596943,-89.318539
down_3,0.770000,0.001053,-0.090254,-89.606263,-89.576486
down_3,0.780000,0.001063,-0.091811,-89.613196,-89.576486
down_3,0.790000,0.001071,-0.093368,-89.622101,-88.381472
down_3,0.800000,0.001077,-0.094925,-89.639565,-88.381472
down_3,0.810000,0.001086,-0.096485,-89.662302,-89.823205
down_3,0.820000,0.001097,-0.098045,-89.677244,-89.823205
down_3,0.830000,0.001107,-0.099603,-89.682929,-89.924086
down_3,0.840000,0.001116,-0.101159,-89.684279,-89.924086
down_3,0.850000,0.001125,-0.102715,-89.683498,-90.383988
down_3,0.860000,0.001133,-0.104271,-89.677401,-90.383988
down_3,0.870000,0.001140,-0.105828,-89.672655,-90.159293
down_3,0.880000,0.001148,-0.107385,-89.669887,-90.159293
down_3,0.890000,0.001155,-0.108941,-89.669174,-89.231036
down_3,0.900000,0.001160,-0.110497,-89.677074,-89.231036
down_3,0.910000,0.001168,-0.112055,-89.687453,-90.025883
down_3,0.920000,0.001178,-0.113612,-89.689773,-90.025883
down_3,0.930000,0.001185,-0.115169,-89.691278,-89.669698
down_3,0.940000,0.001192,-0.116725,-89.696550,-89.669698
down_3,0.950000,0.001199,-0.118281,-89.701270,-89.741270
down_3,0.960000,0.001207,-0.119838,-89.705500,-89.741270
down_3,0.970000,0.001213,-0.121394,-89.711204,-89.547178
down_3,0.980000,0.001220,-0.122951,-89.718559,-89.547178
down_3,0.990000,0.001228,-0.124508,-89.724229,-89.792073
down_3,1.000000,0.001235,-0.126064,-89.727673,-89.792073
down_3,1.010000,0.001241,-0.127621,-89.730953,-89.804928
down_3,1.020000,0.001248,-0.129177,-89.734148,-89.804928
down_3,1.030000,0.001253,-0.130733,-89.739328,-89.128678
down_3,1.040000,0.001257,-0.132290,-89.752004,-89.128678
down_3,1.050000,0.001264,-0.133848,-89.764163,-89.586020
down_3,1.060000,0.001271,-0.135406,-89.771186,-89.586020
down_3,1.070000,0.001278,-0.136963,-89.775934,-90.314263
down_3,1.080000,0.001285,-0.138519,-89.772799,-90.314263
down_3,1.090000,0.001290,-0.140076,-89.769614,-89.647522
down_3,1.100000,0.001293,-0.141632,-89.773867,-89.647522
down_3,1.110000,0.001300,-0.143189,-89.777591,-90.242284
down_3,1.120000,0.001307,-0.144746,-89.774491,-90.242284
down_3,1.130000,0.001311,-0.146302,-89.772461,-89.123510
down_3,1.140000,0.001314,-0.147859,-89.779052,-89.123510
down_3,1.150000,0.001319,-0.149416,-89.790694,-90.332557
down_3,1.160000,0.001327,-0.150974,-89.794387,-90.332557
down_3,1.170000,0.001332,-0.152531,-89.792713,-89.852665
down_3,1.180000,0.001337,-0.154087,-89.794926,-89.852665
down_3,1.190000,0.001340,-0.155643,-89.799287,-89.485085
down_3,1.200000,0.001344,-0.157199,-89.807573,-89.485085
down_3,1.210000,0.001350,-0.158757,-89.814113,-89.778655
down_3,1.220000,0.001355,-0.160313,-89.817815,-89.778655
down_3,1.230000,0.001360,-0.161870,-89.820161,-89.937450
down_3,1.240000,0.001365,-0.163426,-89.821222,-89.937450
down_3,1.250000,0.001369,-0.164982,-89.822833,-89.875018
down_3,1.260000,0.001373,-0.166537,-89.824900,-89.875018
down_3,1.270000,0.001376,-0.168093,-89.828639,-89.628186
down_3,1.280000,0.001380,-0.169650,-89.834682,-89.628186
down_3,1.290000,0.001385,-0.171207,-89.838751,-90.351671
down_3,1.300000,0.001391,-0.172764,-89.834970,-90.351671
down_3,1.310000,0.001394,-0.174321,-89.831189,-89.814276
down_3,1.320000,0.001397,-0.175877,-89.833618,-89.814276
down_3,1.330000,0.001401,-0.177433,-89.837247,-89.753344
down_3,1.340000,0.001405,-0.178989,-89.841297,-89.753344
down_3,1.350000,0.001407,-0.180545,-89.847363,-89.161970
down_3,1.360000,0.001409,-0.182103,-89.860161,-89.161970
down_3,1.370000,0.001414,-0.183661,-89.871810,-89.743757
down_3,1.380000,0.001418,-0.185218,-89.876838,-89.743757
down_3,1.390000,0.001421,-0.186775,-89.881082,-89.742158
down_3,1.400000,0.001424,-0.188331,-89.885328,-89.742158
down_3,1.410000,0.001428,-0.189888,-89.887703,-90.035824
down_3,1.420000,0.001431,-0.191444,-89.887151,-90.035824
down_3,1.430000,0.001435,-0.193000,-89.885185,-90.202340
down_3,1.440000,0.001438,-0.194556,-89.881817,-90.202340
down_3,1.450000,0.001440,-0.196112,-89.878423,-90.202706
down_3,1.460000,0.001443,-0.197669,-89.875025,-90.202706
down_3,1.470000,0.001447,-0.199225,-89.871023,-90.266945
down_3,1.480000,0.001450,-0.200782,-89.866584,-90.266945
down_3,1.490000,0.001452,-0.202338,-89.864160,-89.846722
down_3,1.500000,0.001454,-0.203894,-89.866469,-89.846722
down_3,1.510000,0.001457,-0.205451,-89.869956,-89.737421
down_3,1.520000,0.001460,-0.207007,-89.874266,-89.737421
down_3,1.530000,0.001464,-0.208564,-89.876566,-90.440473
down_3,1.540000,0.001470,-0.210120,-89.871135,-90.440473
down_3,1.550000,0.001472,-0.211677,-89.865912,-89.441836
down_3,1.560000,0.001472,-0.213234,-89.869255,-89.441836
down_3,1.570000,0.001475,-0.214791,-89.876147,-90.349807
down_3,1.580000,0.001481,-0.216348,-89.874733,-90.349807
down_3,1.590000,0.001485,-0.217904,-89.868591,-90.397122
down_3,1.600000,0.001488,-0.219461,-89.862035,-90.397122
down_3,1.610000,0.001491,-0.221018,-89.857421,-90.064388
down_3,1.620000,0.001494,-0.222574,-89.856181,-90.064388
down_3,1.630000,0.001496,-0.224131,-89.857050,-89.459849
down_3,1.640000,0.001497,-0.225687,-89.864882,-89.459849
down_3,1.650000,0.001502,-0.227245,-89.871685,-90.145061
down_3,1.660000,0.001507,-0.228801,-89.870915,-90.145061
down_3,1.670000,0.001509,-0.230358,-89.870497,-89.214857
down_3,1.680000,0.001509,-0.231914,-89.878680,-89.214857
down_3,1.690000,0.001513,-0.233472,-89.889360,-89.785023
down_3,1.700000,0.001517,-0.235029,-89.893645,-89.785023
down_3,1.710000,0.001520,-0.236585,-89.896641,-89.844037
down_3,1.720000,0.001522,-0.238141,-89.899237,-89.844037
down_3,1.730000,0.001526,-0.239698,-89.899808,-90.706147
down_3,1.740000,0.001531,-0.241254,-89.891876,-90.706147
down_3,1.750000,0.001533,-0.242812,-89.882383,-89.722751
down_3,1.760000,0.001533,-0.244369,-89.881391,-89.722751
down_3,1.770000,0.001534,-0.245925,-89.887762,-89.285946
down_3,1.780000,0.001536,-0.247482,-89.899201,-89.285946
down_3,1.790000,0.001538,-0.249040,-89.910217,-89.355825
down_3,1.800000,0.001540,-0.250598,-89.920758,-89.355825
down_3,1.810000,0.001544,-0.252156,-89.929277,-89.821209
down_3,1.820000,0.001546,-0.253713,-89.932533,-89.821209
down_3,1.830000,0.001547,-0.255269,-89.936404,-89.719307
down_3,1.840000,0.001549,-0.256825,-89.941023,-89.719307
down_3,1.850000,0.001552,-0.258382,-89.943632,-90.340741
down_3,1.860000,0.001555,-0.259938,-89.939141,-90.340741
down_3,1.870000,0.001555,-0.261495,-89.935545,-88.857450
down_3,1.880000,0.001554,-0.263052,-89.940547,-88.857450
down_3,1.890000,0.001555,-0.264609,-89.950924,-90.166674
down_3,1.900000,0.001559,-0.266167,-89.953489,-90.166674
down_3,1.910000,0.001560,-0.267723,-89.952906,-89.577822
down_3,1.920000,0.001559,-0.269279,-89.958936,-89.577822
down_3,1.930000,0.001560,-0.270836,-89.965508,-89.614479
down_3,1.940000,0.001561,-0.272393,-89.971851,-89.614479
down_3,1.950000,0.001562,-0.273950,-89.977615,-89.675104
down_3,1.960000,0.001562,-0.275507,-89.982977,-89.675104
down_3,1.970000,0.001564,-0.277064,-89.986313,-90.372593
down_3,1.980000,0.001566,-0.278620,-89.981959,-90.372593
down_3,1.990000,0.001567,-0.280177,-89.975069,-90.457773
down_3,2.000000,0.001568,-0.281734,-89.967550,-90.457773
down_3,2.010000,0.001568,-0.283291,-89.961218,-90.313963
down_3,2.020000,0.001569,-0.284848,-89.956011,-90.313963
down_3,2.030000,0.001570,-0.286404,-89.951443,-90.247492
down_3,2.040000,0.001571,-0.287961,-89.947326,-90.247492
down_3,2.050000,0.001573,-0.289517,-89.942020,-90.391024
down_3,2.060000,0.001575,-0.291074,-89.935588,-90.391024
down_3,2.070000,0.001575,-0.292631,-89.931160,-89.925120
down_3,2.080000,0.001576,-0.294187,-89.932065,-89.925120
down_3,2.090000,0.001576,-0.295743,-89.935276,-89.176747
down_3,2.100000,0.001575,-0.297300,-89.946510,-89.176747
down_3,2.110000,0.001577,-0.298858,-89.957914,-89.623509
down_3,2.120000,0.001579,-0.300415,-89.964346,-89.623509
down_3,2.130000,0.001581,-0.301973,-89.968523,-90.080497
down_3,2.140000,0.001583,-0.303529,-89.967463,-90.080497
down_3,2.150000,0.001583,-0.305085,-89.968027,-89.751843
down_3,2.160000,0.001583,-0.306641,-89.972042,-89.751843
down_3,2.170000,0.001584,-0.308198,-89.975690,-89.799398
down_3,2.180000,0.001585,-0.309754,-89.979027,-89.799398
down_3,2.190000,0.001586,-0.311310,-89.980341,-90.199457
down_3,2.200000,0.001588,-0.312867,-89.977194,-90.199457
down_3,2.210000,0.001587,-0.314423,-89.975893,-89.552807
down_3,2.220000,0.001586,-0.315980,-89.981908,-89.552807
down_3,2.230000,0.001586,-0.317537,-89.988696,-89.609244
down_3,2.240000,0.001586,-0.319093,-89.995130,-89.609244
down_3,2.250000,0.001588,-0.320651,-89.999540,-90.108840
down_3,2.260000,0.001589,-0.322207,-89.998171,-90.108840
down_3,2.270000,0.001590,-0.323763,-89.994457,-90.435853
down_3,2.280000,0.001591,-0.325320,-89.987380,-90.435853
down_3,2.290000,0.001590,-0.326877,-89.982234,-89.395230
down_3,2.300000,0.001588,-0.328433,-89.985678,-89.395230
down_3,2.310000,0.001587,-0.329990,-89.994720,-89.453650
down_3,2.320000,0.001587,-0.331548,-90.003682,-89.453650
down_3,2.330000,0.001588,-0.333105,-90.010626,-90.062303
down_3,2.340000,0.001590,-0.334662,-90.010647,-90.062303
down_3,2.350000,0.001591,-0.336218,-90.007648,-90.790843
down_3,2.360000,0.001593,-0.337774,-89.996730,-90.790843
down_3,2.370000,0.001592,-0.339333,-89.985838,-89.261849
down_3,2.380000,0.001590,-0.340890,-89.983486,-89.261849
down_3,2.390000,0.001589,-0.342447,-89.986505,-90.085692
down_3,2.400000,0.001591,-0.344003,-89.985318,-90.085692
down_3,2.410000,0.001591,-0.345559,-89.983706,-90.100905
down_3,2.420000,0.001592,-0.347115,-89.981988,-90.100905
down_3,2.430000,0.001591,-0.348671,-89.982290,-89.590134
down_3,2.440000,0.001590,-0.350227,-89.988551,-89.590134
down_3,2.450000,0.001590,-0.351784,-89.994616,-89.662376
down_3,2.460000,0.001590,-0.353341,-90.000188,-89.662376
down_3,2.470000,0.001592,-0.354898,-90.003736,-91.026989
down_3,2.480000,0.001595,-0.356454,-89.998668,-91.026989
down_3,2.490000,0.001595,-0.358012,-89.988228,-89.501662
down_3,2.500000,0.001593,-0.359569,-89.985602,-89.501662
down_3,2.510000,0.001592,-0.361126,-89.988338,-90.528672
down_3,2.520000,0.001595,-0.362682,-89.983407,-90.528672
down_3,2.530000,0.001595,-0.364240,-89.976823,-90.128858
down_3,2.540000,0.001595,-0.365796,-89.974493,-90.128858
down_3,2.550000,0.001594,-0.367352,-89.974336,-89.372714
down_3,2.560000,0.001592,-0.368909,-89.982259,-89.372714
down_3,2.570000,0.001594,-0.370467,-89.990481,-90.338838
down_3,2.580000,0.001597,-0.372024,-89.990171,-90.338838
down_3,2.590000,0.001597,-0.373580,-89.986724,-89.991245
down_3,2.600000,0.001597,-0.375136,-89.986734,-89.991245
down_3,2.610000,0.001598,-0.376692,-89.984911,-90.369744
down_3,2.620000,0.001599,-0.378249,-89.978958,-90.369744
down_3,2.630000,0.001599,-0.379806,-89.974263,-90.194026
down_3,2.640000,0.001600,-0.381362,-89.971004,-90.194026
down_3,2.650000,0.001600,-0.382918,-89.968068,-90.162536
down_3,2.660000,0.001601,-0.384475,-89.965340,-90.162536
down_3,2.670000,0.001602,-0.386031,-89.961938,-90.236188
down_3,2.680000,0.001603,-0.387587,-89.958019,-90.236188
down_3,2.690000,0.001603,-0.389144,-89.956114,-89.371054
down_3,2.700000,0.001601,-0.390700,-89.962695,-89.371054
down_3,2.710000,0.001603,-0.392258,-89.970900,-90.077606
down_3,2.720000,0.001606,-0.393814,-89.971478,-90.077606
down_3,2.730000,0.001605,-0.395371,-89.972142,-89.737824
down_3,2.740000,0.001605,-0.396927,-89.976380,-89.737824
down_3,2.750000,0.001607,-0.398484,-89.978692,-90.229981
down_3,2.760000,0.001609,-0.400040,-89.975291,-90.229981
down_3,2.770000,0.001610,-0.401596,-89.971749,-90.201474
down_3,2.780000,0.001610,-0.403153,-89.968388,-90.201474
down_3,2.790000,0.001610,-0.404709,-89.967050,-89.241537
down_3,2.800000,0.001608,-0.406265,-89.974348,-89.241537
down_3,2.810000,0.001609,-0.407823,-89.984583,-90.093259
down_3,2.820000,0.001612,-0.409381,-89.986587,-90.093259
down_3,2.830000,0.001614,-0.410937,-89.983264,-90.393627
down_3,2.840000,0.001615,-0.412493,-89.976855,-90.393627
down_3,2.850000,0.001614,-0.414050,-89.972346,-90.049711
down_3,2.860000,0.001614,-0.415606,-89.971363,-90.049711
down_3,2.870000,0.001615,-0.417162,-89.969387,-90.183336
down_3,2.880000,0.001616,-0.418719,-89.966339,-90.183336
down_3,2.890000,0.001616,-0.420275,-89.965296,-88.879306
down_3,2.900000,0.001614,-0.421831,-89.972903,-88.879306
down_3,2.910000,0.001614,-0.423389,-89.985847,-90.309454
down_3,2.920000,0.001617,-0.424947,-89.990979,-90.309454
down_3,2.930000,0.001618,-0.426504,-89.990748,-89.739003
down_3,2.940000,0.001617,-0.428060,-89.994814,-89.739003
down_3,2.950000,0.001616,-0.429616,-90.001147,-89.225903
down_3,2.960000,0.001614,-0.431173,-90.013360,-89.225903
down_3,2.970000,0.001615,-0.432732,-90.024004,-90.528239
down_3,2.980000,0.001617,-0.434289,-90.026086,-90.528239
down_3,2.990000,0.001617,-0.435846,-90.022797,-89.949639
down_3,3.000000,0.001616,-0.437402,-90.023425,-89.949639
down_3,3.010000,0.001615,-0.438958,-90.024766,-89.899897
down_3,3.020000,0.001614,-0.440514,-90.026470,-89.899897
down_3,3.030000,0.001613,-0.442070,-90.029475,-89.734426
down_3,3.040000,0.001612,-0.443626,-90.033855,-89.734426
down_3,3.050000,0.001610,-0.445183,-90.039622,-89.564478
down_3,3.060000,0.001609,-0.446740,-90.046769,-89.564478
down_3,3.070000,0.001609,-0.448297,-90.051919,-91.329283
down_3,3.080000,0.001611,-0.449853,-90.048476,-91.329283
down_3,3.090000,0.001610,-0.451411,-90.039640,-90.262490
down_3,3.100000,0.001608,-0.452968,-90.035070,-90.262490
down_3,3.110000,0.001606,-0.454524,-90.032577,-89.978067
down_3,3.120000,0.001605,-0.456080,-90.032874,-89.978067
down_3,3.130000,0.001604,-0.457636,-90.034684,-89.792369
down_3,3.140000,0.001603,-0.459192,-90.038118,-89.792369
down_3,3.150000,0.001602,-0.460749,-90.040469,-89.922300
down_3,3.160000,0.001601,-0.462305,-90.041830,-89.922300
down_3,3.170000,0.001601,-0.463861,-90.041798,-90.091371
down_3,3.180000,0.001600,-0.465417,-90.040273,-90.091371
down_3,3.190000,0.001600,-0.466973,-90.037865,-90.190168
down_3,3.200000,0.001599,-0.468529,-90.034714,-90.190168
down_3,3.210000,0.001599,-0.470085,-90.029651,-90.512155
down_3,3.220000,0.001599,-0.471642,-90.021335,-90.512155
down_3,3.230000,0.001599,-0.473199,-90.012235,-90.588117
down_3,3.240000,0.001599,-0.474757,-90.002602,-90.588117
down_3,3.250000,0.001598,-0.476314,-89.994980,-89.890187
down_3,3.260000,0.001595,-0.477871,-89.995012,-89.890187
down_3,3.270000,0.001597,-0.479427,-89.994825,-90.807654
down_3,3.280000,0.001600,-0.480984,-89.986040,-90.807654
down_3,3.290000,0.001601,-0.482541,-89.972342,-90.870335
down_3,3.300000,0.001602,-0.484100,-89.958112,-90.870335
down_3,3.310000,0.001602,-0.485658,-89.945890,-89.254430
down_3,3.320000,0.001600,-0.487216,-89.942235,-89.254430
down_3,3.330000,0.001601,-0.488773,-89.943956,-90.336352
down_3,3.340000,0.001604,-0.490329,-89.939461,-90.336352
down_3,3.350000,0.001605,-0.491886,-89.935742,-90.058180
down_3,3.360000,0.001606,-0.493442,-89.934652,-90.058180
down_3,3.370000,0.001607,-0.494998,-89.934775,-89.923945
down_3,3.380000,0.001608,-0.496554,-89.936047,-89.923945
down_3,3.390000,0.001610,-0.498110,-89.937491,-89.908293
down_3,3.400000,0.001611,-0.499666,-89.939044,-89.908293
down_3,3.410000,0.001614,-0.501222,-89.938576,-90.652542
down_3,3.420000,0.001618,-0.502778,-89.930078,-90.652542
down_3,3.430000,0.001620,-0.504336,-89.919890,-90.602101
down_3,3.440000,0.001622,-0.505893,-89.910000,-90.602101
down_3,3.450000,0.001623,-0.507451,-89.902131,-89.884706
down_3,3.460000,0.001623,-0.509008,-89.902036,-89.884706
down_3,3.470000,0.001626,-0.510564,-89.902460,-90.073460
down_3,3.480000,0.001628,-0.512120,-89.901207,-90.073460
down_3,3.490000,0.001630,-0.513676,-89.901939,-89.639766
down_3,3.500000,0.001631,-0.515233,-89.907621,-89.639766
down_3,3.510000,0.001634,-0.516790,-89.912083,-89.826211
down_3,3.520000,0.001636,-0.518346,-89.914993,-89.826211
down_3,3.530000,0.001640,-0.519902,-89.915857,-90.445985
down_3,3.540000,0.001643,-0.521459,-89.909628,-90.445985
down_3,3.550000,0.001644,-0.523016,-89.904313,-89.652660
down_3,3.560000,0.001644,-0.524572,-89.907192,-89.652660
down_3,3.570000,0.001647,-0.526129,-89.910833,-90.398981
down_3,3.580000,0.001652,-0.527686,-89.906526,-90.398981
down_3,3.590000,0.001653,-0.529243,-89.901994,-89.960709
down_3,3.600000,0.001655,-0.530799,-89.902358,-89.960709
down_3,3.610000,0.001656,-0.532355,-89.904937,-89.596456
down_3,3.620000,0.001657,-0.533912,-89.911434,-89.596456
down_3,3.630000,0.001661,-0.535469,-89.916033,-90.269888
down_3,3.640000,0.001665,-0.537025,-89.913123,-90.269888
down_3,3.650000,0.001666,-0.538582,-89.910568,-89.957620
down_3,3.660000,0.001668,-0.540138,-89.911159,-89.957620
down_3,3.670000,0.001669,-0.541694,-89.913373,-89.752114
down_3,3.680000,0.001671,-0.543250,-89.917432,-89.752114
down_3,3.690000,0.001674,-0.544807,-89.919517,-90.133798
down_3,3.700000,0.001677,-0.546363,-89.917415,-90.133798
down_3,3.710000,0.001678,-0.547919,-89.917171,-89.122858
down_3,3.720000,0.001677,-0.549475,-89.925585,-89.122858
down_3,3.730000,0.001679,-0.551033,-89.937657,-90.054132
down_3,3.740000,0.001683,-0.552591,-89.941430,-90.054132
down_3,3.750000,0.001686,-0.554147,-89.939048,-90.279320
down_3,3.760000,0.001688,-0.555704,-89.934455,-90.279320
down_3,3.770000,0.001690,-0.557260,-89.929350,-90.328612
down_3,3.780000,0.001691,-0.558817,-89.923919,-90.328612
down_3,3.790000,0.001692,-0.560374,-89.920502,-89.086848
down_3,3.800000,0.001691,-0.561930,-89.925702,-89.086848
down_3,3.810000,0.001692,-0.563488,-89.936273,-89.952102
down_3,3.820000,0.001696,-0.565045,-89.939552,-89.952102
down_3,3.830000,0.001699,-0.566601,-89.938408,-90.536231
down_3,3.840000,0.001702,-0.568158,-89.930453,-90.536231
down_3,3.850000,0.001703,-0.569715,-89.923671,-90.095620
down_3,3.860000,0.001704,-0.571272,-89.921796,-90.095620
down_3,3.870000,0.001705,-0.572828,-89.920708,-90.037163
down_3,3.880000,0.001707,-0.574384,-89.920029,-90.037163
down_3,3.890000,0.001709,-0.575940,-89.920571,-89.893051
down_3,3.900000,0.001710,-0.577496,-89.922350,-89.893051
down_3,3.910000,0.001711,-0.579052,-89.926097,-89.276043
down_3,3.920000,0.001711,-0.580608,-89.936881,-89.276043
down_3,3.930000,0.001714,-0.582167,-89.946688,-90.335222
down_3,3.940000,0.001718,-0.583724,-89.947937,-90.335222
down_3,3.950000,0.001719,-0.585280,-89.944481,-90.098835
down_3,3.960000,0.001720,-0.586836,-89.942753,-90.098835
down_3,3.970000,0.001722,-0.588392,-89.941582,-90.044373
down_3,3.980000,0.001723,-0.589948,-89.940785,-90.044373
down_3,3.990000,0.001724,-0.591504,-89.940583,-89.983510
down_3,4.000000,0.001726,-0.593060,-89.940841,-89.983510
down_3,4.010000,0.001728,-0.594616,-89.939131,-90.375585
down_3,4.020000,0.001731,-0.596173,-89.933088,-90.375585
down_3,4.030000,0.001732,-0.597730,-89.927644,-90.293102
down_3,4.040000,0.001734,-0.599286,-89.922778,-90.293102
down_3,4.050000,0.001734,-0.600843,-89.919939,-89.431116
down_3,4.060000,0.001733,-0.602399,-89.925566,-89.431116
down_3,4.070000,0.001733,-0.603956,-89.936824,-88.955373
down_3,4.080000,0.001734,-0.605514,-89.953549,-88.955373
down_3,4.090000,0.001736,-0.607074,-89.968582,-89.932245
down_3,4.100000,0.001739,-0.608632,-89.975057,-89.932245
down_3,4.110000,0.001741,-0.610188,-89.976433,-89.928766
down_3,4.120000,0.001741,-0.611744,-89.977665,-89.928766
down_3,4.130000,0.001743,-0.613300,-89.976872,-90.342112
down_3,4.140000,0.001745,-0.614857,-89.971418,-90.342112
down_3,4.150000,0.001746,-0.616413,-89.964617,-90.479929
down_3,4.160000,0.001747,-0.617970,-89.956742,-90.479929
down_3,4.170000,0.001747,-0.619528,-89.950871,-90.041979
down_3,4.180000,0.001747,-0.621084,-89.949882,-90.041979
down_3,4.190000,0.001747,-0.622640,-89.951004,-89.748600
down_3,4.200000,0.001748,-0.624196,-89.955092,-89.748600
down_3,4.210000,0.001750,-0.625753,-89.957330,-90.064433
down_3,4.220000,0.001752,-0.627309,-89.956325,-90.064433
down_3,4.230000,0.001752,-0.628865,-89.957218,-89.642895
down_3,4.240000,0.001752,-0.630422,-89.962885,-89.642895
down_3,4.250000,0.001751,-0.631978,-89.970778,-89.195448
down_3,4.260000,0.001751,-0.633536,-89.983689,-89.195448
down_3,4.270000,0.001752,-0.635094,-89.994825,-90.347086
down_3,4.280000,0.001755,-0.636652,-89.997397,-90.347086
down_3,4.290000,0.001756,-0.638208,-89.994293,-90.095617
down_3,4.300000,0.001756,-0.639764,-89.992628,-90.095617
down_3,4.310000,0.001757,-0.641320,-89.990425,-90.157288
down_3,4.320000,0.001757,-0.642876,-89.987794,-90.157288
down_3,4.330000,0.001758,-0.644432,-89.983365,-90.436762
down_3,4.340000,0.001759,-0.645989,-89.976240,-90.436762
down_3,4.350000,0.001761,-0.647546,-89.967577,-90.629355
down_3,4.360000,0.001762,-0.649104,-89.957285,-90.629355
down_3,4.370000,0.001761,-0.650662,-89.948982,-89.719831
down_3,4.380000,0.001760,-0.652219,-89.949196,-89.719831
down_3,4.390000,0.001760,-0.653775,-89.953848,-89.705932
down_3,4.400000,0.001761,-0.655331,-89.958695,-89.705932
down_3,4.410000,0.001761,-0.656888,-89.965255,-89.462223
down_3,4.420000,0.001762,-0.658445,-89.974028,-89.462223
down_3,4.430000,0.001764,-0.660003,-89.980826,-90.270428
down_3,4.440000,0.001767,-0.661559,-89.979361,-90.270428
down_3,4.450000,0.001766,-0.663116,-89.976952,-89.619518
down_3,4.460000,0.001765,-0.664672,-89.981840,-89.619518
down_3,4.470000,0.001766,-0.666229,-89.987102,-89.730817
down_3,4.480000,0.001766,-0.667786,-89.991564,-89.730817
down_3,4.490000,0.001767,-0.669342,-89.994660,-89.899411
down_3,4.500000,0.001767,-0.670898,-89.996391,-89.899411
down_3,4.510000,0.001767,-0.672454,-89.999526,-89.709143
down_3,4.520000,0.001766,-0.674011,-90.004306,-89.709143
down_3,4.530000,0.001765,-0.675567,-90.011115,-89.329215
down_3,4.540000,0.001764,-0.677125,-90.021968,-89.329215
down_3,4.550000,0.001764,-0.678682,-90.031197,-89.587931
down_3,4.560000,0.001764,-0.680239,-90.038031,-89.587931
down_3,4.570000,0.001764,-0.681797,-90.042798,-90.758406
down_3,4.580000,0.001766,-0.683353,-90.038968,-90.758406
down_3,4.590000,0.001766,-0.684910,-90.029748,-90.219358
down_3,4.600000,0.001764,-0.686467,-90.025664,-90.219358
down_3,4.610000,0.001762,-0.688024,-90.024015,-89.849713
down_3,4.620000,0.001760,-0.689580,-90.026392,-89.849713
down_3,4.630000,0.001758,-0.691136,-90.030890,-89.135140
down_3,4.640000,0.001755,-0.692693,-90.043163,-89.135140
down_3,4.650000,0.001755,-0.694251,-90.055270,-89.788110
down_3,4.660000,0.001756,-0.695809,-90.060124,-89.788110
down_3,4.670000,0.001756,-0.697366,-90.061741,-90.112733
down_3,4.680000,0.001755,-0.698922,-90.059956,-90.112733
down_3,4.690000,0.001752,-0.700478,-90.060082,-89.713367
down_3,4.700000,0.001750,-0.702034,-90.064666,-89.713367
down_3,4.710000,0.001749,-0.703591,-90.067394,-90.707658
down_3,4.720000,0.001751,-0.705147,-90.061499,-90.707658
down_3,4.730000,0.001749,-0.706705,-90.052150,-90.027605
down_3,4.740000,0.001746,-0.708262,-90.050099,-90.027605
down_3,4.750000,0.001744,-0.709818,-90.051004,-89.852021
down_3,4.760000,0.001742,-0.711374,-90.053472,-89.852021
down_3,4.770000,0.001742,-0.712930,-90.053943,-90.411234
down_3,4.780000,0.001742,-0.714487,-90.047916,-90.411234
down_3,4.790000,0.001740,-0.716044,-90.043190,-89.949066
down_3,4.800000,0.001738,-0.717600,-90.043734,-89.949066
down_3,4.810000,0.001738,-0.719156,-90.042610,-90.441745
down_3,4.820000,0.001738,-0.720713,-90.035764,-90.441745
down_3,4.830000,0.001738,-0.722270,-90.028241,-90.470393
down_3,4.840000,0.001737,-0.723827,-90.020522,-90.470393
down_3,4.850000,0.001735,-0.725384,-90.014818,-89.878974
down_3,4.860000,0.001733,-0.726941,-90.015902,-89.878974
down_3,4.870000,0.001734,-0.728497,-90.015999,-90.202794
down_3,4.880000,0.001734,-0.730053,-90.012718,-90.202794
down_3,4.890000,0.001733,-0.731610,-90.011045,-89.963536
down_3,4.900000,0.001732,-0.733165,-90.011613,-89.963536
down_3,4.910000,0.001732,-0.734721,-90.013288,-89.841052
down_3,4.920000,0.001731,-0.736278,-90.015938,-89.841052
down_3,4.930000,0.001732,-0.737834,-90.016580,-90.852851
down_3,4.940000,0.001735,-0.739390,-90.008566,-90.852851
down_3,4.950000,0.001734,-0.740948,-89.996877,-89.372982
down_3,4.960000,0.001731,-0.742506,-89.993522,-89.372982
down_3,4.970000,0.001729,-0.744062,-89.999530,-89.308298
down_3,4.980000,0.001728,-0.745619,-90.010690,-89.308298
down_3,4.990000,0.001729,-0.747177,-90.019998,-90.087079
down_3,5.000000,0.001731,-0.748735,-90.021205,-90.087079
down_3,5.010000,0.001729,-0.750291,-90.021796,-89.416135
down_3,5.020000,0.001726,-0.751847,-90.029864,-89.416135
down_3,5.030000,0.001727,-0.753405,-90.037405,-89.987638
down_3,5.040000,0.001727,-0.754961,-90.038424,-89.987638
down_3,5.050000,0.001726,-0.756517,-90.039982,-89.823083
down_3,5.060000,0.001725,-0.758074,-90.042923,-89.823083
down_3,5.070000,0.001722,-0.759630,-90.047874,-89.285995
down_3,5.080000,0.001720,-0.761187,-90.059001,-89.285995
down_3,5.090000,0.001719,-0.762745,-90.068676,-89.993001
down_3,5.100000,0.001720,-0.764302,-90.070674,-89.993001
down_3,5.110000,0.001718,-0.765858,-90.072415,-89.779184
down_3,5.120000,0.001716,-0.767414,-90.076064,-89.779184
down_3,5.130000,0.001713,-0.768971,-90.080369,-89.712827
down_3,5.140000,0.001711,-0.770527,-90.085126,-89.712827
down_3,5.150000,0.001711,-0.772084,-90.087870,-90.373371
down_3,5.160000,0.001710,-0.773640,-90.083194,-90.373371
down_3,5.170000,0.001708,-0.775197,-90.078267,-90.231282
down_3,5.180000,0.001706,-0.776754,-90.074429,-90.231282
down_3,5.190000,0.001703,-0.778310,-90.072585,-89.881591
down_3,5.200000,0.001701,-0.779866,-90.074473,-89.881591
down_3,5.210000,0.001698,-0.781422,-90.078337,-89.571029
down_3,5.220000,0.001695,-0.782979,-90.085329,-89.571029
down_3,5.230000,0.001693,-0.784536,-90.093204,-89.481778
down_3,5.240000,0.001690,-0.786093,-90.101720,-89.481778
down_3,5.250000,0.001689,-0.787651,-90.108227,-89.955950
down_3,5.260000,0.001688,-0.789207,-90.109355,-89.955950
down_3,5.270000,0.001685,-0.790763,-90.109720,-90.001363
down_3,5.280000,0.001683,-0.792319,-90.109738,-90.001363
down_3,5.290000,0.001679,-0.793875,-90.111720,-89.069979
down_3,5.300000,0.001673,-0.795431,-90.122328,-89.069979
down_3,5.310000,0.001670,-0.796990,-90.135414,-90.628389
down_3,5.320000,0.001670,-0.798548,-90.140055,-90.628389
down_3,5.330000,0.001667,-0.800104,-90.139323,-89.340299
down_3,5.340000,0.001661,-0.801660,-90.146312,-89.340299
down_3,5.350000,0.001658,-0.803218,-90.155048,-90.685270
down_3,5.360000,0.001657,-0.804775,-90.155292,-90.685270
down_3,5.370000,0.001656,-0.806332,-90.146740,-90.663863
down_3,5.380000,0.001653,-0.807889,-90.135930,-90.663863
down_3,5.390000,0.001648,-0.809447,-90.126942,-90.376056
down_3,5.400000,0.001645,-0.811004,-90.120714,-90.376056
down_3,5.410000,0.001641,-0.812561,-90.116565,-89.974040
down_3,5.420000,0.001637,-0.814117,-90.116834,-89.974040
down_3,5.430000,0.001634,-0.815673,-90.118527,-89.823919
down_3,5.440000,0.001631,-0.817229,-90.121472,-89.823919
down_3,5.450000,0.001626,-0.818785,-90.126423,-89.429536
down_3,5.460000,0.001622,-0.820343,-90.135652,-89.429536
down_3,5.470000,0.001620,-0.821900,-90.143013,-90.110171
down_3,5.480000,0.001619,-0.823457,-90.142843,-90.110171
down_3,5.490000,0.001614,-0.825013,-90.143051,-89.687359
down_3,5.500000,0.001610,-0.826570,-90.148029,-89.687359
down_3,5.510000,0.001608,-0.828127,-90.151197,-90.418272
down_3,5.520000,0.001606,-0.829683,-90.146468,-90.418272
down_3,5.530000,0.001602,-0.831240,-90.141668,-89.812940
down_3,5.540000,0.001597,-0.832796,-90.143774,-89.812940
down_3,5.550000,0.001594,-0.834353,-90.145420,-90.006984
down_3,5.560000,0.001590,-0.835909,-90.145388,-90.006984
down_3,5.570000,0.001588,-0.837465,-90.143400,-90.335484
down_3,5.580000,0.001585,-0.839021,-90.137987,-90.335484
down_3,5.590000,0.001581,-0.840578,-90.133956,-90.144592
down_3,5.600000,0.001578,-0.842134,-90.131530,-90.144592
down_3,5.610000,0.001573,-0.843690,-90.131150,-89.633037
down_3,5.620000,0.001569,-0.845247,-90.136740,-89.633037
down_3,5.630000,0.001566,-0.846804,-90.140881,-89.953178
down_3,5.640000,0.001563,-0.848360,-90.141826,-89.953178
down_3,5.650000,0.001559,-0.849916,-90.144630,-89.512022
down_3,5.660000,0.001554,-0.851473,-90.152434,-89.512022
down_3,5.670000,0.001552,-0.853030,-90.158455,-90.694013
down_3,5.680000,0.001551,-0.854587,-90.155899,-90.694013
down_3,5.690000,0.001547,-0.856144,-90.147943,-89.829004
down_3,5.700000,0.001541,-0.857701,-90.147542,-89.829004
down_3,5.710000,0.001538,-0.859257,-90.148495,-90.122602
down_3,5.720000,0.001535,-0.860813,-90.146537,-90.122602
down_3,5.730000,0.001530,-0.862369,-90.146521,-89.568162
down_3,5.740000,0.001525,-0.863926,-90.152954,-89.568162
down_3,5.750000,0.001523,-0.865483,-90.158056,-91.411163
down_3,5.760000,0.001522,-0.867039,-90.154577,-91.411163
down_3,5.770000,0.001519,-0.868597,-90.145703,-90.045024
down_3,5.780000,0.001513,-0.870154,-90.143483,-90.045024
down_3,5.790000,0.001510,-0.871710,-90.141021,-90.296359
down_3,5.800000,0.001507,-0.873266,-90.136201,-90.296359
down_3,5.810000,0.001505,-0.874823,-90.130348,-90.407985
down_3,5.820000,0.001502,-0.876379,-90.123673,-90.407985
down_3,5.830000,0.001497,-0.877937,-90.119006,-89.948662
down_3,5.840000,0.001493,-0.879493,-90.119588,-89.948662
down_3,5.850000,0.001490,-0.881049,-90.121814,-89.781534
down_3,5.860000,0.001487,-0.882605,-90.125447,-89.781534
down_3,5.870000,0.001485,-0.884162,-90.127080,-90.945766
down_3,5.880000,0.001485,-0.885718,-90.120073,-90.945766
down_3,5.890000,0.001482,-0.887276,-90.107719,-89.782280
down_3,5.900000,0.001477,-0.888833,-90.103178,-89.782280
down_3,5.910000,0.001473,-0.890390,-90.105981,-89.784213
down_3,5.920000,0.001470,-0.891946,-90.109578,-89.784213
down_3,5.930000,0.001469,-0.893503,-90.111191,-90.152533
down_3,5.940000,0.001466,-0.895059,-90.108806,-90.152533
down_3,5.950000,0.001465,-0.896615,-90.104304,-90.828561
down_3,5.960000,0.001465,-0.898172,-90.092290,-90.828561
down_3,5.970000,0.001461,-0.899730,-90.080794,-89.766199
down_3,5.980000,0.001457,-0.901288,-90.077848,-89.766199
down_3,5.990000,0.001452,-0.902844,-90.083294,-89.379669
down_3,6.000000,0.001449,-0.904401,-90.093327,-89.379669
down_3,6.010000,0.001448,-0.905959,-90.101490,-90.296507
down_3,6.020000,0.001449,-0.907516,-90.101125,-90.296507
down_3,6.030000,0.001446,-0.909072,-90.098376,-89.284823
down_3,6.040000,0.001440,-0.910629,-90.104148,-89.284823
down_3,6.050000,0.001438,-0.912186,-90.113621,-90.329159
down_3,6.060000,0.001438,-0.913744,-90.114757,-90.329159
down_3,6.070000,0.001435,-0.915300,-90.111662,-89.988200
down_3,6.080000,0.001432,-0.916856,-90.111768,-89.988200
down_3,6.090000,0.001429,-0.918412,-90.112721,-89.908665
down_3,6.100000,0.001426,-0.919968,-90.114296,-89.908665
down_3,6.110000,0.001424,-0.921524,-90.113980,-90.212922
down_3,6.120000,0.001422,-0.923080,-90.110540,-90.212922
down_3,6.130000,0.001419,-0.924637,-90.107605,-90.151910
down_3,6.140000,0.001417,-0.926193,-90.105076,-90.151910
down_3,6.150000,0.001415,-0.927749,-90.100635,-90.492307
down_3,6.160000,0.001413,-0.929306,-90.092668,-90.492307
down_3,6.170000,0.001410,-0.930863,-90.086625,-89.956875
down_3,6.180000,0.001406,-0.932420,-90.086748,-89.956875
down_3,6.190000,0.001405,-0.933976,-90.085870,-90.179412
down_3,6.200000,0.001403,-0.935532,-90.082930,-90.179412
down_3,6.210000,0.001400,-0.937088,-90.081975,-89.747804
down_3,6.220000,0.001397,-0.938644,-90.085931,-89.747804
down_3,6.230000,0.001395,-0.940201,-90.090568,-89.701436
down_3,6.240000,0.001393,-0.941757,-90.095515,-89.701436
down_3,6.250000,0.001391,-0.943314,-90.098637,-89.980007
down_3,6.260000,0.001389,-0.944870,-90.099094,-89.980007
down_3,6.270000,0.001388,-0.946426,-90.097477,-91.051591
down_3,6.280000,0.001389,-0.947983,-90.087187,-91.051591
down_3,6.290000,0.001387,-0.949541,-90.072459,-90.505074
down_3,6.300000,0.001384,-0.951099,-90.063569,-90.505074
down_3,6.310000,0.001381,-0.952657,-90.057302,-89.728079
down_3,6.320000,0.001377,-0.954213,-90.059167,-89.728079
down_3,6.330000,0.001376,-0.955770,-90.061617,-90.316856
down_3,6.340000,0.001377,-0.957326,-90.057312,-90.316856
down_3,6.350000,0.001375,-0.958883,-90.052917,-90.226865
down_3,6.360000,0.001374,-0.960439,-90.049154,-90.226865
down_3,6.370000,0.001373,-0.961995,-90.043954,-90.414075
down_3,6.380000,0.001372,-0.963552,-90.037177,-90.414075
down_3,6.390000,0.001372,-0.965109,-90.030219,-90.430218
down_3,6.400000,0.001371,-0.966666,-90.023152,-90.430218
down_3,6.410000,0.001369,-0.968223,-90.018087,-90.048618
down_3,6.420000,0.001368,-0.969780,-90.017093,-90.048618
down_3,6.430000,0.001369,-0.971336,-90.014564,-90.299506
down_3,6.440000,0.001369,-0.972892,-90.009666,-90.299506
down_3,6.450000,0.001367,-0.974449,-90.006742,-89.790721
down_3,6.460000,0.001366,-0.976005,-90.009739,-89.790721
down_3,6.470000,0.001367,-0.977562,-90.011193,-90.237266
down_3,6.480000,0.001367,-0.979118,-90.007528,-90.237266
down_3,6.490000,0.001367,-0.980674,-90.004085,-90.186673
down_3,6.500000,0.001367,-0.982231,-90.000969,-90.186673
down_3,6.510000,0.001368,-0.983787,-89.996700,-90.326055
down_3,6.520000,0.001368,-0.985343,-89.991336,-90.326055
down_3,6.530000,0.001367,-0.986900,-89.987976,-89.820667
down_3,6.540000,0.001366,-0.988457,-89.990488,-89.820667
down_3,6.550000,0.001365,-0.990013,-89.994733,-89.664277
down_3,6.560000,0.001365,-0.991569,-90.000249,-89.664277
down_3,6.570000,0.001366,-0.993126,-90.003765,-90.678811
down_3,6.580000,0.001369,-0.994683,-89.998666,-90.678811
down_3,6.590000,0.001369,-0.996240,-89.989811,-89.555773
down_3,6.600000,0.001366,-0.997797,-89.989288,-89.555773
down_3,6.610000,0.001366,-0.999354,-89.993884,-89.991800
down_3,6.620000,0.001367,-1.000910,-89.994282,-89.991800
down_3,6.630000,0.001366,-1.002466,-89.996372,-89.633078
down_3,6.640000,0.001366,-1.004023,-90.002299,-89.633078
down_3,6.650000,0.001366,-1.005580,-90.007881,-89.681068
down_3,6.660000,0.001366,-1.007136,-90.013150,-89.681068
down_3,6.670000,0.001367,-1.008693,-90.016395,-90.179118
down_3,6.680000,0.001368,-1.010249,-90.013860,-90.179118
down_3,6.690000,0.001366,-1.011806,-90.012901,-89.426999
down_3,6.700000,0.001363,-1.013362,-90.019984,-89.426999
down_3,6.710000,0.001364,-1.014920,-90.027331,-90.728339
down_3,6.720000,0.001366,-1.016477,-90.026137,-90.728339
down_3,6.730000,0.001366,-1.018034,-90.019550,-90.110068
down_3,6.740000,0.001364,-1.019590,-90.017421,-90.110068
down_3,6.750000,0.001365,-1.021146,-90.013603,-90.536423
down_3,6.760000,0.001366,-1.022703,-90.005013,-90.536423
down_3,6.770000,0.001365,-1.024260,-89.997568,-90.368470
down_3,6.780000,0.001365,-1.025817,-89.991477,-90.368470
down_3,6.790000,0.001364,-1.027374,-89.987426,-89.513199
down_3,6.800000,0.001361,-1.028931,-89.991806,-89.513199
down_3,6.810000,0.001363,-1.030488,-89.997709,-90.447236
down_3,6.820000,0.001365,-1.032044,-89.995126,-90.447236
down_3,6.830000,0.001365,-1.033601,-89.989922,-89.493660
down_3,6.840000,0.001362,-1.035158,-89.993168,-89.493660
down_3,6.850000,0.001360,-1.036714,-90.003347,-89.068039
down_3,6.860000,0.001359,-1.038273,-90.018373,-89.068039
down_3,6.870000,0.001360,-1.039831,-90.031590,-89.984201
down_3,6.880000,0.001362,-1.041389,-90.036291,-89.984201
down_3,6.890000,0.001363,-1.042945,-90.034712,-90.648222
down_3,6.900000,0.001364,-1.044502,-90.025539,-90.648222
down_3,6.910000,0.001363,-1.046060,-90.016782,-90.366501
down_3,6.920000,0.001362,-1.047617,-90.010690,-90.366501
down_3,6.930000,0.001361,-1.049174,-90.006136,-90.173472
down_3,6.940000,0.001361,-1.050730,-90.003213,-90.173472
down_3,6.950000,0.001359,-1.052286,-90.002337,-89.064535
down_3,6.960000,0.001356,-1.053843,-90.010116,-89.064535
down_3,6.970000,0.001356,-1.055401,-90.022814,-90.908215
down_3,6.980000,0.001358,-1.056958,-90.027515,-90.908215
down_3,6.990000,0.001358,-1.058515,-90.026848,-89.475302
down_3,7.000000,0.001355,-1.060071,-90.033330,-89.475302
down_3,7.010000,0.001355,-1.061629,-90.039898,-90.101996
down_3,7.020000,0.001356,-1.063185,-90.039387,-90.101996
down_3,7.030000,0.001354,-1.064742,-90.039699,-89.276730
down_3,7.040000,0.001350,-1.066298,-90.048386,-89.276730
down_3,7.050000,0.001350,-1.067856,-90.058161,-90.965297
down_3,7.060000,0.001351,-1.069413,-90.059420,-90.965297
down_3,7.070000,0.001352,-1.070970,-90.053070,-90.445731
down_3,7.080000,0.001351,-1.072527,-90.045766,-90.445731
down_3,7.090000,0.001348,-1.074084,-90.040328,-90.148034
down_3,7.100000,0.001347,-1.075640,-90.037786,-90.148034
down_3,7.110000,0.001346,-1.077196,-90.035104,-90.169373
down_3,7.120000,0.001345,-1.078752,-90.032282,-90.169373
down_3,7.130000,0.001343,-1.080309,-90.031478,-89.770088
down_3,7.140000,0.001342,-1.081865,-90.035130,-89.770088
down_3,7.150000,0.001340,-1.083421,-90.040925,-89.412541
down_3,7.160000,0.001338,-1.084978,-90.050452,-89.412541
down_3,7.170000,0.001338,-1.086536,-90.058073,-90.440572
down_3,7.180000,0.001339,-1.088093,-90.057122,-90.440572
down_3,7.190000,0.001341,-1.089649,-90.048158,-91.057271
down_3,7.200000,0.001341,-1.091207,-90.031949,-91.057271
down_3,7.210000,0.001339,-1.092766,-90.016716,-90.062358
down_3,7.220000,0.001336,-1.094325,-90.010032,-90.062358
down_3,7.230000,0.001334,-1.095881,-90.010763,-89.489063
down_3,7.240000,0.001332,-1.097438,-90.018360,-89.489063
down_3,7.250000,0.001332,-1.098995,-90.024721,-90.089190
down_3,7.260000,0.001334,-1.100552,-90.024239,-90.089190
down_3,7.270000,0.001333,-1.102108,-90.022992,-90.062222
down_3,7.280000,0.001332,-1.103663,-90.021914,-90.062222
down_3,7.290000,0.001331,-1.105219,-90.022025,-89.923135
down_3,7.300000,0.001331,-1.106775,-90.023331,-89.923135
down_3,7.310000,0.001331,-1.108331,-90.022795,-90.208327
down_3,7.320000,0.001331,-1.109888,-90.019397,-90.208327
down_3,7.330000,0.001330,-1.111444,-90.016269,-90.173911
down_3,7.340000,0.001330,-1.113000,-90.013365,-90.173911
down_3,7.350000,0.001331,-1.114556,-90.008477,-90.906584
down_3,7.360000,0.001333,-1.116113,-89.995712,-90.906584
down_3,7.370000,0.001332,-1.117672,-89.982937,-89.592957
down_3,7.380000,0.001330,-1.119230,-89.978700,-89.592957
down_3,7.390000,0.001330,-1.120786,-89.979839,-90.306412
down_3,7.400000,0.001332,-1.122343,-89.975426,-90.306412
down_3,7.410000,0.001331,-1.123899,-89.972389,-89.517522
down_3,7.420000,0.001329,-1.125456,-89.977545,-89.517522
down_3,7.430000,0.001331,-1.127013,-89.983401,-90.503603
down_3,7.440000,0.001334,-1.128570,-89.980716,-90.503603
down_3,7.450000,0.001336,-1.130126,-89.971943,-90.579286
down_3,7.460000,0.001337,-1.131684,-89.962449,-90.579286
down_3,7.470000,0.001337,-1.133242,-89.954962,-89.751295
down_3,7.480000,0.001335,-1.134798,-89.955795,-89.751295
down_3,7.490000,0.001337,-1.136355,-89.957829,-90.229627
down_3,7.500000,0.001339,-1.137911,-89.954380,-90.229627
down_3,7.510000,0.001341,-1.139467,-89.949553,-90.345217
down_3,7.520000,0.001342,-1.141024,-89.943863,-90.345217
down_3,7.530000,0.001342,-1.142581,-89.940181,-88.949219
down_3,7.540000,0.001341,-1.144137,-89.945110,-88.949219
down_3,7.550000,0.001342,-1.145695,-89.955416,-90.508861
down_3,7.560000,0.001346,-1.147252,-89.957907,-90.508861
down_3,7.570000,0.001347,-1.148809,-89.955036,-89.492594
down_3,7.580000,0.001345,-1.150365,-89.959793,-89.492594
down_3,7.590000,0.001347,-1.151923,-89.966026,-90.084872
down_3,7.600000,0.001350,-1.153479,-89.965547,-90.084872
down_3,7.610000,0.001352,-1.155035,-89.962386,-90.346486
down_3,7.620000,0.001353,-1.156592,-89.956719,-90.346486
down_3,7.630000,0.001353,-1.158149,-89.952800,-90.076237
down_3,7.640000,0.001354,-1.159705,-89.951423,-90.076237
down_3,7.650000,0.001356,-1.161261,-89.948153,-90.493168
down_3,7.660000,0.001358,-1.162817,-89.940237,-90.493168
down_3,7.670000,0.001359,-1.164375,-89.933770,-90.267988
down_3,7.680000,0.001360,-1.165931,-89.929286,-90.267988
down_3,7.690000,0.001364,-1.167488,-89.922818,-90.763534
down_3,7.700000,0.001367,-1.169045,-89.910700,-90.763534
down_3,7.710000,0.001368,-1.170603,-89.900211,-90.203671
down_3,7.720000,0.001369,-1.172160,-89.896118,-90.203671
down_3,7.730000,0.001372,-1.173717,-89.891750,-90.311405
down_3,7.740000,0.001374,-1.175273,-89.886597,-90.311405
down_3,7.750000,0.001376,-1.176830,-89.883432,-89.936622
down_3,7.760000,0.001378,-1.178386,-89.884309,-89.936622
down_3,7.770000,0.001381,-1.179942,-89.885829,-89.887606
down_3,7.780000,0.001383,-1.181498,-89.887705,-89.887606
down_3,7.790000,0.001385,-1.183054,-89.890922,-89.715945
down_3,7.800000,0.001388,-1.184611,-89.895574,-89.715945
down_3,7.810000,0.001389,-1.186167,-89.902267,-89.070515
down_3,7.820000,0.001389,-1.187724,-89.916178,-89.070515
down_3,7.830000,0.001392,-1.189283,-89.929321,-90.420749
down_3,7.840000,0.001397,-1.190841,-89.933913,-90.420749
down_3,7.850000,0.001399,-1.192397,-89.933130,-89.179156
down_3,7.860000,0.001398,-1.193953,-89.940194,-89.179156
down_3,7.870000,0.001399,-1.195511,-89.951295,-90.540241
down_3,7.880000,0.001403,-1.197069,-89.954118,-90.540241
down_3,7.890000,0.001405,-1.198626,-89.951574,-89.821403
down_3,7.900000,0.001405,-1.200182,-89.954083,-89.821403
down_3,7.910000,0.001404,-1.201738,-89.959035,-89.044652
down_3,7.920000,0.001403,-1.203295,-89.972104,-89.044652
down_3,7.930000,0.001405,-1.204853,-89.985654,-90.381262
down_3,7.940000,0.001408,-1.206411,-89.990679,-90.381262
down_3,7.950000,0.001408,-1.207968,-89.990330,-89.688948
down_3,7.960000,0.001407,-1.209524,-89.995023,-89.688948
down_3,7.970000,0.001406,-1.211081,-90.002123,-89.345144
down_3,7.980000,0.001405,-1.212638,-90.012753,-89.345144
down_3,7.990000,0.001406,-1.214196,-90.021463,-89.916203
down_3,8.000000,0.001407,-1.215753,-90.023646,-89.916203
